rank_all,date,code,signal,close_limit_up,rank_ex_limit_up
1,2026-09-23,000019,16.301265525283554,False,1
2,2026-09-23,002852,15.841548017259612,False,2
3,2026-09-23,601118,14.792328175799389,False,3
4,2026-09-23,002855,14.770227082736932,False,4
5,2026-09-23,000017,14.734615108859648,False,5
6,2026-09-23,600251,14.524732420323398,False,6
7,2026-09-23,002470,14.207215266684862,False,7
8,2026-09-23,000523,13.986740782637783,False,8
9,2026-09-23,600313,13.933362026224316,False,9
10,2026-09-23,000911,13.867232164748874,False,10
11,2026-09-23,603123,13.560374977806008,False,11
12,2026-09-23,000430,13.523876523252552,False,12
13,2026-09-23,000505,13.513090169342762,False,13
14,2026-09-23,601566,13.465959116103372,False,14
15,2026-09-23,600825,13.397395455689203,True,
16,2026-09-23,003040,13.099283404695576,False,15
17,2026-09-23,000812,13.088813583619553,False,16
18,2026-09-23,000735,12.450880243628138,False,17
19,2026-09-23,001366,12.436002343566123,False,18
20,2026-09-23,002041,12.228118062707813,False,19
21,2026-09-23,603721,12.157796644174407,False,20
22,2026-09-23,000716,11.942990537775001,False,21
23,2026-09-23,000972,11.919678106102882,False,22
24,2026-09-23,601366,11.737218005855398,False,23
25,2026-09-23,600610,11.628394000119954,False,24
26,2026-09-23,002637,11.589726132113334,False,25
27,2026-09-23,000931,11.588214758519186,False,26
28,2026-09-23,603113,11.514561806680145,False,27
29,2026-09-23,603161,11.468885500731107,False,28
30,2026-09-23,000816,11.393255116011074,False,29
31,2026-09-23,600508,11.226210372450872,False,30
32,2026-09-23,600318,11.190922373523691,False,31
33,2026-09-23,002548,11.176295369180059,False,32
34,2026-09-23,300970,11.128882033745612,False,33
35,2026-09-23,603696,11.105125637860182,False,34
36,2026-09-23,000702,11.083280473208186,False,35
37,2026-09-23,300387,11.075047557255854,False,36
38,2026-09-23,603778,11.066837820870095,False,37
39,2026-09-23,002982,10.958574727175467,False,38
40,2026-09-23,603188,10.945917470608949,False,39
41,2026-09-23,002481,10.939894177625968,False,40
42,2026-09-23,600272,10.933958659412806,False,41
43,2026-09-23,002910,10.92870536425689,False,42
44,2026-09-23,002820,10.893444281777313,False,43
45,2026-09-23,002412,10.883983168730815,False,44
46,2026-09-23,600758,10.848438625386001,False,45
47,2026-09-23,002458,10.830153342027309,False,46
48,2026-09-23,002952,10.815415604358693,False,47
49,2026-09-23,603318,10.740153516185384,False,48
50,2026-09-23,003013,10.737304378790192,False,49
51,2026-09-23,300106,10.731127448529485,False,50
52,2026-09-23,002888,10.659132831344984,False,51
53,2026-09-23,000985,10.654520503468163,False,52
54,2026-09-23,002561,10.530002003569784,False,53
55,2026-09-23,300189,10.506661551053398,False,54
56,2026-09-23,002828,10.498373022579182,False,55
57,2026-09-23,002682,10.494031112126736,False,56
58,2026-09-23,002743,10.415697580101575,False,57
59,2026-09-23,000998,10.362637540436468,False,58
60,2026-09-23,002224,10.32496850287604,False,59
61,2026-09-23,002321,10.298584579849699,False,60
62,2026-09-23,002107,10.20515366666743,False,61
63,2026-09-23,600865,10.205127942025376,False,62
64,2026-09-23,000061,10.186785882489673,False,63
65,2026-09-23,600785,10.081763080923151,False,64
66,2026-09-23,002596,10.001613511893076,False,65
67,2026-09-23,000890,9.9879230193003714,False,66
68,2026-09-23,300505,9.9713548699394003,False,67
69,2026-09-23,300830,9.9478974964875349,False,68
70,2026-09-23,003042,9.9396657209096908,False,69
71,2026-09-23,600969,9.9200233550872667,False,70
72,2026-09-23,600892,9.90519119099101,False,71
73,2026-09-23,000949,9.8793489788248756,False,72
74,2026-09-23,300898,9.8359502186454169,False,73
75,2026-09-23,002159,9.8297313676437437,False,74
76,2026-09-23,001299,9.7216171498838371,False,75
77,2026-09-23,002418,9.6970248591941228,False,76
78,2026-09-23,002772,9.6623328590133717,False,77
79,2026-09-23,300889,9.6404887135936068,False,78
80,2026-09-23,600327,9.6189180797238834,False,79
81,2026-09-23,603101,9.5883524566314318,False,80
82,2026-09-23,600828,9.5588655470200443,False,81
83,2026-09-23,002072,9.5134962708192923,False,82
84,2026-09-23,301058,9.4889053531749461,False,83
85,2026-09-23,300967,9.4848290875596053,False,84
86,2026-09-23,600844,9.4822587900515707,False,85
87,2026-09-23,603880,9.4805626996855885,False,86
88,2026-09-23,600408,9.3587659695110403,False,87
89,2026-09-23,002286,9.3578438924416538,True,
90,2026-09-23,601083,9.336872694576142,False,88
91,2026-09-23,600227,9.333634907234261,False,89
92,2026-09-23,601929,9.315954682838651,False,90
93,2026-09-23,600506,9.3116902482408683,False,91
94,2026-09-23,300997,9.2951541223076983,False,92
95,2026-09-23,600613,9.2791495502737682,False,93
96,2026-09-23,300922,9.275705110692142,False,94
97,2026-09-23,002691,9.2686076481610051,False,95
98,2026-09-23,002385,9.2556475476454985,False,96
99,2026-09-23,300381,9.2474134112226061,False,97
100,2026-09-23,000929,9.159317903023446,False,98
101,2026-09-23,300788,9.1331322632806504,False,99
102,2026-09-23,600975,9.0796642562757377,False,100
103,2026-09-23,601858,9.0646886733454046,False,101
104,2026-09-23,603106,9.0383988946471483,False,102
105,2026-09-23,301533,9.0174470824811976,False,103
106,2026-09-23,001338,8.9988528892673187,False,104
107,2026-09-23,300709,8.9678980720535009,False,105
108,2026-09-23,300875,8.9664578618753925,False,106
109,2026-09-23,300094,8.9605129524683775,False,107
110,2026-09-23,002556,8.948902062485546,False,108
111,2026-09-23,001318,8.9308531084026086,False,109
112,2026-09-23,603730,8.9292758679827795,False,110
113,2026-09-23,603395,8.9258137245509825,False,111
114,2026-09-23,300640,8.9208228572133699,False,112
115,2026-09-23,601007,8.9141390013890316,False,113
116,2026-09-23,002094,8.8966943713890778,False,114
117,2026-09-23,301156,8.8608018607026011,False,115
118,2026-09-23,000779,8.85549937029141,False,116
119,2026-09-23,002571,8.8445992523542376,False,117
120,2026-09-23,605108,8.8330539400560184,False,118
121,2026-09-23,600598,8.7809825686481773,False,119
122,2026-09-23,600249,8.779619464555239,False,120
123,2026-09-23,000798,8.7712482269892895,False,121
124,2026-09-23,300175,8.7555645214969022,False,122
125,2026-09-23,000626,8.7295458337569976,False,123
126,2026-09-23,002622,8.6981485830903544,False,124
127,2026-09-23,002742,8.6897427953158033,False,125
128,2026-09-23,000759,8.6760121127537175,False,126
129,2026-09-23,603869,8.6733621090390489,False,127
130,2026-09-23,600824,8.6731098215407059,False,128
131,2026-09-23,301539,8.6540222338129453,False,129
132,2026-09-23,002661,8.6402036609640156,False,130
133,2026-09-23,002437,8.629724180589303,False,131
134,2026-09-23,301025,8.573687881864819,False,132
135,2026-09-23,002306,8.5712458460889138,False,133
136,2026-09-23,601700,8.561045682951093,False,134
137,2026-09-23,600097,8.5581796676226176,False,135
138,2026-09-23,002995,8.5577804283088348,False,136
139,2026-09-23,000952,8.5448170934117265,False,137
140,2026-09-23,600280,8.5440266579003641,False,138
141,2026-09-23,603536,8.5167740074936091,False,139
142,2026-09-23,300335,8.5126423399745761,False,140
143,2026-09-23,002758,8.4931714812222623,False,141
144,2026-09-23,301062,8.4850021517193142,False,142
145,2026-09-23,002629,8.4845597153634262,False,143
146,2026-09-23,300892,8.4713725094355716,False,144
147,2026-09-23,001231,8.4651089550164791,False,145
148,2026-09-23,000813,8.4641158698504029,False,146
149,2026-09-23,001258,8.4397429546792377,False,147
150,2026-09-23,000153,8.4303712222222842,False,148
151,2026-09-23,300500,8.4261826091086469,False,149
152,2026-09-23,002165,8.3936123326534844,False,150
153,2026-09-23,603879,8.3455949133990472,False,151
154,2026-09-23,600543,8.3244559457739253,False,152
155,2026-09-23,688152,8.3107093664559031,False,153
156,2026-09-23,605339,8.2930085729474765,False,154
157,2026-09-23,002186,8.2801686564156842,False,155
158,2026-09-23,000888,8.2512869424081856,False,156
159,2026-09-23,600692,8.2304050384320977,False,157
160,2026-09-23,603448,8.215196680232264,False,158
161,2026-09-23,600858,8.1984330715066598,False,159
162,2026-09-23,002451,8.1763769464569833,False,160
163,2026-09-23,600936,8.1757043998050989,False,161
164,2026-09-23,300854,8.1707552110606514,False,162
165,2026-09-23,605567,8.1683554503263274,False,163
166,2026-09-23,603860,8.1680701645555693,False,164
167,2026-09-23,603616,8.1314811104617366,False,165
168,2026-09-23,688011,8.1302887126247683,False,166
169,2026-09-23,002567,8.1248881436640836,False,167
170,2026-09-23,002291,8.0923995035402285,False,168
171,2026-09-23,301158,8.0795735949014436,False,169
172,2026-09-23,300987,8.0780222220093911,False,170
173,2026-09-23,000558,8.05524070175845,False,171
174,2026-09-23,002547,8.0331750136683819,False,172
175,2026-09-23,600467,8.0294815634464989,False,173
176,2026-09-23,600419,8.0285724626159727,False,174
177,2026-09-23,000632,8.0112690275680638,False,175
178,2026-09-23,001278,7.9908915427066676,False,176
179,2026-09-23,603886,7.9740363159056029,False,177
180,2026-09-23,300740,7.9722145533902644,False,178
181,2026-09-23,600303,7.9656187787308541,False,179
182,2026-09-23,603406,7.9594685718830469,False,180
183,2026-09-23,603727,7.9201883609790471,False,181
184,2026-09-23,300079,7.9199980962867356,False,182
185,2026-09-23,600693,7.9187526068832224,False,183
186,2026-09-23,000955,7.9063681095546663,False,184
187,2026-09-23,002347,7.8619637667156219,False,185
188,2026-09-23,605089,7.8585372706858214,False,186
189,2026-09-23,300612,7.8556121908678911,False,187
190,2026-09-23,002114,7.8481008885557095,False,188
191,2026-09-23,300824,7.8328756544274336,False,189
192,2026-09-23,603976,7.8311930767353681,False,190
193,2026-09-23,301116,7.8119792287424437,False,191
194,2026-09-23,002234,7.7937169632385306,False,192
195,2026-09-23,603619,7.7916388220930264,False,193
196,2026-09-23,603102,7.7863128714178833,False,194
197,2026-09-23,600257,7.7691639390106211,False,195
198,2026-09-23,603779,7.73975755421875,False,196
199,2026-09-23,688629,7.726695582554072,False,197
200,2026-09-23,601011,7.7194726976816703,False,198
201,2026-09-23,300583,7.715884785593115,False,199
202,2026-09-23,002778,7.6973964890427649,False,200
203,2026-09-23,002329,7.6901140338119633,False,201
204,2026-09-23,002700,7.6771302208077312,False,202
205,2026-09-23,603128,7.6583036530755066,False,203
206,2026-09-23,300268,7.631047083584436,False,204
207,2026-09-23,300546,7.621753145297351,False,205
208,2026-09-23,002644,7.6204195762632203,False,206
209,2026-09-23,300214,7.6123096783605657,False,207
210,2026-09-23,002575,7.6100693135164761,False,208
211,2026-09-23,000968,7.609981680721507,False,209
212,2026-09-23,600300,7.591696392632695,False,210
213,2026-09-23,002652,7.5916293403805533,False,211
214,2026-09-23,002686,7.5820502813880699,False,212
215,2026-09-23,002365,7.5756057260586749,False,213
216,2026-09-23,603132,7.5742347056588386,False,214
217,2026-09-23,600971,7.5435107256342047,False,215
218,2026-09-23,300299,7.5432798901458433,False,216
219,2026-09-23,000407,7.529137809124812,False,217
220,2026-09-23,603739,7.516767409380507,False,218
221,2026-09-23,600333,7.5132546210085511,False,219
222,2026-09-23,002953,7.510184382057596,False,220
223,2026-09-23,601212,7.5075071811628025,False,221
224,2026-09-23,600594,7.4947929164522842,False,222
225,2026-09-23,000790,7.4881931108114088,False,223
226,2026-09-23,003029,7.4801932645263154,False,224
227,2026-09-23,002265,7.4766160323438262,False,225
228,2026-09-23,001325,7.475114185742469,False,226
229,2026-09-23,603095,7.4399058514412086,False,227
230,2026-09-23,603729,7.4199210470094075,False,228
231,2026-09-23,601952,7.4142640730612381,False,229
232,2026-09-23,000788,7.3974951215735496,False,230
233,2026-09-23,600992,7.3858386836879202,False,231
234,2026-09-23,002627,7.3539250811745172,False,232
235,2026-09-23,603059,7.3503243981035986,False,233
236,2026-09-23,603189,7.3441122815341418,False,234
237,2026-09-23,603022,7.3395965224797983,False,235
238,2026-09-23,002570,7.3360655143139368,False,236
239,2026-09-23,603079,7.3300163914261454,False,237
240,2026-09-23,301027,7.3191581787539999,False,238
241,2026-09-23,300707,7.2858426939234864,False,239
242,2026-09-23,000856,7.2844568433190622,False,240
243,2026-09-23,688565,7.2792496934983326,False,241
244,2026-09-23,000564,7.2768661818162066,False,242
245,2026-09-23,300577,7.2728052285068996,False,243
246,2026-09-23,301006,7.256285211394232,False,244
247,2026-09-23,300884,7.2542387036009419,False,245
248,2026-09-23,002930,7.2360985941532912,False,246
249,2026-09-23,002660,7.2244030253338627,False,247
250,2026-09-23,002719,7.2209377663529093,False,248
251,2026-09-23,000421,7.2138407303535672,False,249
252,2026-09-23,000037,7.1966755306081858,False,250
253,2026-09-23,000902,7.1626290317867252,False,251
254,2026-09-23,600025,7.1511929006375814,False,252
255,2026-09-23,600883,7.1500369546017151,False,253
256,2026-09-23,300589,7.1363391210583274,False,254
257,2026-09-23,603819,7.1212777727312639,False,255
258,2026-09-23,605033,7.1143295413512355,False,256
259,2026-09-23,300514,7.1042938155031932,False,257
260,2026-09-23,002157,7.1016282082293412,False,258
261,2026-09-23,002746,7.0996248651019211,False,259
262,2026-09-23,002355,7.0959384535297438,False,260
263,2026-09-23,002229,7.0690285762335678,False,261
264,2026-09-23,600897,7.0621429165122347,False,262
265,2026-09-23,603030,7.0513830399478987,False,263
266,2026-09-23,603970,7.0121575198187589,False,264
267,2026-09-23,688701,6.9934744764820014,False,265
268,2026-09-23,301552,6.9745231161794923,False,266
269,2026-09-23,600989,6.9478103302497347,False,267
270,2026-09-23,002868,6.9449924021654859,False,268
271,2026-09-23,301239,6.9390569113111029,False,269
272,2026-09-23,002696,6.9316168232657027,False,270
273,2026-09-23,600548,6.9144753778222778,False,271
274,2026-09-23,600388,6.9063960569516754,False,272
275,2026-09-23,002721,6.9016048775853802,False,273
276,2026-09-23,600838,6.9001607296524581,False,274
277,2026-09-23,603719,6.8983267729827542,False,275
278,2026-09-23,000526,6.8854129685850003,False,276
279,2026-09-23,002692,6.8662370757520961,False,277
280,2026-09-23,300781,6.8528394952978244,False,278
281,2026-09-23,603162,6.8511299079833101,False,279
282,2026-09-23,600075,6.8446439211653631,False,280
283,2026-09-23,000683,6.8346492810385193,False,281
284,2026-09-23,603968,6.8331717058828314,False,282
285,2026-09-23,601298,6.825791573135719,False,283
286,2026-09-23,002330,6.8173524703031925,False,284
287,2026-09-23,000903,6.8146259334547423,False,285
288,2026-09-23,300123,6.8111801099562577,False,286
289,2026-09-23,600774,6.7901095209252471,False,287
290,2026-09-23,300427,6.778070126098779,False,288
291,2026-09-23,301298,6.7678016134917831,False,289
292,2026-09-23,600103,6.7513842244174569,False,290
293,2026-09-23,002656,6.7442625847950755,False,291
294,2026-09-23,002278,6.743667761801218,False,292
295,2026-09-23,300722,6.7416387114351242,False,293
296,2026-09-23,002873,6.7345400710538419,False,294
297,2026-09-23,002817,6.714267106260901,False,295
298,2026-09-23,600617,6.7125707077922296,False,296
299,2026-09-23,300386,6.7090971194683702,False,297
300,2026-09-23,000533,6.7057295844912215,False,298
301,2026-09-23,300565,6.7041985752968491,False,299
302,2026-09-23,002908,6.6765641393643591,False,300
303,2026-09-23,002012,6.6735110201681023,False,301
304,2026-09-23,002258,6.6640529552923304,False,302
305,2026-09-23,603017,6.6585314681775545,False,303
306,2026-09-23,603682,6.6450482147249854,False,304
307,2026-09-23,600310,6.6419987651561225,False,305
308,2026-09-23,000698,6.6326166005634564,False,306
309,2026-09-23,600156,6.6282809360891424,False,307
310,2026-09-23,002166,6.6274865087438721,False,308
311,2026-09-23,001208,6.6212029405202077,False,309
312,2026-09-23,605388,6.6202298068800136,False,310
313,2026-09-23,603029,6.6111737231037244,False,311
314,2026-09-23,603330,6.6086574858430609,False,312
315,2026-09-23,603982,6.6040834813704166,False,313
316,2026-09-23,000524,6.5961893558234284,False,314
317,2026-09-23,002766,6.5939771570820778,False,315
318,2026-09-23,300945,6.5906614397439647,False,316
319,2026-09-23,002907,6.5879881599619958,False,317
320,2026-09-23,603385,6.5874180162551008,False,318
321,2026-09-23,301040,6.5733989502824492,False,319
322,2026-09-23,601599,6.5581027005650672,False,320
323,2026-09-23,001230,6.5506608716496633,False,321
324,2026-09-23,002551,6.5464506537939373,False,322
325,2026-09-23,002880,6.5375612625140702,False,323
326,2026-09-23,603668,6.5362370526499847,False,324
327,2026-09-23,301399,6.5341239237205588,False,325
328,2026-09-23,600860,6.5236397678057925,False,326
329,2026-09-23,603600,6.5207963999691057,False,327
330,2026-09-23,600377,6.5188291710010224,False,328
331,2026-09-23,000753,6.5169373538284656,False,329
332,2026-09-23,603758,6.5142878001724043,False,330
333,2026-09-23,603708,6.5081803349760978,False,331
334,2026-09-23,001965,6.5063827061744428,False,332
335,2026-09-23,600800,6.5044473635655562,False,333
336,2026-09-23,600135,6.5024089835552594,False,334
337,2026-09-23,000705,6.5012586495360534,False,335
338,2026-09-23,300483,6.4964608291136274,False,336
339,2026-09-23,000586,6.4856855329750358,False,337
340,2026-09-23,603327,6.4849740725919514,False,338
341,2026-09-23,002519,6.4828882718261047,False,339
342,2026-09-23,300254,6.4757749871794266,False,340
343,2026-09-23,603331,6.4757536908353588,False,341
344,2026-09-23,605218,6.4646034256716938,False,342
345,2026-09-23,002419,6.4602808276998482,False,343
346,2026-09-23,300087,6.4539843236529428,False,344
347,2026-09-23,002112,6.4469233499375367,False,345
348,2026-09-23,301009,6.4467806970341135,False,346
349,2026-09-23,002732,6.4455461965325478,False,347
350,2026-09-23,603177,6.4436775252261578,False,348
351,2026-09-23,300030,6.435721039902905,False,349
352,2026-09-23,002923,6.4146688892262658,False,350
353,2026-09-23,300880,6.4026282425482499,False,351
354,2026-09-23,000529,6.3974422191228442,False,352
355,2026-09-23,002069,6.372632388571331,False,353
356,2026-09-23,002688,6.3652236831215321,False,354
357,2026-09-23,300941,6.3636725782976207,False,355
358,2026-09-23,002940,6.3460793227657319,False,356
359,2026-09-23,605337,6.3422203158681736,False,357
360,2026-09-23,601963,6.3136859913192369,False,358
361,2026-09-23,000419,6.3114199721270889,False,359
362,2026-09-23,300359,6.3105622943136161,False,360
363,2026-09-23,603679,6.3089535651535389,False,361
364,2026-09-23,301136,6.3070646838426114,False,362
365,2026-09-23,600834,6.3051695212395868,False,363
366,2026-09-23,300605,6.2995411413715034,False,364
367,2026-09-23,002496,6.2968037475234322,False,365
368,2026-09-23,601606,6.2859223833596234,False,366
369,2026-09-23,002942,6.2798775546961192,False,367
370,2026-09-23,605296,6.2752133635747036,False,368
371,2026-09-23,002181,6.2746220523255865,False,369
372,2026-09-23,300164,6.2738238490290117,False,370
373,2026-09-23,301556,6.2726043284771933,False,371
374,2026-09-23,600833,6.2699730717088382,False,372
375,2026-09-23,301159,6.2676614028692095,False,373
376,2026-09-23,600386,6.2519984623033071,False,374
377,2026-09-23,300452,6.2513259294121823,False,375
378,2026-09-23,002211,6.2499036521568794,False,376
379,2026-09-23,301037,6.2491089405807267,False,377
380,2026-09-23,603168,6.2484579785413361,False,378
381,2026-09-23,301287,6.2476810350190073,False,379
382,2026-09-23,301052,6.2463718938949686,False,380
383,2026-09-23,003816,6.2384458208704787,False,381
384,2026-09-23,688338,6.2068006463001302,False,382
385,2026-09-23,603429,6.2007056169520993,False,383
386,2026-09-23,002105,6.1962613937632032,False,384
387,2026-09-23,002857,6.1889017695109025,False,385
388,2026-09-23,603058,6.1886927498048783,False,386
389,2026-09-23,603895,6.1884868718742521,False,387
390,2026-09-23,300838,6.1695886528301225,False,388
391,2026-09-23,000755,6.1650751896199685,False,389
392,2026-09-23,600073,6.1569864902942451,False,390
393,2026-09-23,301337,6.1523740687063944,False,391
394,2026-09-23,300858,6.1515032139088408,False,392
395,2026-09-23,002109,6.1474391561587467,False,393
396,2026-09-23,002524,6.1462905153068732,False,394
397,2026-09-23,000068,6.1389496697954282,False,395
398,2026-09-23,002197,6.1342705353408578,False,396
399,2026-09-23,600018,6.129810949670718,False,397
400,2026-09-23,600429,6.1267496508691259,False,398
401,2026-09-23,002535,6.1107019388693216,False,399
402,2026-09-23,002354,6.1092159392857859,False,400
403,2026-09-23,600463,6.1046573292709159,False,401
404,2026-09-23,000919,6.1028153072399611,False,402
405,2026-09-23,002357,6.1025396824362632,False,403
406,2026-09-23,600322,6.0997195251816461,False,404
407,2026-09-23,600857,6.0988406670341506,False,405
408,2026-09-23,002538,6.0967431746016194,False,406
409,2026-09-23,600128,6.0935228349241335,False,407
410,2026-09-23,301098,6.088490691892261,False,408
411,2026-09-23,300837,6.0806686846496047,False,409
412,2026-09-23,301208,6.0748827802850363,False,410
413,2026-09-23,300132,6.0701700137298857,False,411
414,2026-09-23,000822,6.0697277922868844,False,412
415,2026-09-23,605007,6.0673536234728642,False,413
416,2026-09-23,603810,6.0583981853742266,False,414
417,2026-09-23,002390,6.048639360365164,False,415
418,2026-09-23,603258,6.0404806608763382,False,416
419,2026-09-23,002969,6.037053860885365,False,417
420,2026-09-23,603351,6.0070866253096709,False,418
421,2026-09-23,603506,5.9956682490211435,False,419
422,2026-09-23,000014,5.994749906953575,False,420
423,2026-09-23,300315,5.9856794193020244,False,421
424,2026-09-23,600556,5.9807267026116726,False,422
425,2026-09-23,601038,5.9797996313881505,False,423
426,2026-09-23,603182,5.9744199433764074,False,424
427,2026-09-23,300062,5.9711899710138834,False,425
428,2026-09-23,002092,5.9584040396171387,False,426
429,2026-09-23,000590,5.9545442463298519,False,427
430,2026-09-23,603797,5.9539723645770968,False,428
431,2026-09-23,300535,5.9523166862209402,False,429
432,2026-09-23,301288,5.9521569144755304,False,430
433,2026-09-23,600965,5.9448583350198589,False,431
434,2026-09-23,002362,5.9348315574913446,False,432
435,2026-09-23,002188,5.9334744440093266,False,433
436,2026-09-23,601999,5.9238476911588656,False,434
437,2026-09-23,603477,5.9180534521907813,False,435
438,2026-09-23,601116,5.9169501929809458,False,436
439,2026-09-23,300148,5.9093513218850848,False,437
440,2026-09-23,300332,5.897272640440482,False,438
441,2026-09-23,002227,5.8891764775598308,False,439
442,2026-09-23,600985,5.8668101068077902,False,440
443,2026-09-23,002875,5.8610506709450574,False,441
444,2026-09-23,301257,5.8596232753322708,False,442
445,2026-09-23,002862,5.8564466008271898,False,443
446,2026-09-23,000878,5.8486229689097016,False,444
447,2026-09-23,301181,5.8462015206924729,False,445
448,2026-09-23,300871,5.8456931698349059,False,446
449,2026-09-23,300968,5.840567597253238,False,447
450,2026-09-23,301103,5.8397760363099245,False,448
451,2026-09-23,001218,5.8378759898117156,False,449
452,2026-09-23,605003,5.8352105215572303,False,450
453,2026-09-23,601857,5.809786477195976,False,451
454,2026-09-23,600773,5.8081746732298249,False,452
455,2026-09-23,001358,5.8080229161369319,False,453
456,2026-09-23,301001,5.8063348855293357,False,454
457,2026-09-23,300194,5.8028536297558064,False,455
458,2026-09-23,000573,5.7973445919170015,False,456
459,2026-09-23,002788,5.7927839821271805,False,457
460,2026-09-23,301216,5.7870604790394804,False,458
461,2026-09-23,300111,5.7870344162086553,False,459
462,2026-09-23,601518,5.7828688438683704,False,460
463,2026-09-23,002689,5.780516052231059,False,461
464,2026-09-23,603565,5.7765333083504187,False,462
465,2026-09-23,000905,5.7755364843565555,False,463
466,2026-09-23,000536,5.7711436232254574,False,464
467,2026-09-23,001277,5.761460035240872,False,465
468,2026-09-23,301376,5.7539979819703788,False,466
469,2026-09-23,603402,5.7518904183753499,False,467
470,2026-09-23,000925,5.7482615498968217,False,468
471,2026-09-23,603096,5.7456106380734457,False,469
472,2026-09-23,301378,5.7443095910236472,False,470
473,2026-09-23,301119,5.7421741444812735,False,471
474,2026-09-23,000722,5.7385846661020654,False,472
475,2026-09-23,601330,5.7293474649386704,False,473
476,2026-09-23,002127,5.7262074951661646,False,474
477,2026-09-23,300313,5.7208239030419463,False,475
478,2026-09-23,603823,5.7200340164578769,False,476
479,2026-09-23,301429,5.7142573388116054,False,477
480,2026-09-23,000707,5.7118013415231745,False,478
481,2026-09-23,300653,5.7094359976928972,False,479
482,2026-09-23,002369,5.7093883690745155,False,480
483,2026-09-23,002476,5.7060804447664548,False,481
484,2026-09-23,301019,5.6887582165800783,False,482
485,2026-09-23,000520,5.6858086119587021,False,483
486,2026-09-23,600052,5.6801969273024397,False,484
487,2026-09-23,000895,5.6738668291373138,False,485
488,2026-09-23,300519,5.6717410778868658,False,486
489,2026-09-23,300810,5.6714750510932035,False,487
490,2026-09-23,300753,5.6675722972868652,False,488
491,2026-09-23,301106,5.6639136850548635,False,489
492,2026-09-23,601061,5.6625885386233801,False,490
493,2026-09-23,605136,5.6625075262255269,False,491
494,2026-09-23,002574,5.6604296300851251,False,492
495,2026-09-23,300703,5.6602729458218661,False,493
496,2026-09-23,603231,5.6561243686750382,False,494
497,2026-09-23,600212,5.6542479254250839,False,495
498,2026-09-23,002004,5.6496456947626603,False,496
499,2026-09-23,300783,5.6487397626064313,False,497
500,2026-09-23,600624,5.6465086957163084,False,498
501,2026-09-23,603255,5.6454827997817878,False,499
502,2026-09-23,002800,5.6388757025742562,False,500
503,2026-09-23,000692,5.6370300058275919,False,501
504,2026-09-23,601827,5.6303831827780479,False,502
505,2026-09-23,300994,5.6263532056983658,False,503
506,2026-09-23,002802,5.6255857283254311,False,504
507,2026-09-23,300238,5.6213696677562428,False,505
508,2026-09-23,601598,5.6210159052854953,False,506
509,2026-09-23,300713,5.6208457638323619,False,507
510,2026-09-23,600365,5.6149060173586278,False,508
511,2026-09-23,300859,5.6122682743693906,False,509
512,2026-09-23,688350,5.6114958919695299,False,510
513,2026-09-23,600731,5.6104538371756227,False,511
514,2026-09-23,300904,5.610357247574977,False,512
515,2026-09-23,300958,5.606154812405137,False,513
516,2026-09-23,300407,5.5923430552763307,False,514
517,2026-09-23,300717,5.5912121870237081,False,515
518,2026-09-23,001222,5.5876120739674153,False,516
519,2026-09-23,600423,5.5843863144687296,False,517
520,2026-09-23,300479,5.5812453856090816,False,518
521,2026-09-23,600368,5.5809612581507384,False,519
522,2026-09-23,002133,5.5740236911074517,False,520
523,2026-09-23,002918,5.5715342239676948,False,521
524,2026-09-23,603117,5.5680471354338481,False,522
525,2026-09-23,002512,5.5579329365928407,False,523
526,2026-09-23,300675,5.5440674992661103,False,524
527,2026-09-23,301131,5.5408817982508758,False,525
528,2026-09-23,600684,5.5405466451274235,False,526
529,2026-09-23,300338,5.5365505395543435,False,527
530,2026-09-23,301231,5.5349761024583461,False,528
531,2026-09-23,601916,5.5299731343796266,False,529
532,2026-09-23,600968,5.5278071670531119,False,530
533,2026-09-23,603689,5.5276521416368558,False,531
534,2026-09-23,603628,5.5239508087745817,False,532
535,2026-09-23,000333,5.5224677707974088,False,533
536,2026-09-23,600241,5.5217829066425654,False,534
537,2026-09-23,300901,5.5168462857228171,False,535
538,2026-09-23,605599,5.5166257911987238,False,536
539,2026-09-23,600706,5.5120852935171705,False,537
540,2026-09-23,002663,5.5058462172750939,False,538
541,2026-09-23,002235,5.501162735963451,False,539
542,2026-09-23,603825,5.4957545379791277,False,540
543,2026-09-23,603639,5.495332724850619,False,541
544,2026-09-23,301126,5.4944410052033401,False,542
545,2026-09-23,301088,5.4929962332861866,False,543
546,2026-09-23,603208,5.4916768107977507,False,544
547,2026-09-23,600236,5.4908968567674314,False,545
548,2026-09-23,301089,5.4907529050710373,False,546
549,2026-09-23,300588,5.4853331527853184,False,547
550,2026-09-23,000655,5.4849432404107228,False,548
551,2026-09-23,300937,5.4791267951377094,False,549
552,2026-09-23,603700,5.4756272635227194,False,550
553,2026-09-23,603789,5.4693655476589322,False,551
554,2026-09-23,002986,5.4628954593208476,False,552
555,2026-09-23,600080,5.4564186067790743,False,553
556,2026-09-23,300371,5.4407794171981863,False,554
557,2026-09-23,000809,5.4406524451839777,False,555
558,2026-09-23,301309,5.4355402087805951,False,556
559,2026-09-23,002537,5.4285375204817932,False,557
560,2026-09-23,600872,5.4208152989863745,False,558
561,2026-09-23,603866,5.4191832798219766,False,559
562,2026-09-23,601890,5.419182766639457,False,560
563,2026-09-23,000802,5.4165136286361024,False,561
564,2026-09-23,603016,5.4162845931491441,False,562
565,2026-09-23,002597,5.4069528669970994,False,563
566,2026-09-23,300700,5.4026944591714194,False,564
567,2026-09-23,002485,5.4010563911814256,False,565
568,2026-09-23,002474,5.4000050746823938,False,566
569,2026-09-23,300063,5.3998502258447543,False,567
570,2026-09-23,002332,5.3863202299547082,False,568
571,2026-09-23,603359,5.3827158573692202,False,569
572,2026-09-23,300052,5.3817547418153744,False,570
573,2026-09-23,001209,5.3777501391354532,False,571
574,2026-09-23,002825,5.3475508311095385,False,572
575,2026-09-23,688022,5.3298018619563408,False,573
576,2026-09-23,603926,5.320731528776574,False,574
577,2026-09-23,600581,5.320688403900963,False,575
578,2026-09-23,002727,5.316686910247518,False,576
579,2026-09-23,603273,5.3099941358183305,False,577
580,2026-09-23,603533,5.3096649931936248,False,578
581,2026-09-23,000828,5.3085700250355039,False,579
582,2026-09-23,002370,5.3004823459097823,False,580
583,2026-09-23,300807,5.2938739563851378,False,581
584,2026-09-23,300961,5.2917684450359648,False,582
585,2026-09-23,603076,5.2909520587058623,False,583
586,2026-09-23,002998,5.2899058310959823,False,584
587,2026-09-23,603408,5.2796006419575505,False,585
588,2026-09-23,002349,5.2659691711891554,False,586
589,2026-09-23,300624,5.262413437647437,False,587
590,2026-09-23,002421,5.2566043285564348,False,588
591,2026-09-23,600039,5.25168072084639,False,589
592,2026-09-23,002193,5.2494644848142915,False,590
593,2026-09-23,601168,5.2492226744955266,False,591
594,2026-09-23,002578,5.2415063471786407,False,592
595,2026-09-23,600657,5.2375983644760593,False,593
596,2026-09-23,603755,5.225780888505545,False,594
597,2026-09-23,002033,5.2223198513262687,False,595
598,2026-09-23,600697,5.2195564319054828,False,596
599,2026-09-23,603383,5.215308988626802,False,597
600,2026-09-23,600900,5.2152076513365362,False,598
601,2026-09-23,600398,5.199007910125033,False,599
602,2026-09-23,002599,5.1973824611684236,False,600
603,2026-09-23,002017,5.1940903715000211,False,601
604,2026-09-23,300575,5.1920535897312625,False,602
605,2026-09-23,000663,5.1858095218609908,False,603
606,2026-09-23,300897,5.1840735306516219,False,604
607,2026-09-23,301129,5.1761544118052658,False,605
608,2026-09-23,603121,5.1751255627129593,False,606
609,2026-09-23,002763,5.1717222247919592,False,607
610,2026-09-23,300021,5.168740453231468,False,608
611,2026-09-23,300240,5.1628379527114081,False,609
612,2026-09-23,301152,5.1547620198245196,False,610
613,2026-09-23,601568,5.1541829672857524,False,611
614,2026-09-23,600547,5.1509838891985842,False,612
615,2026-09-23,000862,5.1417340238008684,False,613
616,2026-09-23,600573,5.1417324305034988,False,614
617,2026-09-23,300013,5.1383632260059784,False,615
618,2026-09-23,301180,5.1351523337810754,False,616
619,2026-09-23,003043,5.1311062464662385,False,617
620,2026-09-23,600566,5.1304264207208332,False,618
621,2026-09-23,002950,5.1301665924935662,False,619
622,2026-09-23,601018,5.1299214526285217,False,620
623,2026-09-23,002826,5.1277504463178811,False,621
624,2026-09-23,688459,5.1263487525383438,False,622
625,2026-09-23,300198,5.1237006197822668,False,623
626,2026-09-23,300468,5.1231779295009119,False,624
627,2026-09-23,603488,5.120766217985798,False,625
628,2026-09-23,002816,5.1151233156431903,False,626
629,2026-09-23,002878,5.1150206579619297,False,627
630,2026-09-23,600149,5.1146451602701539,False,628
631,2026-09-23,603235,5.1127612418766146,False,629
632,2026-09-23,300150,5.1119073511932624,False,630
633,2026-09-23,300578,5.1084443518947946,False,631
634,2026-09-23,002890,5.099791629416826,False,632
635,2026-09-23,002513,5.0972157713598412,False,633
636,2026-09-23,600714,5.0960062428584632,False,634
637,2026-09-23,600163,5.0936118149123404,False,635
638,2026-09-23,600665,5.0932627237382579,False,636
639,2026-09-23,002038,5.0932237780522103,False,637
640,2026-09-23,601969,5.0446710832446469,False,638
641,2026-09-23,300828,5.0409532185191539,False,639
642,2026-09-23,603585,5.0389386514736669,False,640
643,2026-09-23,688466,5.0382160871328994,False,641
644,2026-09-23,603918,5.0364738228578938,False,642
645,2026-09-23,301078,5.027904261108822,False,643
646,2026-09-23,603558,5.0262252507182152,False,644
647,2026-09-23,603238,5.0136959090466373,False,645
648,2026-09-23,301065,5.0130303507388918,False,646
649,2026-09-23,603205,5.0093012353286017,False,647
650,2026-09-23,002716,5.0018865806118731,False,648
651,2026-09-23,002753,5.001634228087851,False,649
652,2026-09-23,300494,4.997415050903431,False,650
653,2026-09-23,300719,4.996156604498232,False,651
654,2026-09-23,300929,4.9944366887674549,False,652
655,2026-09-23,300710,4.993380805647293,False,653
656,2026-09-23,300949,4.9919092721473195,False,654
657,2026-09-23,003009,4.9669671527167587,False,655
658,2026-09-23,603071,4.9662927807969348,False,656
659,2026-09-23,601816,4.9590457448638965,False,657
660,2026-09-23,002931,4.9356678075547409,False,658
661,2026-09-23,601728,4.9334437636700041,False,659
662,2026-09-23,002678,4.9312576620606468,False,660
663,2026-09-23,603055,4.9294963494076152,False,661
664,2026-09-23,600017,4.9238299472739522,False,662
665,2026-09-23,002104,4.9188445844776147,False,663
666,2026-09-23,301261,4.9176229734251304,False,664
667,2026-09-23,002900,4.9155131976595889,False,665
668,2026-09-23,600165,4.9121107186778747,False,666
669,2026-09-23,000550,4.9116884327204735,False,667
670,2026-09-23,301507,4.9112003607392474,False,668
671,2026-09-23,002793,4.9083436998066379,False,669
672,2026-09-23,603237,4.9064976108679739,False,670
673,2026-09-23,600713,4.9033879263745543,False,671
674,2026-09-23,001316,4.9027942758649754,False,672
675,2026-09-23,600136,4.8976508970846986,False,673
676,2026-09-23,603676,4.8925636835921704,False,674
677,2026-09-23,000633,4.8914260818057098,False,675
678,2026-09-23,300805,4.8821578747672412,False,676
679,2026-09-23,600803,4.8756273065618156,False,677
680,2026-09-23,300822,4.8681852762629276,False,678
681,2026-09-23,688118,4.8665441575404929,False,679
682,2026-09-23,002648,4.8618489480043827,False,680
683,2026-09-23,000965,4.8608064484747144,False,681
684,2026-09-23,002279,4.8587649625176095,False,682
685,2026-09-23,688051,4.8561438299158448,False,683
686,2026-09-23,603391,4.8525261841243736,False,684
687,2026-09-23,301591,4.8500459617553453,False,685
688,2026-09-23,002196,4.848405761486509,False,686
689,2026-09-23,301371,4.8481080961238634,False,687
690,2026-09-23,600195,4.8452155385222735,False,688
691,2026-09-23,603043,4.8444647736170561,False,689
692,2026-09-23,300370,4.843457917460249,False,690
693,2026-09-23,600882,4.8391558008010769,False,691
694,2026-09-23,300126,4.8352908014216753,False,692
695,2026-09-23,688075,4.834621826941393,False,693
696,2026-09-23,688162,4.8337208280808834,False,694
697,2026-09-23,688410,4.8331301014585861,False,695
698,2026-09-23,603151,4.8326308035100656,False,696
699,2026-09-23,605098,4.8303630118438079,False,697
700,2026-09-23,600319,4.8285118260467179,False,698
701,2026-09-23,300784,4.8276341120312756,False,699
702,2026-09-23,002659,4.8261523492849783,False,700
703,2026-09-23,002576,4.8253045631111178,False,701
704,2026-09-23,001255,4.8237773885058264,False,702
705,2026-09-23,000576,4.8153598012685057,False,703
706,2026-09-23,600219,4.8136348920817751,False,704
707,2026-09-23,300414,4.8097726851366716,False,705
708,2026-09-23,002833,4.8077018575120363,False,706
709,2026-09-23,603836,4.7989785235883042,False,707
710,2026-09-23,600222,4.7972981018794272,False,708
711,2026-09-23,002822,4.7944158075974261,False,709
712,2026-09-23,603216,4.7919607896569687,False,710
713,2026-09-23,600232,4.7902351106447618,False,711
714,2026-09-23,688189,4.7888088454582416,False,712
715,2026-09-23,000605,4.7871849775367199,False,713
716,2026-09-23,002111,4.7775119293791457,False,714
717,2026-09-23,600072,4.7765833719561739,False,715
718,2026-09-23,300597,4.7758054382294315,False,716
719,2026-09-23,605286,4.7739136461750356,False,717
720,2026-09-23,603677,4.7717567790405884,False,718
721,2026-09-23,301056,4.7666976858193291,False,719
722,2026-09-23,300509,4.761803164186996,False,720
723,2026-09-23,603165,4.7612575241392907,False,721
724,2026-09-23,603298,4.7602159128050232,False,722
725,2026-09-23,600886,4.757256937340534,False,723
726,2026-09-23,002490,4.7467276149168587,False,724
727,2026-09-23,002712,4.7429905838997701,False,725
728,2026-09-23,300230,4.7419822151707054,False,726
729,2026-09-23,600941,4.7362567756597782,False,727
730,2026-09-23,000001,4.7355865681707474,False,728
731,2026-09-23,688793,4.7311272061011627,False,729
732,2026-09-23,600239,4.7217462969657857,False,730
733,2026-09-23,002391,4.7186692331535092,False,731
734,2026-09-23,688021,4.7172532986024578,False,732
735,2026-09-23,000088,4.7135638974714977,False,733
736,2026-09-23,600791,4.7127877623437762,False,734
737,2026-09-23,300849,4.7125683099976268,False,735
738,2026-09-23,688429,4.7061027158914621,False,736
739,2026-09-23,600694,4.6956358626718195,False,737
740,2026-09-23,002694,4.6945733579731996,False,738
741,2026-09-23,003000,4.6929899732066538,False,739
742,2026-09-23,603711,4.6878882971501303,False,740
743,2026-09-23,301503,4.6875779621679445,False,741
744,2026-09-23,002864,4.6801049661248832,False,742
745,2026-09-23,688156,4.6781531349816285,False,743
746,2026-09-23,000651,4.6769245915782278,False,744
747,2026-09-23,300818,4.6703046479745192,False,745
748,2026-09-23,600760,4.6662565314914239,False,746
749,2026-09-23,300417,4.6612395528001143,False,747
750,2026-09-23,301688,4.6488639535811433,False,748
751,2026-09-23,300250,4.6463812759972818,False,749
752,2026-09-23,688616,4.6442842313919703,False,750
753,2026-09-23,002376,4.6422754614603425,False,751
754,2026-09-23,300533,4.6421941692368112,False,752
755,2026-09-23,300399,4.6323915297373155,False,753
756,2026-09-23,301218,4.6225321821260437,False,754
757,2026-09-23,600007,4.6214282062389476,False,755
758,2026-09-23,600682,4.6198679051857532,False,756
759,2026-09-23,002668,4.6186613158032435,False,757
760,2026-09-23,300141,4.610199677611206,False,758
761,2026-09-23,000572,4.6101582596619526,False,759
762,2026-09-23,603338,4.6067618790040381,False,760
763,2026-09-23,600716,4.6014677421535151,False,761
764,2026-09-23,600986,4.6011986584353961,False,762
765,2026-09-23,603317,4.5964516306076586,False,763
766,2026-09-23,600998,4.5962783565511582,False,764
767,2026-09-23,688355,4.5903971805800365,False,765
768,2026-09-23,301567,4.5866984318197108,False,766
769,2026-09-23,688329,4.579193418138316,False,767
770,2026-09-23,301100,4.5686989163132932,False,768
771,2026-09-23,600917,4.5682202651940456,False,769
772,2026-09-23,002884,4.5676027681503513,False,770
773,2026-09-23,600874,4.5674758309336232,False,771
774,2026-09-23,600351,4.5651749381660682,False,772
775,2026-09-23,300552,4.5585576116358197,False,773
776,2026-09-23,603326,4.5566940393726885,False,774
777,2026-09-23,603382,4.5535439452237432,False,775
778,2026-09-23,002207,4.5533212207003846,False,776
779,2026-09-23,601333,4.553308410556677,False,777
780,2026-09-23,002086,4.5484652247518378,False,778
781,2026-09-23,605300,4.5471442381057399,False,779
782,2026-09-23,002749,4.5464925118457771,False,780
783,2026-09-23,603816,4.5456207509212199,False,781
784,2026-09-23,002999,4.5455265024059539,False,782
785,2026-09-23,300677,4.5442484316542746,False,783
786,2026-09-23,002098,4.5433419903496963,False,784
787,2026-09-23,300071,4.5359806579986666,False,785
788,2026-09-23,300912,4.5316821148307733,False,786
789,2026-09-23,002563,4.5309432456560561,False,787
790,2026-09-23,601798,4.5302951577995092,False,788
791,2026-09-23,600066,4.5277736126321111,False,789
792,2026-09-23,603089,4.5267906460478349,False,790
793,2026-09-23,300310,4.5199707538593428,False,791
794,2026-09-23,002404,4.5139084246412793,False,792
795,2026-09-23,002498,4.508535407002551,False,793
796,2026-09-23,300513,4.5047523659493205,False,794
797,2026-09-23,603909,4.5042248364062338,False,795
798,2026-09-23,301111,4.4976877445712757,False,796
799,2026-09-23,300501,4.4973298639396928,False,797
800,2026-09-23,603722,4.4865645430495302,False,798
801,2026-09-23,603329,4.4846471451917935,False,799
802,2026-09-23,002461,4.4817432842806975,False,800
803,2026-09-23,688569,4.4800059945055644,False,801
804,2026-09-23,002853,4.478860657534903,False,802
805,2026-09-23,600678,4.4781285914973079,False,803
806,2026-09-23,301011,4.477558137974885,False,804
807,2026-09-23,603876,4.476516393921024,False,805
808,2026-09-23,301059,4.470307069644389,False,806
809,2026-09-23,002215,4.4701559114173932,False,807
810,2026-09-23,601998,4.4682356869988693,False,808
811,2026-09-23,603023,4.4681102622654434,False,809
812,2026-09-23,300272,4.4651814598426931,False,810
813,2026-09-23,603378,4.4642120228506386,False,811
814,2026-09-23,601919,4.4616752809953244,False,812
815,2026-09-23,001395,4.4608532572227997,False,813
816,2026-09-23,600831,4.4582114942896389,False,814
817,2026-09-23,600571,4.453616314916709,False,815
818,2026-09-23,605338,4.4492352613334747,False,816
819,2026-09-23,301087,4.4490719218548769,False,817
820,2026-09-23,300069,4.4458211505063892,False,818
821,2026-09-23,000548,4.4446424167036183,False,819
822,2026-09-23,603333,4.4407620515819008,False,820
823,2026-09-23,002219,4.4362958888661579,False,821
824,2026-09-23,600727,4.4355062916763561,False,822
825,2026-09-23,688161,4.4311567141093082,False,823
826,2026-09-23,300645,4.4292139538430533,False,824
827,2026-09-23,002791,4.4271461677634383,False,825
828,2026-09-23,601065,4.4268832834893841,False,826
829,2026-09-23,002116,4.4263493408473336,False,827
830,2026-09-23,688089,4.426287823491295,False,828
831,2026-09-23,603648,4.4235305338640272,False,829
832,2026-09-23,603586,4.4201836832964005,False,830
833,2026-09-23,301388,4.4198508115215454,False,831
834,2026-09-23,300683,4.4168504167243663,False,832
835,2026-09-23,603919,4.4127269756376357,False,833
836,2026-09-23,301439,4.4099005494776717,False,834
837,2026-09-23,600572,4.4080669206307812,False,835
838,2026-09-23,603129,4.4051985887217171,False,836
839,2026-09-23,002949,4.404757299068951,False,837
840,2026-09-23,300766,4.4033974000678473,False,838
841,2026-09-23,603006,4.4026232454688392,False,839
842,2026-09-23,601577,4.3865000864654302,False,840
843,2026-09-23,002237,4.385694116164351,False,841
844,2026-09-23,003017,4.3822870634846316,False,842
845,2026-09-23,300448,4.381267816985936,False,843
846,2026-09-23,300375,4.3753180706186194,False,844
847,2026-09-23,603685,4.3710274144398715,False,845
848,2026-09-23,600967,4.3684189953620454,False,846
849,2026-09-23,300887,4.3624960108871944,False,847
850,2026-09-23,301367,4.36196922454568,False,848
851,2026-09-23,300985,4.3604724147900429,False,849
852,2026-09-23,002177,4.3570688890678877,False,850
853,2026-09-23,603053,4.3523162638386115,False,851
854,2026-09-23,000803,4.3510136478494843,False,852
855,2026-09-23,000751,4.3475650307160461,False,853
856,2026-09-23,601939,4.3463127475084509,False,854
857,2026-09-23,600138,4.3424388698943677,False,855
858,2026-09-23,002959,4.3379405286670192,False,856
859,2026-09-23,001313,4.3376396966419772,False,857
860,2026-09-23,002333,4.3323073280167268,False,858
861,2026-09-23,002752,4.3275306235033826,False,859
862,2026-09-23,300318,4.3266751308994706,False,860
863,2026-09-23,603284,4.3263759805479989,False,861
864,2026-09-23,601326,4.3256654793766725,False,862
865,2026-09-23,000690,4.3245936159000804,False,863
866,2026-09-23,002144,4.3205376155427508,False,864
867,2026-09-23,301331,4.3166059325725472,False,865
868,2026-09-23,600158,4.3164365892113601,False,866
869,2026-09-23,603630,4.315941228682675,False,867
870,2026-09-23,688358,4.3134695043357514,False,868
871,2026-09-23,603899,4.3124106284282169,False,869
872,2026-09-23,300992,4.308283091521119,False,870
873,2026-09-23,001256,4.3029445277977398,False,871
874,2026-09-23,002199,4.3008641431883579,False,872
875,2026-09-23,300697,4.298589586018748,False,873
876,2026-09-23,603701,4.2985856634245438,False,874
877,2026-09-23,002121,4.295676270242585,False,875
878,2026-09-23,301043,4.2851808537758398,False,876
879,2026-09-23,601288,4.2743384344742879,False,877
880,2026-09-23,601921,4.2660213067417043,False,878
881,2026-09-23,601600,4.2656768621000776,False,879
882,2026-09-23,000501,4.2642926102862182,False,880
883,2026-09-23,300771,4.2630298278914118,False,881
884,2026-09-23,688557,4.2625073728676517,False,882
885,2026-09-23,300839,4.2606073970477016,False,883
886,2026-09-23,300081,4.2560936140659678,False,884
887,2026-09-23,301049,4.2498147701760365,False,885
888,2026-09-23,300172,4.2473168756507942,False,886
889,2026-09-23,600854,4.2463150820594722,False,887
890,2026-09-23,003027,4.243262089678665,False,888
891,2026-09-23,301277,4.2397539351403584,False,889
892,2026-09-23,603278,4.2377962132318601,False,890
893,2026-09-23,300996,4.2335636515888915,False,891
894,2026-09-23,600740,4.2325258194702,False,892
895,2026-09-23,600339,4.2302826730606764,False,893
896,2026-09-23,000507,4.2301207640586602,False,894
897,2026-09-23,603325,4.2269592891919157,False,895
898,2026-09-23,603198,4.2259781736332229,False,896
899,2026-09-23,002863,4.224331583588306,False,897
900,2026-09-23,000650,4.220599473878373,False,898
901,2026-09-23,300402,4.2175055358482583,False,899
902,2026-09-23,600775,4.2160038960159554,False,900
903,2026-09-23,002316,4.2158703362169323,False,901
904,2026-09-23,002922,4.2087755209861317,False,902
905,2026-09-23,605122,4.2057379215637098,False,903
906,2026-09-23,603955,4.1960895427774236,False,904
907,2026-09-23,000553,4.1956832499407568,False,905
908,2026-09-23,300025,4.1951091160730796,False,906
909,2026-09-23,300233,4.1930118049502774,False,907
910,2026-09-23,601169,4.1871993541335897,False,908
911,2026-09-23,601528,4.1851307298481171,False,909
912,2026-09-23,002554,4.1840837756706506,False,910
913,2026-09-23,301365,4.1831474317816095,False,911
914,2026-09-23,600119,4.1816632207680176,False,912
915,2026-09-23,001229,4.1813591668375132,False,913
916,2026-09-23,000151,4.1810808989223025,False,914
917,2026-09-23,603172,4.1789954787903545,False,915
918,2026-09-23,000608,4.1772471769265476,False,916
919,2026-09-23,002180,4.1771419268200125,False,917
920,2026-09-23,002714,4.1769050113616339,False,918
921,2026-09-23,300311,4.1711181944435207,False,919
922,2026-09-23,300459,4.1699876994269856,False,920
923,2026-09-23,301335,4.1621633020091373,False,921
924,2026-09-23,603369,4.1618591025285632,False,922
925,2026-09-23,000966,4.1511084238677451,False,923
926,2026-09-23,300956,4.1479876671115505,False,924
927,2026-09-23,300008,4.147292300007055,False,925
928,2026-09-23,600982,4.1449155973586604,False,926
929,2026-09-23,301113,4.1416226403017253,False,927
930,2026-09-23,601107,4.1408221610092912,False,928
931,2026-09-23,688366,4.1397145233093671,False,929
932,2026-09-23,000428,4.1362715218989035,False,930
933,2026-09-23,300095,4.1331603145053011,False,931
934,2026-09-23,300152,4.1322920997431698,False,932
935,2026-09-23,300211,4.1296187077434983,False,933
936,2026-09-23,000933,4.1285068926640056,False,934
937,2026-09-23,601225,4.1283648765166312,False,935
938,2026-09-23,301073,4.1233351841566659,False,936
939,2026-09-23,000712,4.1202771912549387,False,937
940,2026-09-23,301004,4.1126597157132689,False,938
941,2026-09-23,002209,4.1098715699025554,False,939
942,2026-09-23,001213,4.1065093684196725,False,940
943,2026-09-23,301212,4.1063487846034405,False,941
944,2026-09-23,300662,4.1039820917528216,False,942
945,2026-09-23,002160,4.09752890030214,False,943
946,2026-09-23,600178,4.093621486534218,False,944
947,2026-09-23,301121,4.090298666337155,False,945
948,2026-09-23,603999,4.0845371295466899,False,946
949,2026-09-23,601002,4.0795992763141289,False,947
950,2026-09-23,001232,4.0787394806594488,False,948
951,2026-09-23,603896,4.0768849464201429,False,949
952,2026-09-23,300564,4.0723019679909243,False,950
953,2026-09-23,605155,4.0642116368662542,False,951
954,2026-09-23,301036,4.063548689926983,False,952
955,2026-09-23,000892,4.059825842167859,False,953
956,2026-09-23,002917,4.0555082265908293,False,954
957,2026-09-23,000615,4.0515712693812596,False,955
958,2026-09-23,300549,4.0510445576388907,False,956
959,2026-09-23,600486,4.0493148621335866,False,957
960,2026-09-23,600159,4.0422306308360181,False,958
961,2026-09-23,605199,4.0370646577662015,False,959
962,2026-09-23,300157,4.0335077648332582,False,960
963,2026-09-23,000518,4.0294105618834379,False,961
964,2026-09-23,600346,4.0227001143679901,False,962
965,2026-09-23,301256,4.0174429768923154,False,963
966,2026-09-23,601665,4.0164641153158067,False,964
967,2026-09-23,002948,4.0163151176918381,False,965
968,2026-09-23,300780,4.0085418079609729,False,966
969,2026-09-23,002248,4.0041067999553057,False,967
970,2026-09-23,605169,3.9976074121351166,False,968
971,2026-09-23,688612,3.9973102024721139,False,969
972,2026-09-23,002722,3.9947948588885316,False,970
973,2026-09-23,301519,3.9914784621633075,False,971
974,2026-09-23,000863,3.9914223440481864,False,972
975,2026-09-23,603998,3.9849254886164291,False,973
976,2026-09-23,600868,3.9817850162578217,False,974
977,2026-09-23,001286,3.9817181288474255,False,975
978,2026-09-23,603170,3.9750189188048894,False,976
979,2026-09-23,688377,3.9749841857470223,False,977
980,2026-09-23,688433,3.9710446027172459,False,978
981,2026-09-23,600295,3.9692537495758051,False,979
982,2026-09-23,300940,3.967176812830552,False,980
983,2026-09-23,600461,3.9659455966720865,False,981
984,2026-09-23,600470,3.961883613493892,False,982
985,2026-09-23,300865,3.9557413055970354,False,983
986,2026-09-23,000757,3.9541842632109914,False,984
987,2026-09-23,002762,3.9498330005656253,False,985
988,2026-09-23,603211,3.9496865838333988,False,986
989,2026-09-23,300006,3.9486841781018862,False,987
990,2026-09-23,002861,3.9392024161741492,False,988
991,2026-09-23,688169,3.9376747590263523,False,989
992,2026-09-23,300825,3.9295972396102816,False,990
993,2026-09-23,300103,3.9281400841850544,False,991
994,2026-09-23,003012,3.923984375770452,False,992
995,2026-09-23,688389,3.9238872286451132,False,993
996,2026-09-23,600189,3.9123750910584967,False,994
997,2026-09-23,600829,3.9113091494996937,False,995
998,2026-09-23,002078,3.9100180878506521,False,996
999,2026-09-23,002987,3.907293086656856,False,997
1000,2026-09-23,002582,3.9072519022757142,False,998
1001,2026-09-23,600287,3.9065093007851015,False,999
1002,2026-09-23,600648,3.905328570992336,False,1000
1003,2026-09-23,300608,3.9021796832271578,False,1001
1004,2026-09-23,605158,3.9007302604908975,False,1002
1005,2026-09-23,002798,3.8980874508919441,False,1003
1006,2026-09-23,301408,3.8925834319159121,False,1004
1007,2026-09-23,605196,3.8840643859679265,False,1005
1008,2026-09-23,301279,3.8814903464467303,False,1006
1009,2026-09-23,001360,3.8791694522545872,False,1007
1010,2026-09-23,300899,3.8779775332313928,False,1008
1011,2026-09-23,002381,3.8770708348026508,False,1009
1012,2026-09-23,300449,3.8761939362987352,False,1010
1013,2026-09-23,300711,3.8720509527208424,False,1011
1014,2026-09-23,300329,3.8716191347583262,False,1012
1015,2026-09-23,002016,3.8711285568072871,False,1013
1016,2026-09-23,000957,3.8684589153528552,False,1014
1017,2026-09-23,300935,3.8681758637333834,False,1015
1018,2026-09-23,003028,3.8676974864581712,False,1016
1019,2026-09-23,603159,3.8662458081302926,False,1017
1020,2026-09-23,688339,3.8635530577356465,False,1018
1021,2026-09-23,603990,3.8616661368822185,False,1019
1022,2026-09-23,301012,3.8602333120059695,False,1020
1023,2026-09-23,300664,3.8597845324369811,False,1021
1024,2026-09-23,600822,3.8590382486141306,False,1022
1025,2026-09-23,601898,3.8578459691734066,False,1023
1026,2026-09-23,688345,3.854239017566309,False,1024
1027,2026-09-23,605167,3.8508458392215621,False,1025
1028,2026-09-23,601121,3.8418963961738966,False,1026
1029,2026-09-23,000409,3.8410617174182842,False,1027
1030,2026-09-23,600650,3.8400361836335057,False,1028
1031,2026-09-23,600887,3.8377035412929343,False,1029
1032,2026-09-23,601368,3.8375047306700907,False,1030
1033,2026-09-23,600279,3.8352082662323732,False,1031
1034,2026-09-23,600116,3.8316011542220192,False,1032
1035,2026-09-23,300039,3.8296177501432265,False,1033
1036,2026-09-23,603193,3.8274675836310439,False,1034
1037,2026-09-23,002479,3.8268180857046001,False,1035
1038,2026-09-23,300161,3.8261925355725772,False,1036
1039,2026-09-23,002748,3.8230178830286916,False,1037
1040,2026-09-23,002103,3.8223233427508179,False,1038
1041,2026-09-23,601825,3.8199703179965612,False,1039
1042,2026-09-23,600711,3.8190341267695169,False,1040
1043,2026-09-23,603199,3.8179865455890631,False,1041
1044,2026-09-23,601211,3.8167716564595375,False,1042
1045,2026-09-23,300306,3.8163273706863201,False,1043
1046,2026-09-23,002813,3.8135261929729509,False,1044
1047,2026-09-23,688658,3.8069179541235543,False,1045
1048,2026-09-23,600794,3.8023084062810835,False,1046
1049,2026-09-23,002251,3.7998909486686419,False,1047
1050,2026-09-23,688468,3.7985645161337072,False,1048
1051,2026-09-23,300978,3.7980049471158024,False,1049
1052,2026-09-23,002462,3.7975488299710838,False,1050
1053,2026-09-23,300004,3.7925288483279935,False,1051
1054,2026-09-23,601216,3.7898443883871669,False,1052
1055,2026-09-23,603015,3.7887825657258078,False,1053
1056,2026-09-23,301428,3.7879528407175727,False,1054
1057,2026-09-23,000912,3.7836246033953245,False,1055
1058,2026-09-23,600444,3.7814744270939769,False,1056
1059,2026-09-23,603811,3.7803556015131479,False,1057
1060,2026-09-23,600538,3.7785103565564917,False,1058
1061,2026-09-23,301449,3.7753261891368872,False,1059
1062,2026-09-23,002607,3.7639349754531608,False,1060
1063,2026-09-23,000423,3.7632709116972669,False,1061
1064,2026-09-23,002478,3.7520463059334661,False,1062
1065,2026-09-23,600152,3.7479803968084271,False,1063
1066,2026-09-23,002154,3.7415386190648308,False,1064
1067,2026-09-23,000429,3.739572150687331,False,1065
1068,2026-09-23,003025,3.7390936657207092,False,1066
1069,2026-09-23,300796,3.7386405783487149,False,1067
1070,2026-09-23,603878,3.7338124647052973,False,1068
1071,2026-09-23,002966,3.7329914138203062,False,1069
1072,2026-09-23,601000,3.729734615814563,False,1070
1073,2026-09-23,000959,3.7273040772450834,False,1071
1074,2026-09-23,301101,3.7236554248107949,False,1072
1075,2026-09-23,002054,3.71584687393291,False,1073
1076,2026-09-23,603551,3.7151841872800579,False,1074
1077,2026-09-23,300197,3.7126227529175613,False,1075
1078,2026-09-23,002847,3.7058154638688818,False,1076
1079,2026-09-23,688285,3.7041048730957762,False,1077
1080,2026-09-23,300084,3.702953948663168,False,1078
1081,2026-09-23,002872,3.6965602793036512,False,1079
1082,2026-09-23,300607,3.695941742064996,False,1080
1083,2026-09-23,300813,3.6958776285767874,False,1081
1084,2026-09-23,601766,3.6939583880117324,False,1082
1085,2026-09-23,000547,3.6933266119461354,False,1083
1086,2026-09-23,001379,3.6919084383966947,False,1084
1087,2026-09-23,301112,3.6899898436066878,False,1085
1088,2026-09-23,300599,3.6896073524003659,False,1086
1089,2026-09-23,605299,3.685102086632142,False,1087
1090,2026-09-23,600855,3.6834465184235303,False,1088
1091,2026-09-23,003039,3.6797955102614588,False,1089
1092,2026-09-23,603889,3.6740465564357101,False,1090
1093,2026-09-23,000937,3.6739034354297666,False,1091
1094,2026-09-23,002120,3.6728794960173579,False,1092
1095,2026-09-23,600338,3.6727985560257932,False,1093
1096,2026-09-23,600336,3.6726014642970379,False,1094
1097,2026-09-23,002292,3.6715657557871522,False,1095
1098,2026-09-23,603535,3.6693289691029647,False,1096
1099,2026-09-23,301066,3.6683157633534762,False,1097
1100,2026-09-23,600188,3.6662744316857627,False,1098
1101,2026-09-23,300190,3.6650165133099648,False,1099
1102,2026-09-23,002557,3.6619587840569121,False,1100
1103,2026-09-23,600980,3.6607923140441656,False,1101
1104,2026-09-23,601988,3.6575271656895483,False,1102
1105,2026-09-23,603227,3.6557553890681991,False,1103
1106,2026-09-23,603126,3.6538835491555721,False,1104
1107,2026-09-23,600501,3.6528477102718648,False,1105
1108,2026-09-23,002021,3.6519658678118541,False,1106
1109,2026-09-23,301299,3.6474013986583076,False,1107
1110,2026-09-23,601666,3.6461168845395644,False,1108
1111,2026-09-23,002795,3.6419786052295096,False,1109
1112,2026-09-23,300508,3.6416586071339845,False,1110
1113,2026-09-23,603348,3.6337046026765742,False,1111
1114,2026-09-23,601616,3.6273020263358311,False,1112
1115,2026-09-23,000665,3.6271317814009993,False,1113
1116,2026-09-23,000546,3.6252041964287649,False,1114
1117,2026-09-23,002697,3.6188379766198455,False,1115
1118,2026-09-23,300102,3.6173372411205098,False,1116
1119,2026-09-23,300453,3.6156534394349675,False,1117
1120,2026-09-23,600053,3.6142306453373405,False,1118
1121,2026-09-23,603135,3.613157428569064,False,1119
1122,2026-09-23,301278,3.6123041389035198,False,1120
1123,2026-09-23,300067,3.6121340450368811,False,1121
1124,2026-09-23,000619,3.6118370207678376,False,1122
1125,2026-09-23,300406,3.6117831998269647,False,1123
1126,2026-09-23,002839,3.6074184059811443,False,1124
1127,2026-09-23,002084,3.6074047919732006,False,1125
1128,2026-09-23,601608,3.6035701307031349,False,1126
1129,2026-09-23,300043,3.6032973066676832,False,1127
1130,2026-09-23,300591,3.6021744842752828,False,1128
1131,2026-09-23,688210,3.5984787217462353,False,1129
1132,2026-09-23,300817,3.592146025217331,False,1130
1133,2026-09-23,300072,3.5915598768373069,False,1131
1134,2026-09-23,002184,3.589918304011019,False,1132
1135,2026-09-23,300289,3.583139606269385,False,1133
1136,2026-09-23,605555,3.5827906103175065,False,1134
1137,2026-09-23,603718,3.5816682727622235,False,1135
1138,2026-09-23,603041,3.5815351175099774,False,1136
1139,2026-09-23,605598,3.5811282032957625,False,1137
1140,2026-09-23,002299,3.5782332822651854,False,1138
1141,2026-09-23,002399,3.5748136689770718,False,1139
1142,2026-09-23,688369,3.5735082663613809,False,1140
1143,2026-09-23,300210,3.5718608867296684,False,1141
1144,2026-09-23,002905,3.5700132696828906,False,1142
1145,2026-09-23,000563,3.568428258913706,False,1143
1146,2026-09-23,605180,3.5656864744624652,False,1144
1147,2026-09-23,301668,3.5605346819212884,False,1145
1148,2026-09-23,002649,3.5600269297677114,False,1146
1149,2026-09-23,300847,3.5594420271572185,False,1147
1150,2026-09-23,300999,3.5545204275858735,False,1148
1151,2026-09-23,301313,3.5526904404261677,False,1149
1152,2026-09-23,002693,3.5501011965652602,False,1150
1153,2026-09-23,300270,3.5473554857059808,False,1151
1154,2026-09-23,002991,3.5446875392307682,False,1152
1155,2026-09-23,002581,3.5425652796819964,False,1153
1156,2026-09-23,002830,3.5387958183951018,False,1154
1157,2026-09-23,301068,3.5368544555527301,False,1155
1158,2026-09-23,000729,3.5353756570539403,False,1156
1159,2026-09-23,603332,3.5269924319990125,False,1157
1160,2026-09-23,002760,3.5254541453114152,False,1158
1161,2026-09-23,600529,3.5246845555839963,False,1159
1162,2026-09-23,600382,3.5235932816428215,False,1160
1163,2026-09-23,600795,3.5221595684532474,False,1161
1164,2026-09-23,003015,3.5200617671161565,False,1162
1165,2026-09-23,600315,3.5183107491407037,False,1163
1166,2026-09-23,000096,3.5179911293648174,False,1164
1167,2026-09-23,605500,3.5167451721880703,False,1165
1168,2026-09-23,603320,3.5164375810495567,False,1166
1169,2026-09-23,600796,3.5133634422725617,False,1167
1170,2026-09-23,300248,3.5126207476619444,False,1168
1171,2026-09-23,603716,3.5051485840068093,False,1169
1172,2026-09-23,002022,3.5034810673206285,False,1170
1173,2026-09-23,600179,3.494758222879518,False,1171
1174,2026-09-23,603458,3.4944365378612607,False,1172
1175,2026-09-23,688777,3.4921888260773475,False,1173
1176,2026-09-23,600162,3.4913590283638958,False,1174
1177,2026-09-23,300636,3.4900034404389824,False,1175
1178,2026-09-23,603032,3.4829747463771001,False,1176
1179,2026-09-23,300925,3.4821522988534159,False,1177
1180,2026-09-23,300543,3.4722908064899225,False,1178
1181,2026-09-23,001226,3.4716399046242299,False,1179
1182,2026-09-23,002275,3.4701859419379266,False,1180
1183,2026-09-23,301535,3.4697354330784442,False,1181
1184,2026-09-23,000597,3.4691226933256498,False,1182
1185,2026-09-23,300295,3.4674841325649792,False,1183
1186,2026-09-23,300891,3.4636549035383943,False,1184
1187,2026-09-23,002059,3.4626859791780888,False,1185
1188,2026-09-23,300701,3.4625755796384245,False,1186
1189,2026-09-23,300654,3.4616619203374088,False,1187
1190,2026-09-23,300498,3.4608372049810834,False,1188
1191,2026-09-23,300761,3.4579874917881153,False,1189
1192,2026-09-23,000950,3.4570168298165735,False,1190
1193,2026-09-23,300078,3.4532196978781169,False,1191
1194,2026-09-23,003007,3.4509888942305098,False,1192
1195,2026-09-23,600918,3.4502877685672448,False,1193
1196,2026-09-23,688579,3.4474949135734532,False,1194
1197,2026-09-23,301469,3.4446088404785584,False,1195
1198,2026-09-23,002228,3.4439855432229627,False,1196
1199,2026-09-23,600262,3.440802574436638,False,1197
1200,2026-09-23,300993,3.4396952556849034,False,1198
1201,2026-09-23,688580,3.4382164778192466,False,1199
1202,2026-09-23,688221,3.4366461314764765,False,1200
1203,2026-09-23,600023,3.4353604170326872,False,1201
1204,2026-09-23,301223,3.4315715128398692,False,1202
1205,2026-09-23,600433,3.4308307313677435,False,1203
1206,2026-09-23,002233,3.4301754523269996,False,1204
1207,2026-09-23,000411,3.4267157461363231,False,1205
1208,2026-09-23,601956,3.4261851505658107,False,1206
1209,2026-09-23,300032,3.4252524409646519,False,1207
1210,2026-09-23,300275,3.424706193536911,False,1208
1211,2026-09-23,300193,3.4245340334305228,False,1209
1212,2026-09-23,002076,3.4241154107784788,False,1210
1213,2026-09-23,603499,3.4219627686890455,False,1211
1214,2026-09-23,000514,3.4190981697799585,False,1212
1215,2026-09-23,300441,3.413892295051987,False,1213
1216,2026-09-23,688528,3.4120361060594879,False,1214
1217,2026-09-23,600938,3.4088809450785278,False,1215
1218,2026-09-23,002493,3.4046900127974622,False,1216
1219,2026-09-23,603967,3.4045248251582843,False,1217
1220,2026-09-23,603637,3.4002814820535443,False,1218
1221,2026-09-23,600830,3.3974888350043937,False,1219
1222,2026-09-23,002122,3.393816046458189,False,1220
1223,2026-09-23,300932,3.3892779749077198,False,1221
1224,2026-09-23,002889,3.3890732005783168,False,1222
1225,2026-09-23,600223,3.3874909060386584,False,1223
1226,2026-09-23,002406,3.386755601283598,False,1224
1227,2026-09-23,002015,3.385764832574786,False,1225
1228,2026-09-23,603200,3.384864594835713,False,1226
1229,2026-09-23,688772,3.384848802808293,False,1227
1230,2026-09-23,301048,3.3825432963316038,False,1228
1231,2026-09-23,002322,3.3817624864425624,False,1229
1232,2026-09-23,300465,3.3799908594581902,False,1230
1233,2026-09-23,603103,3.3781559230380749,False,1231
1234,2026-09-23,002725,3.3755683456574959,False,1232
1235,2026-09-23,688588,3.373098645920968,False,1233
1236,2026-09-23,600618,3.3719181215238949,False,1234
1237,2026-09-23,601033,3.3707949698825064,False,1235
1238,2026-09-23,688193,3.3693298259972639,False,1236
1239,2026-09-23,301035,3.3685462809414566,False,1237
1240,2026-09-23,688060,3.366918607493333,False,1238
1241,2026-09-23,300143,3.3617855860825965,False,1239
1242,2026-09-23,002243,3.3527704538213925,False,1240
1243,2026-09-23,600483,3.3514382573445829,False,1241
1244,2026-09-23,002737,3.3483868682035585,False,1242
1245,2026-09-23,603180,3.345083813021815,False,1243
1246,2026-09-23,605009,3.344925268950377,False,1244
1247,2026-09-23,603387,3.3399770969568583,False,1245
1248,2026-09-23,300525,3.3340867800102942,False,1246
1249,2026-09-23,603209,3.3337460076238772,False,1247
1250,2026-09-23,002408,3.3323925346703449,False,1248
1251,2026-09-23,603137,3.330924095161067,False,1249
1252,2026-09-23,600323,3.328109376990406,False,1250
1253,2026-09-23,301117,3.3277711120376825,False,1251
1254,2026-09-23,603633,3.3249256100710562,False,1252
1255,2026-09-23,603787,3.3216793685311421,False,1253
1256,2026-09-23,601139,3.3208644455016905,False,1254
1257,2026-09-23,002639,3.3195509440068056,False,1255
1258,2026-09-23,600676,3.3181323028621201,False,1256
1259,2026-09-23,300625,3.3178202744402867,False,1257
1260,2026-09-23,301697,3.3126708924136183,False,1258
1261,2026-09-23,603390,3.3084561179157137,False,1259
1262,2026-09-23,301295,3.306572649514111,False,1260
1263,2026-09-23,603012,3.3023873596341136,False,1261
1264,2026-09-23,301163,3.3000985587321443,False,1262
1265,2026-09-23,001219,3.2998111950019613,False,1263
1266,2026-09-23,000159,3.2978247044635269,False,1264
1267,2026-09-23,300451,3.2967141838324139,False,1265
1268,2026-09-23,600000,3.2966892294603349,False,1266
1269,2026-09-23,002879,3.2939669965207568,False,1267
1270,2026-09-23,301090,3.2934495039133269,False,1268
1271,2026-09-23,300867,3.2886627580685506,False,1269
1272,2026-09-23,301603,3.2863782765394536,False,1270
1273,2026-09-23,688280,3.2863311985248407,False,1271
1274,2026-09-23,001323,3.2848044596398118,False,1272
1275,2026-09-23,000677,3.2827260856933442,False,1273
1276,2026-09-23,301032,3.2807042119934859,False,1274
1277,2026-09-23,300314,3.2804010573350291,False,1275
1278,2026-09-23,001333,3.2771720653253151,False,1276
1279,2026-09-23,300631,3.2768402149159384,False,1277
1280,2026-09-23,301038,3.2747570308713909,False,1278
1281,2026-09-23,301125,3.2746628167951606,False,1279
1282,2026-09-23,605028,3.2742154890906168,False,1280
1283,2026-09-23,600298,3.2734080046402498,False,1281
1284,2026-09-23,003041,3.2732098179082385,False,1282
1285,2026-09-23,600746,3.2725955181648807,False,1283
1286,2026-09-23,002342,3.266566123251549,False,1284
1287,2026-09-23,300622,3.266166243340535,False,1285
1288,2026-09-23,002573,3.2633832971535064,False,1286
1289,2026-09-23,000783,3.2601701647674384,False,1287
1290,2026-09-23,600283,3.2599507652270989,False,1288
1291,2026-09-23,601100,3.2561464991752578,False,1289
1292,2026-09-23,002014,3.2510110559323513,False,1290
1293,2026-09-23,603556,3.2458210825407812,False,1291
1294,2026-09-23,000028,3.2444255133715343,False,1292
1295,2026-09-23,002170,3.2396699842079495,False,1293
1296,2026-09-23,603315,3.2346479728856661,False,1294
1297,2026-09-23,600352,3.2301729206527536,False,1295
1298,2026-09-23,301301,3.2299407744448652,False,1296
1299,2026-09-23,688067,3.229133828992838,False,1297
1300,2026-09-23,600871,3.2256790579698236,False,1298
1301,2026-09-23,300447,3.2215748730212641,False,1299
1302,2026-09-23,301590,3.2213441137941574,False,1300
1303,2026-09-23,301173,3.218672969335949,False,1301
1304,2026-09-23,600729,3.2179353174509151,False,1302
1305,2026-09-23,600348,3.2174991603028467,False,1303
1306,2026-09-23,603948,3.2168383320563549,False,1304
1307,2026-09-23,002960,3.216800474745507,False,1305
1308,2026-09-23,301302,3.2158562149839378,False,1306
1309,2026-09-23,000554,3.2120744437774351,False,1307
1310,2026-09-23,300635,3.2093760263181044,False,1308
1311,2026-09-23,301039,3.2072120051371864,False,1309
1312,2026-09-23,688558,3.2016211441071643,False,1310
1313,2026-09-23,688631,3.2011464059139536,False,1311
1314,2026-09-23,600668,3.2002790689224012,False,1312
1315,2026-09-23,301232,3.1996577498442305,False,1313
1316,2026-09-23,002562,3.1983416883604536,False,1314
1317,2026-09-23,300621,3.1982351862814928,False,1315
1318,2026-09-23,300218,3.1976616562880373,False,1316
1319,2026-09-23,301079,3.1975062527188003,False,1317
1320,2026-09-23,300743,3.1963320930171957,False,1318
1321,2026-09-23,603958,3.1925064912361667,False,1319
1322,2026-09-23,688157,3.1892299143191782,False,1320
1323,2026-09-23,301370,3.1865906736340781,False,1321
1324,2026-09-23,002532,3.1849381576419487,False,1322
1325,2026-09-23,300603,3.1844025179322291,False,1323
1326,2026-09-23,300355,3.1806230070426902,False,1324
1327,2026-09-23,300384,3.1789860486690107,False,1325
1328,2026-09-23,300239,3.1769563115003412,False,1326
1329,2026-09-23,003016,3.176931112076737,False,1327
1330,2026-09-23,300377,3.1761645148096456,False,1328
1331,2026-09-23,300133,3.1747135655172953,False,1329
1332,2026-09-23,301026,3.1707905952641093,False,1330
1333,2026-09-23,603363,3.163087715194381,False,1331
1334,2026-09-23,300440,3.1585948424278949,False,1332
1335,2026-09-23,600151,3.1515956590526004,False,1333
1336,2026-09-23,301397,3.1492747906192164,False,1334
1337,2026-09-23,603075,3.1463129069798996,False,1335
1338,2026-09-23,002430,3.1407918348092485,False,1336
1339,2026-09-23,000408,3.1340197897895905,False,1337
1340,2026-09-23,603339,3.1316521325822126,False,1338
1341,2026-09-23,301578,3.1230746715660818,False,1339
1342,2026-09-23,301326,3.1142958374898506,False,1340
1343,2026-09-23,002293,3.1140518064180629,False,1341
1344,2026-09-23,001324,3.1137474863234944,False,1342
1345,2026-09-23,603272,3.112614152935044,False,1343
1346,2026-09-23,301133,3.1118623637529743,False,1344
1347,2026-09-23,603916,3.1105496283557561,False,1345
1348,2026-09-23,001872,3.1093156671888056,False,1346
1349,2026-09-23,688633,3.1090874338841954,False,1347
1350,2026-09-23,603566,3.1070506246544545,False,1348
1351,2026-09-23,002393,3.0955702160144334,False,1349
1352,2026-09-23,300345,3.0950378604290392,False,1350
1353,2026-09-23,600305,3.0934316782678515,False,1351
1354,2026-09-23,002416,3.0888019486738241,False,1352
1355,2026-09-23,002247,3.084448666284541,False,1353
1356,2026-09-23,301186,3.0793028885763851,False,1354
1357,2026-09-23,603081,3.0745880272410986,False,1355
1358,2026-09-23,301272,3.0718847295222931,False,1356
1359,2026-09-23,600490,3.0713009220640384,False,1357
1360,2026-09-23,600750,3.0665012650138195,False,1358
1361,2026-09-23,002206,3.0664647907788085,False,1359
1362,2026-09-23,002641,3.0662648711943685,False,1360
1363,2026-09-23,300971,3.0632822901066996,False,1361
1364,2026-09-23,601968,3.053589886854537,False,1362
1365,2026-09-23,600133,3.0515927255212869,False,1363
1366,2026-09-23,300906,3.0514482229142583,False,1364
1367,2026-09-23,600255,3.0451452935924763,False,1365
1368,2026-09-23,603027,3.0435584111933416,False,1366
1369,2026-09-23,000517,3.0362379788425464,False,1367
1370,2026-09-23,000599,3.0278850790055767,False,1368
1371,2026-09-23,600396,3.0278577849647657,False,1369
1372,2026-09-23,301022,3.0269191112390867,False,1370
1373,2026-09-23,002264,3.0236001482458477,False,1371
1374,2026-09-23,301677,3.02270368349265,False,1372
1375,2026-09-23,688071,3.0224818723140228,False,1373
1376,2026-09-23,001301,3.0220629522461775,False,1374
1377,2026-09-23,600395,3.0209369402673536,False,1375
1378,2026-09-23,600805,3.0189543602654583,False,1376
1379,2026-09-23,688523,3.0163936711107726,False,1377
1380,2026-09-23,002681,3.0161122987334363,False,1378
1381,2026-09-23,688575,3.0134522245566044,False,1379
1382,2026-09-23,600963,3.0123948554731532,False,1380
1383,2026-09-23,300952,3.0115201758454426,False,1381
1384,2026-09-23,000719,3.0095783595496903,False,1382
1385,2026-09-23,301629,3.0088520842841895,False,1383
1386,2026-09-23,600261,3.0085311485995385,False,1384
1387,2026-09-23,600519,3.0084441762859941,False,1385
1388,2026-09-23,603116,3.0040380320266395,False,1386
1389,2026-09-23,002729,2.9988945104739781,False,1387
1390,2026-09-23,000685,2.9958594816682722,False,1388
1391,2026-09-23,300988,2.9956289624701733,False,1389
1392,2026-09-23,000989,2.9905178869293509,False,1390
1393,2026-09-23,002282,2.9879635042827388,False,1391
1394,2026-09-23,688517,2.9878011415414023,False,1392
1395,2026-09-23,600071,2.9858010626942222,False,1393
1396,2026-09-23,600015,2.9846515160654743,False,1394
1397,2026-09-23,688288,2.98443538890018,False,1395
1398,2026-09-23,000561,2.9843404166199288,False,1396
1399,2026-09-23,300594,2.9778529097907889,False,1397
1400,2026-09-23,603609,2.9774017334852463,False,1398
1401,2026-09-23,001298,2.9757125288078883,False,1399
1402,2026-09-23,603656,2.9736535689971992,False,1400
1403,2026-09-23,301185,2.9703628873646806,False,1401
1404,2026-09-23,002250,2.9698103575563066,False,1402
1405,2026-09-23,688215,2.9667807337317353,False,1403
1406,2026-09-23,600216,2.9647324324156745,False,1404
1407,2026-09-23,002486,2.9640474179981,False,1405
1408,2026-09-23,000906,2.9638853842882948,False,1406
1409,2026-09-23,605055,2.9618092220742911,False,1407
1410,2026-09-23,600036,2.9611100702959954,False,1408
1411,2026-09-23,002841,2.9596975870045359,False,1409
1412,2026-09-23,002775,2.9562104221724503,False,1410
1413,2026-09-23,000488,2.9560073864520819,False,1411
1414,2026-09-23,300288,2.9493153670028245,False,1412
1415,2026-09-23,301135,2.9491089241166657,False,1413
1416,2026-09-23,000538,2.9481896334114137,False,1414
1417,2026-09-23,000708,2.9466854276895322,False,1415
1418,2026-09-23,002970,2.9367328350886397,False,1416
1419,2026-09-23,300022,2.9347695519099779,False,1417
1420,2026-09-23,002272,2.9323997108614717,False,1418
1421,2026-09-23,603233,2.9322706534692222,False,1419
1422,2026-09-23,002142,2.9279831229553475,False,1420
1423,2026-09-23,603297,2.9262709696708571,False,1421
1424,2026-09-23,603176,2.925952643230656,False,1422
1425,2026-09-23,300107,2.9256281406361357,False,1423
1426,2026-09-23,002883,2.9235650047510733,False,1424
1427,2026-09-23,002543,2.9216189594102722,False,1425
1428,2026-09-23,601388,2.9134281536144946,False,1426
1429,2026-09-23,601985,2.913425845520071,False,1427
1430,2026-09-23,300712,2.9127918981477587,False,1428
1431,2026-09-23,603098,2.9104108425796023,False,1429
1432,2026-09-23,600150,2.9097637928964835,False,1430
1433,2026-09-23,300792,2.9047833698968617,False,1431
1434,2026-09-23,600265,2.9043110612053864,False,1432
1435,2026-09-23,603706,2.9010899594164794,False,1433
1436,2026-09-23,301318,2.8956831466702786,False,1434
1437,2026-09-23,688269,2.8935538174532449,False,1435
1438,2026-09-23,301357,2.8924192905286672,False,1436
1439,2026-09-23,300237,2.8923190339323819,False,1437
1440,2026-09-23,001236,2.8849395697436893,False,1438
1441,2026-09-23,600597,2.880138265391067,False,1439
1442,2026-09-23,301166,2.8792937340734372,False,1440
1443,2026-09-23,300674,2.8769591752703247,False,1441
1444,2026-09-23,605319,2.8763383527766426,False,1442
1445,2026-09-23,002893,2.8757526013759289,False,1443
1446,2026-09-23,603334,2.8752247262316435,False,1444
1447,2026-09-23,002977,2.8742709313117016,False,1445
1448,2026-09-23,002871,2.8665639392289695,False,1446
1449,2026-09-23,301266,2.8660846316117961,False,1447
1450,2026-09-23,600217,2.8657847527545175,False,1448
1451,2026-09-23,301361,2.864628900489476,False,1449
1452,2026-09-23,002298,2.8645319435850558,False,1450
1453,2026-09-23,000545,2.8571874063638378,False,1451
1454,2026-09-23,600530,2.8567858769690915,False,1452
1455,2026-09-23,603139,2.8522669454983736,False,1453
1456,2026-09-23,300536,2.8508882793334251,False,1454
1457,2026-09-23,688576,2.8482485504531332,False,1455
1458,2026-09-23,603856,2.8466253684569045,False,1456
1459,2026-09-23,603122,2.8451877130487007,False,1457
1460,2026-09-23,603091,2.8451794600170719,False,1458
1461,2026-09-23,002189,2.8429648756519592,False,1459
1462,2026-09-23,002591,2.8361563625558537,False,1460
1463,2026-09-23,300169,2.8254892244638476,False,1461
1464,2026-09-23,002128,2.8221716509744703,False,1462
1465,2026-09-23,601512,2.8216979032669651,False,1463
1466,2026-09-23,301033,2.8207798201620173,False,1464
1467,2026-09-23,600469,2.8206302449307952,False,1465
1468,2026-09-23,603057,2.8196059195770302,False,1466
1469,2026-09-23,000498,2.8187782290701575,False,1467
1470,2026-09-23,003008,2.8145167770830373,False,1468
1471,2026-09-23,002427,2.8136227886274838,False,1469
1472,2026-09-23,601398,2.8116879504415868,False,1470
1473,2026-09-23,603086,2.806965122514482,False,1471
1474,2026-09-23,300800,2.8056236774189101,False,1472
1475,2026-09-23,300434,2.8019821938742697,False,1473
1476,2026-09-23,605116,2.7962440667940522,False,1474
1477,2026-09-23,603995,2.7907208900602103,False,1475
1478,2026-09-23,603709,2.7903717262903802,False,1476
1479,2026-09-23,300844,2.7897215096119585,False,1477
1480,2026-09-23,600033,2.7811893287032716,False,1478
1481,2026-09-23,002626,2.7811597655942477,False,1479
1482,2026-09-23,002149,2.7781241788022819,False,1480
1483,2026-09-23,603171,2.777632913154497,False,1481
1484,2026-09-23,001337,2.7773526090486964,False,1482
1485,2026-09-23,001328,2.7761337923556453,False,1483
1486,2026-09-23,002413,2.7758627625842016,False,1484
1487,2026-09-23,002269,2.7726941818887809,False,1485
1488,2026-09-23,300147,2.7722958572478582,False,1486
1489,2026-09-23,300705,2.7693201032884311,False,1487
1490,2026-09-23,002063,2.761477196999385,False,1488
1491,2026-09-23,605066,2.7587893172439433,False,1489
1492,2026-09-23,603617,2.7571571287721248,False,1490
1493,2026-09-23,002115,2.7548823911082803,False,1491
1494,2026-09-23,002606,2.7496336131720955,False,1492
1495,2026-09-23,300403,2.7488840745837133,False,1493
1496,2026-09-23,600203,2.7467728635891477,False,1494
1497,2026-09-23,301258,2.7465470021043292,False,1495
1498,2026-09-23,300663,2.7464636936831046,False,1496
1499,2026-09-23,002530,2.7427449825188437,False,1497
1500,2026-09-23,300511,2.7407330521461239,False,1498
1501,2026-09-23,603213,2.7394134819012672,False,1499
1502,2026-09-23,600689,2.7387086322576892,False,1500
1503,2026-09-23,600177,2.7364005134639977,False,1501
1504,2026-09-23,601186,2.7351175521832576,False,1502
1505,2026-09-23,600776,2.7333575601285665,False,1503
1506,2026-09-23,301296,2.7332641600955738,False,1504
1507,2026-09-23,605365,2.7311122833873336,False,1505
1508,2026-09-23,688015,2.7306524620383028,False,1506
1509,2026-09-23,603515,2.7298780320153235,False,1507
1510,2026-09-23,300242,2.726548528699607,False,1508
1511,2026-09-23,600252,2.7260590937037348,False,1509
1512,2026-09-23,600536,2.7186783767961602,False,1510
1513,2026-09-23,301097,2.7176236309384163,False,1511
1514,2026-09-23,002398,2.7173518993459407,False,1512
1515,2026-09-23,301076,2.7156586651211998,False,1513
1516,2026-09-23,002545,2.7146686391263297,False,1514
1517,2026-09-23,000807,2.7091981364734767,False,1515
1518,2026-09-23,600655,2.7063411541605364,False,1516
1519,2026-09-23,002616,2.7014245133288179,False,1517
1520,2026-09-23,002194,2.700932127228445,False,1518
1521,2026-09-23,300227,2.6985130006783891,False,1519
1522,2026-09-23,688316,2.6964727269816677,False,1520
1523,2026-09-23,688151,2.695704603131281,False,1521
1524,2026-09-23,600027,2.6956016260634104,False,1522
1525,2026-09-23,000089,2.6941759701692289,False,1523
1526,2026-09-23,688165,2.693875589724823,False,1524
1527,2026-09-23,002666,2.6932275145751117,False,1525
1528,2026-09-23,603569,2.6916973155379074,False,1526
1529,2026-09-23,688699,2.6914636963750751,False,1527
1530,2026-09-23,600990,2.6898002971597794,False,1528
1531,2026-09-23,300888,2.6889435597682549,False,1529
1532,2026-09-23,300729,2.6872290789776829,False,1530
1533,2026-09-23,002840,2.6862201154161087,False,1531
1534,2026-09-23,002628,2.6789182372084834,False,1532
1535,2026-09-23,688335,2.6783443085584611,False,1533
1536,2026-09-23,002832,2.6699676840298512,False,1534
1537,2026-09-23,000899,2.6662106598304662,False,1535
1538,2026-09-23,301512,2.6648275849825627,False,1536
1539,2026-09-23,688681,2.659439547374963,False,1537
1540,2026-09-23,003035,2.6580606335213144,False,1538
1541,2026-09-23,603707,2.656981737373771,False,1539
1542,2026-09-23,002400,2.6564185748307452,False,1540
1543,2026-09-23,600267,2.6560305000609716,False,1541
1544,2026-09-23,000020,2.6558632207265305,False,1542
1545,2026-09-23,002603,2.652281417740971,False,1543
1546,2026-09-23,000715,2.6521111358599194,False,1544
1547,2026-09-23,301206,2.6487927618412241,False,1545
1548,2026-09-23,603517,2.6469080315248288,False,1546
1549,2026-09-23,000736,2.6449661040084149,False,1547
1550,2026-09-23,600035,2.6449082231159724,False,1548
1551,2026-09-23,600546,2.6448290524766795,False,1549
1552,2026-09-23,002176,2.6441876544127889,False,1550
1553,2026-09-23,301151,2.6441866151949593,False,1551
1554,2026-09-23,601699,2.6422187241560677,False,1552
1555,2026-09-23,603728,2.6403295195940717,False,1553
1556,2026-09-23,605050,2.6400882245246047,False,1554
1557,2026-09-23,300231,2.636769703770578,False,1555
1558,2026-09-23,600012,2.6329136666436908,False,1556
1559,2026-09-23,002662,2.6322819430119457,False,1557
1560,2026-09-23,002047,2.6295814866385303,False,1558
1561,2026-09-23,600704,2.6288080299170637,False,1559
1562,2026-09-23,000926,2.6287982766860782,False,1560
1563,2026-09-23,300298,2.6279065410683105,False,1561
1564,2026-09-23,002173,2.6273965277870324,False,1562
1565,2026-09-23,300965,2.6267808592118378,False,1563
1566,2026-09-23,301353,2.625279549279429,False,1564
1567,2026-09-23,300075,2.6247760037068715,False,1565
1568,2026-09-23,688139,2.6220345998317796,False,1566
1569,2026-09-23,600531,2.6157248321665438,False,1567
1570,2026-09-23,002677,2.6109747076659868,False,1568
1571,2026-09-23,603590,2.6059778299783334,False,1569
1572,2026-09-23,300444,2.6054924769416168,False,1570
1573,2026-09-23,300562,2.6023163918213568,False,1571
1574,2026-09-23,600079,2.6016720196730869,False,1572
1575,2026-09-23,603073,2.6000615966375942,False,1573
1576,2026-09-23,600527,2.5928028172430704,False,1574
1577,2026-09-23,002835,2.5906713492680811,False,1575
1578,2026-09-23,603587,2.5902131730864166,False,1576
1579,2026-09-23,300521,2.5901752993965839,False,1577
1580,2026-09-23,601077,2.5867357110765368,False,1578
1581,2026-09-23,002045,2.5864671039849929,False,1579
1582,2026-09-23,600988,2.5833274100614059,False,1580
1583,2026-09-23,688552,2.5817488043826962,False,1581
1584,2026-09-23,300579,2.5731665338165373,False,1582
1585,2026-09-23,600455,2.5728753498928314,False,1583
1586,2026-09-23,001386,2.5693328667057607,False,1584
1587,2026-09-23,601997,2.5693042782530027,False,1585
1588,2026-09-23,300598,2.5634733833454226,False,1586
1589,2026-09-23,002809,2.5627354427818556,False,1587
1590,2026-09-23,000995,2.5613176886600995,False,1588
1591,2026-09-23,002210,2.5577729451772728,False,1589
1592,2026-09-23,300786,2.5575093435111649,False,1590
1593,2026-09-23,600173,2.5507488123639006,False,1591
1594,2026-09-23,002345,2.5502864910662302,False,1592
1595,2026-09-23,003010,2.550179320444705,False,1593
1596,2026-09-23,603956,2.5479589805552747,False,1594
1597,2026-09-23,603335,2.5454746223937716,False,1595
1598,2026-09-23,000876,2.5440073304467421,False,1596
1599,2026-09-23,002869,2.5403081491227515,False,1597
1600,2026-09-23,300930,2.5370904405614612,False,1598
1601,2026-09-23,300980,2.5358361713458084,False,1599
1602,2026-09-23,601228,2.5334824116996146,False,1600
1603,2026-09-23,000848,2.5321291375340884,False,1601
1604,2026-09-23,603004,2.5318761194951427,False,1602
1605,2026-09-23,002423,2.5314834055095901,False,1603
1606,2026-09-23,301586,2.5313061729221262,False,1604
1607,2026-09-23,603987,2.5287209301826961,False,1605
1608,2026-09-23,300138,2.5143076408504976,False,1606
1609,2026-09-23,000928,2.5137414476457471,False,1607
1610,2026-09-23,300168,2.5121910385869035,False,1608
1611,2026-09-23,605138,2.5117191088981032,False,1609
1612,2026-09-23,300317,2.5110367685421813,False,1610
1613,2026-09-23,000598,2.5101397494498388,False,1611
1614,2026-09-23,300180,2.5087373774779613,False,1612
1615,2026-09-23,688716,2.5048095642458668,False,1613
1616,2026-09-23,300055,2.5027734084457052,False,1614
1617,2026-09-23,000301,2.5023227177189744,False,1615
1618,2026-09-23,002032,2.5022006806467014,False,1616
1619,2026-09-23,300326,2.5002537648204752,False,1617
1620,2026-09-23,603933,2.4965524132427745,False,1618
1621,2026-09-23,601328,2.4954790578849857,False,1619
1622,2026-09-23,300512,2.495038278621649,False,1620
1623,2026-09-23,600511,2.4944093849418336,False,1621
1624,2026-09-23,603607,2.4938353397105906,False,1622
1625,2026-09-23,301290,2.4924439983688278,False,1623
1626,2026-09-23,000525,2.4845902046224704,False,1624
1627,2026-09-23,002344,2.4844130099842543,False,1625
1628,2026-09-23,001300,2.4842441853717059,False,1626
1629,2026-09-23,301488,2.4806636846078529,False,1627
1630,2026-09-23,002529,2.4777369717602102,False,1628
1631,2026-09-23,002136,2.4766036534210145,False,1629
1632,2026-09-23,002420,2.4760928727913987,False,1630
1633,2026-09-23,600658,2.4707369677812627,False,1631
1634,2026-09-23,000620,2.4670482505094911,False,1632
1635,2026-09-23,003011,2.4637367231624601,False,1633
1636,2026-09-23,600955,2.4624811055272935,False,1634
1637,2026-09-23,603212,2.4601329429500431,False,1635
1638,2026-09-23,002658,2.4574245055873893,False,1636
1639,2026-09-23,000058,2.4570843924374364,False,1637
1640,2026-09-23,600230,2.455827052439203,True,
1641,2026-09-23,603111,2.4547733348641159,False,1638
1642,2026-09-23,601882,2.4535612282051442,False,1639
1643,2026-09-23,001400,2.4533018320856561,False,1640
1644,2026-09-23,002007,2.4468142568925293,False,1641
1645,2026-09-23,688255,2.4425109749997729,False,1642
1646,2026-09-23,603409,2.43881416303581,False,1643
1647,2026-09-23,600496,2.4331228127346107,False,1644
1648,2026-09-23,603848,2.4325440154603371,False,1645
1649,2026-09-23,002705,2.42894511300769,False,1646
1650,2026-09-23,600754,2.4283098713737963,False,1647
1651,2026-09-23,600215,2.4261752117427129,False,1648
1652,2026-09-23,002593,2.4259792305003969,False,1649
1653,2026-09-23,300374,2.4259146910916103,False,1650
1654,2026-09-23,002374,2.4250901452492792,False,1651
1655,2026-09-23,300340,2.4237191185707547,False,1652
1656,2026-09-23,002382,2.421962377331861,False,1653
1657,2026-09-23,688687,2.4214633010222122,False,1654
1658,2026-09-23,601009,2.4197818672719151,False,1655
1659,2026-09-23,002941,2.4180240639325357,False,1656
1660,2026-09-23,603136,2.4159647335038565,False,1657
1661,2026-09-23,000695,2.4133321075841607,False,1658
1662,2026-09-23,601702,2.4125386329387384,False,1659
1663,2026-09-23,002985,2.4117019821975765,False,1660
1664,2026-09-23,600735,2.4104098346160092,False,1661
1665,2026-09-23,600560,2.4076180774776734,False,1662
1666,2026-09-23,002577,2.4067978546583229,False,1663
1667,2026-09-23,301636,2.4052940228727211,False,1664
1668,2026-09-23,002216,2.4023398645374332,False,1665
1669,2026-09-23,688533,2.3988063663009518,False,1666
1670,2026-09-23,000059,2.3985154050700648,False,1667
1671,2026-09-23,301083,2.3980675406862617,False,1668
1672,2026-09-23,002356,2.3980484851647192,False,1669
1673,2026-09-23,300610,2.3974773667358504,False,1670
1674,2026-09-23,001201,2.3948120847863152,False,1671
1675,2026-09-23,002410,2.3928796311842606,False,1672
1676,2026-09-23,603045,2.3848380474636541,False,1673
1677,2026-09-23,600798,2.3819597440692699,False,1674
1678,2026-09-23,300425,2.3792313574501871,False,1675
1679,2026-09-23,601698,2.3760118025808561,False,1676
1680,2026-09-23,603217,2.3753836949197868,False,1677
1681,2026-09-23,603393,2.3727176910250063,False,1678
1682,2026-09-23,300510,2.372353137645848,False,1679
1683,2026-09-23,605179,2.3717116774518585,False,1680
1684,2026-09-23,601718,2.3712395515381006,False,1681
1685,2026-09-23,688030,2.3693387038466884,False,1682
1686,2026-09-23,600873,2.3690330467050731,False,1683
1687,2026-09-23,300686,2.3683782090621732,False,1684
1688,2026-09-23,301380,2.3682532431659316,False,1685
1689,2026-09-23,300396,2.3678199353792473,False,1686
1690,2026-09-23,603000,2.363172444254356,False,1687
1691,2026-09-23,002040,2.3625549264236456,False,1688
1692,2026-09-23,603308,2.3596321269880471,False,1689
1693,2026-09-23,000603,2.3550145325020888,False,1690
1694,2026-09-23,600420,2.3544054253393534,False,1691
1695,2026-09-23,605266,2.3510343471235347,False,1692
1696,2026-09-23,600793,2.3451393071379165,False,1693
1697,2026-09-23,301005,2.3436245377999176,False,1694
1698,2026-09-23,603367,2.3421294357013505,False,1695
1699,2026-09-23,300130,2.3401992559210627,False,1696
1700,2026-09-23,000566,2.3382794339067985,False,1697
1701,2026-09-23,002865,2.3379511129016808,False,1698
1702,2026-09-23,301292,2.3354683114471522,False,1699
1703,2026-09-23,600919,2.3351014321052834,False,1700
1704,2026-09-23,300463,2.3332562068034899,False,1701
1705,2026-09-23,603131,2.3319505862079541,False,1702
1706,2026-09-23,001367,2.3302601769425877,False,1703
1707,2026-09-23,603868,2.3292292171901527,False,1704
1708,2026-09-23,001210,2.3250769696230251,False,1705
1709,2026-09-23,000936,2.3243708359522754,False,1706
1710,2026-09-23,603130,2.3191582843466181,False,1707
1711,2026-09-23,300639,2.3152482494891133,False,1708
1712,2026-09-23,688033,2.3139104851029106,False,1709
1713,2026-09-23,300080,2.3097924342142981,False,1710
1714,2026-09-23,601686,2.305613306887885,False,1711
1715,2026-09-23,688577,2.3050094308138496,False,1712
1716,2026-09-23,603703,2.3044568108269186,False,1713
1717,2026-09-23,600741,2.3020555439426178,False,1714
1718,2026-09-23,000570,2.3011998452079632,False,1715
1719,2026-09-23,688246,2.2964579722590281,False,1716
1720,2026-09-23,601933,2.2962942051931727,False,1717
1721,2026-09-23,600250,2.2950350960732941,False,1718
1722,2026-09-23,301211,2.2891767114504127,False,1719
1723,2026-09-23,002305,2.2873855693942908,False,1720
1724,2026-09-23,002685,2.2836778325082396,False,1721
1725,2026-09-23,688212,2.2809596174508964,False,1722
1726,2026-09-23,600238,2.2783831412648432,False,1723
1727,2026-09-23,300020,2.2773690770648614,False,1724
1728,2026-09-23,600583,2.2753395731613781,False,1725
1729,2026-09-23,688031,2.2733849376244546,False,1726
1730,2026-09-23,002003,2.2711393485830165,False,1727
1731,2026-09-23,002001,2.2705040261031617,False,1728
1732,2026-09-23,603377,2.2665043330891943,False,1729
1733,2026-09-23,002052,2.2662926675737785,False,1730
1734,2026-09-23,001269,2.2646990717042166,False,1731
1735,2026-09-23,002469,2.2613041317010998,False,1732
1736,2026-09-23,688509,2.260969571987935,False,1733
1737,2026-09-23,601607,2.2597558966927833,False,1734
1738,2026-09-23,002246,2.2576607725608815,False,1735
1739,2026-09-23,301283,2.255085477372996,False,1736
1740,2026-09-23,002516,2.251415148940513,False,1737
1741,2026-09-23,301102,2.2501851240369555,False,1738
1742,2026-09-23,301178,2.2476937680261138,False,1739
1743,2026-09-23,300864,2.2419408233970253,False,1740
1744,2026-09-23,600328,2.2406920195590279,False,1741
1745,2026-09-23,603215,2.2397939188170186,False,1742
1746,2026-09-23,000668,2.2397816008328668,False,1743
1747,2026-09-23,603855,2.2397453578748525,False,1744
1748,2026-09-23,000927,2.2361333074960212,False,1745
1749,2026-09-23,601928,2.2356980207670101,False,1746
1750,2026-09-23,001319,2.2317083232546211,False,1747
1751,2026-09-23,002671,2.2298606403945005,False,1748
1752,2026-09-23,002728,2.2293811344449161,False,1749
1753,2026-09-23,600866,2.2272434480307157,False,1750
1754,2026-09-23,300247,2.2262653261933045,False,1751
1755,2026-09-23,000792,2.225229902642333,False,1752
1756,2026-09-23,600422,2.2237213950660371,False,1753
1757,2026-09-23,002083,2.2215688693542459,False,1754
1758,2026-09-23,300942,2.2213876927517302,False,1755
1759,2026-09-23,600550,2.2141198440336831,False,1756
1760,2026-09-23,300343,2.2117191808970658,False,1757
1761,2026-09-23,300177,2.2108293782413244,False,1758
1762,2026-09-23,603608,2.2108237145835812,False,1759
1763,2026-09-23,002887,2.2085965366189546,False,1760
1764,2026-09-23,002394,2.2085121209562075,False,1761
1765,2026-09-23,002380,2.2078653858700723,False,1762
1766,2026-09-23,002377,2.2077323212554272,False,1763
1767,2026-09-23,300232,2.2057316025016895,False,1764
1768,2026-09-23,002609,2.2041833603569669,False,1765
1769,2026-09-23,603839,2.2029419712521889,False,1766
1770,2026-09-23,002431,2.2023224402674226,False,1767
1771,2026-09-23,600526,2.2012920362007549,False,1768
1772,2026-09-23,600343,2.2005455790636264,False,1769
1773,2026-09-23,002569,2.2005310547427386,False,1770
1774,2026-09-23,300831,2.1977510687694144,False,1771
1775,2026-09-23,603927,2.1977284927727272,False,1772
1776,2026-09-23,688201,2.1973732091580525,False,1773
1777,2026-09-23,601200,2.1968691970893963,False,1774
1778,2026-09-23,002946,2.19204055148849,False,1775
1779,2026-09-23,688302,2.1908912789986967,False,1776
1780,2026-09-23,603568,2.1908414186786267,False,1777
1781,2026-09-23,000007,2.1891145024291356,False,1778
1782,2026-09-23,603881,2.1857524717964658,False,1779
1783,2026-09-23,301665,2.1843255123719159,False,1780
1784,2026-09-23,002520,2.1835362263622513,False,1781
1785,2026-09-23,603897,2.1763121439465114,False,1782
1786,2026-09-23,300556,2.1701868705861331,False,1783
1787,2026-09-23,603466,2.1624388012864646,False,1784
1788,2026-09-23,600187,2.162332093339554,False,1785
1789,2026-09-23,002829,2.1597390774279668,False,1786
1790,2026-09-23,603309,2.1562787710672007,False,1787
1791,2026-09-23,002919,2.1554115506662912,False,1788
1792,2026-09-23,603518,2.1551774444514553,False,1789
1793,2026-09-23,300516,2.1541497391672522,False,1790
1794,2026-09-23,001217,2.1511821728459077,False,1791
1795,2026-09-23,002137,2.1501006720015337,False,1792
1796,2026-09-23,301270,2.1477252398784308,False,1793
1797,2026-09-23,300122,2.1467925036241127,False,1794
1798,2026-09-23,601088,2.1458416997062333,False,1795
1799,2026-09-23,603767,2.145432837621013,False,1796
1800,2026-09-23,688084,2.1432733304112697,False,1797
1801,2026-09-23,600718,2.1388376084489598,False,1798
1802,2026-09-23,300271,2.137787013883957,False,1799
1803,2026-09-23,600523,2.1332139393946421,False,1800
1804,2026-09-23,002350,2.1298542859495462,False,1801
1805,2026-09-23,002126,2.1293032455415162,False,1802
1806,2026-09-23,600271,2.1286019583410787,False,1803
1807,2026-09-23,300278,2.1258619569923862,False,1804
1808,2026-09-23,600959,2.1253615690894954,False,1805
1809,2026-09-23,002284,2.1228733677348046,False,1806
1810,2026-09-23,002866,2.119944778591357,False,1807
1811,2026-09-23,601233,2.1198228146107474,False,1808
1812,2026-09-23,301501,2.118933944432797,False,1809
1813,2026-09-23,600507,2.1186834362108549,False,1810
1814,2026-09-23,605005,2.1155767011820532,False,1811
1815,2026-09-23,600717,2.109289448990749,False,1812
1816,2026-09-23,600814,2.1071360554112117,False,1813
1817,2026-09-23,600153,2.1053054252954357,False,1814
1818,2026-09-23,000881,2.0966428449369143,False,1815
1819,2026-09-23,301179,2.0950344058006762,False,1816
1820,2026-09-23,300927,2.0925131813002644,False,1817
1821,2026-09-23,000709,2.0920054434267237,False,1818
1822,2026-09-23,600064,2.0905575613225635,False,1819
1823,2026-09-23,002588,2.0902926729989435,False,1820
1824,2026-09-23,300092,2.0894234436335997,False,1821
1825,2026-09-23,300026,2.0872727226601313,False,1822
1826,2026-09-23,603110,2.0867239800406598,False,1823
1827,2026-09-23,600789,2.0854246397464653,False,1824
1828,2026-09-23,300667,2.084723624317752,False,1825
1829,2026-09-23,300159,2.0843321786434617,False,1826
1830,2026-09-23,600191,2.0809005159018144,False,1827
1831,2026-09-23,603888,2.0764151950284511,False,1828
1832,2026-09-23,301368,2.0732555539753967,False,1829
1833,2026-09-23,688347,2.0715466667628282,False,1830
1834,2026-09-23,300962,2.0711629992330476,False,1831
1835,2026-09-23,300541,2.0693736191017442,False,1832
1836,2026-09-23,301226,2.0681724373385091,False,1833
1837,2026-09-23,300933,2.0680321368250976,False,1834
1838,2026-09-23,603310,2.0656049996977481,False,1835
1839,2026-09-23,002801,2.0653430884288717,False,1836
1840,2026-09-23,603660,2.0642879137754706,False,1837
1841,2026-09-23,002756,2.0619667723568313,False,1838
1842,2026-09-23,600691,2.060831923931028,False,1839
1843,2026-09-23,600425,2.0572855164841997,False,1840
1844,2026-09-23,688160,2.0571933319185636,False,1841
1845,2026-09-23,300139,2.0503300972330289,False,1842
1846,2026-09-23,603788,2.0494809113455985,False,1843
1847,2026-09-23,301029,2.0484079856359756,False,1844
1848,2026-09-23,300134,2.0478167690472775,False,1845
1849,2026-09-23,688076,2.0470529752060527,False,1846
1850,2026-09-23,600107,2.0408404134255163,False,1847
1851,2026-09-23,600671,2.0375732799523769,False,1848
1852,2026-09-23,300770,2.0373897213576617,False,1849
1853,2026-09-23,000404,2.0369573174787723,False,1850
1854,2026-09-23,601668,2.0334795133898136,False,1851
1855,2026-09-23,300973,2.0314827271226035,False,1852
1856,2026-09-23,600575,2.0307759347163863,False,1853
1857,2026-09-23,601010,2.0303815419364084,False,1854
1858,2026-09-23,688511,2.0298506968916095,False,1855
1859,2026-09-23,301587,2.024961427955529,False,1856
1860,2026-09-23,002155,2.0239812711023797,False,1857
1861,2026-09-23,301293,2.0235726304509432,False,1858
1862,2026-09-23,002624,2.0148651607159538,False,1859
1863,2026-09-23,600085,2.0090461661714265,False,1860
1864,2026-09-23,689009,2.0068313327333822,False,1861
1865,2026-09-23,600329,2.0061775829992374,False,1862
1866,2026-09-23,001311,2.0061324226295159,False,1863
1867,2026-09-23,002876,2.0050344525537871,False,1864
1868,2026-09-23,603036,1.9995284791363868,False,1865
1869,2026-09-23,600756,1.9984043464823333,False,1866
1870,2026-09-23,300267,1.9923810509323714,False,1867
1871,2026-09-23,301358,1.9920212880461539,False,1868
1872,2026-09-23,000042,1.9918079679037031,False,1869
1873,2026-09-23,600051,1.9897946803725177,False,1870
1874,2026-09-23,605259,1.9834820514021785,False,1871
1875,2026-09-23,600801,1.9817676006810196,False,1872
1876,2026-09-23,002903,1.9799162729588562,False,1873
1877,2026-09-23,002739,1.9792745002894703,False,1874
1878,2026-09-23,300365,1.978277310176674,False,1875
1879,2026-09-23,600535,1.9774222207698733,False,1876
1880,2026-09-23,603817,1.975106515901822,False,1877
1881,2026-09-23,600281,1.9749541914164876,False,1878
1882,2026-09-23,601156,1.9718891143836164,False,1879
1883,2026-09-23,002488,1.9690492434420492,False,1880
1884,2026-09-23,603323,1.9681961396178318,False,1881
1885,2026-09-23,002175,1.9660455137838904,False,1882
1886,2026-09-23,603915,1.9631822423115564,False,1883
1887,2026-09-23,603725,1.9625823960771949,False,1884
1888,2026-09-23,688695,1.9603852357254787,False,1885
1889,2026-09-23,601838,1.9519988192573963,False,1886
1890,2026-09-23,002310,1.9516638455330448,False,1887
1891,2026-09-23,688278,1.9474543179639037,False,1888
1892,2026-09-23,600604,1.94628734906432,False,1889
1893,2026-09-23,600875,1.9458109911989867,False,1890
1894,2026-09-23,603191,1.9455525398502891,False,1891
1895,2026-09-23,603299,1.9430209597173049,False,1892
1896,2026-09-23,688357,1.942735394253317,False,1893
1897,2026-09-23,002090,1.9406302184427444,False,1894
1898,2026-09-23,688648,1.9362129281180902,False,1895
1899,2026-09-23,002553,1.9346803927992742,False,1896
1900,2026-09-23,001239,1.9340207466326484,False,1897
1901,2026-09-23,605369,1.9326168676926025,False,1898
1902,2026-09-23,300581,1.9325658436538056,False,1899
1903,2026-09-23,301602,1.9316273859950468,False,1900
1904,2026-09-23,603511,1.9299575736713308,False,1901
1905,2026-09-23,300405,1.9265388482159329,False,1902
1906,2026-09-23,600282,1.9263323736194615,False,1903
1907,2026-09-23,300651,1.9236750239834692,False,1904
1908,2026-09-23,002683,1.921620441630927,False,1905
1909,2026-09-23,002361,1.920605509446567,False,1906
1910,2026-09-23,301138,1.9195215413537208,False,1907
1911,2026-09-23,300466,1.9171781160214336,False,1908
1912,2026-09-23,600620,1.9163321223325216,False,1909
1913,2026-09-23,300389,1.915203634467419,False,1910
1914,2026-09-23,000701,1.914287551019906,False,1911
1915,2026-09-23,001283,1.9117327094034624,False,1912
1916,2026-09-23,300294,1.9084391660681452,False,1913
1917,2026-09-23,300758,1.9074999370343182,False,1914
1918,2026-09-23,301558,1.9049995764702463,False,1915
1919,2026-09-23,600821,1.8969564174666473,False,1916
1920,2026-09-23,300979,1.8910578830647131,False,1917
1921,2026-09-23,301509,1.8891272193196391,False,1918
1922,2026-09-23,002363,1.8867934718666923,False,1919
1923,2026-09-23,300471,1.8866706854378616,False,1920
1924,2026-09-23,002657,1.8809187114015216,False,1921
1925,2026-09-23,002595,1.8808596844857941,False,1922
1926,2026-09-23,002492,1.8803181556246131,False,1923
1927,2026-09-23,001279,1.8792175081875406,False,1924
1928,2026-09-23,301332,1.8790453258405648,False,1925
1929,2026-09-23,688229,1.8759112700890248,False,1926
1930,2026-09-23,002287,1.8739035238124906,False,1927
1931,2026-09-23,002153,1.8733745365642644,False,1928
1932,2026-09-23,600576,1.8718187134097088,False,1929
1933,2026-09-23,000026,1.8676063235541696,False,1930
1934,2026-09-23,000400,1.858720522150304,False,1931
1935,2026-09-23,300074,1.8565782207303285,False,1932
1936,2026-09-23,603950,1.856447269250721,False,1933
1937,2026-09-23,300135,1.8562467556110378,False,1934
1938,2026-09-23,301077,1.854174301947723,False,1935
1939,2026-09-23,603928,1.8540256860849773,False,1936
1940,2026-09-23,000758,1.8536616665328527,False,1937
1941,2026-09-23,600082,1.8530488092616828,False,1938
1942,2026-09-23,300213,1.8490822313269391,False,1939
1943,2026-09-23,300855,1.8422257593219511,False,1940
1944,2026-09-23,002020,1.8418484300384705,False,1941
1945,2026-09-23,300307,1.8410568588483947,False,1942
1946,2026-09-23,301596,1.8388084152575215,False,1943
1947,2026-09-23,301153,1.8377660347731375,False,1944
1948,2026-09-23,002030,1.8374495647916258,False,1945
1949,2026-09-23,301330,1.8365729407548754,False,1946
1950,2026-09-23,601123,1.8359152572280444,False,1947
1951,2026-09-23,002198,1.8344746173701676,False,1948
1952,2026-09-23,600350,1.8338209365311009,False,1949
1953,2026-09-23,688018,1.8313351380220475,False,1950
1954,2026-09-23,300183,1.8279874115188952,False,1951
1955,2026-09-23,688007,1.8271767932426943,False,1952
1956,2026-09-23,000859,1.8261498151953977,False,1953
1957,2026-09-23,600229,1.8253810532718635,False,1954
1958,2026-09-23,603153,1.8249203973030808,False,1955
1959,2026-09-23,301598,1.8221178468563008,False,1956
1960,2026-09-23,002882,1.8213932720229071,False,1957
1961,2026-09-23,600876,1.8147225931198632,False,1958
1962,2026-09-23,000999,1.8065024529593852,False,1959
1963,2026-09-23,002460,1.803940088481645,False,1960
1964,2026-09-23,300853,1.8036851144325465,False,1961
1965,2026-09-23,002351,1.8031435092579269,False,1962
1966,2026-09-23,003003,1.8017905838281418,False,1963
1967,2026-09-23,601001,1.800983877755153,False,1964
1968,2026-09-23,600331,1.7993709312706623,False,1965
1969,2026-09-23,603307,1.7990885971373762,False,1966
1970,2026-09-23,603829,1.798184724695671,False,1967
1971,2026-09-23,600926,1.7971923254878521,False,1968
1972,2026-09-23,301268,1.7949963319940521,False,1969
1973,2026-09-23,603282,1.7907559265596209,False,1970
1974,2026-09-23,688276,1.7904184417456315,False,1971
1975,2026-09-23,603863,1.789082723683266,False,1972
1976,2026-09-23,603028,1.7875232604888698,False,1973
1977,2026-09-23,688184,1.7855395561189078,False,1974
1978,2026-09-23,603887,1.777464929703201,False,1975
1979,2026-09-23,301662,1.774467414697358,False,1976
1980,2026-09-23,603392,1.7742332435707384,False,1977
1981,2026-09-23,002395,1.7711514575448635,False,1978
1982,2026-09-23,603223,1.771102063499157,False,1979
1983,2026-09-23,600853,1.7705087557487085,False,1980
1984,2026-09-23,688146,1.7702908581192589,False,1981
1985,2026-09-23,601318,1.7700417961900561,False,1982
1986,2026-09-23,688211,1.7685260483557679,False,1983
1987,2026-09-23,300773,1.7625974429828868,False,1984
1988,2026-09-23,300760,1.7624325182610856,False,1985
1989,2026-09-23,600654,1.7522258827748707,False,1986
1990,2026-09-23,002401,1.7514256457813984,False,1987
1991,2026-09-23,600335,1.7482837100042667,False,1988
1992,2026-09-23,301515,1.7464044056168873,False,1989
1993,2026-09-23,601008,1.7456590422321314,False,1990
1994,2026-09-23,000852,1.7433768878734033,False,1991
1995,2026-09-23,300915,1.7426516377920316,False,1992
1996,2026-09-23,601199,1.7416851523223156,False,1993
1997,2026-09-23,603712,1.7405451001498926,False,1994
1998,2026-09-23,002807,1.7401240567612364,False,1995
1999,2026-09-23,600057,1.7392204340151416,False,1996
2000,2026-09-23,300833,1.7389727991468951,False,1997
2001,2026-09-23,300265,1.7357871473502415,False,1998
2002,2026-09-23,688420,1.7353870766429669,False,1999
2003,2026-09-23,301042,1.7343124410769275,False,2000
2004,2026-09-23,605399,1.7329959718345527,False,2001
2005,2026-09-23,001335,1.7325378580044757,False,2002
2006,2026-09-23,003021,1.7276885547379108,False,2003
2007,2026-09-23,600643,1.7261165004752712,False,2004
2008,2026-09-23,600405,1.7246797557326567,False,2005
2009,2026-09-23,300733,1.7243019375317903,False,2006
2010,2026-09-23,300955,1.7229708270825386,False,2007
2011,2026-09-23,301289,1.7193209405763668,False,2008
2012,2026-09-23,601187,1.7186312046861474,False,2009
2013,2026-09-23,000589,1.71861420525491,False,2010
2014,2026-09-23,002266,1.7170656755329881,False,2011
2015,2026-09-23,300809,1.7167448513419648,False,2012
2016,2026-09-23,300816,1.7167343320016892,False,2013
2017,2026-09-23,301359,1.7163161755099501,False,2014
2018,2026-09-23,002454,1.7160022901743828,False,2015
2019,2026-09-23,600819,1.7143991409742574,False,2016
2020,2026-09-23,603733,1.7138580250508344,False,2017
2021,2026-09-23,688553,1.7128974288584529,False,2018
2022,2026-09-23,600674,1.7121370531154709,False,2019
2023,2026-09-23,002634,1.711257334729692,False,2020
2024,2026-09-23,002214,1.7098705115276034,False,2021
2025,2026-09-23,301203,1.7076184585176124,False,2022
2026,2026-09-23,688592,1.7073851470078072,False,2023
2027,2026-09-23,601089,1.7072847275891136,False,2024
2028,2026-09-23,600019,1.7052989612944702,False,2025
2029,2026-09-23,600645,1.7047224613272336,False,2026
2030,2026-09-23,603195,1.7005896629622868,False,2027
2031,2026-09-23,688153,1.6984733720591845,False,2028
2032,2026-09-23,300044,1.698074240166846,False,2029
2033,2026-09-23,603877,1.6979032970232324,False,2030
2034,2026-09-23,603207,1.6965239206910585,False,2031
2035,2026-09-23,688289,1.6932117503751425,False,2032
2036,2026-09-23,600787,1.6910316152383058,False,2033
2037,2026-09-23,688607,1.6904232428637089,False,2034
2038,2026-09-23,002906,1.688618245680753,False,2035
2039,2026-09-23,301072,1.6834217938036091,False,2036
2040,2026-09-23,600182,1.6811480623029333,False,2037
2041,2026-09-23,000678,1.6809525120172042,False,2038
2042,2026-09-23,600084,1.6802292360647881,False,2039
2043,2026-09-23,603276,1.6789620582948803,False,2040
2044,2026-09-23,002096,1.6771834581449565,False,2041
2045,2026-09-23,000917,1.676785109931807,False,2042
2046,2026-09-23,300342,1.6751835096209007,False,2043
2047,2026-09-23,002221,1.671147254114262,False,2044
2048,2026-09-23,603578,1.6694733307520306,False,2045
2049,2026-09-23,002449,1.6678318861996104,False,2046
2050,2026-09-23,300225,1.6677058030003098,False,2047
2051,2026-09-23,600580,1.6675236400509781,False,2048
2052,2026-09-23,001206,1.6659972608310629,False,2049
2053,2026-09-23,603088,1.6643291850504778,False,2050
2054,2026-09-23,002091,1.6641601592380066,False,2051
2055,2026-09-23,603026,1.6634085876045372,False,2052
2056,2026-09-23,688237,1.6595054177506461,False,2053
2057,2026-09-23,600109,1.6551844756850007,False,2054
2058,2026-09-23,000601,1.6516516571886655,False,2055
2059,2026-09-23,000567,1.6498841402884099,False,2056
2060,2026-09-23,002810,1.6488692551908122,False,2057
2061,2026-09-23,603190,1.6483902328770395,False,2058
2062,2026-09-23,603037,1.6464613062210365,False,2059
2063,2026-09-23,600987,1.6456751707190103,False,2060
2064,2026-09-23,001202,1.6427975527189713,False,2061
2065,2026-09-23,301170,1.6404768781498071,False,2062
2066,2026-09-23,002403,1.6382926251115211,False,2063
2067,2026-09-23,601865,1.6375577447490717,False,2064
2068,2026-09-23,002274,1.6334729786075139,False,2065
2069,2026-09-23,002494,1.6330404334813506,False,2066
2070,2026-09-23,001207,1.6320212060663783,False,2067
2071,2026-09-23,002589,1.6315679117122641,False,2068
2072,2026-09-23,603822,1.6200077180024495,False,2069
2073,2026-09-23,600312,1.6193914722934966,False,2070
2074,2026-09-23,300348,1.6166868112517863,False,2071
2075,2026-09-23,300366,1.6150244896138684,False,2072
2076,2026-09-23,300883,1.6132670521567007,False,2073
2077,2026-09-23,688239,1.6116786179413127,False,2074
2078,2026-09-23,600117,1.6103847015820465,False,2075
2079,2026-09-23,301118,1.6073043109262612,False,2076
2080,2026-09-23,301336,1.6049047027232461,False,2077
2081,2026-09-23,600568,1.6038031772152572,False,2078
2082,2026-09-23,600488,1.6035448878592726,False,2079
2083,2026-09-23,300628,1.6000770563602358,False,2080
2084,2026-09-23,001211,1.5984062809932704,False,2081
2085,2026-09-23,002100,1.598193948163404,False,2082
2086,2026-09-23,002676,1.5976659515104317,False,2083
2087,2026-09-23,600477,1.5966035954656022,False,2084
2088,2026-09-23,300086,1.5942719196661796,False,2085
2089,2026-09-23,301538,1.5922607217429103,False,2086
2090,2026-09-23,000893,1.5893554973406723,False,2087
2091,2026-09-23,002452,1.589041270232342,False,2088
2092,2026-09-23,300053,1.587151705321757,False,2089
2093,2026-09-23,600199,1.5855481470793029,False,2090
2094,2026-09-23,688682,1.5843847712338484,False,2091
2095,2026-09-23,000738,1.5816471553031843,False,2092
2096,2026-09-23,300791,1.580134231035442,False,2093
2097,2026-09-23,300357,1.5800810886546155,False,2094
2098,2026-09-23,002328,1.5789238032481065,False,2095
2099,2026-09-23,000623,1.5761771020545368,False,2096
2100,2026-09-23,300601,1.5746048215565298,False,2097
2101,2026-09-23,600792,1.5745637391165352,False,2098
2102,2026-09-23,601800,1.574506000823602,False,2099
2103,2026-09-23,002792,1.5744726940400642,False,2100
2104,2026-09-23,605086,1.5743023742591595,False,2101
2105,2026-09-23,688113,1.5738521109838386,False,2102
2106,2026-09-23,603489,1.5729106604002678,False,2103
2107,2026-09-23,300411,1.5726555667596425,False,2104
2108,2026-09-23,301127,1.5723452484599998,False,2105
2109,2026-09-23,600141,1.5704155714058607,False,2106
2110,2026-09-23,600638,1.5692219788023429,False,2107
2111,2026-09-23,300538,1.5648059470079132,False,2108
2112,2026-09-23,300144,1.5644721275632487,False,2109
2113,2026-09-23,002388,1.5636103117731657,False,2110
2114,2026-09-23,688111,1.5633632607591694,False,2111
2115,2026-09-23,600996,1.5564695825555597,False,2112
2116,2026-09-23,300048,1.5562363545485982,False,2113
2117,2026-09-23,301421,1.555749506654085,False,2114
2118,2026-09-23,002799,1.5556626875313628,False,2115
2119,2026-09-23,301363,1.5551326878892473,False,2116
2120,2026-09-23,603060,1.5550136919602764,False,2117
2121,2026-09-23,301600,1.5548185626600417,False,2118
2122,2026-09-23,600428,1.5543447937510848,False,2119
2123,2026-09-23,002372,1.5532161737058234,False,2120
2124,2026-09-23,603097,1.5487090730549413,False,2121
2125,2026-09-23,603557,1.5485700771959641,False,2122
2126,2026-09-23,002759,1.5443751348922925,False,2123
2127,2026-09-23,600810,1.5440254426091577,False,2124
2128,2026-09-23,300527,1.5418761023638119,False,2125
2129,2026-09-23,603107,1.5411280457584251,False,2126
2130,2026-09-23,300158,1.5408996343514416,False,2127
2131,2026-09-23,002182,1.5403145005369061,False,2128
2132,2026-09-23,002526,1.5399222881762804,False,2129
2133,2026-09-23,002117,1.5376280364023822,False,2130
2134,2026-09-23,688659,1.5353935346473455,False,2131
2135,2026-09-23,002690,1.5351838097654689,False,2132
2136,2026-09-23,600403,1.5347146781877519,False,2133
2137,2026-09-23,688670,1.5344499216643244,False,2134
2138,2026-09-23,301213,1.5332482476050342,False,2135
2139,2026-09-23,002039,1.5330650187848307,False,2136
2140,2026-09-23,000006,1.5330132556666913,False,2137
2141,2026-09-23,301320,1.5308264911295772,False,2138
2142,2026-09-23,300692,1.5295850958200079,False,2139
2143,2026-09-23,002973,1.5290274625955851,False,2140
2144,2026-09-23,002440,1.5289791556442471,False,2141
2145,2026-09-23,688053,1.5261287113090347,False,2142
2146,2026-09-23,600011,1.5246530280772337,False,2143
2147,2026-09-23,688539,1.5220522903394151,False,2144
2148,2026-09-23,000544,1.5207910596431811,False,2145
2149,2026-09-23,600289,1.5205173188815859,False,2146
2150,2026-09-23,000630,1.5182077190646459,False,2147
2151,2026-09-23,300797,1.5181268795093334,False,2148
2152,2026-09-23,300093,1.5104489428760211,False,2149
2153,2026-09-23,688543,1.5073926796491339,False,2150
2154,2026-09-23,600210,1.503186001597224,False,2151
2155,2026-09-23,300040,1.4986587860698277,False,2152
2156,2026-09-23,600202,1.4955091083683238,False,2153
2157,2026-09-23,600611,1.4953331251312982,False,2154
2158,2026-09-23,300682,1.4945593843839871,False,2155
2159,2026-09-23,688602,1.4935483998416021,False,2156
2160,2026-09-23,300584,1.4861459000287978,False,2157
2161,2026-09-23,600512,1.4859219930817629,False,2158
2162,2026-09-23,688606,1.484047366636787,False,2159
2163,2026-09-23,300439,1.4822966481060584,False,2160
2164,2026-09-23,603883,1.4801185448810665,False,2161
2165,2026-09-23,300091,1.4790227290577898,False,2162
2166,2026-09-23,301317,1.4783324350752995,False,2163
2167,2026-09-23,688526,1.4780837365624873,False,2164
2168,2026-09-23,605183,1.4762820924518603,False,2165
2169,2026-09-23,688198,1.4709882069890745,False,2166
2170,2026-09-23,000920,1.4663587987950115,False,2167
2171,2026-09-23,000557,1.4596059133739745,False,2168
2172,2026-09-23,002495,1.4583327046722179,False,2169
2173,2026-09-23,600848,1.454898769995602,False,2170
2174,2026-09-23,600481,1.4542490038961688,False,2171
2175,2026-09-23,688562,1.4530969237597033,False,2172
2176,2026-09-23,603090,1.4521803379748532,False,2173
2177,2026-09-23,600513,1.4493677165504777,False,2174
2178,2026-09-23,600439,1.4477236715462158,False,2175
2179,2026-09-23,603595,1.4455759553322793,False,2176
2180,2026-09-23,688010,1.4441657038071734,False,2177
2181,2026-09-23,600561,1.4403077353609155,False,2178
2182,2026-09-23,000403,1.4394059160517889,False,2179
2183,2026-09-23,603768,1.437994766021192,False,2180
2184,2026-09-23,002796,1.4359763702038655,False,2181
2185,2026-09-23,002932,1.4293939339156245,False,2182
2186,2026-09-23,600379,1.4272642014344361,False,2183
2187,2026-09-23,603900,1.4236319218622029,False,2184
2188,2026-09-23,603197,1.423060639185358,False,2185
2189,2026-09-23,300140,1.4215345858326911,False,2186
2190,2026-09-23,300472,1.4207391171197279,False,2187
2191,2026-09-23,000815,1.419231810983054,False,2188
2192,2026-09-23,301381,1.418898182631013,False,2189
2193,2026-09-23,600004,1.4184821773455418,False,2190
2194,2026-09-23,001314,1.4168263424921057,False,2191
2195,2026-09-23,002061,1.4162895865224794,False,2192
2196,2026-09-23,000887,1.4162052433039927,False,2193
2197,2026-09-23,600863,1.4111182900828663,False,2194
2198,2026-09-23,688330,1.4110503075454881,False,2195
2199,2026-09-23,300191,1.4085962784788846,False,2196
2200,2026-09-23,000897,1.407610919414906,False,2197
2201,2026-09-23,002108,1.4026902318984367,False,2198
2202,2026-09-23,601019,1.4022895043260926,False,2199
2203,2026-09-23,600557,1.3975548989097146,False,2200
2204,2026-09-23,002267,1.388573776625937,False,2201
2205,2026-09-23,000908,1.3878177453103218,False,2202
2206,2026-09-23,600499,1.3876154114452723,False,2203
2207,2026-09-23,000612,1.3825015130544436,False,2204
2208,2026-09-23,000697,1.3813462718947231,False,2205
2209,2026-09-23,002765,1.3805287385653049,False,2206
2210,2026-09-23,300900,1.3734111690010686,False,2207
2211,2026-09-23,002441,1.3725150798254866,False,2208
2212,2026-09-23,600104,1.3722196575542298,False,2209
2213,2026-09-23,603269,1.3720757350775257,False,2210
2214,2026-09-23,601808,1.3704609555219083,False,2211
2215,2026-09-23,300856,1.3697139179840221,False,2212
2216,2026-09-23,601515,1.3660668396512574,False,2213
2217,2026-09-23,603538,1.3637055759057719,False,2214
2218,2026-09-23,002983,1.3627555123221056,False,2215
2219,2026-09-23,688585,1.3611031693463143,False,2216
2220,2026-09-23,600771,1.360425161952993,False,2217
2221,2026-09-23,002858,1.3591092571574217,False,2218
2222,2026-09-23,300341,1.3581019710489635,False,2219
2223,2026-09-23,600299,1.3554648440106867,False,2220
2224,2026-09-23,600028,1.3522147797635145,False,2221
2225,2026-09-23,002723,1.3522051730154661,False,2222
2226,2026-09-23,688295,1.3498275058771898,False,2223
2227,2026-09-23,301141,1.3495375561999681,False,2224
2228,2026-09-23,688096,1.347646028450423,False,2225
2229,2026-09-23,000951,1.3471822890699352,False,2226
2230,2026-09-23,002066,1.3449178769237855,False,2227
2231,2026-09-23,600782,1.3425047348520898,False,2228
2232,2026-09-23,603790,1.3416395428863386,False,2229
2233,2026-09-23,000425,1.3406415901524364,False,2230
2234,2026-09-23,603786,1.3400581957710553,False,2231
2235,2026-09-23,300678,1.3390706907499423,False,2232
2236,2026-09-23,601229,1.3379461946322313,False,2233
2237,2026-09-23,301413,1.3351730438492662,False,2234
2238,2026-09-23,300606,1.3324468146544941,False,2235
2239,2026-09-23,688375,1.3318072874872433,False,2236
2240,2026-09-23,000008,1.3310705150537412,False,2237
2241,2026-09-23,000652,1.3300334564049123,False,2238
2242,2026-09-23,003037,1.3297423929759313,False,2239
2243,2026-09-23,603602,1.3257642033975636,False,2240
2244,2026-09-23,600056,1.3240889337689765,False,2241
2245,2026-09-23,301023,1.3232974596132974,False,2242
2246,2026-09-23,603776,1.3201618850540056,False,2243
2247,2026-09-23,300187,1.3196946526942925,False,2244
2248,2026-09-23,300445,1.3149480649663998,False,2245
2249,2026-09-23,688560,1.3142272002482969,False,2246
2250,2026-09-23,600337,1.3116623832163878,False,2247
2251,2026-09-23,605151,1.3059347623894917,False,2248
2252,2026-09-23,000617,1.3052493732584816,False,2249
2253,2026-09-23,601658,1.3051673955935423,False,2250
2254,2026-09-23,600030,1.3045966099885713,False,2251
2255,2026-09-23,600973,1.3035907124198787,False,2252
2256,2026-09-23,600738,1.3020236228355717,False,2253
2257,2026-09-23,688321,1.3013584712763349,False,2254
2258,2026-09-23,300595,1.3013355989878492,False,2255
2259,2026-09-23,000503,1.300354830843613,False,2256
2260,2026-09-23,600666,1.2992573067027708,False,2257
2261,2026-09-23,600715,1.2985475572054324,False,2258
2262,2026-09-23,301446,1.2930518407637286,False,2259
2263,2026-09-23,603158,1.2910712032886573,False,2260
2264,2026-09-23,002067,1.2900556143187718,False,2261
2265,2026-09-23,601188,1.2880069720622589,False,2262
2266,2026-09-23,600783,1.2860389563871282,False,2263
2267,2026-09-23,600642,1.2856930696033642,False,2264
2268,2026-09-23,301584,1.2819523047916539,False,2265
2269,2026-09-23,301502,1.2808530266090656,False,2266
2270,2026-09-23,002315,1.2741626698283159,False,2267
2271,2026-09-23,600125,1.2703470057298989,False,2268
2272,2026-09-23,301175,1.2689423230389698,False,2269
2273,2026-09-23,002360,1.267494020785999,False,2270
2274,2026-09-23,001259,1.266859372444481,False,2271
2275,2026-09-23,300220,1.2663183943772807,False,2272
2276,2026-09-23,600712,1.2635992326977277,False,2273
2277,2026-09-23,688697,1.2606767649588271,False,2274
2278,2026-09-23,600979,1.2584591635027298,False,2275
2279,2026-09-23,600993,1.2583191921685559,False,2276
2280,2026-09-23,000776,1.2578372014008965,False,2277
2281,2026-09-23,002009,1.2557998446925605,False,2278
2282,2026-09-23,600728,1.2551435996927696,False,2279
2283,2026-09-23,600211,1.2499825365076516,False,2280
2284,2026-09-23,600493,1.2481082887525572,False,2281
2285,2026-09-23,600278,1.2480622356231388,False,2282
2286,2026-09-23,688510,1.2469150026126292,False,2283
2287,2026-09-23,300946,1.2435877740313652,False,2284
2288,2026-09-23,000820,1.241802830729329,False,2285
2289,2026-09-23,688638,1.2410708437764386,False,2286
2290,2026-09-23,301167,1.2367013405697134,False,2287
2291,2026-09-23,300972,1.2333528131471723,False,2288
2292,2026-09-23,000797,1.2333084859819277,False,2289
2293,2026-09-23,301082,1.2319840261688291,False,2290
2294,2026-09-23,600037,1.2305581797156053,False,2291
2295,2026-09-23,600751,1.2253703601739354,False,2292
2296,2026-09-23,688069,1.2195759898961618,False,2293
2297,2026-09-23,002019,1.2176145583426878,False,2294
2298,2026-09-23,301267,1.2141404215935883,False,2295
2299,2026-09-23,301120,1.2131556914002717,False,2296
2300,2026-09-23,603669,1.2097681497385797,False,2297
2301,2026-09-23,002327,1.2047961278276187,False,2298
2302,2026-09-23,688601,1.2020846455031204,False,2299
2303,2026-09-23,002424,1.2011599460630156,False,2300
2304,2026-09-23,600332,1.1970150250256406,False,2301
2305,2026-09-23,300557,1.1940265794430647,False,2302
2306,2026-09-23,000691,1.1939285475014487,False,2303
2307,2026-09-23,003020,1.1910573806325484,False,2304
2308,2026-09-23,600094,1.1888240288880099,False,2305
2309,2026-09-23,688529,1.1886362296460418,False,2306
2310,2026-09-23,002896,1.1862244118959464,False,2307
2311,2026-09-23,300908,1.1861323701993323,False,2308
2312,2026-09-23,301109,1.1831531515805365,False,2309
2313,2026-09-23,000818,1.182261489472445,False,2310
2314,2026-09-23,301500,1.1820162670813668,False,2311
2315,2026-09-23,300462,1.1808253927147092,False,2312
2316,2026-09-23,688101,1.1806796059287223,False,2313
2317,2026-09-23,603018,1.1795940613668785,False,2314
2318,2026-09-23,000539,1.1741698254247159,False,2315
2319,2026-09-23,301227,1.1730010170250125,False,2316
2320,2026-09-23,300745,1.1706013322175977,False,2317
2321,2026-09-23,300301,1.170527026111533,False,2318
2322,2026-09-23,300195,1.1668012839798698,False,2319
2323,2026-09-23,600660,1.1619419498183305,False,2320
2324,2026-09-23,300528,1.1581098366791238,False,2321
2325,2026-09-23,000731,1.1570465839083419,False,2322
2326,2026-09-23,603257,1.1548123204355976,False,2323
2327,2026-09-23,300721,1.1531986197028166,False,2324
2328,2026-09-23,002256,1.1527016616199632,False,2325
2329,2026-09-23,601628,1.1518353637037646,False,2326
2330,2026-09-23,600995,1.1503567039409783,False,2327
2331,2026-09-23,002891,1.1500308612526227,False,2328
2332,2026-09-23,601166,1.1448776201242341,False,2329
2333,2026-09-23,300412,1.1444182675855759,False,2330
2334,2026-09-23,600008,1.1426387400385845,False,2331
2335,2026-09-23,001238,1.1402888071362329,False,2332
2336,2026-09-23,603579,1.1385829712627655,False,2333
2337,2026-09-23,000789,1.1379998587398854,False,2334
2338,2026-09-23,601158,1.1369491925932858,False,2335
2339,2026-09-23,600185,1.1322688797603446,False,2336
2340,2026-09-23,002506,1.1313584425754608,False,2337
2341,2026-09-23,002073,1.1269227771155272,False,2338
2342,2026-09-23,000860,1.124300509086452,False,2339
2343,2026-09-23,300547,1.1230972725590591,False,2340
2344,2026-09-23,601126,1.1217296848604266,False,2341
2345,2026-09-23,301015,1.1188773443167928,False,2342
2346,2026-09-23,603009,1.1175976005096402,False,2343
2347,2026-09-23,300749,1.1161752044386652,False,2344
2348,2026-09-23,000882,1.1149325438315776,False,2345
2349,2026-09-23,600859,1.113709063330186,False,2346
2350,2026-09-23,001285,1.1134381280610894,False,2347
2351,2026-09-23,605123,1.112323698578523,False,2348
2352,2026-09-23,000886,1.1109284945744284,False,2349
2353,2026-09-23,600780,1.1093142240326967,False,2350
2354,2026-09-23,600797,1.107941066882054,False,2351
2355,2026-09-23,300673,1.1069680169097307,False,2352
2356,2026-09-23,001306,1.1043314732089489,False,2353
2357,2026-09-23,000762,1.1011677257959576,False,2354
2358,2026-09-23,002190,1.1004140177101109,False,2355
2359,2026-09-23,600817,1.0985079986564776,False,2356
2360,2026-09-23,603270,1.0979497270412861,False,2357
2361,2026-09-23,603680,1.0965941598278763,False,2358
2362,2026-09-23,688717,1.0948774519796598,False,2359
2363,2026-09-23,002976,1.0874875238746267,False,2360
2364,2026-09-23,300484,1.0768355473558189,False,2361
2365,2026-09-23,600256,1.0759475019182689,False,2362
2366,2026-09-23,002010,1.0754848330074465,False,2363
2367,2026-09-23,600960,1.0725373903892295,False,2364
2368,2026-09-23,603520,1.0709353065273417,False,2365
2369,2026-09-23,600724,1.0695275151064605,False,2366
2370,2026-09-23,603939,1.0652867635223919,False,2367
2371,2026-09-23,001390,1.065145848030314,False,2368
2372,2026-09-23,688095,1.0626683900439069,False,2369
2373,2026-09-23,688334,1.0621069823301306,False,2370
2374,2026-09-23,300125,1.0616049800081973,False,2371
2375,2026-09-23,603115,1.0579480989052317,False,2372
2376,2026-09-23,300561,1.0570955793973285,False,2373
2377,2026-09-23,300477,1.0556042204380551,False,2374
2378,2026-09-23,688618,1.0546330746568138,False,2375
2379,2026-09-23,000581,1.0532139600961332,False,2376
2380,2026-09-23,603687,1.0491795189676261,False,2377
2381,2026-09-23,301508,1.0472754421243682,False,2378
2382,2026-09-23,603286,1.0461265988056736,False,2379
2383,2026-09-23,600749,1.0436581830393918,False,2380
2384,2026-09-23,301051,1.0414651042587937,False,2381
2385,2026-09-23,688609,1.0377472638623058,False,2382
2386,2026-09-23,605499,1.0370817950559774,False,2383
2387,2026-09-23,605016,1.0339866283879509,False,2384
2388,2026-09-23,002110,1.02859275550652,False,2385
2389,2026-09-23,002459,1.0282602851846951,False,2386
2390,2026-09-23,600525,1.0261831454902439,False,2387
2391,2026-09-23,002702,1.0237394757950007,False,2388
2392,2026-09-23,002783,1.022565352394583,False,2389
2393,2026-09-23,000039,1.0211281478665271,False,2390
2394,2026-09-23,688038,1.020598175900933,False,2391
2395,2026-09-23,603988,1.0199063056037023,False,2392
2396,2026-09-23,000726,1.0191428351947005,False,2393
2397,2026-09-23,301169,1.0190861602352295,False,2394
2398,2026-09-23,688568,1.0159861344383687,False,2395
2399,2026-09-23,688100,1.0157958762229871,False,2396
2400,2026-09-23,301260,1.0117798376948675,False,2397
2401,2026-09-23,603356,1.0111001684226499,False,2398
2402,2026-09-23,002598,1.0091553331398981,False,2399
2403,2026-09-23,600966,1.0028956290064686,False,2400
2404,2026-09-23,300619,1.0022166691818197,False,2401
2405,2026-09-23,688480,1.0001795654735846,False,2402
2406,2026-09-23,688581,1.0000095102790096,False,2403
2407,2026-09-23,002566,0.99939298280320088,False,2404
2408,2026-09-23,688176,0.99905340055312319,False,2405
2409,2026-09-23,301003,0.99740712277561949,False,2406
2410,2026-09-23,600521,0.99589438931317475,False,2407
2411,2026-09-23,603399,0.98777676826617322,False,2408
2412,2026-09-23,603917,0.98678079448436318,False,2409
2413,2026-09-23,002379,0.9861514386496042,False,2410
2414,2026-09-23,688232,0.98444661081910945,False,2411
2415,2026-09-23,301609,0.98296367090724646,False,2412
2416,2026-09-23,600099,0.98234694777930587,False,2413
2417,2026-09-23,601696,0.98187908499130516,False,2414
2418,2026-09-23,300098,0.97807766519996853,False,2415
2419,2026-09-23,600129,0.97738102793385262,False,2416
2420,2026-09-23,301499,0.9773016326899977,False,2417
2421,2026-09-23,002885,0.97555472169117552,False,2418
2422,2026-09-23,603505,0.97511968211649136,False,2419
2423,2026-09-23,300637,0.97152100293359478,False,2420
2424,2026-09-23,603322,0.96819430792019523,False,2421
2425,2026-09-23,603737,0.96751573349893738,False,2422
2426,2026-09-23,603605,0.9597276462286124,False,2423
2427,2026-09-23,300269,0.95950458534683336,False,2424
2428,2026-09-23,300128,0.95895613938894075,False,2425
2429,2026-09-23,600662,0.95866153067792093,False,2426
2430,2026-09-23,000930,0.95850596443257641,False,2427
2431,2026-09-23,301505,0.95716966322396502,False,2428
2432,2026-09-23,000875,0.95687873865557938,False,2429
2433,2026-09-23,600578,0.9524811891277617,False,2430
2434,2026-09-23,600197,0.95113072742566773,False,2431
2435,2026-09-23,300205,0.9478985121436051,False,2432
2436,2026-09-23,301060,0.94733237008681348,False,2433
2437,2026-09-23,300616,0.94661298615083067,False,2434
2438,2026-09-23,301171,0.94225536942145904,False,2435
2439,2026-09-23,600096,0.94216650709522098,False,2436
2440,2026-09-23,603214,0.93887299002093005,False,2437
2441,2026-09-23,300851,0.93885801267011271,False,2438
2442,2026-09-23,600592,0.93824944126630894,False,2439
2443,2026-09-23,002352,0.93739772731297166,False,2440
2444,2026-09-23,300582,0.93664327305332429,False,2441
2445,2026-09-23,603312,0.93416158667025284,False,2442
2446,2026-09-23,002899,0.93321142611489272,False,2443
2447,2026-09-23,301632,0.92729325205012458,False,2444
2448,2026-09-23,002507,0.92449137182920449,False,2445
2449,2026-09-23,002805,0.92260663470260817,False,2446
2450,2026-09-23,688615,0.92216276016503596,False,2447
2451,2026-09-23,603979,0.91673708512215124,False,2448
2452,2026-09-23,301137,0.91083778234832669,False,2449
2453,2026-09-23,002445,0.90405556825554712,False,2450
2454,2026-09-23,300033,0.9001700253950643,False,2451
2455,2026-09-23,301199,0.89727127668658424,False,2452
2456,2026-09-23,600131,0.89575246407736353,False,2453
2457,2026-09-23,600358,0.89053396253265715,False,2454
2458,2026-09-23,601555,0.8900885590251284,False,2455
2459,2026-09-23,600602,0.88933585169570128,False,2456
2460,2026-09-23,002471,0.88528700128611182,False,2457
2461,2026-09-23,600540,0.88324884333084375,False,2458
2462,2026-09-23,301202,0.88146760538016689,False,2459
2463,2026-09-23,688148,0.87735401476129382,False,2460
2464,2026-09-23,000833,0.87621214820479032,False,2461
2465,2026-09-23,601615,0.87523193384217646,False,2462
2466,2026-09-23,000717,0.87325761957969705,False,2463
2467,2026-09-23,688371,0.87268779975195598,False,2464
2468,2026-09-23,688620,0.87248529536014874,False,2465
2469,2026-09-23,000975,0.87183299267419767,False,2466
2470,2026-09-23,300789,0.87018714721413737,False,2467
2471,2026-09-23,002511,0.8643131720301005,False,2468
2472,2026-09-23,002088,0.85953507155796927,False,2469
2473,2026-09-23,688070,0.85833417308024829,False,2470
2474,2026-09-23,601918,0.85175363004949756,False,2471
2475,2026-09-23,601677,0.84484075887218468,False,2472
2476,2026-09-23,600169,0.84367130112314337,False,2473
2477,2026-09-23,300885,0.84348939566688808,False,2474
2478,2026-09-23,002270,0.83965195369626877,False,2475
2479,2026-09-23,002448,0.83814373011765597,False,2476
2480,2026-09-23,000422,0.83390038523325094,False,2477
2481,2026-09-23,301551,0.82820599360923453,False,2478
2482,2026-09-23,688275,0.82672684668006424,False,2479
2483,2026-09-23,603389,0.82611544113049151,False,2480
2484,2026-09-23,600380,0.82547970289752648,False,2481
2485,2026-09-23,603368,0.82297101084237134,False,2482
2486,2026-09-23,600361,0.81823351526455124,False,2483
2487,2026-09-23,603662,0.81805009632758074,False,2484
2488,2026-09-23,300947,0.81564557320514686,False,2485
2489,2026-09-23,600307,0.81387048347911906,False,2486
2490,2026-09-23,300555,0.81334750192755889,False,2487
2491,2026-09-23,300241,0.80859831393758053,False,2488
2492,2026-09-23,603210,0.80676150460979446,False,2489
2493,2026-09-23,300750,0.8038483242141512,False,2490
2494,2026-09-23,601222,0.80235114882323622,False,2491
2495,2026-09-23,600235,0.80215311032563408,False,2492
2496,2026-09-23,688488,0.80115069342038137,False,2493
2497,2026-09-23,603416,0.79900268703493083,False,2494
2498,2026-09-23,603713,0.79838657328526907,False,2495
2499,2026-09-23,601588,0.79238799263334103,False,2496
2500,2026-09-23,002675,0.79161206161110753,False,2497
2501,2026-09-23,688128,0.79143106488046544,False,2498
2502,2026-09-23,688273,0.78924948815574236,False,2499
2503,2026-09-23,688190,0.78824871360714233,False,2500
2504,2026-09-23,600269,0.78705304247654739,False,2501
2505,2026-09-23,605080,0.78452904676716706,False,2502
2506,2026-09-23,301606,0.78426641282444598,False,2503
2507,2026-09-23,300010,0.78269192042253133,False,2504
2508,2026-09-23,003038,0.78258614909011204,False,2505
2509,2026-09-23,000045,0.77536837190080732,False,2506
2510,2026-09-23,300009,0.77421830648881196,False,2507
2511,2026-09-23,000519,0.77402271957127389,False,2508
2512,2026-09-23,603528,0.77253154571694926,False,2509
2513,2026-09-23,300633,0.76988771733127814,False,2510
2514,2026-09-23,301459,0.7696708275430042,False,2511
2515,2026-09-23,600710,0.76844695371401972,False,2512
2516,2026-09-23,600020,0.76776260282949593,False,2513
2517,2026-09-23,603070,0.76602094864846304,False,2514
2518,2026-09-23,688314,0.76272920949135381,False,2515
2519,2026-09-23,000909,0.76236536988115322,False,2516
2520,2026-09-23,601991,0.76181445530443859,False,2517
2521,2026-09-23,002947,0.76070139429410322,False,2518
2522,2026-09-23,600089,0.75404322205987073,False,2519
2523,2026-09-23,301683,0.75319629102383745,False,2520
2524,2026-09-23,600168,0.75290748129710883,False,2521
2525,2026-09-23,002311,0.75074923020705553,False,2522
2526,2026-09-23,600285,0.75047075751332226,False,2523
2527,2026-09-23,600273,0.75046927778225747,False,2524
2528,2026-09-23,600198,0.74854225164567456,False,2525
2529,2026-09-23,301386,0.74843463847333247,False,2526
2530,2026-09-23,605099,0.74537067511297361,False,2527
2531,2026-09-23,600639,0.74485949266516904,False,2528
2532,2026-09-23,600476,0.74363246154227469,False,2529
2533,2026-09-23,300696,0.74207593241220171,False,2530
2534,2026-09-23,603993,0.7407803407434923,False,2531
2535,2026-09-23,600528,0.73940881201838282,False,2532
2536,2026-09-23,300258,0.73474427322663427,False,2533
2537,2026-09-23,300718,0.7305929904038122,False,2534
2538,2026-09-23,300334,0.7237595145733422,False,2535
2539,2026-09-23,002608,0.72281958272729385,False,2536
2540,2026-09-23,301613,0.72064703640816941,False,2537
2541,2026-09-23,300065,0.71922741747057239,False,2538
2542,2026-09-23,300602,0.7149598417220675,False,2539
2543,2026-09-23,002407,0.71445426764637876,False,2540
2544,2026-09-23,601500,0.71074106185024455,False,2541
2545,2026-09-23,000901,0.71004199006139124,False,2542
2546,2026-09-23,600435,0.70688325184625267,False,2543
2547,2026-09-23,300100,0.70185792183753548,False,2544
2548,2026-09-23,002271,0.70142457995508933,False,2545
2549,2026-09-23,300846,0.70055460538934755,False,2546
2550,2026-09-23,600901,0.69916667164417445,False,2547
2551,2026-09-23,300923,0.6977917687628703,False,2548
2552,2026-09-23,301491,0.68749147616563411,False,2549
2553,2026-09-23,601177,0.68449295808358812,False,2550
2554,2026-09-23,600681,0.6830399470184898,False,2551
2555,2026-09-23,002319,0.68224134926124236,False,2552
2556,2026-09-23,688443,0.67991316735749407,False,2553
2557,2026-09-23,603360,0.67774855670228096,False,2554
2558,2026-09-23,601788,0.67757292266478419,False,2555
2559,2026-09-23,603969,0.67652375295184219,False,2556
2560,2026-09-23,601163,0.67526541417004959,False,2557
2561,2026-09-23,600137,0.6731928402026961,False,2558
2562,2026-09-23,603567,0.66866355840572522,False,2559
2563,2026-09-23,688698,0.66835404673515475,False,2560
2564,2026-09-23,300656,0.66698075075724961,False,2561
2565,2026-09-23,002564,0.66263064159996543,False,2562
2566,2026-09-23,002707,0.66094730158997717,False,2563
2567,2026-09-23,688586,0.65784254022870281,False,2564
2568,2026-09-23,002331,0.65658279416822296,False,2565
2569,2026-09-23,300989,0.65254562255283977,False,2566
2570,2026-09-23,000900,0.65013210292224421,False,2567
2571,2026-09-23,600060,0.64426058530350649,False,2568
2572,2026-09-23,603596,0.64200540825354269,False,2569
2573,2026-09-23,603882,0.63808012385615431,False,2570
2574,2026-09-23,688787,0.63722587737466618,False,2571
2575,2026-09-23,600081,0.63682877526269954,False,2572
2576,2026-09-23,301418,0.6361011312078747,False,2573
2577,2026-09-23,688235,0.63522647101800334,False,2574
2578,2026-09-23,600570,0.63474630390258324,False,2575
2579,2026-09-23,300149,0.63299574594045427,False,2576
2580,2026-09-23,300388,0.62486034406605873,False,2577
2581,2026-09-23,688571,0.62329361277605755,False,2578
2582,2026-09-23,601633,0.62216490767095123,False,2579
2583,2026-09-23,603288,0.62112915236961519,False,2580
2584,2026-09-23,002102,0.62035628594514813,False,2581
2585,2026-09-23,300559,0.6196324652523868,False,2582
2586,2026-09-23,600736,0.61539621655681431,False,2583
2587,2026-09-23,600600,0.6152371356693076,False,2584
2588,2026-09-23,002933,0.61205920226779842,False,2585
2589,2026-09-23,688455,0.60986851621357341,False,2586
2590,2026-09-23,601689,0.60866168860928782,False,2587
2591,2026-09-23,000883,0.60586873300361832,False,2588
2592,2026-09-23,600733,0.60453354696288131,False,2589
2593,2026-09-23,002920,0.59906167095343288,False,2590
2594,2026-09-23,002312,0.59663945961072207,False,2591
2595,2026-09-23,603992,0.5954088604277894,False,2592
2596,2026-09-23,603239,0.59527761104074117,False,2593
2597,2026-09-23,603893,0.59353634143578926,False,2594
2598,2026-09-23,600098,0.59189009385437608,False,2595
2599,2026-09-23,688691,0.58852940915358132,False,2596
2600,2026-09-23,688305,0.58735643450847874,False,2597
2601,2026-09-23,002701,0.57659049178446997,False,2598
2602,2026-09-23,002036,0.57117012459600902,False,2599
2603,2026-09-23,601336,0.56465933998613549,False,2600
2604,2026-09-23,601339,0.56314840253262322,False,2601
2605,2026-09-23,000530,0.56188763363222227,False,2602
2606,2026-09-23,002343,0.56054009615491474,False,2603
2607,2026-09-23,002777,0.55969292699601458,False,2604
2608,2026-09-23,600533,0.55562357791072348,False,2605
2609,2026-09-23,002555,0.55442959598578745,False,2606
2610,2026-09-23,300793,0.55184072445942833,False,2607
2611,2026-09-23,601021,0.55001163179492996,False,2608
2612,2026-09-23,605298,0.54897349783718308,False,2609
2613,2026-09-23,300421,0.54813782271653488,False,2610
2614,2026-09-23,688327,0.5466439115418853,False,2611
2615,2026-09-23,600288,0.5420378941581937,False,2612
2616,2026-09-23,300120,0.54144898040987255,False,2613
2617,2026-09-23,600062,0.53368498818182841,False,2614
2618,2026-09-23,000402,0.53223935570124037,False,2615
2619,2026-09-23,688626,0.53175520076660665,False,2616
2620,2026-09-23,603169,0.53160472521720825,False,2617
2621,2026-09-23,002081,0.53000614922286982,False,2618
2622,2026-09-23,000826,0.52879287612090398,False,2619
2623,2026-09-23,300234,0.52573828485030005,False,2620
2624,2026-09-23,688310,0.52001326292847216,False,2621
2625,2026-09-23,688039,0.51853647905413158,False,2622
2626,2026-09-23,603072,0.51386162268905522,False,2623
2627,2026-09-23,605090,0.51376684224187685,False,2624
2628,2026-09-23,002984,0.51139709526181809,False,2625
2629,2026-09-23,001382,0.51049351297412437,False,2626
2630,2026-09-23,603698,0.5073849824119695,False,2627
2631,2026-09-23,605056,0.50664921998942025,False,2628
2632,2026-09-23,600452,0.50653693318561244,False,2629
2633,2026-09-23,301162,0.50406129661136134,False,2630
2634,2026-09-23,000796,0.50305111095348098,False,2631
2635,2026-09-23,002125,0.49942862954433909,False,2632
2636,2026-09-23,300995,0.49880291676648825,False,2633
2637,2026-09-23,688570,0.49874356384661533,False,2634
2638,2026-09-23,002586,0.49615728091062539,False,2635
2639,2026-09-23,300482,0.49184998958466042,False,2636
2640,2026-09-23,000838,0.49035055481064882,False,2637
2641,2026-09-23,002979,0.48698327688140963,False,2638
2642,2026-09-23,605377,0.48375673369668415,False,2639
2643,2026-09-23,300614,0.48369570414526564,False,2640
2644,2026-09-23,300905,0.48123306991378723,False,2641
2645,2026-09-23,300113,0.47959067151212853,False,2642
2646,2026-09-23,300529,0.4777012814388093,False,2643
2647,2026-09-23,002480,0.47744420709094193,False,2644
2648,2026-09-23,688080,0.47607708672220861,False,2645
2649,2026-09-23,688363,0.47422136154435451,False,2646
2650,2026-09-23,600375,0.47344310275923163,False,2647
2651,2026-09-23,301007,0.47207551911263645,False,2648
2652,2026-09-23,000025,0.46955253298266575,False,2649
2653,2026-09-23,600258,0.46874703139575824,False,2650
2654,2026-09-23,301510,0.46548562133357207,False,2651
2655,2026-09-23,300176,0.46345010643598261,False,2652
2656,2026-09-23,300105,0.46300560928570877,False,2653
2657,2026-09-23,000637,0.46231623578960868,False,2654
2658,2026-09-23,605133,0.46206278668989931,False,2655
2659,2026-09-23,000582,0.45881439919042538,False,2656
2660,2026-09-23,300393,0.45809458876117926,False,2657
2661,2026-09-23,605166,0.45664892894913955,False,2658
2662,2026-09-23,301303,0.45433497352799246,False,2659
2663,2026-09-23,688668,0.45407344789318116,False,2660
2664,2026-09-23,300600,0.45266417375869894,False,2661
2665,2026-09-23,300669,0.45257362036233983,False,2662
2666,2026-09-23,300127,0.44540893633030043,False,2663
2667,2026-09-23,001331,0.44432962237339702,False,2664
2668,2026-09-23,002877,0.44213848543086076,False,2665
2669,2026-09-23,300746,0.4398785038196793,False,2666
2670,2026-09-23,002375,0.43867278139240784,False,2667
2671,2026-09-23,300890,0.43806475781203985,False,2668
2672,2026-09-23,002544,0.42977117860599534,False,2669
2673,2026-09-23,603163,0.42961123320821359,False,2670
2674,2026-09-23,600132,0.42948996194584133,False,2671
2675,2026-09-23,688351,0.42912740401017357,False,2672
2676,2026-09-23,000830,0.42424457482539402,False,2673
2677,2026-09-23,688061,0.42227066176077765,False,2674
2678,2026-09-23,002956,0.42090503786941236,False,2675
2679,2026-09-23,300002,0.42025472374526951,False,2676
2680,2026-09-23,300798,0.41995844886998368,False,2677
2681,2026-09-23,002539,0.4196998797765914,False,2678
2682,2026-09-23,301329,0.41904979580669421,False,2679
2683,2026-09-23,300235,0.41855603804020203,False,2680
2684,2026-09-23,002058,0.4181804999258002,False,2681
2685,2026-09-23,301616,0.41641508076156342,False,2682
2686,2026-09-23,603085,0.41376884346656961,False,2683
2687,2026-09-23,603366,0.41156188181156406,False,2684
2688,2026-09-23,001391,0.40903263766553444,False,2685
2689,2026-09-23,300983,0.40807617891781689,False,2686
2690,2026-09-23,603922,0.4031859705419274,False,2687
2691,2026-09-23,603912,0.40232515282422021,False,2688
2692,2026-09-23,600118,0.40084283187253589,False,2689
2693,2026-09-23,002262,0.40065814589911097,False,2690
2694,2026-09-23,600589,0.39880563780354406,False,2691
2695,2026-09-23,603890,0.39195183481075735,False,2692
2696,2026-09-23,688085,0.39184697082943409,False,2693
2697,2026-09-23,600635,0.39173687089326459,False,2694
2698,2026-09-23,600409,0.39049997934367786,False,2695
2699,2026-09-23,603980,0.38337192106782458,False,2696
2700,2026-09-23,688298,0.38178095038957183,False,2697
2701,2026-09-23,600845,0.37773834018902414,False,2698
2702,2026-09-23,688132,0.37747267891431435,False,2699
2703,2026-09-23,002587,0.3720690737611565,False,2700
2704,2026-09-23,300027,0.36988714067453421,False,2701
2705,2026-09-23,603062,0.35542726546695058,False,2702
2706,2026-09-23,600690,0.35082988211157795,False,2703
2707,2026-09-23,002972,0.35053461772030936,False,2704
2708,2026-09-23,301028,0.34891826734781584,False,2705
2709,2026-09-23,002812,0.34600519058404089,False,2706
2710,2026-09-23,000635,0.34566823908381838,False,2707
2711,2026-09-23,600016,0.33601095642524015,False,2708
2712,2026-09-23,001322,0.33333363397458227,False,2709
2713,2026-09-23,600167,0.33055507259610906,False,2710
2714,2026-09-23,600228,0.32919340024868493,False,2711
2715,2026-09-23,688767,0.32898998258348922,False,2712
2716,2026-09-23,603341,0.32272169652266303,False,2713
2717,2026-09-23,605588,0.32165543215398185,False,2714
2718,2026-09-23,002456,0.31704488252508112,False,2715
2719,2026-09-23,600784,0.31639595949005805,False,2716
2720,2026-09-23,000506,0.3141388925057722,False,2717
2721,2026-09-23,603717,0.31054149227774186,False,2718
2722,2026-09-23,002521,0.31040020812664104,False,2719
2723,2026-09-23,000155,0.30747697326139489,False,2720
2724,2026-09-23,001223,0.30560165483765511,False,2721
2725,2026-09-23,600661,0.30517658219543353,False,2722
2726,2026-09-23,002035,0.30442403427273668,False,2723
2727,2026-09-23,301149,0.30255904078703377,False,2724
2728,2026-09-23,002277,0.30133554060963763,False,2725
2729,2026-09-23,002540,0.30097690291847234,False,2726
2730,2026-09-23,603173,0.30060848281323238,False,2727
2731,2026-09-23,688081,0.29905502177627752,False,2728
2732,2026-09-23,002075,0.29573885278869638,False,2729
2733,2026-09-23,000661,0.29168859533488822,False,2730
2734,2026-09-23,002850,0.28829164822405212,False,2731
2735,2026-09-23,600130,0.28715773714579829,False,2732
2736,2026-09-23,300253,0.28651796224226711,False,2733
2737,2026-09-23,300351,0.28446518290131773,False,2734
2738,2026-09-23,600633,0.28390827911231464,False,2735
2739,2026-09-23,300596,0.28279099840492972,False,2736
2740,2026-09-23,002523,0.28136687082132239,False,2737
2741,2026-09-23,603039,0.27894369134564811,False,2738
2742,2026-09-23,601965,0.27047370327982723,False,2739
2743,2026-09-23,600054,0.26959374320881224,False,2740
2744,2026-09-23,600582,0.26904532503298428,False,2741
2745,2026-09-23,300957,0.26861731688445811,False,2742
2746,2026-09-23,002415,0.26526578869395123,False,2743
2747,2026-09-23,002929,0.26289039995575891,False,2744
2748,2026-09-23,600622,0.26127482385252376,False,2745
2749,2026-09-23,601678,0.26028333773783752,False,2746
2750,2026-09-23,002664,0.25261152473123621,False,2747
2751,2026-09-23,300918,0.25255097025296325,False,2748
2752,2026-09-23,301067,0.25138144874927459,False,2749
2753,2026-09-23,002550,0.24980790655349105,False,2750
2754,2026-09-23,000898,0.24634120881510158,False,2751
2755,2026-09-23,002602,0.24545408554058934,False,2752
2756,2026-09-23,300354,0.24035739926613853,False,2753
2757,2026-09-23,688737,0.23698148702342059,False,2754
2758,2026-09-23,300687,0.23685117122452182,False,2755
2759,2026-09-23,000338,0.2348134897395765,False,2756
2760,2026-09-23,002085,0.23218393226286277,False,2757
2761,2026-09-23,600626,0.23015812717639275,False,2758
2762,2026-09-23,688087,0.22849010361708111,False,2759
2763,2026-09-23,000531,0.22761771394102515,False,2760
2764,2026-09-23,688270,0.22531424015067514,False,2761
2765,2026-09-23,301487,0.22305893093707652,False,2762
2766,2026-09-23,600970,0.22199699221622615,False,2763
2767,2026-09-23,000401,0.2166785090548935,False,2764
2768,2026-09-23,000090,0.21413454679386001,False,2765
2769,2026-09-23,002605,0.21263534849714349,False,2766
2770,2026-09-23,300732,0.21046065888713716,False,2767
2771,2026-09-23,603906,0.20929198743629152,False,2768
2772,2026-09-23,002651,0.20863939502440304,False,2769
2773,2026-09-23,001270,0.20859720984722152,False,2770
2774,2026-09-23,600373,0.20626864263851341,False,2771
2775,2026-09-23,603598,0.20335438800447392,False,2772
2776,2026-09-23,002064,0.20137555499317122,False,2773
2777,2026-09-23,301479,0.19900217545955601,False,2774
2778,2026-09-23,002892,0.19806931352178725,False,2775
2779,2026-09-23,600399,0.19758506748017868,False,2776
2780,2026-09-23,002055,0.19490673450702667,False,2777
2781,2026-09-23,002583,0.19461921477083655,False,2778
2782,2026-09-23,001282,0.19334451128855062,False,2779
2783,2026-09-23,600867,0.19142356656129844,False,2780
2784,2026-09-23,300292,0.18910387449750199,False,2781
2785,2026-09-23,603259,0.18710915065516975,False,2782
2786,2026-09-23,603201,0.18357961501171838,False,2783
2787,2026-09-23,002320,0.18164497550443903,False,2784
2788,2026-09-23,605389,0.17829709189898724,False,2785
2789,2026-09-23,603439,0.1762664891605763,False,2786
2790,2026-09-23,603818,0.17554782981079398,False,2787
2791,2026-09-23,002901,0.1700376523270693,False,2788
2792,2026-09-23,002405,0.16567377402192518,False,2789
2793,2026-09-23,002317,0.16191474482238943,False,2790
2794,2026-09-23,301050,0.15875798001251129,False,2791
2795,2026-09-23,002911,0.15820480198006037,False,2792
2796,2026-09-23,605011,0.15679672172482562,False,2793
2797,2026-09-23,601880,0.15498043974070752,False,2794
2798,2026-09-23,000837,0.15334338506261203,False,2795
2799,2026-09-23,000922,0.15213597519968636,False,2796
2800,2026-09-23,002060,0.14896565089391478,False,2797
2801,2026-09-23,002455,0.14563433910499107,False,2798
2802,2026-09-23,000915,0.14372823007503976,False,2799
2803,2026-09-23,600410,0.14027880074134247,False,2800
2804,2026-09-23,300629,0.13814952313967127,False,2801
2805,2026-09-23,603206,0.13380921534473189,False,2802
2806,2026-09-23,600688,0.12832135418030211,False,2803
2807,2026-09-23,001205,0.1264816785819507,False,2804
2808,2026-09-23,002713,0.12601869309716396,False,2805
2809,2026-09-23,600038,0.12580586203392796,False,2806
2810,2026-09-23,601319,0.12218322933271675,False,2807
2811,2026-09-23,688360,0.12011643008826875,False,2808
2812,2026-09-23,603007,0.11890008870003965,False,2809
2813,2026-09-23,002444,0.11789452376007648,False,2810
2814,2026-09-23,000767,0.11581188508893248,False,2811
2815,2026-09-23,301246,0.1104805151196554,False,2812
2816,2026-09-23,000036,0.10998400617437643,False,2813
2817,2026-09-23,600426,0.10822670223833009,False,2814
2818,2026-09-23,301192,0.10816898774634653,False,2815
2819,2026-09-23,002294,0.10602352838816309,False,2816
2820,2026-09-23,603202,0.10543175500926494,False,2817
2821,2026-09-23,002042,0.10241551498044466,False,2818
2822,2026-09-23,603219,0.10031411293697268,False,2819
2823,2026-09-23,002559,0.097284443001977916,False,2820
2824,2026-09-23,300423,0.093897553601188122,False,2821
2825,2026-09-23,002572,0.090732825411248275,False,2822
2826,2026-09-23,603977,0.088505102805020219,False,2823
2827,2026-09-23,002302,0.082079262696168387,False,2824
2828,2026-09-23,000782,0.081489949053539457,False,2825
2829,2026-09-23,002387,0.080550724040495958,False,2826
2830,2026-09-23,300823,0.073316022132914771,False,2827
2831,2026-09-23,600820,0.07173722139312444,False,2828
2832,2026-09-23,688088,0.071440063509556673,False,2829
2833,2026-09-23,301069,0.065793507457031469,False,2830
2834,2026-09-23,688236,0.065676087627217772,False,2831
2835,2026-09-23,000551,0.063762647236407899,False,2832
2836,2026-09-23,301327,0.058954734771673678,False,2833
2837,2026-09-23,603052,0.057305855572990172,False,2834
2838,2026-09-23,688098,0.052235465363081879,False,2835
2839,2026-09-23,002053,0.051964152918722695,False,2836
2840,2026-09-23,000156,0.050852422698061339,False,2837
2841,2026-09-23,601069,0.050658801387390984,False,2838
2842,2026-09-23,603077,0.047126595575563091,False,2839
2843,2026-09-23,002163,0.046372946437509555,False,2840
2844,2026-09-23,301550,0.046062760697457961,False,2841
2845,2026-09-23,002528,0.044317932211063171,False,2842
2846,2026-09-23,002706,0.04370202211752483,False,2843
2847,2026-09-23,688331,0.04210430188027825,False,2844
2848,2026-09-23,002202,0.040577403946451263,False,2845
2849,2026-09-23,000983,0.038595051329475438,False,2846
2850,2026-09-23,300801,0.037721983418561367,False,2847
2851,2026-09-23,603014,0.035404175351403944,False,2848
2852,2026-09-23,000410,0.033969887846797775,False,2849
2853,2026-09-23,603861,0.033643208371050393,False,2850
2854,2026-09-23,300724,0.032136409542845357,False,2851
2855,2026-09-23,600497,0.025173020048227523,False,2852
2856,2026-09-23,688411,0.016808381895103475,False,2853
2857,2026-09-23,300916,0.016388585961106816,False,2854
2858,2026-09-23,600757,0.016143939648437522,False,2855
2859,2026-09-23,300284,0.01554192115471964,False,2856
2860,2026-09-23,001369,0.013212924593932418,False,2857
2861,2026-09-23,002943,0.008940465071581194,False,2858
2862,2026-09-23,688058,0.0084897714788656486,False,2859
2863,2026-09-23,002522,0.0082872556637656469,False,2860
2864,2026-09-23,002200,0.0058827183012235551,False,2861
2865,2026-09-23,000011,0.0055075368330410601,False,2862
2866,2026-09-23,301585,0.0054718723097182398,False,2863
2867,2026-09-23,301577,0.0018147924416821448,False,2864
2868,2026-09-23,300458,0.00080999133544018553,False,2865
2869,2026-09-23,300693,-0.0028352662081510549,False,2866
2870,2026-09-23,688133,-0.0053998762715676829,False,2867
2871,2026-09-23,000516,-0.0073531409633883493,False,2868
2872,2026-09-23,688119,-0.007393610117504501,False,2869
2873,2026-09-23,603305,-0.01023537915045325,False,2870
2874,2026-09-23,300762,-0.01447517135440779,False,2871
2875,2026-09-23,300690,-0.014896588515622144,False,2872
2876,2026-09-23,300165,-0.016859153966138185,False,2873
2877,2026-09-23,301391,-0.019023269391943792,False,2874
2878,2026-09-23,300694,-0.020860358721188188,False,2875
2879,2026-09-23,002031,-0.021896903928154909,False,2876
2880,2026-09-23,600812,-0.02277164526283082,False,2877
2881,2026-09-23,600029,-0.024559903320906629,False,2878
2882,2026-09-23,688671,-0.02489903628871909,False,2879
2883,2026-09-23,002334,-0.025625560670406333,False,2880
2884,2026-09-23,301525,-0.027573313523517662,False,2881
2885,2026-09-23,301536,-0.029314064381846638,False,2882
2886,2026-09-23,600114,-0.029505518040357892,False,2883
2887,2026-09-23,002239,-0.032517042042901068,False,2884
2888,2026-09-23,002425,-0.033642397972896809,False,2885
2889,2026-09-23,688505,-0.034011856678974828,False,2886
2890,2026-09-23,300517,-0.035224439619989445,False,2887
2891,2026-09-23,603496,-0.035628019518743947,False,2888
2892,2026-09-23,601966,-0.037121850391406586,False,2889
2893,2026-09-23,300872,-0.038029066154966928,False,2890
2894,2026-09-23,301559,-0.040382845311562665,False,2891
2895,2026-09-23,601128,-0.040490891544187724,False,2892
2896,2026-09-23,603683,-0.047100495677987464,False,2893
2897,2026-09-23,300380,-0.053225374497252176,False,2894
2898,2026-09-23,002895,-0.054766793634076771,False,2895
2899,2026-09-23,600415,-0.058008108411210291,False,2896
2900,2026-09-23,300845,-0.058294632722366249,False,2897
2901,2026-09-23,688017,-0.058294894320951141,False,2898
2902,2026-09-23,688272,-0.05953799734496279,False,2899
2903,2026-09-23,601236,-0.060721216268170564,False,2900
2904,2026-09-23,605488,-0.065853907899267927,False,2901
2905,2026-09-23,688639,-0.065965480143246658,False,2902
2906,2026-09-23,688818,-0.066655270782877141,False,2903
2907,2026-09-23,601006,-0.067823628436823324,False,2904
2908,2026-09-23,601101,-0.071495844543538245,False,2905
2909,2026-09-23,688045,-0.072066391943753416,False,2906
2910,2026-09-23,603155,-0.073677432826038614,False,2907
2911,2026-09-23,688271,-0.074551564598718034,False,2908
2912,2026-09-23,001332,-0.075103512231560698,False,2909
2913,2026-09-23,600050,-0.07828712684699124,False,2910
2914,2026-09-23,601113,-0.079184518106513835,False,2911
2915,2026-09-23,688372,-0.079227580105495576,False,2912
2916,2026-09-23,600115,-0.08091148962395478,False,2913
2917,2026-09-23,300245,-0.081911322134919362,False,2914
2918,2026-09-23,002965,-0.082987719140175553,False,2915
2919,2026-09-23,688219,-0.084455805265518546,False,2916
2920,2026-09-23,688009,-0.086065713142637001,False,2917
2921,2026-09-23,603099,-0.09287372653301984,False,2918
2922,2026-09-23,301105,-0.09655505604461867,False,2919
2923,2026-09-23,601179,-0.096698239386682705,False,2920
2924,2026-09-23,002217,-0.099243081729102123,False,2921
2925,2026-09-23,300698,-0.099536789631902267,False,2922
2926,2026-09-23,300005,-0.099759929536086922,False,2923
2927,2026-09-23,688617,-0.10067332249206062,False,2924
2928,2026-09-23,600006,-0.10416919885725973,False,2925
2929,2026-09-23,002962,-0.10512135490838614,False,2926
2930,2026-09-23,000831,-0.10880797379629326,False,2927
2931,2026-09-23,002773,-0.10910550918304551,False,2928
2932,2026-09-23,600861,-0.10942448630892332,False,2929
2933,2026-09-23,603365,-0.11224517709881587,False,2930
2934,2026-09-23,605268,-0.11573142430598155,False,2931
2935,2026-09-23,601828,-0.11580153518531172,False,2932
2936,2026-09-23,603100,-0.12203353462562583,False,2933
2937,2026-09-23,002630,-0.1228612833485152,False,2934
2938,2026-09-23,300320,-0.12369514791446223,False,2935
2939,2026-09-23,605128,-0.1243782614749549,False,2936
2940,2026-09-23,603801,-0.12811176208560893,False,2937
2941,2026-09-23,688306,-0.13093744826000864,False,2938
2942,2026-09-23,002687,-0.13103066599529378,False,2939
2943,2026-09-23,601618,-0.13306806393321269,False,2940
2944,2026-09-23,600962,-0.13440817505343416,False,2941
2945,2026-09-23,301286,-0.13519791973777928,False,2942
2946,2026-09-23,688158,-0.14427337411145946,False,2943
2947,2026-09-23,002037,-0.14697592183488295,False,2944
2948,2026-09-23,301486,-0.15109874889993158,False,2945
2949,2026-09-23,600438,-0.15242160654968989,False,2946
2950,2026-09-23,600309,-0.15298748815080265,False,2947
2951,2026-09-23,605018,-0.15302609639026821,False,2948
2952,2026-09-23,603048,-0.15475925948797054,False,2949
2953,2026-09-23,600458,-0.15512215367325821,False,2950
2954,2026-09-23,002241,-0.15592958524283035,False,2951
2955,2026-09-23,600558,-0.15664675636080494,False,2952
2956,2026-09-23,300617,-0.15707381376503582,False,2953
2957,2026-09-23,002152,-0.15873847533946617,False,2954
2958,2026-09-23,688657,-0.1623751013232928,False,2955
2959,2026-09-23,300507,-0.16250883661973237,False,2956
2960,2026-09-23,688619,-0.16413929223757862,False,2957
2961,2026-09-23,600719,-0.16418457026076005,False,2958
2962,2026-09-23,600885,-0.16488203914497523,False,2959
2963,2026-09-23,301618,-0.16710388665112408,False,2960
2964,2026-09-23,002174,-0.16717046197540064,False,2961
2965,2026-09-23,301091,-0.17220022013605485,False,2962
2966,2026-09-23,688709,-0.17398020290986049,False,2963
2967,2026-09-23,603194,-0.17509769404186637,False,2964
2968,2026-09-23,003005,-0.17827947663875321,False,2965
2969,2026-09-23,600623,-0.18035662320626167,False,2966
2970,2026-09-23,002346,-0.18565612720342162,False,2967
2971,2026-09-23,000035,-0.18741933775466668,False,2968
2972,2026-09-23,001260,-0.19463418523513609,False,2969
2973,2026-09-23,002533,-0.19558066751272807,False,2970
2974,2026-09-23,300485,-0.19595824570765297,False,2971
2975,2026-09-23,600390,-0.20275304715164078,False,2972
2976,2026-09-23,300124,-0.20492203836085499,False,2973
2977,2026-09-23,300182,-0.20728170391783451,False,2974
2978,2026-09-23,688005,-0.20806063581637191,False,2975
2979,2026-09-23,600078,-0.21178644027246096,False,2976
2980,2026-09-23,300658,-0.21431395109806273,False,2977
2981,2026-09-23,603611,-0.21504925377190287,False,2978
2982,2026-09-23,002140,-0.21553244967313678,False,2979
2983,2026-09-23,300876,-0.21563281694367198,False,2980
2984,2026-09-23,600649,-0.21835010685559242,False,2981
2985,2026-09-23,600446,-0.22008757483574498,False,2982
2986,2026-09-23,605060,-0.22597603696430713,False,2983
2987,2026-09-23,603665,-0.22985053040452375,False,2984
2988,2026-09-23,301581,-0.23062813007195848,False,2985
2989,2026-09-23,603296,-0.23139372146768467,False,2986
2990,2026-09-23,000415,-0.23188185045857568,False,2987
2991,2026-09-23,688032,-0.23326319684961305,False,2988
2992,2026-09-23,002307,-0.23579234662928439,False,2989
2993,2026-09-23,002612,-0.23697374861366072,False,2990
2994,2026-09-23,300768,-0.24147441806755876,False,2991
2995,2026-09-23,688683,-0.24901927256908962,False,2992
2996,2026-09-23,601609,-0.24954292700232594,False,2993
2997,2026-09-23,000065,-0.24986885853590102,False,2994
2998,2026-09-23,300777,-0.25092832695323469,False,2995
2999,2026-09-23,603901,-0.25364449520094912,False,2996
3000,2026-09-23,605368,-0.2546771015318825,False,2997
3001,2026-09-23,002613,-0.25831990534380561,False,2998
3002,2026-09-23,002769,-0.26097539301764328,False,2999
3003,2026-09-23,301372,-0.26182089185726776,False,3000
3004,2026-09-23,002168,-0.26482103635219501,False,3001
3005,2026-09-23,600984,-0.26485038508708481,False,3002
3006,2026-09-23,300252,-0.26555054374368514,False,3003
3007,2026-09-23,002313,-0.26692624346554761,False,3004
3008,2026-09-23,688006,-0.26722620259073215,False,3005
3009,2026-09-23,301345,-0.26914819422322034,False,3006
3010,2026-09-23,600509,-0.2696696668740623,False,3007
3011,2026-09-23,600276,-0.27028945549361127,False,3008
3012,2026-09-23,688578,-0.27397883955052982,False,3009
3013,2026-09-23,301348,-0.2759686821177314,False,3010
3014,2026-09-23,000592,-0.28065836530570021,False,3011
3015,2026-09-23,688291,-0.28222213021080944,False,3012
3016,2026-09-23,002926,-0.28359564114494096,False,3013
3017,2026-09-23,000688,-0.28585655943539345,False,3014
3018,2026-09-23,002867,-0.29069580721358595,False,3015
3019,2026-09-23,300834,-0.29436384470343668,False,3016
3020,2026-09-23,300432,-0.29466584298705245,False,3017
3021,2026-09-23,002296,-0.29989208048767502,False,3018
3022,2026-09-23,300286,-0.30042119374292764,False,3019
3023,2026-09-23,601866,-0.30211310962185345,False,3020
3024,2026-09-23,603655,-0.30640699468720389,False,3021
3025,2026-09-23,601818,-0.306704916940854,False,3022
3026,2026-09-23,301631,-0.30768296580856291,False,3023
3027,2026-09-23,300255,-0.30783327007414574,False,3024
3028,2026-09-23,603381,-0.30944626840697542,False,3025
3029,2026-09-23,002236,-0.31171732842688415,False,3026
3030,2026-09-23,300146,-0.31362588605663688,False,3027
3031,2026-09-23,603357,-0.31508114940584742,False,3028
3032,2026-09-23,601136,-0.31596623441054988,False,3029
3033,2026-09-23,600807,-0.31810599614782342,False,3030
3034,2026-09-23,300206,-0.31974702384608222,False,3031
3035,2026-09-23,600378,-0.32222960197422212,False,3032
3036,2026-09-23,000060,-0.32258985761596048,False,3033
3037,2026-09-23,300560,-0.32274715864716308,False,3034
3038,2026-09-23,603808,-0.32430125842794633,False,3035
3039,2026-09-23,300455,-0.32499068998071534,False,3036
3040,2026-09-23,688251,-0.32657789871946052,False,3037
3041,2026-09-23,688685,-0.33154347934596062,False,3038
3042,2026-09-23,688258,-0.33197769675262956,False,3039
3043,2026-09-23,601799,-0.33594483541742504,False,3040
3044,2026-09-23,600956,-0.33674614478225817,False,3041
3045,2026-09-23,301160,-0.341489205753434,False,3042
3046,2026-09-23,688506,-0.34364661942901786,False,3043
3047,2026-09-23,601990,-0.34466381143098812,False,3044
3048,2026-09-23,605208,-0.3451611913720104,False,3045
3049,2026-09-23,300350,-0.34791907416395418,False,3046
3050,2026-09-23,600009,-0.34978659404228346,False,3047
3051,2026-09-23,603529,-0.35314950398278716,False,3048
3052,2026-09-23,300832,-0.35555894021069867,False,3049
3053,2026-09-23,600809,-0.35966421163265028,False,3050
3054,2026-09-23,688522,-0.36589426018002769,False,3051
3055,2026-09-23,600722,-0.36817632389260346,False,3052
3056,2026-09-23,601108,-0.373444416722162,False,3053
3057,2026-09-23,688047,-0.37460385036505728,False,3054
3058,2026-09-23,688646,-0.37571419651988824,False,3055
3059,2026-09-23,000858,-0.37695149102665426,False,3056
3060,2026-09-23,603185,-0.37987230352884627,False,3057
3061,2026-09-23,600517,-0.38012435357814423,False,3058
3062,2026-09-23,605008,-0.38121361186505992,False,3059
3063,2026-09-23,002304,-0.38211171397886939,False,3060
3064,2026-09-23,600708,-0.38537391966669721,False,3061
3065,2026-09-23,603050,-0.38695951737689238,False,3062
3066,2026-09-23,603690,-0.3922204812798773,False,3063
3067,2026-09-23,688199,-0.39310302455187196,False,3064
3068,2026-09-23,300778,-0.3931883792872608,False,3065
3069,2026-09-23,300337,-0.39349797619724181,False,3066
3070,2026-09-23,002703,-0.39807818621060065,False,3067
3071,2026-09-23,300735,-0.39840958375638141,False,3068
3072,2026-09-23,603519,-0.40353782210628486,False,3069
3073,2026-09-23,688365,-0.40461344890566497,False,3070
3074,2026-09-23,601058,-0.40567382379782102,False,3071
3075,2026-09-23,000700,-0.40777181295976561,False,3072
3076,2026-09-23,300328,-0.40969564632661593,False,3073
3077,2026-09-23,300532,-0.41173395632641219,False,3074
3078,2026-09-23,600475,-0.41500076358614979,False,3075
3079,2026-09-23,001380,-0.41699396276046041,False,3076
3080,2026-09-23,603355,-0.41957120774526069,False,3077
3081,2026-09-23,003018,-0.42178680820072723,False,3078
3082,2026-09-23,601106,-0.42277264777391421,False,3079
3083,2026-09-23,300460,-0.422816017893344,False,3080
3084,2026-09-23,601958,-0.42887783454826955,False,3081
3085,2026-09-23,300012,-0.43926714001153222,False,3082
3086,2026-09-23,600381,-0.4429221030549253,False,3083
3087,2026-09-23,600726,-0.44415986545496278,False,3084
3088,2026-09-23,001396,-0.4480128591065804,False,3085
3089,2026-09-23,600268,-0.45083891139556387,False,3086
3090,2026-09-23,300118,-0.45294496679240503,False,3087
3091,2026-09-23,000923,-0.45707867390734824,False,3088
3092,2026-09-23,300943,-0.45909311713599954,False,3089
3093,2026-09-23,002225,-0.4595626056332347,False,3090
3094,2026-09-23,300229,-0.45985435167957922,False,3091
3095,2026-09-23,688002,-0.46039574508791037,False,3092
3096,2026-09-23,300919,-0.46614375083460463,False,3093
3097,2026-09-23,603220,-0.47280271312496447,False,3094
3098,2026-09-23,603667,-0.47425187445906269,False,3095
3099,2026-09-23,002006,-0.47484793697919092,False,3096
3100,2026-09-23,601778,-0.47564404720734732,False,3097
3101,2026-09-23,000801,-0.48686505951660597,False,3098
3102,2026-09-23,603486,-0.4889858636783776,False,3099
3103,2026-09-23,000990,-0.48936524618518995,False,3100
3104,2026-09-23,002034,-0.490827382515028,False,3101
3105,2026-09-23,300170,-0.49092967315875347,False,3102
3106,2026-09-23,603183,-0.49776195790835165,False,3103
3107,2026-09-23,688049,-0.49811021882910378,False,3104
3108,2026-09-23,605189,-0.50112024184483905,False,3105
3109,2026-09-23,603615,-0.50153058749987589,False,3106
3110,2026-09-23,600935,-0.50279113368470374,False,3107
3111,2026-09-23,001336,-0.50309605349155273,False,3108
3112,2026-09-23,301172,-0.50424252960377758,False,3109
3113,2026-09-23,301221,-0.50492016955018426,False,3110
3114,2026-09-23,301276,-0.5056102702462425,False,3111
3115,2026-09-23,002240,-0.50935946841548319,False,3112
3116,2026-09-23,688722,-0.50976569847364139,False,3113
3117,2026-09-23,605333,-0.51035460265161492,False,3114
3118,2026-09-23,600862,-0.51143603488882539,False,3115
3119,2026-09-23,000600,-0.51534771947415736,False,3116
3120,2026-09-23,600827,-0.51965735933670598,False,3117
3121,2026-09-23,605222,-0.51993445190301135,False,3118
3122,2026-09-23,605289,-0.52875448104406209,False,3119
3123,2026-09-23,688608,-0.53167744876549561,False,3120
3124,2026-09-23,300920,-0.53477150606153101,False,3121
3125,2026-09-23,002358,-0.5376094666897957,False,3122
3126,2026-09-23,000559,-0.54035345707242177,False,3123
3127,2026-09-23,000829,-0.54112757884125029,False,3124
3128,2026-09-23,300896,-0.54200255329859814,False,3125
3129,2026-09-23,300785,-0.54218411989792958,False,3126
3130,2026-09-23,603813,-0.54299187682741945,False,3127
3131,2026-09-23,300699,-0.5448952955920765,False,3128
3132,2026-09-23,003019,-0.54682780400718967,False,3129
3133,2026-09-23,301306,-0.550949675861788,False,3130
3134,2026-09-23,300767,-0.55202776478883564,False,3131
3135,2026-09-23,301081,-0.55764026147090517,False,3132
3136,2026-09-23,000100,-0.56007479283096306,False,3133
3137,2026-09-23,601878,-0.56145798145491699,False,3134
3138,2026-09-23,688052,-0.56285377789865132,False,3135
3139,2026-09-23,002747,-0.5649414978461067,False,3136
3140,2026-09-23,688013,-0.56692641161656887,False,3137
3141,2026-09-23,002151,-0.57317859598905185,False,3138
3142,2026-09-23,300660,-0.57400860386477048,False,3139
3143,2026-09-23,301177,-0.57676936820469593,False,3140
3144,2026-09-23,301517,-0.58291170192010555,False,3141
3145,2026-09-23,603280,-0.58385085795052583,False,3142
3146,2026-09-23,300959,-0.58463346330912547,False,3143
3147,2026-09-23,301622,-0.58508624249628738,False,3144
3148,2026-09-23,300296,-0.58539757579999074,False,3145
3149,2026-09-23,001387,-0.58740380018793292,False,3146
3150,2026-09-23,000571,-0.58912383113110267,False,3147
3151,2026-09-23,603021,-0.58927623332386658,False,3148
3152,2026-09-23,000967,-0.59168951848035267,False,3149
3153,2026-09-23,000686,-0.5925023246242912,False,3150
3154,2026-09-23,002432,-0.59314129445562458,False,3151
3155,2026-09-23,601137,-0.59640713494516739,False,3152
3156,2026-09-23,601111,-0.60266581084440141,False,3153
3157,2026-09-23,300921,-0.60365130508521614,False,3154
3158,2026-09-23,600376,-0.6057656186495084,False,3155
3159,2026-09-23,688217,-0.60675805471364752,False,3156
3160,2026-09-23,688707,-0.60798681167858559,False,3157
3161,2026-09-23,300659,-0.60859070406241833,False,3158
3162,2026-09-23,600739,-0.61258359192828105,False,3159
3163,2026-09-23,002842,-0.61545770293614854,False,3160
3164,2026-09-23,600157,-0.61552904912096551,False,3161
3165,2026-09-23,300438,-0.6157875318211854,False,3162
3166,2026-09-23,001373,-0.61674097534803751,False,3163
3167,2026-09-23,600478,-0.62242899485580749,False,3164
3168,2026-09-23,603766,-0.62285463481349612,False,3165
3169,2026-09-23,301024,-0.62762786156370409,False,3166
3170,2026-09-23,603610,-0.63051815318969306,False,3167
3171,2026-09-23,002467,-0.63231148723152786,False,3168
3172,2026-09-23,601595,-0.63237141559904653,False,3169
3173,2026-09-23,301215,-0.63292541669102942,False,3170
3174,2026-09-23,301305,-0.63385564359822977,False,3171
3175,2026-09-23,688062,-0.63388059198930602,False,3172
3176,2026-09-23,300188,-0.63470475818642447,False,3173
3177,2026-09-23,600108,-0.63868555523338255,False,3174
3178,2026-09-23,002489,-0.63927151424874007,False,3175
3179,2026-09-23,001308,-0.64005490475509508,False,3176
3180,2026-09-23,688268,-0.64179204857613126,False,3177
3181,2026-09-23,300228,-0.64372537618226522,False,3178
3182,2026-09-23,301183,-0.6441083341506546,False,3179
3183,2026-09-23,688171,-0.64688646730858845,False,3180
3184,2026-09-23,600459,-0.65202920135997111,False,3181
3185,2026-09-23,601390,-0.65826566085481353,False,3182
3186,2026-09-23,688788,-0.65951307929212621,False,3183
3187,2026-09-23,300986,-0.66122124083321676,False,3184
3188,2026-09-23,600031,-0.66191971481450707,False,3185
3189,2026-09-23,600977,-0.66331382149624196,False,3186
3190,2026-09-23,600480,-0.66356161460866581,False,3187
3191,2026-09-23,688799,-0.66533887682248194,False,3188
3192,2026-09-23,002761,-0.66583655953489362,False,3189
3193,2026-09-23,000997,-0.66707270036788258,False,3190
3194,2026-09-23,000777,-0.67885785226120254,False,3191
3195,2026-09-23,601901,-0.68225535919492608,False,3192
3196,2026-09-23,600595,-0.68330090236984009,False,3193
3197,2026-09-23,002881,-0.68428973533511561,False,3194
3198,2026-09-23,002261,-0.69266379035884984,False,3195
3199,2026-09-23,601016,-0.69415336007046158,False,3196
3200,2026-09-23,603080,-0.69816546100001986,False,3197
3201,2026-09-23,300787,-0.71049347395727525,False,3198
3202,2026-09-23,002101,-0.71349199247828521,False,3199
3203,2026-09-23,300990,-0.71397653705897612,False,3200
3204,2026-09-23,688166,-0.71727974901595859,False,3201
3205,2026-09-23,300882,-0.71836882891270593,False,3202
3206,2026-09-23,002442,-0.71980354402087832,False,3203
3207,2026-09-23,002318,-0.72013112676809399,False,3204
3208,2026-09-23,600456,-0.72033723593936694,False,3205
3209,2026-09-23,603324,-0.72045502254606109,False,3206
3210,2026-09-23,601717,-0.72168251263579897,False,3207
3211,2026-09-23,688759,-0.7260085038384092,False,3208
3212,2026-09-23,300492,-0.72678091216716778,False,3209
3213,2026-09-23,002223,-0.72875581509055487,False,3210
3214,2026-09-23,000885,-0.7288400436452257,False,3211
3215,2026-09-23,601777,-0.7293510999935956,False,3212
3216,2026-09-23,603985,-0.7342437851767325,False,3213
3217,2026-09-23,688718,-0.73697947908125538,False,3214
3218,2026-09-23,002386,-0.7374163221724076,False,3215
3219,2026-09-23,600266,-0.73988893093200114,False,3216
3220,2026-09-23,688227,-0.74055959873352784,False,3217
3221,2026-09-23,600515,-0.74304004179319405,False,3218
3222,2026-09-23,601022,-0.74712135687238823,False,3219
3223,2026-09-23,002625,-0.75558199299407547,False,3220
3224,2026-09-23,600916,-0.76057349153936382,False,3221
3225,2026-09-23,601992,-0.76261518209214729,False,3222
3226,2026-09-23,300034,-0.76709365971464805,False,3223
3227,2026-09-23,688117,-0.76824492026641811,False,3224
3228,2026-09-23,002517,-0.770239550089451,False,3225
3229,2026-09-23,600755,-0.77308754960882309,False,3226
3230,2026-09-23,300160,-0.77476883904902594,False,3227
3231,2026-09-23,688322,-0.77688912628127316,False,3228
3232,2026-09-23,600143,-0.7798704223928753,False,3229
3233,2026-09-23,000639,-0.77992733225147193,False,3230
3234,2026-09-23,301000,-0.78043795953829731,False,3231
3235,2026-09-23,000821,-0.7810117035207802,False,3232
3236,2026-09-23,688728,-0.78432846659979694,False,3233
3237,2026-09-23,601688,-0.78556541582326467,False,3234
3238,2026-09-23,301489,-0.7877379025779323,False,3235
3239,2026-09-23,300812,-0.79456293200542394,False,3236
3240,2026-09-23,603500,-0.79775317099611964,False,3237
3241,2026-09-23,601727,-0.79869918758908554,False,3238
3242,2026-09-23,688023,-0.80054343427735475,False,3239
3243,2026-09-23,603319,-0.80085836996639514,False,3240
3244,2026-09-23,300057,-0.8015406116976691,False,3241
3245,2026-09-23,300428,-0.80233241241604036,False,3242
3246,2026-09-23,002232,-0.80269707144223179,False,3243
3247,2026-09-23,603370,-0.80420925144497846,False,3244
3248,2026-09-23,301182,-0.80538702205217882,False,3245
3249,2026-09-23,301617,-0.80682388433681984,False,3246
3250,2026-09-23,301063,-0.80700967985385086,False,3247
3251,2026-09-23,600055,-0.80704918333452114,False,3248
3252,2026-09-23,002079,-0.81355102379853261,False,3249
3253,2026-09-23,600166,-0.81606010958968067,False,3250
3254,2026-09-23,688259,-0.81622659041093393,False,3251
3255,2026-09-23,300383,-0.81718908832854431,False,3252
3256,2026-09-23,688368,-0.81796350206737367,False,3253
3257,2026-09-23,000565,-0.81805425954359701,False,3254
3258,2026-09-23,603271,-0.82692922620057963,False,3255
3259,2026-09-23,603885,-0.83146148370346162,False,3256
3260,2026-09-23,688651,-0.83280334346059537,False,3257
3261,2026-09-23,688418,-0.83851431948007327,False,3258
3262,2026-09-23,600489,-0.84052436685318477,False,3259
3263,2026-09-23,600579,-0.84247262467739881,False,3260
3264,2026-09-23,603908,-0.84367724124366883,False,3261
3265,2026-09-23,000800,-0.84634324789165227,False,3262
3266,2026-09-23,300641,-0.84847725983690303,False,3263
3267,2026-09-23,002065,-0.84878987775991743,False,3264
3268,2026-09-23,603291,-0.84921336314772455,False,3265
3269,2026-09-23,301191,-0.85089084793000591,False,3266
3270,2026-09-23,688116,-0.85275674372068488,False,3267
3271,2026-09-23,300752,-0.85325043107450127,False,3268
3272,2026-09-23,605255,-0.85838995393314299,False,3269
3273,2026-09-23,600983,-0.86037646449091199,False,3270
3274,2026-09-23,600559,-0.8638818823583212,False,3271
3275,2026-09-23,300866,-0.86734510511310781,False,3272
3276,2026-09-23,601881,-0.86943092043689441,False,3273
3277,2026-09-23,301333,-0.87029463511257132,False,3274
3278,2026-09-23,002870,-0.87169519866815781,False,3275
3279,2026-09-23,002508,-0.87272394516860996,False,3276
3280,2026-09-23,300550,-0.87699461447501492,False,3277
3281,2026-09-23,002811,-0.87797667226445963,False,3278
3282,2026-09-23,600720,-0.88427687762320994,False,3279
3283,2026-09-23,000720,-0.88581131840526028,False,3280
3284,2026-09-23,600628,-0.88638079683829729,False,3281
3285,2026-09-23,300755,-0.88751592575021609,False,3282
3286,2026-09-23,300467,-0.89017858126515725,False,3283
3287,2026-09-23,603380,-0.89335968361672258,False,3284
3288,2026-09-23,601877,-0.89573617991004562,False,3285
3289,2026-09-23,000750,-0.89578807918205583,False,3286
3290,2026-09-23,300446,-0.89601724473428801,False,3287
3291,2026-09-23,600567,-0.89948462227046955,False,3288
3292,2026-09-23,603658,-0.90066380096351706,False,3289
3293,2026-09-23,300841,-0.90487070292910543,False,3290
3294,2026-09-23,603352,-0.90899010420960114,False,3291
3295,2026-09-23,300826,-0.91553964300288493,False,3292
3296,2026-09-23,000670,-0.91631083877641051,False,3293
3297,2026-09-23,000723,-0.91662301993025819,False,3294
3298,2026-09-23,002546,-0.92253537571917388,False,3295
3299,2026-09-23,002642,-0.92501436379884305,False,3296
3300,2026-09-23,300757,-0.92510347485903033,False,3297
3301,2026-09-23,300926,-0.92763528938867412,False,3298
3302,2026-09-23,603156,-0.92909136317475993,False,3299
3303,2026-09-23,301020,-0.93446493653934126,False,3300
3304,2026-09-23,301195,-0.93555673652934113,False,3301
3305,2026-09-23,300011,-0.93582985080535686,False,3302
3306,2026-09-23,603277,-0.93915126647834435,False,3303
3307,2026-09-23,002845,-0.94223864420890124,False,3304
3308,2026-09-23,301717,-0.94869076343958025,False,3305
3309,2026-09-23,000625,-0.95153569485546263,False,3306
3310,2026-09-23,688595,-0.95205124499061922,False,3307
3311,2026-09-23,002414,-0.95426156060267187,False,3308
3312,2026-09-23,688055,-0.95639198586819685,False,3309
3313,2026-09-23,300668,-0.96893198387864343,False,3310
3314,2026-09-23,300928,-0.96979528507026491,False,3311
3315,2026-09-23,688739,-0.97452426569297768,False,3312
3316,2026-09-23,002123,-0.97470387190809427,False,3313
3317,2026-09-23,688696,-0.97870244534567907,False,3314
3318,2026-09-23,603321,-0.9804086020489533,False,3315
3319,2026-09-23,300115,-0.98157626110118579,False,3316
3320,2026-09-23,000166,-0.99115589633537193,False,3317
3321,2026-09-23,002324,-1.0004129844758198,False,3318
3322,2026-09-23,002162,-1.001643757719167,False,3319
3323,2026-09-23,603599,-1.0038337485544802,False,3320
3324,2026-09-23,000880,-1.0072926693249904,False,3321
3325,2026-09-23,002323,-1.0079231003931177,False,3322
3326,2026-09-23,002843,-1.0086911240674727,False,3323
3327,2026-09-23,603063,-1.0089263993443249,False,3324
3328,2026-09-23,600161,-1.0157878901033963,False,3325
3329,2026-09-23,600449,-1.0190481430047154,False,3326
3330,2026-09-23,000825,-1.0193663190168438,False,3327
3331,2026-09-23,688029,-1.0205722070086407,False,3328
3332,2026-09-23,000869,-1.0227821313817214,False,3329
3333,2026-09-23,300003,-1.0287484772015962,False,3330
3334,2026-09-23,601003,-1.0295391356823036,False,3331
3335,2026-09-23,600320,-1.0328317983272528,False,3332
3336,2026-09-23,600612,-1.0328551774759127,False,3333
3337,2026-09-23,002131,-1.0347829404074709,False,3334
3338,2026-09-23,300688,-1.0368262746473522,False,3335
3339,2026-09-23,000778,-1.0374261023714992,False,3336
3340,2026-09-23,601888,-1.0381243282799149,False,3337
3341,2026-09-23,600221,-1.041268839237544,False,3338
3342,2026-09-23,000009,-1.0417380333314163,False,3339
3343,2026-09-23,002988,-1.0496992543786141,False,3340
3344,2026-09-23,600234,-1.0548872443953117,False,3341
3345,2026-09-23,603871,-1.0553549078280331,False,3342
3346,2026-09-23,300051,-1.0581237987457239,False,3343
3347,2026-09-23,600961,-1.0592976528286839,False,3344
3348,2026-09-23,301263,-1.0601544594939503,False,3345
3349,2026-09-23,688290,-1.0640687357090077,False,3346
3350,2026-09-23,300763,-1.0652248388595722,False,3347
3351,2026-09-23,301667,-1.0673781927559132,False,3348
3352,2026-09-23,300435,-1.0679361182960669,False,3349
3353,2026-09-23,002818,-1.0679849592060564,False,3350
3354,2026-09-23,688475,-1.068846281241262,False,3351
3355,2026-09-23,603759,-1.0703721806714506,False,3352
3356,2026-09-23,688536,-1.0705436409373155,False,3353
3357,2026-09-23,002023,-1.0717828291685798,False,3354
3358,2026-09-23,000786,-1.0794227918022494,False,3355
3359,2026-09-23,301682,-1.0794989027449389,False,3356
3360,2026-09-23,300909,-1.0809063291680787,False,3357
3361,2026-09-23,603659,-1.0833755009583581,False,3358
3362,2026-09-23,300181,-1.0864496807287778,False,3359
3363,2026-09-23,600586,-1.0866421607830752,False,3360
3364,2026-09-23,688582,-1.0880837389846905,False,3361
3365,2026-09-23,000948,-1.0887474598599867,False,3362
3366,2026-09-23,300219,-1.0889436737600096,False,3363
3367,2026-09-23,688589,-1.0891160802883759,False,3364
3368,2026-09-23,301002,-1.0939814317296979,False,3365
3369,2026-09-23,603187,-1.0948516597860487,False,3366
3370,2026-09-23,300276,-1.096884587666612,False,3367
3371,2026-09-23,002978,-1.0974175844250884,False,3368
3372,2026-09-23,603035,-1.1031725950058207,False,3369
3373,2026-09-23,300772,-1.1039323134656334,False,3370
3374,2026-09-23,603527,-1.1050585608589893,False,3371
3375,2026-09-23,600816,-1.1065876516573685,False,3372
3376,2026-09-23,002373,-1.1098157753349824,False,3373
3377,2026-09-23,688114,-1.1140338941357628,False,3374
3378,2026-09-23,301161,-1.1214494749625565,False,3375
3379,2026-09-23,300019,-1.12238460923003,False,3376
3380,2026-09-23,688308,-1.1242265507009446,False,3377
3381,2026-09-23,002048,-1.1257153810685905,False,3378
3382,2026-09-23,002806,-1.1276340816389392,False,3379
3383,2026-09-23,600372,-1.1287477256740326,False,3380
3384,2026-09-23,002191,-1.1301073789291414,False,3381
3385,2026-09-23,600879,-1.1308164584430263,False,3382
3386,2026-09-23,002620,-1.1377443002758496,False,3383
3387,2026-09-23,002745,-1.1387728836068343,False,3384
3388,2026-09-23,603613,-1.1401701022399215,False,3385
3389,2026-09-23,301096,-1.1468206197398847,False,3386
3390,2026-09-23,300881,-1.1481522138749098,False,3387
3391,2026-09-23,001227,-1.1515526146930322,False,3388
3392,2026-09-23,600958,-1.1524648174365328,False,3389
3393,2026-09-23,300643,-1.155125042224765,False,3390
3394,2026-09-23,002534,-1.1555150435325068,False,3391
3395,2026-09-23,600362,-1.1591706954793781,False,3392
3396,2026-09-23,002958,-1.1605952256383012,False,3393
3397,2026-09-23,688107,-1.1619086032582664,False,3394
3398,2026-09-23,300293,-1.1638247147950576,False,3395
3399,2026-09-23,600495,-1.1647781553118759,False,3396
3400,2026-09-23,002183,-1.1648346966853071,False,3397
3401,2026-09-23,300066,-1.1664754531051515,False,3398
3402,2026-09-23,301093,-1.1692977762396566,False,3399
3403,2026-09-23,000791,-1.1701179909705868,False,3400
3404,2026-09-23,603898,-1.1710242936632143,False,3401
3405,2026-09-23,300246,-1.1754077809692105,False,3402
3406,2026-09-23,600908,-1.1755626803890984,False,3403
3407,2026-09-23,688092,-1.1780114801158621,False,3404
3408,2026-09-23,002093,-1.1792342607923596,False,3405
3409,2026-09-23,688550,-1.1806968138050138,False,3406
3410,2026-09-23,600764,-1.1815607299048105,False,3407
3411,2026-09-23,600877,-1.1849567768505049,False,3408
3412,2026-09-23,601377,-1.1876642209311363,False,3409
3413,2026-09-23,000049,-1.1895685074606703,False,3410
3414,2026-09-23,002050,-1.192494096176979,False,3411
3415,2026-09-23,688083,-1.1958237632829269,False,3412
3416,2026-09-23,000935,-1.1986154972437095,False,3413
3417,2026-09-23,300632,-1.2001559217126334,False,3414
3418,2026-09-23,002787,-1.2007237413872818,False,3415
3419,2026-09-23,603398,-1.2010992681183978,False,3416
3420,2026-09-23,300497,-1.2034903203669218,False,3417
3421,2026-09-23,000062,-1.2045839680222405,False,3418
3422,2026-09-23,000543,-1.2048652396167143,False,3419
3423,2026-09-23,600292,-1.2068710380135024,False,3420
3424,2026-09-23,603181,-1.2072725586936608,False,3421
3425,2026-09-23,601669,-1.2089198006894224,False,3422
3426,2026-09-23,000628,-1.2122899890064134,False,3423
3427,2026-09-23,603268,-1.2146229505496131,False,3424
3428,2026-09-23,600889,-1.2184560374171649,False,3425
3429,2026-09-23,601005,-1.2194797802813568,False,3426
3430,2026-09-23,600818,-1.2236313869671176,False,3427
3431,2026-09-23,000963,-1.2269595463774858,False,3428
3432,2026-09-23,600201,-1.2276571626019257,False,3429
3433,2026-09-23,603275,-1.2293783271840732,False,3430
3434,2026-09-23,001289,-1.2319233713560729,False,3431
3435,2026-09-23,605228,-1.2343086585783989,False,3432
3436,2026-09-23,688325,-1.2391655603665106,False,3433
3437,2026-09-23,002771,-1.2428993726405513,False,3434
3438,2026-09-23,300047,-1.2449821929015936,False,3435
3439,2026-09-23,000679,-1.2463141982559933,False,3436
3440,2026-09-23,002674,-1.2491711260845912,False,3437
3441,2026-09-23,001234,-1.2531177531980724,True,
3442,2026-09-23,603516,-1.2536927839978533,False,3438
3443,2026-09-23,688556,-1.2556539424185587,False,3439
3444,2026-09-23,301655,-1.2560203801479277,False,3440
3445,2026-09-23,001257,-1.2567003714720735,False,3441
3446,2026-09-23,300024,-1.2579674329445636,False,3442
3447,2026-09-23,605336,-1.2594863903491711,False,3443
3448,2026-09-23,603697,-1.2664314525085638,False,3444
3449,2026-09-23,600850,-1.2711078875529886,False,3445
3450,2026-09-23,300531,-1.2721659180983129,False,3446
3451,2026-09-23,000659,-1.2750571426272106,False,3447
3452,2026-09-23,600928,-1.2751518360140732,False,3448
3453,2026-09-23,002368,-1.2770246243214702,False,3449
3454,2026-09-23,688173,-1.2782638312302221,False,3450
3455,2026-09-23,603082,-1.2791681980787954,False,3451
3456,2026-09-23,000534,-1.2801373591120124,False,3452
3457,2026-09-23,002057,-1.2815738285660827,False,3453
3458,2026-09-23,002643,-1.2851428639319114,False,3454
3459,2026-09-23,002297,-1.2858476380721791,False,3455
3460,2026-09-23,688129,-1.2875047178694732,False,3456
3461,2026-09-23,600518,-1.2885684676231939,False,3457
3462,2026-09-23,600545,-1.295883245433648,False,3458
3463,2026-09-23,300018,-1.2973574556430265,False,3459
3464,2026-09-23,601096,-1.2998665248199754,False,3460
3465,2026-09-23,300274,-1.3011489162643546,False,3461
3466,2026-09-23,300648,-1.3025806379305314,False,3462
3467,2026-09-23,688819,-1.306640210305172,False,3463
3468,2026-09-23,300966,-1.3089866977253426,False,3464
3469,2026-09-23,001296,-1.3092607986326281,False,3465
3470,2026-09-23,301387,-1.3094136887489705,False,3466
3471,2026-09-23,000810,-1.3103818328584838,False,3467
3472,2026-09-23,002738,-1.3105642964297084,False,3468
3473,2026-09-23,301148,-1.3121944413946629,False,3469
3474,2026-09-23,002028,-1.3150524137465165,False,3470
3475,2026-09-23,300676,-1.3175262734836897,False,3471
3476,2026-09-23,300748,-1.3185945877220173,False,3472
3477,2026-09-23,603828,-1.3201474232325268,False,3473
3478,2026-09-23,301222,-1.3210877013067679,False,3474
3479,2026-09-23,301557,-1.3252214036385497,False,3475
3480,2026-09-23,688382,-1.3266683258887775,False,3476
3481,2026-09-23,603196,-1.3276958938530634,False,3477
3482,2026-09-23,300244,-1.330462880948019,False,3478
3483,2026-09-23,300613,-1.3368713460224806,False,3479
3484,2026-09-23,001287,-1.3384760071252999,False,3480
3485,2026-09-23,301589,-1.3387279313712042,False,3481
3486,2026-09-23,300723,-1.3388015177601402,False,3482
3487,2026-09-23,600880,-1.3397296259169762,False,3483
3488,2026-09-23,002340,-1.342508160399974,False,3484
3489,2026-09-23,002837,-1.3425689152036027,False,3485
3490,2026-09-23,002482,-1.3427868783801173,False,3486
3491,2026-09-23,000839,-1.3449506623540999,False,3487
3492,2026-09-23,002560,-1.3454538458838055,False,3488
3493,2026-09-23,000913,-1.3469871683674859,False,3489
3494,2026-09-23,300910,-1.3476706035280837,False,3490
3495,2026-09-23,301395,-1.3481105227284784,False,3491
3496,2026-09-23,002392,-1.3487871429096741,False,3492
3497,2026-09-23,688800,-1.3551298857738243,False,3493
3498,2026-09-23,002715,-1.3570520666565953,False,3494
3499,2026-09-23,300279,-1.358093361554094,False,3495
3500,2026-09-23,002497,-1.3607148290020374,False,3496
3501,2026-09-23,300680,-1.3613142109545546,False,3497
3502,2026-09-23,605507,-1.362640746009105,False,3498
3503,2026-09-23,002326,-1.3631506976591845,False,3499
3504,2026-09-23,603049,-1.3668191886891425,False,3500
3505,2026-09-23,601311,-1.3677716164664688,False,3501
3506,2026-09-23,002208,-1.3712345980305485,False,3502
3507,2026-09-23,603120,-1.3773628525766504,False,3503
3508,2026-09-23,688279,-1.3841163451441081,False,3504
3509,2026-09-23,300769,-1.3861166746927736,False,3505
3510,2026-09-23,605580,-1.3905612261831046,False,3506
3511,2026-09-23,002549,-1.3910234723742487,False,3507
3512,2026-09-23,300982,-1.3941838281194479,False,3508
3513,2026-09-23,688390,-1.3984053375801677,False,3509
3514,2026-09-23,002049,-1.4006710395979725,False,3510
3515,2026-09-23,600777,-1.4016867459616744,False,3511
3516,2026-09-23,603010,-1.409641873097454,False,3512
3517,2026-09-23,600308,-1.4117492585041747,False,3513
3518,2026-09-23,603379,-1.4120885956003624,False,3514
3519,2026-09-23,002730,-1.4121912986861878,False,3515
3520,2026-09-23,300877,-1.422418112653498,False,3516
3521,2026-09-23,605277,-1.4259751050539942,False,3517
3522,2026-09-23,603025,-1.4264788679083686,False,3518
3523,2026-09-23,603508,-1.4277842782167853,False,3519
3524,2026-09-23,603530,-1.4281801363119264,False,3520
3525,2026-09-23,301010,-1.4383032914170166,False,3521
3526,2026-09-23,300861,-1.4406764666247236,False,3522
3527,2026-09-23,688472,-1.4430168832019366,False,3523
3528,2026-09-23,300109,-1.4452841612530389,False,3524
3529,2026-09-23,000728,-1.4477125408583862,False,3525
3530,2026-09-23,688106,-1.4505222877646449,False,3526
3531,2026-09-23,688395,-1.4519486206163685,False,3527
3532,2026-09-23,600061,-1.4542833865001574,False,3528
3533,2026-09-23,600737,-1.4544970506561885,False,3529
3534,2026-09-23,600436,-1.4568004455199202,False,3530
3535,2026-09-23,001221,-1.457155894210723,False,3531
3536,2026-09-23,603966,-1.4577520129058605,False,3532
3537,2026-09-23,301599,-1.4585281687452469,False,3533
3538,2026-09-23,600637,-1.4600722253518952,False,3534
3539,2026-09-23,300573,-1.4602315030477424,False,3535
3540,2026-09-23,301255,-1.4645755511528751,False,3536
3541,2026-09-23,600763,-1.4647597336507587,False,3537
3542,2026-09-23,600088,-1.4688628465427211,False,3538
3543,2026-09-23,002077,-1.4689916101269529,False,3539
3544,2026-09-23,002025,-1.4702289175965197,False,3540
3545,2026-09-23,603903,-1.4771246075143716,False,3541
3546,2026-09-23,603373,-1.4811891654899008,True,
3547,2026-09-23,300590,-1.485636296873349,False,3542
3548,2026-09-23,301308,-1.4950860155308399,False,3543
3549,2026-09-23,002483,-1.4962234995894903,False,3544
3550,2026-09-23,603279,-1.4982885762981004,False,3545
3551,2026-09-23,688597,-1.4985466204857256,False,3546
3552,2026-09-23,688228,-1.5002588746726966,False,3547
3553,2026-09-23,688479,-1.5002697521636128,False,3548
3554,2026-09-23,688206,-1.5003329350958574,False,3549
3555,2026-09-23,600180,-1.5050074407687521,False,3550
3556,2026-09-23,002993,-1.5081726459170919,False,3551
3557,2026-09-23,600765,-1.5109153597884546,False,3552
3558,2026-09-23,601601,-1.5145477545616326,False,3553
3559,2026-09-23,300963,-1.515816261326516,False,3554
3560,2026-09-23,002129,-1.5170272125991522,False,3555
3561,2026-09-23,603838,-1.5170351341596198,False,3556
3562,2026-09-23,601868,-1.5177924026579479,False,3557
3563,2026-09-23,000819,-1.5249048966489898,False,3558
3564,2026-09-23,601975,-1.5262659480265999,False,3559
3565,2026-09-23,688109,-1.5297596094224093,False,3560
3566,2026-09-23,002044,-1.5363908876144963,False,3561
3567,2026-09-23,002541,-1.5375322797035205,True,
3568,2026-09-23,002823,-1.5433788956962906,False,3562
3569,2026-09-23,600621,-1.5460755656855434,False,3563
3570,2026-09-23,300542,-1.5510559288309849,False,3564
3571,2026-09-23,300665,-1.5515315637939415,False,3565
3572,2026-09-23,688253,-1.5538069596764632,False,3566
3573,2026-09-23,601456,-1.5556135989383597,False,3567
3574,2026-09-23,000069,-1.5569199544234578,False,3568
3575,2026-09-23,601369,-1.5605002096674898,False,3569
3576,2026-09-23,301187,-1.560979419083254,False,3570
3577,2026-09-23,000591,-1.5656516121335915,False,3571
3578,2026-09-23,688125,-1.5672389028054678,False,3572
3579,2026-09-23,301555,-1.5677282936890578,False,3573
3580,2026-09-23,688805,-1.579263595442169,False,3574
3581,2026-09-23,301696,-1.5852100271701963,False,3575
3582,2026-09-23,002204,-1.5909605110680476,False,3576
3583,2026-09-23,603444,-1.5916200233621602,False,3577
3584,2026-09-23,300046,-1.5965881537194582,False,3578
3585,2026-09-23,600686,-1.6037593775000558,False,3579
3586,2026-09-23,000977,-1.6082439595201241,False,3580
3587,2026-09-23,002158,-1.6085465081860413,False,3581
3588,2026-09-23,002927,-1.6135798548389284,False,3582
3589,2026-09-23,300378,-1.6140742612316406,False,3583
3590,2026-09-23,688686,-1.6149893081817388,False,3584
3591,2026-09-23,301053,-1.6168459649953362,False,3585
3592,2026-09-23,605398,-1.6180713210425561,False,3586
3593,2026-09-23,688041,-1.6186294240559977,False,3587
3594,2026-09-23,603108,-1.6187030480011229,False,3588
3595,2026-09-23,300376,-1.6196760144707829,False,3589
3596,2026-09-23,688120,-1.6225399304173198,False,3590
3597,2026-09-23,600026,-1.6235843516023767,False,3591
3598,2026-09-23,000027,-1.6266441749408163,False,3592
3599,2026-09-23,002337,-1.6281032422423651,False,3593
3600,2026-09-23,002263,-1.6311533240208094,False,3594
3601,2026-09-23,601899,-1.6313069049583366,False,3595
3602,2026-09-23,603301,-1.6331739808451857,False,3596
3603,2026-09-23,600587,-1.6393413219572339,False,3597
3604,2026-09-23,603726,-1.6405364110840912,False,3598
3605,2026-09-23,300572,-1.6418424653811776,False,3599
3606,2026-09-23,002673,-1.6466684699413026,False,3600
3607,2026-09-23,605100,-1.6486094048549176,False,3601
3608,2026-09-23,002726,-1.6504896485364231,False,3602
3609,2026-09-23,605287,-1.6530273246875002,False,3603
3610,2026-09-23,600585,-1.6582517183689816,False,3604
3611,2026-09-23,688102,-1.6727396425302015,False,3605
3612,2026-09-23,600106,-1.6807879738194669,False,3606
3613,2026-09-23,000752,-1.6835077187383973,False,3607
3614,2026-09-23,300129,-1.6913398581193215,False,3608
3615,2026-09-23,000953,-1.6929790345530116,False,3609
3616,2026-09-23,301110,-1.7020973979967495,False,3610
3617,2026-09-23,601098,-1.7037686645044281,False,3611
3618,2026-09-23,601066,-1.7047085098228933,False,3612
3619,2026-09-23,002780,-1.704810444629385,False,3613
3620,2026-09-23,002797,-1.7091123704974727,False,3614
3621,2026-09-23,002955,-1.7093217157970684,False,3615
3622,2026-09-23,688247,-1.711946322251781,False,3616
3623,2026-09-23,688513,-1.7131394102535498,False,3617
3624,2026-09-23,603166,-1.7158133510396616,False,3618
3625,2026-09-23,688561,-1.7167892215714722,False,3619
3626,2026-09-23,688063,-1.7177383733034364,False,3620
3627,2026-09-23,603186,-1.7185040630778792,False,3621
3628,2026-09-23,688653,-1.7199205497304026,False,3622
3629,2026-09-23,600354,-1.7203892956448481,False,3623
3630,2026-09-23,600745,-1.7243549879790598,False,3624
3631,2026-09-23,002314,-1.7246893852228586,False,3625
3632,2026-09-23,300185,-1.725484251037368,False,3626
3633,2026-09-23,002097,-1.7263430488088116,False,3627
3634,2026-09-23,688566,-1.7294322028815121,False,3628
3635,2026-09-23,000541,-1.7321865086009431,False,3629
3636,2026-09-23,600615,-1.7417693325368893,False,3630
3637,2026-09-23,600516,-1.7450349383408863,False,3631
3638,2026-09-23,300558,-1.7519710202311698,False,3632
3639,2026-09-23,688663,-1.7557757066896162,False,3633
3640,2026-09-23,002824,-1.7577920485861229,False,3634
3641,2026-09-23,600076,-1.7598994530401706,False,3635
3642,2026-09-23,300808,-1.7605347292355011,False,3636
3643,2026-09-23,002967,-1.762324527386443,False,3637
3644,2026-09-23,301236,-1.7643277040237928,False,3638
3645,2026-09-23,603559,-1.7669939089291566,False,3639
3646,2026-09-23,600155,-1.7701395028742843,False,3640
3647,2026-09-23,300360,-1.7704198080959721,False,3641
3648,2026-09-23,600981,-1.7773053424127625,False,3642
3649,2026-09-23,000629,-1.7818550120810375,False,3643
3650,2026-09-23,688299,-1.7858201073169555,False,3644
3651,2026-09-23,688213,-1.7870809044845855,False,3645
3652,2026-09-23,688981,-1.7897826373206991,False,3646
3653,2026-09-23,002252,-1.7901893820014059,False,3647
3654,2026-09-23,000607,-1.7916314971726268,False,3648
3655,2026-09-23,688036,-1.7987339922399737,False,3649
3656,2026-09-23,688126,-1.7987552461111331,False,3650
3657,2026-09-23,688391,-1.8007300077941739,False,3651
3658,2026-09-23,603337,-1.8025797781748165,False,3652
3659,2026-09-23,301529,-1.8025859428308979,False,3653
3660,2026-09-23,688159,-1.8040817049305198,False,3654
3661,2026-09-23,600851,-1.8068972116340829,False,3655
3662,2026-09-23,301128,-1.8097019164708881,False,3656
3663,2026-09-23,600406,-1.8100542024741231,False,3657
3664,2026-09-23,605168,-1.8103189719878072,False,3658
3665,2026-09-23,002167,-1.8143239543160039,False,3659
3666,2026-09-23,601127,-1.8189225849662312,False,3660
3667,2026-09-23,603013,-1.8191334487874828,False,3661
3668,2026-09-23,600120,-1.8204773105367416,False,3662
3669,2026-09-23,002024,-1.8210708121663584,False,3663
3670,2026-09-23,301219,-1.8221004783164898,False,3664
3671,2026-09-23,002594,-1.8270836417447416,False,3665
3672,2026-09-23,300327,-1.8353202083606592,False,3666
3673,2026-09-23,300671,-1.8360856600603959,False,3667
3674,2026-09-23,603178,-1.8399439915817284,False,3668
3675,2026-09-23,603179,-1.8447194359741328,False,3669
3676,2026-09-23,600930,-1.8471035905302977,False,3670
3677,2026-09-23,300287,-1.8472086338347999,False,3671
3678,2026-09-23,688376,-1.8483691572519296,False,3672
3679,2026-09-23,002971,-1.8521778625843037,False,3673
3680,2026-09-23,603577,-1.8627889961267168,False,3674
3681,2026-09-23,002646,-1.8688675424177399,False,3675
3682,2026-09-23,300226,-1.8705700912247143,False,3676
3683,2026-09-23,603167,-1.8758130766569749,False,3677
3684,2026-09-23,600520,-1.8786200755279658,False,3678
3685,2026-09-23,300520,-1.8803712712389773,False,3679
3686,2026-09-23,600808,-1.8822901813510891,False,3680
3687,2026-09-23,000768,-1.8869913106067819,False,3681
3688,2026-09-23,002786,-1.8870904717810619,False,3682
3689,2026-09-23,003022,-1.8872614859477008,False,3683
3690,2026-09-23,601068,-1.8894519947490425,False,3684
3691,2026-09-23,002997,-1.8897508733222346,False,3685
3692,2026-09-23,002733,-1.8948398101501964,False,3686
3693,2026-09-23,600905,-1.8961107773034103,False,3687
3694,2026-09-23,600685,-1.896798484624465,False,3688
3695,2026-09-23,600779,-1.9035805472763927,False,3689
3696,2026-09-23,002135,-1.9037725578181273,False,3690
3697,2026-09-23,301328,-1.9049751173157365,False,3691
3698,2026-09-23,688197,-1.9066520354433114,False,3692
3699,2026-09-23,603638,-1.9143748812851311,False,3693
3700,2026-09-23,603078,-1.9174250892378772,False,3694
3701,2026-09-23,002446,-1.9188096717116572,False,3695
3702,2026-09-23,688188,-1.9191326013868624,False,3696
3703,2026-09-23,300249,-1.9203367054098106,False,3697
3704,2026-09-23,688439,-1.9228866808373304,False,3698
3705,2026-09-23,002936,-1.9279588801173346,False,3699
3706,2026-09-23,301310,-1.9280933622371657,False,3700
3707,2026-09-23,688180,-1.9310784176683957,False,3701
3708,2026-09-23,688130,-1.9318578397869086,False,3702
3709,2026-09-23,688665,-1.9383001783307874,False,3703
3710,2026-09-23,603300,-1.9417610037394968,False,3704
3711,2026-09-23,002148,-1.942571520606275,False,3705
3712,2026-09-23,002027,-1.9443628980282446,False,3706
3713,2026-09-23,301200,-1.9446434695131769,False,3707
3714,2026-09-23,002527,-1.9450579362930873,False,3708
3715,2026-09-23,002283,-1.9476060568961164,False,3709
3716,2026-09-23,301248,-1.948817570382436,False,3710
3717,2026-09-23,603666,-1.9502167222956306,False,3711
3718,2026-09-23,002422,-1.9545901858920096,False,3712
3719,2026-09-23,300695,-1.9567954298082602,False,3713
3720,2026-09-23,301198,-1.9650572682686258,False,3714
3721,2026-09-23,300736,-1.9669415129451044,False,3715
3722,2026-09-23,002615,-1.9695471752076819,False,3716
3723,2026-09-23,000921,-1.9695832400649143,False,3717
3724,2026-09-23,301207,-1.9725147415914144,False,3718
3725,2026-09-23,688178,-1.9748058626667282,False,3719
3726,2026-09-23,600761,-1.9775036921201878,False,3720
3727,2026-09-23,002653,-1.9782105018205713,False,3721
3728,2026-09-23,002902,-1.979916035613785,False,3722
3729,2026-09-23,002951,-1.981555551153126,False,3723
3730,2026-09-23,603501,-1.9842943732750449,False,3724
3731,2026-09-23,300322,-1.9911818185405745,False,3725
3732,2026-09-23,301658,-1.9916497756715068,False,3726
3733,2026-09-23,688693,-1.9920411452688294,False,3727
3734,2026-09-23,600742,-1.9941378238095908,False,3728
3735,2026-09-23,603068,-1.9959860218430832,False,3729
3736,2026-09-23,601995,-2.0011726247964616,False,3730
3737,2026-09-23,603396,-2.0032342614949097,True,
3738,2026-09-23,688172,-2.0040428885546824,False,3731
3739,2026-09-23,300097,-2.0075974302549766,False,3732
3740,2026-09-23,001914,-2.0123351667123863,False,3733
3741,2026-09-23,000568,-2.0162248609683986,False,3734
3742,2026-09-23,301193,-2.0177059225958631,False,3735
3743,2026-09-23,002402,-2.019254040607124,False,3736
3744,2026-09-23,300222,-2.0273281054353154,False,3737
3745,2026-09-23,688078,-2.0275358421909342,False,3738
3746,2026-09-23,300184,-2.0288759235599341,False,3739
3747,2026-09-23,000987,-2.0337947656471322,False,3740
3748,2026-09-23,600284,-2.0347130998015697,False,3741
3749,2026-09-23,300364,-2.0382920967353195,False,3742
3750,2026-09-23,688019,-2.0395683618040832,False,3743
3751,2026-09-23,300470,-2.0401220878347943,False,3744
3752,2026-09-23,300751,-2.0419324299357817,False,3745
3753,2026-09-23,301057,-2.0440526775961887,False,3746
3754,2026-09-23,605118,-2.045660461180006,False,3747
3755,2026-09-23,002043,-2.0459240133736039,False,3748
3756,2026-09-23,300893,-2.0460456792466957,False,3749
3757,2026-09-23,600460,-2.0492593781780277,False,3750
3758,2026-09-23,300200,-2.050187982745749,False,3751
3759,2026-09-23,603800,-2.0524699404204241,False,3752
3760,2026-09-23,000050,-2.0526155464670421,False,3753
3761,2026-09-23,002213,-2.0539607547891294,False,3754
3762,2026-09-23,300256,-2.0625388318517679,False,3755
3763,2026-09-23,301498,-2.0640933887924215,False,3756
3764,2026-09-23,002378,-2.0656374761876766,False,3757
3765,2026-09-23,688387,-2.0657360483334415,False,3758
3766,2026-09-23,688281,-2.0673104380440361,False,3759
3767,2026-09-23,301016,-2.0690738437889977,False,3760
3768,2026-09-23,600588,-2.0721394417960464,False,3761
3769,2026-09-23,688779,-2.074983399238219,False,3762
3770,2026-09-23,603858,-2.0758793521425503,False,3763
3771,2026-09-23,688370,-2.0775927086302342,False,3764
3772,2026-09-23,603929,-2.08039395813665,False,3765
3773,2026-09-23,301075,-2.0827209714427526,False,3766
3774,2026-09-23,301315,-2.0842751990651562,False,3767
3775,2026-09-23,688676,-2.0872497211850112,False,3768
3776,2026-09-23,003023,-2.0911394586818468,False,3769
3777,2026-09-23,002195,-2.0948785250800031,False,3770
3778,2026-09-23,600392,-2.097793588585894,False,3771
3779,2026-09-23,301157,-2.0992246493351479,False,3772
3780,2026-09-23,688348,-2.1013748488828359,False,3773
3781,2026-09-23,600927,-2.1047663186971564,False,3774
3782,2026-09-23,003031,-2.1058810668611736,False,3775
3783,2026-09-23,688507,-2.1077462985143844,False,3776
3784,2026-09-23,600846,-2.1124329010790404,False,3777
3785,2026-09-23,301165,-2.113749743040426,False,3778
3786,2026-09-23,301269,-2.1143105878156496,False,3779
3787,2026-09-23,688720,-2.1184509881940663,False,3780
3788,2026-09-23,603606,-2.1201715799391225,False,3781
3789,2026-09-23,603092,-2.1203783635687845,False,3782
3790,2026-09-23,603345,-2.1226403628378252,False,3783
3791,2026-09-23,002472,-2.1258753615405537,False,3784
3792,2026-09-23,600841,-2.1274182881302601,False,3785
3793,2026-09-23,300131,-2.1309495197213035,False,3786
3794,2026-09-23,301225,-2.1314130449597952,False,3787
3795,2026-09-23,000063,-2.131871932005065,False,3788
3796,2026-09-23,600590,-2.1319959732725007,False,3789
3797,2026-09-23,301314,-2.1358323791014486,False,3790
3798,2026-09-23,600171,-2.1374377667101596,False,3791
3799,2026-09-23,603087,-2.1411976565204638,False,3792
3800,2026-09-23,603008,-2.1490121550931347,False,3793
3801,2026-09-23,603138,-2.1519006074233751,False,3794
3802,2026-09-23,002655,-2.1540159809175483,False,3795
3803,2026-09-23,301360,-2.1547354368823473,False,3796
3804,2026-09-23,688343,-2.1565884551008088,False,3797
3805,2026-09-23,002968,-2.1589403839221752,False,3798
3806,2026-09-23,002590,-2.1695719076583098,False,3799
3807,2026-09-23,600067,-2.1697378681622195,False,3800
3808,2026-09-23,300415,-2.1700090002274872,False,3801
3809,2026-09-23,000030,-2.1765154165852278,False,3802
3810,2026-09-23,688093,-2.1773711894886398,False,3803
3811,2026-09-23,688195,-2.1782841269644195,False,3804
3812,2026-09-23,002457,-2.1817677607773489,False,3805
3813,2026-09-23,300119,-2.1821962574266891,False,3806
3814,2026-09-23,603260,-2.1871335905366598,False,3807
3815,2026-09-23,603997,-2.1872616734745476,False,3808
3816,2026-09-23,300886,-2.1882802749234154,False,3809
3817,2026-09-23,688027,-2.1891025966680875,False,3810
3818,2026-09-23,001312,-2.1969354304176374,False,3811
3819,2026-09-23,688425,-2.1991809355610972,False,3812
3820,2026-09-23,300281,-2.2006036417485566,False,3813
3821,2026-09-23,300815,-2.2060084662674821,False,3814
3822,2026-09-23,000528,-2.2127671870115302,False,3815
3823,2026-09-23,300487,-2.215060315940284,False,3816
3824,2026-09-23,601886,-2.2151622527022279,False,3817
3825,2026-09-23,300571,-2.217023182674819,False,3818
3826,2026-09-23,000703,-2.2218193276582747,False,3819
3827,2026-09-23,600301,-2.223262224275576,False,3820
3828,2026-09-23,002709,-2.224972235387741,False,3821
3829,2026-09-23,000737,-2.2292251008757389,False,3822
3830,2026-09-23,000513,-2.2355325781176845,False,3823
3831,2026-09-23,603005,-2.238175184529263,False,3824
3832,2026-09-23,688252,-2.238257228944752,False,3825
3833,2026-09-23,600369,-2.2406580640331173,False,3826
3834,2026-09-23,300913,-2.2452542102891662,False,3827
3835,2026-09-23,301638,-2.2484573069391387,False,3828
3836,2026-09-23,300775,-2.2538199770551977,False,3829
3837,2026-09-23,000157,-2.2550963762686091,False,3830
3838,2026-09-23,300145,-2.2575469869553619,False,3831
3839,2026-09-23,301228,-2.2639390706425995,False,3832
3840,2026-09-23,603699,-2.2714461234243943,False,3833
3841,2026-09-23,300623,-2.2744106336502412,False,3834
3842,2026-09-23,301339,-2.2784666023425211,False,3835
3843,2026-09-23,300223,-2.2844491446272643,False,3836
3844,2026-09-23,688307,-2.2849636089064607,False,3837
3845,2026-09-23,300101,-2.290210019063466,False,3838
3846,2026-09-23,603119,-2.2930807455958724,False,3839
3847,2026-09-23,601636,-2.2978381616653927,False,3840
3848,2026-09-23,603065,-2.298451695525987,False,3841
3849,2026-09-23,688266,-2.2998969675798389,False,3842
3850,2026-09-23,600603,-2.3007062580552207,False,3843
3851,2026-09-23,688778,-2.3027894792182231,False,3844
3852,2026-09-23,002921,-2.3038776622341075,False,3845
3853,2026-09-23,688208,-2.3054193055286838,False,3846
3854,2026-09-23,600864,-2.3080835324318301,False,3847
3855,2026-09-23,601860,-2.3094210471931795,False,3848
3856,2026-09-23,301699,-2.3163019332262937,False,3849
3857,2026-09-23,688652,-2.3192921078599054,False,3850
3858,2026-09-23,600218,-2.3200624758556958,False,3851
3859,2026-09-23,600881,-2.3204476285800255,False,3852
3860,2026-09-23,688065,-2.3204557812551445,False,3853
3861,2026-09-23,000672,-2.3241018744751472,False,3854
3862,2026-09-23,605318,-2.339003821127736,False,3855
3863,2026-09-23,300827,-2.3391269524826033,False,3856
3864,2026-09-23,688798,-2.3432509109658306,False,3857
3865,2026-09-23,301168,-2.3480367885012949,False,3858
3866,2026-09-23,000631,-2.3518320558812906,False,3859
3867,2026-09-23,603218,-2.3574134188275786,False,3860
3868,2026-09-23,301070,-2.3588024660060278,False,3861
3869,2026-09-23,301107,-2.3597760741922986,False,3862
3870,2026-09-23,603127,-2.3610279171573616,False,3863
3871,2026-09-23,603290,-2.3620144837498787,False,3864
3872,2026-09-23,600939,-2.3650960330386699,False,3865
3873,2026-09-23,000055,-2.3694142423676827,False,3866
3874,2026-09-23,000711,-2.3710494733465484,False,3867
3875,2026-09-23,300014,-2.3713810905208925,False,3868
3876,2026-09-23,600537,-2.3755335233263239,False,3869
3877,2026-09-23,688349,-2.3799618421836013,False,3870
3878,2026-09-23,002259,-2.3807721501686987,False,3871
3879,2026-09-23,000610,-2.3812848202246171,False,3872
3880,2026-09-23,301017,-2.3869553428469614,False,3873
3881,2026-09-23,688326,-2.3898759898602986,False,3874
3882,2026-09-23,688750,-2.3903352069718893,False,3875
3883,2026-09-23,600233,-2.391062144522321,False,3876
3884,2026-09-23,300478,-2.3935414372154407,False,3877
3885,2026-09-23,688768,-2.3963342649543424,False,3878
3886,2026-09-23,000713,-2.4015295069311442,False,3879
3887,2026-09-23,688567,-2.4033598448735378,False,3880
3888,2026-09-23,603019,-2.4058561529878166,False,3881
3889,2026-09-23,688396,-2.4062656889458394,False,3882
3890,2026-09-23,300162,-2.4072124388013769,False,3883
3891,2026-09-23,300984,-2.4152059737940235,False,3884
3892,2026-09-23,301238,-2.4211058454225105,False,3885
3893,2026-09-23,600366,-2.4216104275083064,False,3886
3894,2026-09-23,688068,-2.422219558392225,False,3887
3895,2026-09-23,688315,-2.4230014786155363,False,3888
3896,2026-09-23,300715,-2.423950954881934,False,3889
3897,2026-09-23,300488,-2.4294866777200568,False,3890
3898,2026-09-23,600010,-2.4350780234440257,False,3891
3899,2026-09-23,300496,-2.4354299993251232,False,3892
3900,2026-09-23,601162,-2.4394098220597336,False,3893
3901,2026-09-23,600999,-2.4408234583216362,False,3894
3902,2026-09-23,603350,-2.4432473512255246,False,3895
3903,2026-09-23,600679,-2.4557878212305431,False,3896
3904,2026-09-23,300418,-2.4576266529720066,False,3897
3905,2026-09-23,601226,-2.4589066414083094,False,3898
3906,2026-09-23,600243,-2.4619761504442073,False,3899
3907,2026-09-23,300401,-2.46804203825408,False,3900
3908,2026-09-23,688456,-2.4699896004643147,False,3901
3909,2026-09-23,300618,-2.470285686347689,False,3902
3910,2026-09-23,300015,-2.4740029008246687,False,3903
3911,2026-09-23,001280,-2.4766085637396498,False,3904
3912,2026-09-23,605378,-2.4776228646935756,False,3905
3913,2026-09-23,300217,-2.4779259368687629,False,3906
3914,2026-09-23,300450,-2.4789227286743976,False,3907
3915,2026-09-23,603051,-2.4801472478307294,False,3908
3916,2026-09-23,301580,-2.4831315909140246,False,3909
3917,2026-09-23,002056,-2.4858538161803403,False,3910
3918,2026-09-23,300661,-2.4873807940035721,False,3911
3919,2026-09-23,600563,-2.4876319044283806,False,3912
3920,2026-09-23,603150,-2.4879060730731721,False,3913
3921,2026-09-23,002510,-2.4889743728566085,False,3914
3922,2026-09-23,600370,-2.4917322400778481,False,3915
3923,2026-09-23,603160,-2.5018198668989546,False,3916
3924,2026-09-23,600769,-2.5021701134959957,False,3917
3925,2026-09-23,001339,-2.5039858002719027,False,3918
3926,2026-09-23,688016,-2.504211768328084,False,3919
3927,2026-09-23,688795,-2.5061984193516196,False,3920
3928,2026-09-23,002255,-2.5088533466243739,False,3921
3929,2026-09-23,300738,-2.5107547673873478,False,3922
3930,2026-09-23,301456,-2.5121351122229969,False,3923
3931,2026-09-23,002366,-2.512792178823207,False,3924
3932,2026-09-23,603418,-2.513379201839125,False,3925
3933,2026-09-23,300576,-2.5234493723203766,False,3926
3934,2026-09-23,300171,-2.5252362523563416,False,3927
3935,2026-09-23,301383,-2.5284051012773472,False,3928
3936,2026-09-23,000970,-2.5296124344665687,False,3929
3937,2026-09-23,300820,-2.5347759127251148,False,3930
3938,2026-09-23,002466,-2.5404563179137023,False,3931
3939,2026-09-23,603061,-2.5412389340598658,False,3932
3940,2026-09-23,002767,-2.5452927893383257,False,3933
3941,2026-09-23,600100,-2.5454618045525041,False,3934
3942,2026-09-23,688187,-2.5480532562872127,False,3935
3943,2026-09-23,300059,-2.5516644204866514,False,3936
3944,2026-09-23,002790,-2.5625130393291302,False,3937
3945,2026-09-23,603225,-2.5631274043522234,False,3938
3946,2026-09-23,688163,-2.564601123509453,False,3939
3947,2026-09-23,002925,-2.570783496116654,False,3940
3948,2026-09-23,688584,-2.5730324983169961,False,3941
3949,2026-09-23,000785,-2.5785553058124782,False,3942
3950,2026-09-23,300261,-2.5853481825118894,False,3943
3951,2026-09-23,603601,-2.5854357799764247,False,3944
3952,2026-09-23,600196,-2.5872468296232709,False,3945
3953,2026-09-23,688135,-2.587548585704452,False,3946
3954,2026-09-23,300303,-2.5912672478709746,False,3947
3955,2026-09-23,688286,-2.5962767897117525,False,3948
3956,2026-09-23,603583,-2.597988611440496,False,3949
3957,2026-09-23,601155,-2.5986794356272194,False,3950
3958,2026-09-23,600549,-2.599915231475463,False,3951
3959,2026-09-23,301300,-2.6082488705269045,False,3952
3960,2026-09-23,000682,-2.6097878846909071,False,3953
3961,2026-09-23,688262,-2.6172216118370364,False,3954
3962,2026-09-23,000721,-2.6285389997231103,False,3955
3963,2026-09-23,002011,-2.6293969556629557,False,3956
3964,2026-09-23,601099,-2.6337213404893598,False,3957
3965,2026-09-23,688103,-2.6399560703920573,False,3958
3966,2026-09-23,300070,-2.6404550309762791,False,3959
3967,2026-09-23,688108,-2.6406102516142549,False,3960
3968,2026-09-23,002397,-2.6554029426170498,False,3961
3969,2026-09-23,300430,-2.6560277530087015,False,3962
3970,2026-09-23,300486,-2.6580809035420385,False,3963
3971,2026-09-23,603843,-2.6675198442011645,False,3964
3972,2026-09-23,600259,-2.6741628856632325,False,3965
3973,2026-09-23,600895,-2.6752829066949233,False,3966
3974,2026-09-23,301349,-2.6913257077996238,False,3967
3975,2026-09-23,300481,-2.6913354724785035,False,3968
3976,2026-09-23,002996,-2.6956530515500225,False,3969
3977,2026-09-23,000932,-2.7006755484492153,False,3970
3978,2026-09-23,002515,-2.7014282940668699,False,3971
3979,2026-09-23,688520,-2.7018725156053671,False,3972
3980,2026-09-23,601789,-2.7027938861241507,False,3973
3981,2026-09-23,688502,-2.7052256959879504,False,3974
3982,2026-09-23,688012,-2.7072238179879577,False,3975
3983,2026-09-23,300419,-2.7076757964987372,False,3976
3984,2026-09-23,301571,-2.712338382254984,False,3977
3985,2026-09-23,688320,-2.7126325617314753,False,3978
3986,2026-09-23,300894,-2.7175557249985718,False,3979
3987,2026-09-23,688563,-2.7177216735931635,False,3980
3988,2026-09-23,001228,-2.7184015258575145,False,3981
3989,2026-09-23,000795,-2.7220956298702017,False,3982
3990,2026-09-23,688155,-2.7325453015439294,False,3983
3991,2026-09-23,301229,-2.7333524815261865,False,3984
3992,2026-09-23,601908,-2.7357340751664059,False,3985
3993,2026-09-23,002099,-2.7383452646571884,False,3986
3994,2026-09-23,000609,-2.7432675200553165,False,3987
3995,2026-09-23,002736,-2.7447257986539304,False,3988
3996,2026-09-23,002654,-2.7454217718734899,False,3989
3997,2026-09-23,600826,-2.745935155135232,False,3990
3998,2026-09-23,688277,-2.7526339523494778,False,3991
3999,2026-09-23,002992,-2.7540469537558288,False,3992
4000,2026-09-23,688559,-2.7558388422290245,False,3993
4001,2026-09-23,300615,-2.7617612059709309,False,3994
4002,2026-09-23,603303,-2.7648627291083718,False,3995
4003,2026-09-23,002679,-2.7649936539928897,False,3996
4004,2026-09-23,300429,-2.773191710169808,False,3997
4005,2026-09-23,002201,-2.7771994889274336,False,3998
4006,2026-09-23,003030,-2.7783800872480691,False,3999
4007,2026-09-23,601112,-2.7902675458915485,False,4000
4008,2026-09-23,688077,-2.7907477102016616,False,4001
4009,2026-09-23,601619,-2.7919995586584818,False,4002
4010,2026-09-23,603283,-2.7947899367853486,False,4003
4011,2026-09-23,603650,-2.79704032954682,False,4004
4012,2026-09-23,002789,-2.8026803165887921,False,4005
4013,2026-09-23,688419,-2.8044093337350096,False,4006
4014,2026-09-23,603421,-2.8049972817298903,False,4007
4015,2026-09-23,688498,-2.8135789850319108,False,4008
4016,2026-09-23,600725,-2.8152717817709036,False,4009
4017,2026-09-23,603799,-2.8212847137266586,False,4010
4018,2026-09-23,688099,-2.8261447464793874,False,4011
4019,2026-09-23,301522,-2.8291653976181692,False,4012
4020,2026-09-23,002928,-2.8320094780503227,False,4013
4021,2026-09-23,001215,-2.8339614566865796,False,4014
4022,2026-09-23,600906,-2.8358290651469735,False,4015
4023,2026-09-23,300950,-2.8393773272913618,False,4016
4024,2026-09-23,605288,-2.840935600317783,False,4017
4025,2026-09-23,603798,-2.8447040266543597,False,4018
4026,2026-09-23,301055,-2.8483183523011113,False,4019
4027,2026-09-23,001266,-2.8514891551401087,False,4020
4028,2026-09-23,000799,-2.8535349578958806,False,4021
4029,2026-09-23,000029,-2.8539492997858105,False,4022
4030,2026-09-23,001389,-2.8546023188060579,False,4023
4031,2026-09-23,300400,-2.8558084592739332,False,4024
4032,2026-09-23,000958,-2.8590516418725329,False,4025
4033,2026-09-23,000761,-2.8655184682859054,False,4026
4034,2026-09-23,688548,-2.8688026988292972,False,4027
4035,2026-09-23,688050,-2.8695220848977292,False,4028
4036,2026-09-23,300493,-2.8795327428061235,False,4029
4037,2026-09-23,600101,-2.8800298273226685,False,4030
4038,2026-09-23,002124,-2.8870381504095044,False,4031
4039,2026-09-23,603353,-2.8891624622432595,False,4032
4040,2026-09-23,002718,-2.8906810023541158,False,4033
4041,2026-09-23,600759,-2.898934808663197,False,4034
4042,2026-09-23,002268,-2.9075057281454519,False,4035
4043,2026-09-23,002169,-2.9084169131430206,False,4036
4044,2026-09-23,688249,-2.9090857335282223,False,4037
4045,2026-09-23,000521,-2.9091784715276701,False,4038
4046,2026-09-23,002187,-2.9175729749165131,False,4039
4047,2026-09-23,300346,-2.919662105252923,False,4040
4048,2026-09-23,300353,-2.9220493936447123,False,4041
4049,2026-09-23,603931,-2.9354899666216472,False,4042
4050,2026-09-23,300045,-2.9356455589221393,False,4043
4051,2026-09-23,600468,-2.9369036740383363,False,4044
4052,2026-09-23,605020,-2.9414768535085503,False,4045
4053,2026-09-23,002218,-2.944869055722843,False,4046
4054,2026-09-23,300545,-2.9452011544380436,False,4047
4055,2026-09-23,603815,-2.9455221092684054,False,4048
4056,2026-09-23,300236,-2.9468990655351659,False,4049
4057,2026-09-23,688267,-2.9497784633340931,False,4050
4058,2026-09-23,688516,-2.9529632885382489,False,4051
4059,2026-09-23,002026,-2.9549970461571693,False,4052
4060,2026-09-23,000099,-2.9582325551416466,False,4053
4061,2026-09-23,002309,-2.9582749629423351,False,4054
4062,2026-09-23,002600,-2.9622083803225099,False,4055
4063,2026-09-23,300436,-2.962857510695907,False,4056
4064,2026-09-23,300657,-2.9689808555300323,False,4057
4065,2026-09-23,600839,-2.9762519653106994,False,4058
4066,2026-09-23,300257,-2.9762612010942426,False,4059
4067,2026-09-23,301588,-2.977050648910081,False,4060
4068,2026-09-23,300050,-2.9781533761450065,False,4061
4069,2026-09-23,603336,-2.9838118658068233,False,4062
4070,2026-09-23,000969,-2.9843195201183357,False,4063
4071,2026-09-23,688726,-2.9866673174301246,False,4064
4072,2026-09-23,603344,-2.9905970086912337,False,4065
4073,2026-09-23,603589,-3.0029308080996127,False,4066
4074,2026-09-23,600316,-3.0083752319967143,False,4067
4075,2026-09-23,000031,-3.009056685721931,False,4068
4076,2026-09-23,688367,-3.0101602925319666,False,4069
4077,2026-09-23,301680,-3.014216782209969,False,4070
4078,2026-09-23,001356,-3.0185010810221886,False,4071
4079,2026-09-23,600248,-3.0214418852424947,False,4072
4080,2026-09-23,603105,-3.0218568243646984,False,4073
4081,2026-09-23,300416,-3.0244014280402602,False,4074
4082,2026-09-23,603991,-3.0286918785029231,True,
4083,2026-09-23,688336,-3.0306684342634456,False,4075
4084,2026-09-23,002295,-3.0363278664121554,False,4076
4085,2026-09-23,601399,-3.0389654640821293,False,4077
4086,2026-09-23,603281,-3.0397193724580727,False,4078
4087,2026-09-23,300096,-3.0470715620682141,False,4079
4088,2026-09-23,600651,-3.0484053182930397,False,4080
4089,2026-09-23,300991,-3.0487373618571203,False,4081
4090,2026-09-23,300537,-3.0518842444758647,False,4082
4091,2026-09-23,000727,-3.0612125514971491,False,4083
4092,2026-09-23,688790,-3.0646540088059817,False,4084
4093,2026-09-23,301210,-3.0671292642515406,False,4085
4094,2026-09-23,600596,-3.0693666292397923,False,4086
4095,2026-09-23,688192,-3.0695478819935271,False,4087
4096,2026-09-23,002782,-3.0705232389922212,False,4088
4097,2026-09-23,301130,-3.0757608721411143,False,4089
4098,2026-09-23,601996,-3.0789774720701617,False,4090
4099,2026-09-23,603262,-3.0797901747578069,False,4091
4100,2026-09-23,688222,-3.0799918850144943,False,4092
4101,2026-09-23,002475,-3.0839869724074154,False,4093
4102,2026-09-23,605077,-3.0844402687216133,False,4094
4103,2026-09-23,000426,-3.0872719812276079,False,4095
4104,2026-09-23,001330,-3.0893140854844496,False,4096
4105,2026-09-23,300308,-3.0906868831298944,False,4097
4106,2026-09-23,300007,-3.0973819978144563,False,4098
4107,2026-09-23,605305,-3.1005182496415862,False,4099
4108,2026-09-23,600768,-3.1020452237333886,False,4100
4109,2026-09-23,300077,-3.1043213587344285,False,4101
4110,2026-09-23,002254,-3.1046284681051417,False,4102
4111,2026-09-23,600170,-3.105882760592285,False,4103
4112,2026-09-23,002542,-3.1074285418629408,False,4104
4113,2026-09-23,600126,-3.1090715239913056,False,4105
4114,2026-09-23,600663,-3.1189036478413108,False,4106
4115,2026-09-23,300475,-3.1196085067131394,False,4107
4116,2026-09-23,600123,-3.1211972078514401,False,4108
4117,2026-09-23,605188,-3.1212291183159859,False,4109
4118,2026-09-23,300580,-3.1226866889937179,False,4110
4119,2026-09-23,603456,-3.1242766008229479,False,4111
4120,2026-09-23,300300,-3.1251422353412024,False,4112
4121,2026-09-23,300998,-3.1362939951473647,False,4113
4122,2026-09-23,300960,-3.1447399410780905,False,4114
4123,2026-09-23,301633,-3.1574948318107925,False,4115
4124,2026-09-23,600569,-3.1617561001792196,False,4116
4125,2026-09-23,300869,-3.1623672482162171,False,4117
4126,2026-09-23,002939,-3.1624540171380455,False,4118
4127,2026-09-23,000537,-3.1647347917665631,False,4119
4128,2026-09-23,600502,-3.1694062104857572,False,4120
4129,2026-09-23,603229,-3.1742394932663478,False,4121
4130,2026-09-23,300433,-3.1866111172536247,False,4122
4131,2026-09-23,300422,-3.1869999995139731,False,4123
4132,2026-09-23,300204,-3.1894756027602171,False,4124
4133,2026-09-23,301628,-3.1917887351101801,False,4125
4134,2026-09-23,300154,-3.1931620792802837,False,4126
4135,2026-09-23,301355,-3.1990429091239823,False,4127
4136,2026-09-23,688599,-3.2009329786169531,False,4128
4137,2026-09-23,688200,-3.2059266237839492,False,4129
4138,2026-09-23,300868,-3.211012751831861,False,4130
4139,2026-09-23,600925,-3.2114730206259048,False,4131
4140,2026-09-23,300142,-3.2286141434418294,False,4132
4141,2026-09-23,600022,-3.2290764236499045,False,4133
4142,2026-09-23,601375,-3.2295745555596156,False,4134
4143,2026-09-23,600753,-3.2326776358165032,False,4135
4144,2026-09-23,688621,-3.2370685861151642,False,4136
4145,2026-09-23,002698,-3.2397998683852247,False,4137
4146,2026-09-23,001267,-3.2404034355556739,False,4138
4147,2026-09-23,000725,-3.240523638050667,False,4139
4148,2026-09-23,688309,-3.2472351611192831,False,4140
4149,2026-09-23,600893,-3.2476871971069188,False,4141
4150,2026-09-23,300873,-3.2539292181794144,False,4142
4151,2026-09-23,688501,-3.2585850883845877,False,4143
4152,2026-09-23,002821,-3.2621900201520191,False,4144
4153,2026-09-23,600359,-3.2795655549540674,False,4145
4154,2026-09-23,301085,-3.2860378620752408,False,4146
4155,2026-09-23,300153,-3.2929143343068832,False,4147
4156,2026-09-23,600111,-3.2955665973326731,False,4148
4157,2026-09-23,300173,-3.2973656281604633,False,4149
4158,2026-09-23,000555,-3.2980257596694642,False,4150
4159,2026-09-23,603986,-3.2996791801734515,False,4151
4160,2026-09-23,688121,-3.32139748751952,False,4152
4161,2026-09-23,002276,-3.3322077777540224,False,4153
4162,2026-09-23,300644,-3.3343541868744691,False,4154
4163,2026-09-23,000960,-3.3406668082782836,False,4155
4164,2026-09-23,600744,-3.3551794462036639,False,4156
4165,2026-09-23,600732,-3.3567937871558415,False,4157
4166,2026-09-23,600510,-3.3612951066631607,False,4158
4167,2026-09-23,688177,-3.3699905954292695,False,4159
4168,2026-09-23,002592,-3.3735567993961024,False,4160
4169,2026-09-23,000766,-3.3753932097614574,False,4161
4170,2026-09-23,605177,-3.3801818366552423,False,4162
4171,2026-09-23,688282,-3.3823947702191042,False,4163
4172,2026-09-23,600609,-3.3931244237945823,False,4164
4173,2026-09-23,600184,-3.401795220344205,False,4165
4174,2026-09-23,002774,-3.4082771250051387,False,4166
4175,2026-09-23,605186,-3.4144882710261242,False,4167
4176,2026-09-23,688573,-3.4193468095180695,False,4168
4177,2026-09-23,301548,-3.4211450682137197,False,4169
4178,2026-09-23,300136,-3.4218359213181886,False,4170
4179,2026-09-23,688484,-3.4238313240935767,False,4171
4180,2026-09-23,603069,-3.4276804629291391,False,4172
4181,2026-09-23,300811,-3.4341592492942135,False,4173
4182,2026-09-23,001203,-3.4350550299557101,False,4174
4183,2026-09-23,603093,-3.4371894139577699,False,4175
4184,2026-09-23,688328,-3.4377374956741664,False,4176
4185,2026-09-23,688679,-3.4379191320329854,False,4177
4186,2026-09-23,688220,-3.4496482740157415,False,4178
4187,2026-09-23,688136,-3.4578011430602729,False,4179
4188,2026-09-23,603031,-3.4661780928252854,False,4180
4189,2026-09-23,301630,-3.4721727592108564,False,4181
4190,2026-09-23,001233,-3.4725881773934897,False,4182
4191,2026-09-23,600702,-3.4779557871617173,False,4183
4192,2026-09-23,300058,-3.4892914514576026,False,4184
4193,2026-09-23,300540,-3.4910519008937948,False,4185
4194,2026-09-23,300443,-3.4933064300251293,False,4186
4195,2026-09-23,300121,-3.4970862556914231,False,4187
4196,2026-09-23,300424,-3.497391273077656,False,4188
4197,2026-09-23,603507,-3.5109834476086981,False,4189
4198,2026-09-23,000034,-3.5117357949568286,False,4190
4199,2026-09-23,002617,-3.5223978779943188,False,4191
4200,2026-09-23,002253,-3.5298893601866572,False,4192
4201,2026-09-23,301205,-3.5305885696026893,False,4193
4202,2026-09-23,600482,-3.5308341232251306,False,4194
4203,2026-09-23,300207,-3.5319195392021414,False,4195
4204,2026-09-23,002179,-3.5325504191368906,False,4196
4205,2026-09-23,300259,-3.5415425747868525,False,4197
4206,2026-09-23,002409,-3.5422009480192029,False,4198
4207,2026-09-23,688489,-3.542648496880684,False,4199
4208,2026-09-23,600976,-3.5467744163737609,False,4200
4209,2026-09-23,600909,-3.5487249124272813,False,4201
4210,2026-09-23,601519,-3.5508068737833307,False,4202
4211,2026-09-23,688508,-3.551282511311507,False,4203
4212,2026-09-23,002935,-3.5529703927074365,True,
4213,2026-09-23,600629,-3.5749710407218513,False,4204
4214,2026-09-23,301707,-3.5756792852118062,False,4205
4215,2026-09-23,688605,-3.5757052434000993,False,4206
4216,2026-09-23,688836,-3.5792510618617719,False,4207
4217,2026-09-23,300017,-3.5829929652609116,False,4208
4218,2026-09-23,002848,-3.5834250883598706,False,4209
4219,2026-09-23,301252,-3.5954501603350812,False,4210
4220,2026-09-23,603960,-3.5997036730359784,False,4211
4221,2026-09-23,688223,-3.6001265072340765,False,4212
4222,2026-09-23,301092,-3.6014029553994646,False,4213
4223,2026-09-23,688182,-3.6070706670799546,False,4214
4224,2026-09-23,300504,-3.6089739292045939,False,4215
4225,2026-09-23,300137,-3.617646214650617,False,4216
4226,2026-09-23,601611,-3.6228214628394113,False,4217
4227,2026-09-23,300593,-3.6229410132606699,False,4218
4228,2026-09-23,605069,-3.6374164486923668,False,4219
4229,2026-09-23,601117,-3.6464218800823573,False,4220
4230,2026-09-23,301061,-3.6501375086566417,False,4221
4231,2026-09-23,600683,-3.6519458372137654,False,4222
4232,2026-09-23,002185,-3.6536427147319221,False,4223
4233,2026-09-23,600606,-3.6538999753586729,False,4224
4234,2026-09-23,301251,-3.6590071530530075,False,4225
4235,2026-09-23,300569,-3.6633732700268675,False,4226
4236,2026-09-23,600058,-3.6638293616546216,False,4227
4237,2026-09-23,002132,-3.6643448912475822,False,4228
4238,2026-09-23,002584,-3.6881687688950988,False,4229
4239,2026-09-23,605178,-3.6889601376757031,False,4230
4240,2026-09-23,300679,-3.694630017056415,False,4231
4241,2026-09-23,601231,-3.6980260060001617,False,4232
4242,2026-09-23,000420,-3.698362100864184,False,4233
4243,2026-09-23,688786,-3.7037834781550067,False,4234
4244,2026-09-23,300843,-3.7111938386273886,False,4235
4245,2026-09-23,002632,-3.711663366178966,False,4236
4246,2026-09-23,688680,-3.7213400724632297,False,4237
4247,2026-09-23,002565,-3.722529333553851,False,4238
4248,2026-09-23,300655,-3.724145181612923,False,4239
4249,2026-09-23,002886,-3.7294067688521926,False,4240
4250,2026-09-23,688515,-3.730812647797431,False,4241
4251,2026-09-23,000552,-3.7311091118087125,False,4242
4252,2026-09-23,300530,-3.732732347696909,False,4243
4253,2026-09-23,688531,-3.7373600623545356,False,4244
4254,2026-09-23,688082,-3.73889855964409,False,4245
4255,2026-09-23,600345,-3.7492260497984122,False,4246
4256,2026-09-23,688623,-3.7499803279016701,False,4247
4257,2026-09-23,002273,-3.7500829614467834,False,4248
4258,2026-09-23,002631,-3.7504922891761678,False,4249
4259,2026-09-23,301201,-3.767117466384347,False,4250
4260,2026-09-23,300076,-3.7675440513665279,False,4251
4261,2026-09-23,600997,-3.7784257903233915,False,4252
4262,2026-09-23,600192,-3.7794630740083504,False,4253
4263,2026-09-23,300857,-3.7871982490374752,False,4254
4264,2026-09-23,000680,-3.791767830749567,False,4255
4265,2026-09-23,600363,-3.7945543009531386,False,4256
4266,2026-09-23,002062,-3.8000671767346019,False,4257
4267,2026-09-23,603681,-3.8001562682221106,False,4258
4268,2026-09-23,002348,-3.8016245906397605,False,4259
4269,2026-09-23,002945,-3.8100488893126805,False,4260
4270,2026-09-23,600673,-3.8140064177762643,False,4261
4271,2026-09-23,600391,-3.8161459064498628,False,4262
4272,2026-09-23,600148,-3.8209781747046048,False,4263
4273,2026-09-23,301285,-3.8216876338083763,False,4264
4274,2026-09-23,301398,-3.822837878366264,False,4265
4275,2026-09-23,688708,-3.8283952302647983,False,4266
4276,2026-09-23,300649,-3.8284225346473537,False,4267
4277,2026-09-23,300539,-3.8318986533191115,False,4268
4278,2026-09-23,601567,-3.8376340844831471,False,4269
4279,2026-09-23,002568,-3.8492534369564608,False,4270
4280,2026-09-23,300650,-3.8531539465780229,False,4271
4281,2026-09-23,300804,-3.8650238667985626,False,4272
4282,2026-09-23,603468,-3.8701685798529892,False,4273
4283,2026-09-23,688399,-3.8759364089556487,False,4274
4284,2026-09-23,002755,-3.8860501515412302,False,4275
4285,2026-09-23,688591,-3.8903361644749426,False,4276
4286,2026-09-23,002301,-3.8921019263992203,False,4277
4287,2026-09-23,600770,-3.8979229546499363,False,4278
4288,2026-09-23,300437,-3.8995799844788661,False,4279
4289,2026-09-23,688386,-3.9109156692047327,False,4280
4290,2026-09-23,001359,-3.9126948577987477,False,4281
4291,2026-09-23,002990,-3.9213567409660763,False,4282
4292,2026-09-23,603033,-3.9217224732728306,False,4283
4293,2026-09-23,301468,-3.9226191546763038,False,4284
4294,2026-09-23,300563,-3.9264087289194887,False,4285
4295,2026-09-23,600383,-3.9417145655140846,False,4286
4296,2026-09-23,002130,-3.9573508805523674,False,4287
4297,2026-09-23,688147,-3.9604898999386187,False,4288
4298,2026-09-23,300774,-3.9616569539914259,False,4289
4299,2026-09-23,688230,-3.9655069994516796,False,4290
4300,2026-09-23,002371,-3.9703942029106294,False,4291
4301,2026-09-23,301563,-3.9709773909973505,False,4292
4302,2026-09-23,002831,-3.9776862342991448,False,4293
4303,2026-09-23,301607,-3.9791328951544762,False,4294
4304,2026-09-23,301528,-3.9829536032554866,False,4295
4305,2026-09-23,688816,-4.0055844521575077,False,4296
4306,2026-09-23,688297,-4.0105413295724439,False,4297
4307,2026-09-23,603738,-4.0147829789491105,False,4298
4308,2026-09-23,688775,-4.0165586133503046,False,4299
4309,2026-09-23,002645,-4.0212280623972534,False,4300
4310,2026-09-23,603175,-4.0260023208319673,False,4301
4311,2026-09-23,003004,-4.0295291187036275,False,4302
4312,2026-09-23,600498,-4.0307052446994476,False,4303
4313,2026-09-23,688503,-4.033353912895203,False,4304
4314,2026-09-23,603777,-4.0359946503102968,False,4305
4315,2026-09-23,002134,-4.0470410332379245,False,4306
4316,2026-09-23,300981,-4.0488754147645309,False,4307
4317,2026-09-23,300201,-4.0513867841520259,False,4308
4318,2026-09-23,300490,-4.0553600469334148,False,4309
4319,2026-09-23,688400,-4.0562904108425561,False,4310
4320,2026-09-23,300515,-4.0667175510357119,False,4311
4321,2026-09-23,300948,-4.0678398947102385,False,4312
4322,2026-09-23,605001,-4.0692356504346403,False,4313
4323,2026-09-23,603038,-4.0765436505854824,False,4314
4324,2026-09-23,688385,-4.0789518431037033,False,4315
4325,2026-09-23,300224,-4.0790019078219011,False,4316
4326,2026-09-23,301262,-4.0957178703063368,False,4317
4327,2026-09-23,001248,-4.0963184605210596,False,4318
4328,2026-09-23,002500,-4.1032740378103583,False,4319
4329,2026-09-23,688733,-4.1036472161064754,False,4320
4330,2026-09-23,002029,-4.1037896542791685,False,4321
4331,2026-09-23,300903,-4.1099030607816953,False,4322
4332,2026-09-23,688225,-4.1107125394288291,False,4323
4333,2026-09-23,002724,-4.1124773978943558,False,4324
4334,2026-09-23,002838,-4.116669080868113,False,4325
4335,2026-09-23,002172,-4.1248647254373365,False,4326
4336,2026-09-23,301220,-4.1258384097285052,False,4327
4337,2026-09-23,301608,-4.1315281291312793,False,4328
4338,2026-09-23,002238,-4.1375556365415314,True,
4339,2026-09-23,603867,-4.1383610408404676,False,4329
4340,2026-09-23,688003,-4.1429573118816689,False,4330
4341,2026-09-23,688811,-4.1497493764762297,False,4331
4342,2026-09-23,688729,-4.1519352429389729,False,4332
4343,2026-09-23,688712,-4.1541581305201412,False,4333
4344,2026-09-23,600699,-4.1560871993240642,False,4334
4345,2026-09-23,603806,-4.1675060415748693,False,4335
4346,2026-09-23,300085,-4.1712555512974125,False,4336
4347,2026-09-23,300073,-4.1746123414577037,False,4337
4348,2026-09-23,688398,-4.177099051101882,False,4338
4349,2026-09-23,688131,-4.1792626092774166,False,4339
4350,2026-09-23,603109,-4.1809798289549569,False,4340
4351,2026-09-23,301458,-4.1824885018800462,False,4341
4352,2026-09-23,301235,-4.1915821794176162,False,4342
4353,2026-09-23,002338,-4.1918477001464511,False,4343
4354,2026-09-23,688500,-4.1936564980670816,False,4344
4355,2026-09-23,300756,-4.1971734896768247,False,4345
4356,2026-09-23,300420,-4.2024537931949979,False,4346
4357,2026-09-23,600095,-4.2030685335943545,False,4347
4358,2026-09-23,600208,-4.207866658935469,False,4348
4359,2026-09-23,000032,-4.2123523946204839,False,4349
4360,2026-09-23,002695,-4.2149621912757116,False,4350
4361,2026-09-23,002145,-4.2183000440063259,False,4351
4362,2026-09-23,688090,-4.2190425510912544,False,4352
4363,2026-09-23,603066,-4.238039481848789,False,4353
4364,2026-09-23,301565,-4.2501473899277933,False,4354
4365,2026-09-23,002851,-4.2561604537726643,False,4355
4366,2026-09-23,688590,-4.2634103931264775,False,4356
4367,2026-09-23,300037,-4.2635734263281968,False,4357
4368,2026-09-23,600539,-4.2654712814188152,False,4358
4369,2026-09-23,300390,-4.2671071387795498,False,4359
4370,2026-09-23,601360,-4.2682112768197644,False,4360
4371,2026-09-23,002082,-4.2741420812692992,False,4361
4372,2026-09-23,601138,-4.2744579340228626,False,4362
4373,2026-09-23,601279,-4.2770421973303581,False,4363
4374,2026-09-23,605198,-4.2788373748833584,False,4364
4375,2026-09-23,603612,-4.2790325492013261,False,4365
4376,2026-09-23,300842,-4.2795821229180513,False,4366
4377,2026-09-23,301031,-4.280275418159988,False,4367
4378,2026-09-23,603236,-4.2821392244435428,False,4368
4379,2026-09-23,688216,-4.2842593745903716,False,4369
4380,2026-09-23,003033,-4.2856474707364551,False,4370
4381,2026-09-23,688209,-4.2904714008152443,False,4371
4382,2026-09-23,688362,-4.2927009813350132,False,4372
4383,2026-09-23,603757,-4.3080394893702438,False,4373
4384,2026-09-23,002536,-4.3094286060165459,False,4374
4385,2026-09-23,600584,-4.3116062723239503,False,4375
4386,2026-09-23,603192,-4.3143036552517735,False,4376
4387,2026-09-23,300860,-4.3178915736829415,False,4377
4388,2026-09-23,601579,-4.3248749222885996,False,4378
4389,2026-09-23,300611,-4.3250829880131523,False,4379
4390,2026-09-23,688380,-4.3320471417328097,False,4380
4391,2026-09-23,002192,-4.3389515434256243,False,4381
4392,2026-09-23,300369,-4.349840399638806,False,4382
4393,2026-09-23,300469,-4.3573203056638521,False,4383
4394,2026-09-23,002281,-4.3586843613824851,False,4384
4395,2026-09-23,603289,-4.3597098946448156,False,4385
4396,2026-09-23,301196,-4.3615265175631617,False,4386
4397,2026-09-23,603688,-4.3618778890328898,False,4387
4398,2026-09-23,688435,-4.3639180520649266,False,4388
4399,2026-09-23,603959,-4.3664834855358521,False,4389
4400,2026-09-23,300373,-4.3668578766501849,False,4390
4401,2026-09-23,300426,-4.3713173366707458,False,4391
4402,2026-09-23,000676,-4.3723686020452543,False,4392
4403,2026-09-23,002230,-4.3802721666699114,False,4393
4404,2026-09-23,301626,-4.3868036417280649,False,4394
4405,2026-09-23,300627,-4.3923083609846767,False,4395
4406,2026-09-23,301282,-4.3959060539406405,False,4396
4407,2026-09-23,688378,-4.4057896280102886,False,4397
4408,2026-09-23,300870,-4.4162811131173889,False,4398
4409,2026-09-23,000718,-4.416687410309164,False,4399
4410,2026-09-23,688598,-4.4196226522759048,False,4400
4411,2026-09-23,300634,-4.4269559467932655,False,4401
4412,2026-09-23,300976,-4.4272287022680157,False,4402
4413,2026-09-23,688449,-4.4437239006233229,False,4403
4414,2026-09-23,000739,-4.444303144679381,False,4404
4415,2026-09-23,603809,-4.4448673405479999,False,4405
4416,2026-09-23,000973,-4.4493284062106566,False,4406
4417,2026-09-23,002465,-4.4493284304186105,False,4407
4418,2026-09-23,300802,-4.4553473602688847,False,4408
4419,2026-09-23,688428,-4.4555306193582762,False,4409
4420,2026-09-23,301281,-4.4572926036735119,False,4410
4421,2026-09-23,300779,-4.4602669535394206,False,4411
4422,2026-09-23,600121,-4.4673096894436384,False,4412
4423,2026-09-23,600416,-4.4697893426408992,False,4413
4424,2026-09-23,688066,-4.4708483888205084,False,4414
4425,2026-09-23,688538,-4.4755908115423733,False,4415
4426,2026-09-23,000010,-4.4797675938155592,False,4416
4427,2026-09-23,002364,-4.48311505587652,False,4417
4428,2026-09-23,688408,-4.4838758541113979,False,4418
4429,2026-09-23,301379,-4.4947143694456955,False,4419
4430,2026-09-23,002468,-4.4988623083092225,False,4420
4431,2026-09-23,301396,-4.4996795927861575,False,4421
4432,2026-09-23,300260,-4.4999007044346904,False,4422
4433,2026-09-23,301322,-4.5005035070584229,False,4423
4434,2026-09-23,605111,-4.5032695670290748,False,4424
4435,2026-09-23,002975,-4.5160946770815418,False,4425
4436,2026-09-23,300331,-4.5317146565689317,False,4426
4437,2026-09-23,300747,-4.5345518470280508,False,4427
4438,2026-09-23,002095,-4.5345544171364587,False,4428
4439,2026-09-23,002611,-4.5383155914358095,False,4429
4440,2026-09-23,002150,-4.5457784864399331,False,4430
4441,2026-09-23,688097,-4.5551696857051223,False,4431
4442,2026-09-23,603826,-4.5573147344493536,False,4432
4443,2026-09-23,688141,-4.5622512864867399,False,4433
4444,2026-09-23,001220,-4.5755323876902345,False,4434
4445,2026-09-23,300266,-4.5765652060936537,False,4435
4446,2026-09-23,300586,-4.5787873186681569,False,4436
4447,2026-09-23,301575,-4.5833003955501006,False,4437
4448,2026-09-23,300567,-4.5847384854438529,False,4438
4449,2026-09-23,300316,-4.5935985660092076,False,4439
4450,2026-09-23,002245,-4.6030053283048344,False,4440
4451,2026-09-23,300702,-4.6034318162430861,False,4441
4452,2026-09-23,002438,-4.6134218616067457,False,4442
4453,2026-09-23,000710,-4.6159088874280458,False,4443
4454,2026-09-23,688690,-4.6283847927270223,False,4444
4455,2026-09-23,688303,-4.6294048253249853,False,4445
4456,2026-09-23,300302,-4.6331579894181276,False,4446
4457,2026-09-23,688091,-4.6342640085445241,False,4447
4458,2026-09-23,300879,-4.6418457453403867,False,4448
4459,2026-09-23,601218,-4.6443618308573695,False,4449
4460,2026-09-23,688110,-4.6587612047061109,False,4450
4461,2026-09-23,688627,-4.6592528607816721,False,4451
4462,2026-09-23,688409,-4.6714201700491129,False,4452
4463,2026-09-23,301108,-4.6730646371762878,False,4453
4464,2026-09-23,603011,-4.6826663412674989,False,4454
4465,2026-09-23,688636,-4.6867393323528361,False,4455
4466,2026-09-23,000681,-4.6887051417977101,False,4456
4467,2026-09-23,600577,-4.6925630402281273,False,4457
4468,2026-09-23,688318,-4.6930815855583177,False,4458
4469,2026-09-23,300821,-4.6992786175096164,False,4459
4470,2026-09-23,300720,-4.6997358743129789,False,4460
4471,2026-09-23,001979,-4.7046565299598688,False,4461
4472,2026-09-23,001309,-4.7099014768207343,False,4462
4473,2026-09-23,300938,-4.7125505667230474,False,4463
4474,2026-09-23,688426,-4.7133633714876071,False,4464
4475,2026-09-23,300782,-4.7244295899122548,False,4465
4476,2026-09-23,302132,-4.7337209386103716,False,4466
4477,2026-09-23,001268,-4.7391596689889273,False,4467
4478,2026-09-23,000733,-4.7412745838040182,False,4468
4479,2026-09-23,002396,-4.745417121747268,False,4469
4480,2026-09-23,002897,-4.7507941670646714,False,4470
4481,2026-09-23,300666,-4.7514414964005756,False,4471
4482,2026-09-23,300339,-4.7531224729204462,False,4472
4483,2026-09-23,603803,-4.7587120221715571,True,
4484,2026-09-23,300277,-4.7722476804531144,False,4473
4485,2026-09-23,300523,-4.7727779107796771,False,4474
4486,2026-09-23,688392,-4.7838930062448108,False,4475
4487,2026-09-23,301356,-4.785145160342493,False,4476
4488,2026-09-23,603285,-4.785841903528663,False,4477
4489,2026-09-23,603657,-4.7951734332792375,False,4478
4490,2026-09-23,002647,-4.8166904483172086,False,4479
4491,2026-09-23,600734,-4.8229904784018558,False,4480
4492,2026-09-23,600698,-4.8233054027683497,False,4481
4493,2026-09-23,688105,-4.8246392867309877,False,4482
4494,2026-09-23,301123,-4.830267934793671,False,4483
4495,2026-09-23,300456,-4.8303131798431203,False,4484
4496,2026-09-23,603266,-4.8314865776496143,False,4485
4497,2026-09-23,688518,-4.83673283145996,False,4486
4498,2026-09-23,002601,-4.8432242145914444,False,4487
4499,2026-09-23,600063,-4.8452743312099757,False,4488
4500,2026-09-23,002768,-4.8459609608506602,False,4489
4501,2026-09-23,300863,-4.8497459108197294,False,4490
4502,2026-09-23,000078,-4.8521590195574591,False,4491
4503,2026-09-23,002339,-4.8527845846260842,False,4492
4504,2026-09-23,688677,-4.8584150163270099,False,4493
4505,2026-09-23,688361,-4.858656219429891,False,4494
4506,2026-09-23,300203,-4.8623464126323839,False,4495
4507,2026-09-23,300672,-4.871945048147392,False,4496
4508,2026-09-23,300907,-4.873678438458076,False,4497
4509,2026-09-23,300382,-4.8781506625730024,False,4498
4510,2026-09-23,300706,-4.8819899956935551,False,4499
4511,2026-09-23,600703,-4.8838021926537127,False,4500
4512,2026-09-23,300551,-4.8887212773929747,False,4501
4513,2026-09-23,301265,-4.8980006288417801,False,4502
4514,2026-09-23,001378,-4.9000434897558929,False,4503
4515,2026-09-23,002558,-4.9049292302303602,False,4504
4516,2026-09-23,688313,-4.9051250148022998,False,4505
4517,2026-09-23,688072,-4.9056028721718992,False,4506
4518,2026-09-23,301273,-4.9191782581342229,False,4507
4519,2026-09-23,002203,-4.923757873730275,False,4508
4520,2026-09-23,300670,-4.9260118281274554,False,4509
4521,2026-09-23,688234,-4.9263833851466741,False,4510
4522,2026-09-23,002963,-4.9280242387884163,False,4511
4523,2026-09-23,002156,-4.9295085102695015,False,4512
4524,2026-09-23,600605,-4.940910966508385,True,
4525,2026-09-23,300795,-4.9520568593735019,False,4513
4526,2026-09-23,001896,-4.9855141885323855,False,4514
4527,2026-09-23,001237,-4.9975213612217164,False,4515
4528,2026-09-23,688317,-5.0011290584854455,False,4516
4529,2026-09-23,603261,-5.0092616777961094,False,4517
4530,2026-09-23,300035,-5.0189295390366677,False,4518
4531,2026-09-23,301237,-5.0202675793649041,False,4519
4532,2026-09-23,301046,-5.0225980039608844,False,4520
4533,2026-09-23,688611,-5.0264148408451392,False,4521
4534,2026-09-23,688048,-5.0276712611180194,False,4522
4535,2026-09-23,300461,-5.0295747761460916,False,4523
4536,2026-09-23,688766,-5.0299001347345147,False,4524
4537,2026-09-23,688233,-5.0356147116711698,False,4525
4538,2026-09-23,002226,-5.0399580165109157,False,4526
4539,2026-09-23,603112,-5.0573289223216484,False,4527
4540,2026-09-23,601012,-5.0585920009526433,False,4528
4541,2026-09-23,600894,-5.0604131018622489,False,4529
4542,2026-09-23,300592,-5.0621151153970221,False,4530
4543,2026-09-23,002008,-5.064287903765929,False,4531
4544,2026-09-23,603311,-5.0657474687501978,False,4532
4545,2026-09-23,603661,-5.0694465351275504,False,4533
4546,2026-09-23,002005,-5.0807281082783495,False,4534
4547,2026-09-23,600619,-5.0813164327022093,False,4535
4548,2026-09-23,688025,-5.0954837561933166,False,4536
4549,2026-09-23,300036,-5.1051531986458496,False,4537
4550,2026-09-23,600505,-5.1055606624488146,False,4538
4551,2026-09-23,600400,-5.1213350632252155,False,4539
4552,2026-09-23,600302,-5.1249410101228623,False,4540
4553,2026-09-23,688352,-5.1330029355077942,False,4541
4554,2026-09-23,301669,-5.1346058636332774,False,4542
4555,2026-09-23,688458,-5.1379201541218009,False,4543
4556,2026-09-23,688059,-5.1403425685545852,False,4544
4557,2026-09-23,300503,-5.1437648948355212,False,4545
4558,2026-09-23,300548,-5.1470951893482466,False,4546
4559,2026-09-23,603125,-5.1502002895115382,False,4547
4560,2026-09-23,002290,-5.1522082050106937,False,4548
4561,2026-09-23,603293,-5.152571989794982,False,4549
4562,2026-09-23,600048,-5.1554115329067196,False,4550
4563,2026-09-23,600032,-5.1620984471529621,False,4551
4564,2026-09-23,300725,-5.1666112119682941,False,4552
4565,2026-09-23,688123,-5.1735698455657886,False,4553
4566,2026-09-23,002640,-5.1811913082742063,False,4554
4567,2026-09-23,000657,-5.1822400431416842,False,4555
4568,2026-09-23,688332,-5.1894995997775508,False,4556
4569,2026-09-23,300263,-5.1951320152531153,False,4557
4570,2026-09-23,603949,-5.1993163963545506,True,
4571,2026-09-23,301377,-5.2010400219694155,False,4558
4572,2026-09-23,000877,-5.2041653669918535,False,4559
4573,2026-09-23,301291,-5.2070905343088461,False,4560
4574,2026-09-23,603983,-5.2246897893389175,False,4561
4575,2026-09-23,600888,-5.233536004394443,False,4562
4576,2026-09-23,600790,-5.2370837374735943,False,4563
4577,2026-09-23,002980,-5.2612838248355391,False,4564
4578,2026-09-23,300685,-5.2638138013925708,False,4565
4579,2026-09-23,300790,-5.2670099528242522,False,4566
4580,2026-09-23,300215,-5.2745723908467514,False,4567
4581,2026-09-23,002171,-5.2831645975971329,False,4568
4582,2026-09-23,002518,-5.2873281490878679,False,4569
4583,2026-09-23,300041,-5.3014702321085938,False,4570
4584,2026-09-23,301316,-5.3043061328600603,False,4571
4585,2026-09-23,688469,-5.3121934338799566,False,4572
4586,2026-09-23,300480,-5.3228445205709409,False,4573
4587,2026-09-23,688692,-5.3368711126371222,False,4574
4588,2026-09-23,300221,-5.3433467754304029,False,4575
4589,2026-09-23,002846,-5.3548452399837352,False,4576
4590,2026-09-23,002484,-5.368446956533802,False,4577
4591,2026-09-23,688008,-5.3722205958592175,False,4578
4592,2026-09-23,603256,-5.3835119771839688,False,4579
4593,2026-09-23,001388,-5.3839317169273793,False,4580
4594,2026-09-23,300835,-5.3843791786356077,False,4581
4595,2026-09-23,002222,-5.3857114434589199,False,4582
4596,2026-09-23,002961,-5.3995854673910451,False,4583
4597,2026-09-23,000056,-5.409095387425527,False,4584
4598,2026-09-23,688373,-5.4136855877014529,False,4585
4599,2026-09-23,301516,-5.415899000533801,False,4586
4600,2026-09-23,300730,-5.4258495769952573,False,4587
4601,2026-09-23,688261,-5.4440449078427529,False,4588
4602,2026-09-23,300358,-5.4542411881176456,False,4589
4603,2026-09-23,603306,-5.4705002742102007,False,4590
4604,2026-09-23,002429,-5.4901071022161636,False,4591
4605,2026-09-23,688333,-5.4945368543622637,False,4592
4606,2026-09-23,600522,-5.5016147179326307,False,4593
4607,2026-09-23,002670,-5.5066484477434239,False,4594
4608,2026-09-23,688283,-5.512995638664604,False,4595
4609,2026-09-23,600160,-5.5157363405900215,False,4596
4610,2026-09-23,002501,-5.5202743299048596,False,4597
4611,2026-09-23,601872,-5.5214534007575349,False,4598
4612,2026-09-23,002389,-5.537230102257011,False,4599
4613,2026-09-23,600207,-5.5402322266604083,False,4600
4614,2026-09-23,002289,-5.5409282468163035,False,4601
4615,2026-09-23,688669,-5.5531372533416423,False,4602
4616,2026-09-23,300049,-5.5569838491724521,False,4603
4617,2026-09-23,300499,-5.5573570569843902,False,4604
4618,2026-09-23,600847,-5.5636548611561807,False,4605
4619,2026-09-23,002938,-5.5664502969484495,False,4606
4620,2026-09-23,000066,-5.5687227526016008,False,4607
4621,2026-09-23,688755,-5.5725056280471073,False,4608
4622,2026-09-23,300410,-5.5756994104912385,False,4609
4623,2026-09-23,300759,-5.5758518978083256,False,4610
4624,2026-09-23,000793,-5.5810246656462557,False,4611
4625,2026-09-23,300304,-5.5814842297865912,False,4612
4626,2026-09-23,688610,-5.5845068762640526,False,4613
4627,2026-09-23,000889,-5.596978971891013,False,4614
4628,2026-09-23,300323,-5.5993796167820573,False,4615
4629,2026-09-23,600326,-5.6029420102140142,False,4616
4630,2026-09-23,688797,-5.6148285855570892,False,4617
4631,2026-09-23,300031,-5.6295940728518046,False,4618
4632,2026-09-23,300502,-5.6400995392572559,False,4619
4633,2026-09-23,601020,-5.6403929069193435,False,4620
4634,2026-09-23,000012,-5.6420455416373239,False,4621
4635,2026-09-23,300001,-5.6444037167210279,False,4622
4636,2026-09-23,300681,-5.6594365378528479,False,4623
4637,2026-09-23,300457,-5.6666046942051373,False,4624
4638,2026-09-23,605358,-5.6693025327407032,False,4625
4639,2026-09-23,688181,-5.6838650739942569,False,4626
4640,2026-09-23,603267,-5.6845836112852046,False,4627
4641,2026-09-23,688689,-5.6941558636287635,False,4628
4642,2026-09-23,688825,-5.7030267643277739,False,4629
4643,2026-09-23,688808,-5.708278875072601,False,4630
4644,2026-09-23,300099,-5.7088984619800893,False,4631
4645,2026-09-23,603228,-5.719370463336908,False,4632
4646,2026-09-23,688202,-5.7231264337591412,False,4633
4647,2026-09-23,601801,-5.7312376045100857,False,4634
4648,2026-09-23,600059,-5.731824937945639,False,4635
4649,2026-09-23,603833,-5.7376285685065493,False,4636
4650,2026-09-23,301280,-5.7419631746166893,False,4637
4651,2026-09-23,600500,-5.7477150008430202,False,4638
4652,2026-09-23,605068,-5.7494998616112358,False,4639
4653,2026-09-23,000938,-5.7706115645021558,False,4640
4654,2026-09-23,688037,-5.7772946235059415,False,4641
4655,2026-09-23,688356,-5.7904899941030568,False,4642
4656,2026-09-23,002819,-5.793400702695223,True,
4657,2026-09-23,301611,-5.8062274114234098,False,4643
4658,2026-09-23,300836,-5.8243769766700026,False,4644
4659,2026-09-23,300939,-5.8345737848943884,False,4645
4660,2026-09-23,600707,-5.8350843176499581,False,4646
4661,2026-09-23,301045,-5.84165021786787,False,4647
4662,2026-09-23,300604,-5.850550274697051,False,4648
4663,2026-09-23,002803,-5.8694286149589789,False,4649
4664,2026-09-23,300878,-5.8716357474689884,False,4650
4665,2026-09-23,600551,-5.8745737394515531,False,4651
4666,2026-09-23,600246,-5.8841146068766292,False,4652
4667,2026-09-23,002074,-5.8947153320199392,False,4653
4668,2026-09-23,301518,-5.9113480049439335,False,4654
4669,2026-09-23,300951,-5.914919632605292,False,4655
4670,2026-09-23,300689,-5.9191568049305623,False,4656
4671,2026-09-23,002242,-5.9197069189655718,False,4657
4672,2026-09-23,300347,-5.9307492571350942,False,4658
4673,2026-09-23,301321,-5.9308682802943515,False,4659
4674,2026-09-23,688311,-5.9497035629823891,False,4660
4675,2026-09-23,003002,-5.949980320360857,False,4661
4676,2026-09-23,301382,-5.9756442066337421,False,4662
4677,2026-09-23,002249,-5.9905042569712723,False,4663
4678,2026-09-23,603386,-5.994981696759071,False,4664
4679,2026-09-23,603222,-5.9964849137375387,True,
4680,2026-09-23,301392,-6.0043776816485357,False,4665
4681,2026-09-23,688296,-6.0063619224526628,False,4666
4682,2026-09-23,301095,-6.0126456482129536,False,4667
4683,2026-09-23,688256,-6.0180488143303519,False,4668
4684,2026-09-23,000021,-6.0276777815023017,False,4669
4685,2026-09-23,300518,-6.0314244008327398,False,4670
4686,2026-09-23,300931,-6.059134185863587,True,
4687,2026-09-23,300848,-6.063122976680142,False,4671
4688,2026-09-23,300305,-6.0640553985059,False,4672
4689,2026-09-23,688667,-6.0711843689122489,False,4673
4690,2026-09-23,600903,-6.0732647500958166,False,4674
4691,2026-09-23,002915,-6.0756401822071693,False,4675
4692,2026-09-23,002708,-6.0830980490238904,False,4676
4693,2026-09-23,688448,-6.1143710898230657,False,4677
4694,2026-09-23,603629,-6.1206089971309225,False,4678
4695,2026-09-23,000158,-6.1298788301139151,False,4679
4696,2026-09-23,600778,-6.1377241086639103,False,4680
4697,2026-09-23,688323,-6.1558006415861843,False,4681
4698,2026-09-23,002531,-6.1636219854738892,False,4682
4699,2026-09-23,605566,-6.170469872791041,False,4683
4700,2026-09-23,603040,-6.1844466162857676,False,4684
4701,2026-09-23,001393,-6.2119682501602735,False,4685
4702,2026-09-23,300088,-6.2353734850257618,False,4686
4703,2026-09-23,002514,-6.2601690972651474,False,4687
4704,2026-09-23,001317,-6.2625937093571427,False,4688
4705,2026-09-23,688353,-6.2782088421918676,False,4689
4706,2026-09-23,688521,-6.2882992355564991,False,4690
4707,2026-09-23,000596,-6.2892568103492055,False,4691
4708,2026-09-23,002633,-6.3010377078803277,True,
4709,2026-09-23,600356,-6.3143723730203662,False,4692
4710,2026-09-23,600105,-6.3189785635989653,False,4693
4711,2026-09-23,688661,-6.3233282782679181,False,4694
4712,2026-09-23,300850,-6.3340142863246083,False,4695
4713,2026-09-23,301307,-6.3373317719876026,False,4696
4714,2026-09-23,603580,-6.3393920307464615,False,4697
4715,2026-09-23,688656,-6.3397347337006202,True,
4716,2026-09-23,601133,-6.3436251623388564,False,4698
4717,2026-09-23,688450,-6.3560330025073366,False,4699
4718,2026-09-23,002139,-6.3595104964601532,False,4700
4719,2026-09-23,300251,-6.3684687669873075,False,4701
4720,2026-09-23,300042,-6.3813702058366273,False,4702
4721,2026-09-23,603083,-6.3941116905007966,False,4703
4722,2026-09-23,301592,-6.405427694859708,False,4704
4723,2026-09-23,688127,-6.4201428254926718,False,4705
4724,2026-09-23,300969,-6.4229699765869386,False,4706
4725,2026-09-23,688781,-6.429329000367888,False,4707
4726,2026-09-23,301190,-6.4386173323407645,False,4708
4727,2026-09-23,002672,-6.4420825340939132,False,4709
4728,2026-09-23,002353,-6.44463315721352,False,4710
4729,2026-09-23,300917,-6.4493331579460049,False,4711
4730,2026-09-23,603118,-6.4528959765293221,False,4712
4731,2026-09-23,688001,-6.4598981494774597,False,4713
4732,2026-09-23,000669,-6.5107697754549898,False,4714
4733,2026-09-23,300264,-6.5166082345995422,False,4715
4734,2026-09-23,300737,-6.5202915255072265,False,4716
4735,2026-09-23,688183,-6.5215951201010807,False,4717
4736,2026-09-23,603358,-6.5285522926150978,False,4718
4737,2026-09-23,688046,-6.5423705957365001,False,4719
4738,2026-09-23,000510,-6.5427217120048677,False,4720
4739,2026-09-23,600021,-6.5601850311579861,False,4721
4740,2026-09-23,002757,-6.5615259470330605,False,4722
4741,2026-09-23,002439,-6.5703800338464902,False,4723
4742,2026-09-23,605589,-6.5703993183801064,False,4724
4743,2026-09-23,600389,-6.5788236091347274,False,4725
4744,2026-09-23,301311,-6.580558675388553,False,4726
4745,2026-09-23,688525,-6.5811475435819187,False,4727
4746,2026-09-23,300647,-6.5859486042849475,False,4728
4747,2026-09-23,001225,-6.5865307906282382,False,4729
4748,2026-09-23,603626,-6.6011507218488106,False,4730
4749,2026-09-23,301393,-6.6133402231362757,False,4731
4750,2026-09-23,688231,-6.6140820732373271,False,4732
4751,2026-09-23,002161,-6.6394176662709468,False,4733
4752,2026-09-23,600231,-6.6539234613927816,False,4734
4753,2026-09-23,300349,-6.657796396454458,False,4735
4754,2026-09-23,688393,-6.662936887727497,False,4736
4755,2026-09-23,301259,-6.6676293845382499,False,4737
4756,2026-09-23,688057,-6.6742793656341668,False,4738
4757,2026-09-23,300199,-6.6799438006736809,False,4739
4758,2026-09-23,300840,-6.6984698366006938,False,4740
4759,2026-09-23,688115,-6.6993946015539763,False,4741
4760,2026-09-23,301086,-6.707282104363717,False,4742
4761,2026-09-23,688835,-6.728086809601594,False,4743
4762,2026-09-23,603936,-6.7344297872959604,False,4744
4763,2026-09-23,301323,-6.737159277867276,False,4745
4764,2026-09-23,688545,-6.7426284430737358,False,4746
4765,2026-09-23,301513,-6.7437932912754937,False,4747
4766,2026-09-23,688257,-6.7672747046931718,False,4748
4767,2026-09-23,688486,-6.7694674652837783,False,4749
4768,2026-09-23,600748,-6.777184251967209,False,4750
4769,2026-09-23,603001,-6.7813140474878715,False,4751
4770,2026-09-23,002300,-6.7908897762625857,False,4752
4771,2026-09-23,300174,-6.7970895775391185,False,4753
4772,2026-09-23,300442,-6.8046598548370341,False,4754
4773,2026-09-23,301188,-6.8051878305974425,False,4755
4774,2026-09-23,301362,-6.8089527594732369,False,4756
4775,2026-09-23,600340,-6.8102760053308655,False,4757
4776,2026-09-23,300474,-6.8284266433936081,False,4758
4777,2026-09-23,002638,-6.8288039010276265,True,
4778,2026-09-23,688248,-6.8334690434070451,False,4759
4779,2026-09-23,300620,-6.8340919441606154,False,4760
4780,2026-09-23,001696,-6.8457714060275094,False,4761
4781,2026-09-23,002779,-6.8569699627832854,False,4762
4782,2026-09-23,600113,-6.8582404360171267,False,4763
4783,2026-09-23,600743,-6.8615955974814176,True,
4784,2026-09-23,300609,-6.8986652438139533,False,4764
4785,2026-09-23,688702,-6.9227781614709754,False,4765
4786,2026-09-23,300363,-6.9705097507140881,False,4766
4787,2026-09-23,600487,-6.9780151387099965,False,4767
4788,2026-09-23,688207,-6.986875414046005,False,4768
4789,2026-09-23,000048,-7.0105530052401726,False,4769
4790,2026-09-23,688721,-7.0420519325684134,False,4770
4791,2026-09-23,001365,-7.0423923777285911,False,4771
4792,2026-09-23,688710,-7.0468740116950634,False,4772
4793,2026-09-23,600929,-7.0505224017906043,False,4773
4794,2026-09-23,300409,-7.0516351433645612,False,4774
4795,2026-09-23,301338,-7.0784090083256856,False,4775
4796,2026-09-23,605117,-7.0860565769187058,False,4776
4797,2026-09-23,300587,-7.0903923268365334,False,4777
4798,2026-09-23,688383,-7.1044920399892959,False,4778
4799,2026-09-23,002178,-7.10707843970666,False,4779
4800,2026-09-23,301209,-7.1115405703151016,False,4780
4801,2026-09-23,300056,-7.1127639956539079,False,4781
4802,2026-09-23,688186,-7.1459345211654428,False,4782
4803,2026-09-23,603663,-7.1746798878562652,False,4783
4804,2026-09-23,000595,-7.1759833931004549,False,4784
4805,2026-09-23,600491,-7.1848751110349705,False,4785
4806,2026-09-23,000656,-7.1883696152503012,False,4786
4807,2026-09-23,002916,-7.1985053875770797,False,4787
4808,2026-09-23,688727,-7.20694142530097,False,4788
4809,2026-09-23,002463,-7.2184435026913043,False,4789
4810,2026-09-23,600843,-7.2490682428372182,True,
4811,2026-09-23,300716,-7.2558452131100406,False,4790
4812,2026-09-23,600552,-7.2718940726042165,False,4791
4813,2026-09-23,300476,-7.2775814151765017,False,4792
4814,2026-09-23,301595,-7.2825863112093518,False,4793
4815,2026-09-23,002650,-7.2899159603798607,False,4794
4816,2026-09-23,688512,-7.2973497481506318,True,
4817,2026-09-23,300489,-7.298638467182716,False,4795
4818,2026-09-23,601026,-7.3098214101032406,False,4796
4819,2026-09-23,301018,-7.3346680097648047,False,4797
4820,2026-09-23,300765,-7.3410501491790194,False,4798
4821,2026-09-23,603376,-7.3588400806829881,False,4799
4822,2026-09-23,301419,-7.3758758158990609,False,4800
4823,2026-09-23,002580,-7.3798837500826959,False,4801
4824,2026-09-23,003006,-7.384056907191205,False,4802
4825,2026-09-23,300814,-7.3845802124962017,False,4803
4826,2026-09-23,688622,-7.3853679056864339,False,4804
4827,2026-09-23,688596,-7.4294869096814438,False,4805
4828,2026-09-23,300454,-7.447258215202524,False,4806
4829,2026-09-23,301656,-7.4476129029751323,False,4807
4830,2026-09-23,002384,-7.4630224724078502,False,4808
4831,2026-09-23,600325,-7.4760796839076855,False,4809
4832,2026-09-23,603232,-7.5013323858599641,False,4810
4833,2026-09-23,688796,-7.5209863315330372,False,4811
4834,2026-09-23,603859,-7.5240646651316121,False,4812
4835,2026-09-23,002164,-7.5306186105426196,False,4813
4836,2026-09-23,000070,-7.5534936725268338,False,4814
4837,2026-09-23,002937,-7.5561594372405976,True,
4838,2026-09-23,603678,-7.5596000342012655,False,4815
4839,2026-09-23,300212,-7.5674552806310853,False,4816
4840,2026-09-23,603693,-7.570257500848169,False,4817
4841,2026-09-23,688820,-7.5736319697425749,False,4818
4842,2026-09-23,688170,-7.5786243963858482,False,4819
4843,2026-09-23,600933,-7.6008910718610716,False,4820
4844,2026-09-23,688758,-7.6027659387707338,False,4821
4845,2026-09-23,600616,-7.6111872409596435,False,4822
4846,2026-09-23,603203,-7.6149246285387839,False,4823
4847,2026-09-23,605376,-7.6238709007899148,False,4824
4848,2026-09-23,301511,-7.6382399224879922,False,4825
4849,2026-09-23,002981,-7.6568070203799614,False,4826
4850,2026-09-23,301319,-7.6778258979787131,False,4827
4851,2026-09-23,603226,-7.7230644096140786,False,4828
4852,2026-09-23,002785,-7.7445043935386533,False,4829
4853,2026-09-23,002244,-7.7607027271845723,False,4830
4854,2026-09-23,688020,-7.7656158464837608,False,4831
4855,2026-09-23,688379,-7.7829606176730675,False,4832
4856,2026-09-23,688828,-7.7863687762749576,False,4833
4857,2026-09-23,688079,-7.7911321068936452,False,4834
4858,2026-09-23,688809,-7.8069949310232811,False,4835
4859,2026-09-23,301325,-7.8233773499414214,False,4836
4860,2026-09-23,300167,-7.8435142692196775,False,4837
4861,2026-09-23,688301,-7.8454646497679263,False,4838
4862,2026-09-23,002734,-7.8663855428852614,False,4839
4863,2026-09-23,600835,-7.8983909045475524,False,4840
4864,2026-09-23,002735,-7.9161948241339841,False,4841
4865,2026-09-23,603316,-7.9527792533539756,False,4842
4866,2026-09-23,002623,-7.9753489495963903,False,4843
4867,2026-09-23,301312,-7.976423982948142,False,4844
4868,2026-09-23,301526,-7.9998103013076847,False,4845
4869,2026-09-23,688630,-8.0297972787445548,False,4846
4870,2026-09-23,600640,-8.0690423824526825,False,4847
4871,2026-09-23,002146,-8.0954246504346017,False,4848
4872,2026-09-23,300333,-8.1028153410595234,False,4849
4873,2026-09-23,300936,-8.1053428201545188,False,4850
4874,2026-09-23,300819,-8.1190368620039592,False,4851
4875,2026-09-23,002138,-8.1342290241065029,False,4852
4876,2026-09-23,300068,-8.1386727293797829,False,4853
4877,2026-09-23,301099,-8.1516516374988139,False,4854
4878,2026-09-23,301013,-8.1612453819342647,False,4855
4879,2026-09-23,300321,-8.1749051700501383,False,4856
4880,2026-09-23,301189,-8.1829214587649766,False,4857
4881,2026-09-23,603773,-8.2010884199356351,True,
4882,2026-09-23,300491,-8.2051131071496499,False,4858
4883,2026-09-23,300975,-8.205209427533811,False,4859
4884,2026-09-23,300083,-8.2267190056614137,False,4860
4885,2026-09-23,300395,-8.2688417514328343,False,4861
4886,2026-09-23,300506,-8.2883489910980295,False,4862
4887,2026-09-23,600562,-8.3217901991654877,False,4863
4888,2026-09-23,600226,-8.3497518851035899,False,4864
4889,2026-09-23,000811,-8.3633287154385325,False,4865
4890,2026-09-23,300902,-8.3753140869581806,False,4866
4891,2026-09-23,600110,-8.3792895052576881,False,4867
4892,2026-09-23,300977,-8.4134492294248808,False,4868
4893,2026-09-23,601949,-8.4741264976475108,False,4869
4894,2026-09-23,000988,-8.485999056276615,False,4870
4895,2026-09-23,688168,-8.490640191871055,False,4871
4896,2026-09-23,001288,-8.507291091316592,False,4872
4897,2026-09-23,000993,-8.513726657449844,False,4873
4898,2026-09-23,002051,-8.5151426894185889,False,4874
4899,2026-09-23,688035,-8.5191653754070664,False,4875
4900,2026-09-23,000417,-8.5393392032087192,False,4876
4901,2026-09-23,300522,-8.5630779227252205,False,4877
4902,2026-09-23,002717,-8.570753352091069,False,4878
4903,2026-09-23,301275,-8.5785006313732097,False,4879
4904,2026-09-23,603375,-8.5998744647182033,False,4880
4905,2026-09-23,300638,-8.6050093803910315,False,4881
4906,2026-09-23,301448,-8.6606321657393828,False,4882
4907,2026-09-23,600641,-8.6641811272917568,False,4883
4908,2026-09-23,688530,-8.6723741707328355,False,4884
4909,2026-09-23,300473,-8.6765363707469056,False,4885
4910,2026-09-23,300568,-8.6800181592136862,False,4886
4911,2026-09-23,300283,-8.6960272286156464,False,4887
4912,2026-09-23,688388,-8.7162588656720104,False,4888
4913,2026-09-23,300155,-8.7206658558388206,False,4889
4914,2026-09-23,603020,-8.7585365326608304,False,4890
4915,2026-09-23,605366,-8.7857487647393029,False,4891
4916,2026-09-23,688401,-8.7952917136889077,False,4892
4917,2026-09-23,300054,-8.8448549708544508,False,4893
4918,2026-09-23,301080,-8.8667479095392547,False,4894
4919,2026-09-23,601015,-8.9171701023203855,False,4895
4920,2026-09-23,301389,-8.9386944838753593,False,4896
4921,2026-09-23,301233,-8.9392786250466845,False,4897
4922,2026-09-23,300806,-8.9645936621474416,False,4898
4923,2026-09-23,002434,-8.9812268450064661,False,4899
4924,2026-09-23,600206,-9.0037361466842594,False,4900
4925,2026-09-23,688549,-9.0048260837899665,False,4901
4926,2026-09-23,300727,-9.0200833399778553,False,4902
4927,2026-09-23,688026,-9.0362636580103999,False,4903
4928,2026-09-23,603938,-9.0436559626619051,False,4904
4929,2026-09-23,301197,-9.0448003718446905,False,4905
4930,2026-09-23,603313,-9.0583040923668374,False,4906
4931,2026-09-23,600675,-9.0798725476025215,False,4907
4932,2026-09-23,688191,-9.0835115374396924,False,4908
4933,2026-09-23,688635,-9.0879351181327088,False,4909
4934,2026-09-23,688801,-9.1090494392604331,False,4910
4935,2026-09-23,688260,-9.1171969031389146,False,4911
4936,2026-09-23,603618,-9.1181917874550713,False,4912
4937,2026-09-23,688802,-9.148748824652273,False,4913
4938,2026-09-23,601900,-9.1512692396463144,False,4914
4939,2026-09-23,301666,-9.179743044065745,False,4915
4940,2026-09-23,300953,-9.2076350422360189,False,4916
4941,2026-09-23,688660,-9.2283181715464124,False,4917
4942,2026-09-23,300398,-9.2523097491122606,False,4918
4943,2026-09-23,688112,-9.2653178319666942,False,4919
4944,2026-09-23,001212,-9.2810878419546832,False,4920
4945,2026-09-23,300570,-9.2907230999574022,False,4921
4946,2026-09-23,600601,-9.2944259252834414,False,4922
4947,2026-09-23,688551,-9.3150288207511451,False,4923
4948,2026-09-23,300464,-9.3660798940255123,False,4924
4949,2026-09-23,600330,-9.3730844813102188,False,4925
4950,2026-09-23,600176,-9.3741653822856374,False,4926
4951,2026-09-23,688265,-9.4331400201920488,False,4927
4952,2026-09-23,000593,-9.4381172621906018,False,4928
4953,2026-09-23,600353,-9.4430810677013906,False,4929
4954,2026-09-23,603435,-9.4521258530395329,False,4930
4955,2026-09-23,300196,-9.4632481305292053,False,4931
4956,2026-09-23,301230,-9.4635352651499716,False,4932
4957,2026-09-23,000981,-9.4818757833558038,False,4933
4958,2026-09-23,002285,-9.5078344427347243,False,4934
4959,2026-09-23,688196,-9.511989446657271,False,4935
4960,2026-09-23,300394,-9.5251882832347352,False,4936
4961,2026-09-23,603459,-9.5614417619164378,False,4937
4962,2026-09-23,688535,-9.575148984239167,False,4938
4963,2026-09-23,603937,-9.6012846670914858,True,
4964,2026-09-23,688499,-9.6053798801094281,False,4939
4965,2026-09-23,603042,-9.605424365370542,False,4940
4966,2026-09-23,688776,-9.6058286900371144,False,4941
4967,2026-09-23,688478,-9.6133162488096353,False,4942
4968,2026-09-23,300553,-9.6169514516597125,False,4943
4969,2026-09-23,688519,-9.6400404382362943,False,4944
4970,2026-09-23,600884,-9.6432047436140298,False,4945
4971,2026-09-23,300324,-9.6572149933357068,False,4946
4972,2026-09-23,600644,-9.7593411867989328,False,4947
4973,2026-09-23,600653,-9.7624006438685456,True,
4974,2026-09-23,688416,-9.7665797370493994,False,4948
4975,2026-09-23,300964,-9.7717574297670122,False,4949
4976,2026-09-23,603920,-9.7806093394826306,False,4950
4977,2026-09-23,002957,-9.8244887162798911,False,4951
4978,2026-09-23,688150,-9.8696134172897061,False,4952
4979,2026-09-23,000509,-9.9089391695871392,False,4953
4980,2026-09-23,688319,-9.9105119385177698,False,4954
4981,2026-09-23,600630,-9.9256324059684591,False,4955
4982,2026-09-23,600448,-9.9593919307549221,False,4956
4983,2026-09-23,600183,-9.9760519622097572,False,4957
4984,2026-09-23,002046,-10.019192825820385,False,4958
4985,2026-09-23,688711,-10.033151596494699,False,4959
4986,2026-09-23,688167,-10.05593579094292,False,4960
4987,2026-09-23,301568,-10.061843820797712,False,4961
4988,2026-09-23,300739,-10.068232709063279,False,4962
4989,2026-09-23,600360,-10.069405776784752,False,4963
4990,2026-09-23,300731,-10.070713709451255,False,4964
4991,2026-09-23,688806,-10.071593281361199,False,4965
4992,2026-09-23,603686,-10.071859744772228,False,4966
4993,2026-09-23,301155,-10.183788773753644,False,4967
4994,2026-09-23,688218,-10.186709094705108,False,4968
4995,2026-09-23,603124,-10.204922010777075,True,
4996,2026-09-23,688359,-10.217095157448261,False,4969
4997,2026-09-23,600664,-10.238031961408986,False,4970
4998,2026-09-23,688700,-10.244584847015094,False,4971
4999,2026-09-23,688179,-10.250654770761756,False,4972
5000,2026-09-23,002205,-10.277359545308892,False,4973
5001,2026-09-23,300404,-10.323893716855723,False,4974
5002,2026-09-23,002585,-10.326937420494755,False,4975
5003,2026-09-23,002436,-10.364180000027687,False,4976
5004,2026-09-23,002579,-10.375340437423075,False,4977
5005,2026-09-23,002856,-10.379290310669111,False,4978
5006,2026-09-23,300408,-10.379432557882936,False,4979
5007,2026-09-23,002989,-10.394325737883248,True,
5008,2026-09-23,300385,-10.4174259544717,False,4980
5009,2026-09-23,000850,-10.441897423432149,True,
5010,2026-09-23,688783,-10.488981239528337,False,4981
5011,2026-09-23,688381,-10.564623399129946,False,4982
5012,2026-09-23,300652,-10.594222420657848,False,4983
5013,2026-09-23,300209,-10.629290406409712,False,4984
5014,2026-09-23,301687,-10.641146312551694,False,4985
5015,2026-09-23,300151,-10.690683453634108,False,4986
5016,2026-09-23,002335,-10.693127059225652,False,4987
5017,2026-09-23,301234,-10.704081120085341,False,4988
5018,2026-09-23,002913,-10.707111721752078,False,4989
5019,2026-09-23,301531,-10.709688393589524,False,4990
5020,2026-09-23,002487,-10.720934219219146,False,4991
5021,2026-09-23,301601,-10.7227714962675,False,4992
5022,2026-09-23,002080,-10.731187740678546,False,4993
5023,2026-09-23,002552,-10.758451304062781,False,4994
5024,2026-09-23,300803,-10.764928560407659,False,4995
5025,2026-09-23,300626,-10.768081204988114,False,4996
5026,2026-09-23,301369,-10.807441909242495,False,4997
5027,2026-09-23,688826,-10.81606335952336,False,4998
5028,2026-09-23,001368,-10.836116343553382,False,4999
5029,2026-09-23,300166,-10.839434370488613,False,5000
5030,2026-09-23,003032,-10.865788362052694,False,5001
5031,2026-09-23,301021,-10.875242688783992,False,5002
5032,2026-09-23,688765,-10.894073802905984,False,5003
5033,2026-09-23,688757,-10.898209195440431,False,5004
5034,2026-09-23,300352,-10.91861365889258,False,5005
5035,2026-09-23,301560,-10.928402185315219,False,5006
5036,2026-09-23,600593,-10.954385357741858,False,5007
5037,2026-09-23,000962,-10.973178151938864,False,5008
5038,2026-09-23,000002,-11.015003005108134,False,5009
5039,2026-09-23,600869,-11.021103543450629,False,5010
5040,2026-09-23,688600,-11.032508629511398,False,5011
5041,2026-09-23,688785,-11.058436050907776,False,5012
5042,2026-09-23,300061,-11.065370845696306,False,5013
5043,2026-09-23,603067,-11.066940422176106,True,
5044,2026-09-23,688293,-11.088572223101558,False,5014
5045,2026-09-23,001399,-11.149195538808611,False,5015
5046,2026-09-23,688719,-11.157763909027771,False,5016
5047,2026-09-23,300319,-11.171027990162361,False,5017
5048,2026-09-23,603588,-11.200420248879746,False,5018
5049,2026-09-23,605006,-11.21128171276645,False,5019
5050,2026-09-23,688625,-11.21690369289805,False,5020
5051,2026-09-23,688205,-11.218274321557585,False,5021
5052,2026-09-23,300192,-11.240344271944643,False,5022
5053,2026-09-23,002303,-11.241843062063644,False,5023
5054,2026-09-23,002119,-11.248544355306596,True,
5055,2026-09-23,688073,-11.254488717113666,False,5024
5056,2026-09-23,300016,-11.260013810591634,False,5025
5057,2026-09-23,301297,-11.262536321883537,False,5026
5058,2026-09-23,688678,-11.298120151589712,False,5027
5059,2026-09-23,603978,-11.299190659129401,False,5028
5060,2026-09-23,300708,-11.311683678845156,False,5029
5061,2026-09-23,603989,-11.36505458233073,False,5030
5062,2026-09-23,688300,-11.465753954464773,False,5031
5063,2026-09-23,300554,-11.480487357977257,False,5032
5064,2026-09-23,300726,-11.481523659768289,False,5033
5065,2026-09-23,600237,-11.483388396638079,False,5034
5066,2026-09-23,603002,-11.487117188507229,False,5035
5067,2026-09-23,688244,-11.51653155447473,False,5036
5068,2026-09-23,301566,-11.552101652490046,False,5037
5069,2026-09-23,300413,-11.555344278370292,False,5038
5070,2026-09-23,002428,-11.569328946526014,False,5039
5071,2026-09-23,688583,-11.570984498621007,False,5040
5072,2026-09-23,688655,-11.639057471577241,False,5041
5073,2026-09-23,002635,-11.660155888198481,True,
5074,2026-09-23,688403,-11.697631340143772,False,5042
5075,2026-09-23,000756,-11.748880080158623,False,5043
5076,2026-09-23,301071,-11.749560321526504,False,5044
5077,2026-09-23,002367,-11.788282874795073,False,5045
5078,2026-09-23,688593,-11.838155276276938,False,5046
5079,2026-09-23,301150,-11.865165584543899,True,
5080,2026-09-23,300368,-11.905797877666604,False,5047
5081,2026-09-23,300291,-11.943122155990915,False,5048
5082,2026-09-23,600721,-12.044844328280373,False,5049
5083,2026-09-23,300776,-12.129060817871155,False,5050
5084,2026-09-23,002426,-12.261364399465473,True,
5085,2026-09-23,600730,-12.262812343529763,False,5051
5086,2026-09-23,600293,-12.345277275298065,True,
5087,2026-09-23,001376,-12.364322131176785,False,5052
5088,2026-09-23,688337,-12.378414299190117,True,
5089,2026-09-23,601869,-12.42082271130786,False,5053
5090,2026-09-23,605577,-12.474863602078457,False,5054
5091,2026-09-23,301041,-12.506561787115922,False,5055
5092,2026-09-23,002741,-12.509294181329823,False,5056
5093,2026-09-23,301390,-12.542822653829189,False,5057
5094,2026-09-23,300566,-12.570001589018187,False,5058
5095,2026-09-23,688122,-12.575207516500591,False,5059
5096,2026-09-23,600667,-12.592654534760202,False,5060
5097,2026-09-23,301122,-12.695874102360762,False,5061
5098,2026-09-23,601208,-12.70082304450457,False,5062
5099,2026-09-23,300163,-12.703777909897255,False,5063
5100,2026-09-23,688226,-12.751282907314366,False,5064
5101,2026-09-23,603248,-12.831577201525274,False,5065
5102,2026-09-23,300534,-12.876558293061201,False,5066
5103,2026-09-23,600397,-12.982457573986562,False,5067
5104,2026-09-23,603221,-13.065799733631808,False,5068
5105,2026-09-23,301583,-13.122303916228564,False,5069
5106,2026-09-23,688138,-13.202137729848609,False,5070
5107,2026-09-23,300397,-13.217736270963247,False,5071
5108,2026-09-23,002669,-13.237551984292139,False,5072
5109,2026-09-23,002909,-13.247614118444039,True,
5110,2026-09-23,300179,-13.262699894473551,False,5073
5111,2026-09-23,002491,-13.353505649289776,False,5074
5112,2026-09-23,688485,-13.402638106509126,False,5075
5113,2026-09-23,301030,-13.451648286498322,False,5076
5114,2026-09-23,002849,-13.453025965748189,True,
5115,2026-09-23,605258,-13.493804819876328,False,5077
5116,2026-09-23,688789,-13.52336088004912,False,5078
5117,2026-09-23,000868,-13.542128661977355,False,5079
5118,2026-09-23,000636,-13.553647901323604,False,5080
5119,2026-09-23,002836,-13.567352490584829,False,5081
5120,2026-09-23,301115,-13.590000433326027,False,5082
5121,2026-09-23,003026,-13.639232142138624,False,5083
5122,2026-09-23,688056,-13.646119323518612,True,
5123,2026-09-23,600802,-13.747260027567327,True,
5124,2026-09-23,688613,-13.814790969186786,False,5084
5125,2026-09-23,002815,-13.821362614039661,False,5085
5126,2026-09-23,688238,-13.82313279227183,False,5086
5127,2026-09-23,002859,-13.82538146454637,False,5087
5128,2026-09-23,688628,-14.302969651395934,True,
5129,2026-09-23,000560,-14.341800389252807,True,
5130,2026-09-23,301373,-14.512482821990078,False,5088
5131,2026-09-23,002667,-14.599086636094752,False,5089
5132,2026-09-23,000980,-14.617897270520167,False,5090
5133,2026-09-23,688185,-14.640096960522042,False,5091
5134,2026-09-23,001216,-14.705762790330606,False,5092
5135,2026-09-23,688807,-14.712023473005015,False,5093
5136,2026-09-23,300684,-14.734577676930774,False,5094
5137,2026-09-23,600479,-14.822383635574694,False,5095
5138,2026-09-23,002453,-14.84235630032596,False,5096
5139,2026-09-23,688175,-14.978569388121766,False,5097
5140,2026-09-23,002141,-14.986467783865832,False,5098
5141,2026-09-23,002383,-15.047594908219256,False,5099
5142,2026-09-23,002614,-15.094906039239527,True,
5143,2026-09-23,002443,-15.141882639158178,False,5100
5144,2026-09-23,301008,-15.162374979275176,False,5101
5145,2026-09-23,003001,-15.167179963560944,False,5102
5146,2026-09-23,300285,-15.213771387257328,False,5103
5147,2026-09-23,600418,-15.227298913393634,True,
5148,2026-09-23,300691,-15.305019938641356,False,5104
5149,2026-09-23,003036,-15.35052634208586,False,5105
5150,2026-09-23,300895,-15.388268408832834,False,5106
5151,2026-09-23,002212,-15.448692152509045,False,5107
5152,2026-09-23,300852,-15.465874358815695,False,5108
5153,2026-09-23,301176,-15.514539126601509,False,5109
5154,2026-09-23,600815,-15.551551065122956,False,5110
5155,2026-09-23,001326,-15.602100217842857,False,5111
5156,2026-09-23,301217,-15.65745709094384,False,5112
5157,2026-09-23,000532,-15.70463376225106,False,5113
5158,2026-09-23,002068,-15.869021700466723,False,5114
5159,2026-09-23,603328,-15.884701337331265,True,
5160,2026-09-23,301047,-15.894418130151406,False,5115
5161,2026-09-23,601811,-16.357325134957506,True,
5162,2026-09-23,688603,-16.372702970579525,False,5116
5163,2026-09-23,300290,-16.433044443791353,False,5117
5164,2026-09-23,688432,-16.442177880675693,False,5118
5165,2026-09-23,600186,-16.603858930058998,False,5119
5166,2026-09-23,688662,-16.647916358131717,False,5120
5167,2026-09-23,605088,-16.660216071020706,False,5121
5168,2026-09-23,688137,-16.743082759456748,False,5122
5169,2026-09-23,688292,-16.781978154838935,False,5123
5170,2026-09-23,603407,-16.794767211726562,False,5124
5171,2026-09-23,300110,-16.879714111717654,False,5125
5172,2026-09-23,600127,-17.017455511413932,False,5126
5173,2026-09-23,600367,-17.361923166736197,False,5127
5174,2026-09-23,301520,-17.60580087326813,False,5128
5175,2026-09-23,002827,-17.626045569354829,False,5129
5176,2026-09-23,605162,-17.684393621633987,False,5130
5177,2026-09-23,688203,-17.744166204020271,False,5131
5178,2026-09-23,000978,-17.761673034571302,False,5132
5179,2026-09-23,000910,-17.914222191335789,True,
5180,2026-09-23,002636,-18.086960036814084,False,5133
5181,2026-09-23,300112,-18.141376470113357,False,5134
5182,2026-09-23,688312,-18.215961309700813,False,5135
5183,2026-09-23,300829,-18.366913096855342,False,5136
5184,2026-09-23,300243,-18.729174247683623,False,5137
5185,2026-09-23,000504,-18.73443384958626,False,5138
5186,2026-09-23,603636,-19.027484897471531,True,
5187,2026-09-23,300741,-19.159387387318649,False,5139
5188,2026-09-23,002912,-19.216819672828503,False,5140
5189,2026-09-23,600172,-19.225090672508735,False,5141
5190,2026-09-23,688837,-19.437485888454372,False,5142
5191,2026-09-23,300642,-19.566676686602907,False,5143
5192,2026-09-23,301366,-19.66983398747314,False,5144
5193,2026-09-23,300911,-19.672851110834984,False,5145
5194,2026-09-23,688028,-20.079272760438542,False,5146
5195,2026-09-23,688813,-20.86208114462503,False,5147
5196,2026-09-23,688143,-21.079133424868363,False,5148
5197,2026-09-23,002106,-22.673982118597639,False,5149
5198,2026-09-23,301132,-23.47267350315672,False,5150
5199,2026-09-23,301678,-24.320006337602535,False,5151
5200,2026-09-23,300862,-25.182368644295117,False,5152
5201,2026-09-23,688004,-25.803415845551733,False,5153
5202,2026-09-23,601086,-25.912880927581043,False,5154
5203,2026-09-23,301686,-26.099048720701141,False,5155
5204,2026-09-23,603230,-26.857079390325293,False,5156
5205,2026-09-23,600371,-27.757681921244181,True,
5206,2026-09-23,601091,-27.962983530599573,False,5157
5207,2026-09-23,301689,-29.113290697019025,False,5158
5208,2026-09-23,605058,-29.17013509823483,True,
5209,2026-09-23,600503,-33.981047658588338,True,
5210,2026-09-23,000823,-39.923426899525737,False,5159
