rank_all,date,code,signal,close_limit_up,rank_ex_limit_up
1,2026-09-22,000019,18.563413846329404,False,1
2,2026-09-22,600251,16.013783468019533,False,2
3,2026-09-22,002852,15.456375320773589,False,3
4,2026-09-22,002286,15.18959191685299,False,4
5,2026-09-22,002041,14.878607908473846,False,5
6,2026-09-22,600313,14.70960725322074,False,6
7,2026-09-22,601118,14.558099736563028,False,7
8,2026-09-22,000430,14.479552679074185,False,8
9,2026-09-22,600825,14.333694807559301,True,
10,2026-09-22,000523,14.221162466522342,False,9
11,2026-09-22,603113,14.02021487061015,False,10
12,2026-09-22,000911,13.942140053819999,False,11
13,2026-09-22,002470,13.55224512963439,False,12
14,2026-09-22,002855,13.187995113190814,False,13
15,2026-09-22,000505,13.184605846410818,False,14
16,2026-09-22,300387,12.340646734885016,False,15
17,2026-09-22,600508,12.209181165932831,False,16
18,2026-09-22,300922,12.153736451557954,False,17
19,2026-09-22,601366,12.144018357016574,False,18
20,2026-09-22,002888,12.117633308850939,False,19
21,2026-09-22,000972,12.068118898152427,False,20
22,2026-09-22,000716,12.049467577610921,False,21
23,2026-09-22,002637,12.021074516770657,False,22
24,2026-09-22,300889,11.832579382293153,False,23
25,2026-09-22,002828,11.787328230565793,False,24
26,2026-09-22,002910,11.743779263180334,False,25
27,2026-09-22,301058,11.73897506301685,False,26
28,2026-09-22,000735,11.667485749318184,False,27
29,2026-09-22,601566,11.643453260490681,False,28
30,2026-09-22,300970,11.497674001696826,False,29
31,2026-09-22,002772,11.485018193432843,False,30
32,2026-09-22,000061,11.469329244798656,False,31
33,2026-09-22,301688,11.279754483658762,False,32
34,2026-09-22,002982,11.265800858020418,False,33
35,2026-09-22,002952,11.262434583371466,False,34
36,2026-09-22,002548,11.178682770967118,False,35
37,2026-09-22,603188,11.144557709627456,False,36
38,2026-09-22,001366,11.063543329062469,False,37
39,2026-09-22,002481,11.047254580058279,False,38
40,2026-09-22,002820,11.044870409203694,False,39
41,2026-09-22,002556,10.967426673655661,False,40
42,2026-09-22,000702,10.8967195036766,False,41
43,2026-09-22,002458,10.862948920155107,False,42
44,2026-09-22,000626,10.679008718247507,False,43
45,2026-09-22,002159,10.677421916465365,False,44
46,2026-09-22,000931,10.641633185864492,False,45
47,2026-09-22,002124,10.637478295192029,False,46
48,2026-09-22,300381,10.553167846395342,False,47
49,2026-09-22,002385,10.539041077501892,False,48
50,2026-09-22,603123,10.473418840484513,False,49
51,2026-09-22,603448,10.454438817954598,False,50
52,2026-09-22,000985,10.396165653030618,False,51
53,2026-09-22,603976,10.366268498466582,False,52
54,2026-09-22,603880,10.35614471139273,False,53
55,2026-09-22,000949,10.350358133471508,False,54
56,2026-09-22,603730,10.32350265432685,False,55
57,2026-09-22,600318,10.318383577965728,False,56
58,2026-09-22,000929,10.291910339020507,False,57
59,2026-09-22,002224,10.200905377677266,False,58
60,2026-09-22,002687,10.146708345641509,False,59
61,2026-09-22,603318,10.137203059639521,False,60
62,2026-09-22,300709,10.113533672204037,False,61
63,2026-09-22,300106,10.091781347957911,False,62
64,2026-09-22,601083,10.067270743498277,False,63
65,2026-09-22,000998,9.9582527170470136,False,64
66,2026-09-22,603161,9.8986457707772768,False,65
67,2026-09-22,003042,9.8954802887150741,False,66
68,2026-09-22,002072,9.8905760236803957,False,67
69,2026-09-22,002547,9.8037497849409814,False,68
70,2026-09-22,002758,9.7647085228101353,False,69
71,2026-09-22,300898,9.6606352787578462,False,70
72,2026-09-22,301062,9.6423201292323917,False,71
73,2026-09-22,002561,9.6277636690565824,False,72
74,2026-09-22,301539,9.6232204401962544,False,73
75,2026-09-22,603616,9.6080305683531417,False,74
76,2026-09-22,600300,9.5922648625367817,False,75
77,2026-09-22,603696,9.5586834684677484,False,76
78,2026-09-22,001299,9.5108314994003251,False,77
79,2026-09-22,000017,9.4919755678512434,False,78
80,2026-09-22,300500,9.4590119790968821,False,79
81,2026-09-22,002596,9.4436448420463961,False,80
82,2026-09-22,002743,9.4111990607482863,False,81
83,2026-09-22,600824,9.3995460009917977,False,82
84,2026-09-22,603860,9.3567084625334527,False,83
85,2026-09-22,001231,9.3398979247610665,False,84
86,2026-09-22,300505,9.3340150846427825,False,85
87,2026-09-22,603536,9.2930643253533418,False,86
88,2026-09-22,300094,9.2563597586289816,False,87
89,2026-09-22,300997,9.1943424103922986,False,88
90,2026-09-22,300824,9.1467090544636882,False,89
91,2026-09-22,301156,9.1404626063924486,False,90
92,2026-09-22,603101,9.0975256953991845,False,91
93,2026-09-22,002719,9.0927458704835544,False,92
94,2026-09-22,603022,9.0427342332902114,False,93
95,2026-09-22,603102,8.9844587776438232,False,94
96,2026-09-22,002746,8.9648109435923367,False,95
97,2026-09-22,001318,8.9421227376937154,False,96
98,2026-09-22,000888,8.91771824064217,False,97
99,2026-09-22,600610,8.9040782703450159,False,98
100,2026-09-22,002682,8.8610583755843297,False,99
101,2026-09-22,002691,8.8245821500375694,False,100
102,2026-09-22,301533,8.8203746163972276,False,101
103,2026-09-22,605339,8.8104484171354791,False,102
104,2026-09-22,603779,8.75056915670908,False,103
105,2026-09-22,002107,8.6994943868866201,False,104
106,2026-09-22,300268,8.6871426918093597,False,105
107,2026-09-22,002742,8.6687439636827364,False,106
108,2026-09-22,603869,8.6545080373360825,False,107
109,2026-09-22,301591,8.6542066780749494,False,108
110,2026-09-22,002186,8.6395544518814127,False,109
111,2026-09-22,603095,8.6171936271649514,False,110
112,2026-09-22,603395,8.6069540260214161,False,111
113,2026-09-22,300967,8.4595326758390001,False,112
114,2026-09-22,002700,8.4458862302892292,False,113
115,2026-09-22,000813,8.4422652649034475,False,114
116,2026-09-22,001338,8.4104564024502828,False,115
117,2026-09-22,603879,8.4092029839769271,False,116
118,2026-09-22,605089,8.3871183981020074,False,117
119,2026-09-22,603385,8.3803389168966564,False,118
120,2026-09-22,000558,8.358807376036598,False,119
121,2026-09-22,300830,8.3535687172545092,False,120
122,2026-09-22,603089,8.3442364343755813,False,121
123,2026-09-22,002538,8.3207712312718236,False,122
124,2026-09-22,300854,8.2902961955750776,False,123
125,2026-09-22,603132,8.2857452847281401,False,124
126,2026-09-22,300189,8.2787113977955169,False,125
127,2026-09-22,002265,8.2766926716530911,False,126
128,2026-09-22,300892,8.2751679208374362,False,127
129,2026-09-22,600388,8.2258104502234488,False,128
130,2026-09-22,600598,8.2194182927548631,False,129
131,2026-09-22,002661,8.2046004068513767,False,130
132,2026-09-22,003013,8.2007744423758009,False,131
133,2026-09-22,600785,8.1918004045826134,False,132
134,2026-09-22,300878,8.1877866252949865,False,133
135,2026-09-22,301027,8.1671891130735936,False,134
136,2026-09-22,002347,8.1626880502237249,False,135
137,2026-09-22,605567,8.1380730301044295,False,136
138,2026-09-22,300700,8.1154914820710324,False,137
139,2026-09-22,600594,8.1101129804877008,False,138
140,2026-09-22,002306,8.1062811887343056,False,139
141,2026-09-22,000798,8.1027771660067351,False,140
142,2026-09-22,600883,8.101789796816945,False,141
143,2026-09-22,000856,8.0938219339985071,False,142
144,2026-09-22,600327,8.0929570724536894,False,143
145,2026-09-22,601858,8.0894650252724816,False,144
146,2026-09-22,688565,8.0893030605846192,False,145
147,2026-09-22,002571,8.082182194254365,False,146
148,2026-09-22,301006,8.0755637042068269,False,147
149,2026-09-22,301116,8.0648743708811885,False,148
150,2026-09-22,600844,8.0540980914551881,False,149
151,2026-09-22,003043,8.0385705835596308,False,150
152,2026-09-22,000952,8.0305332323760084,False,151
153,2026-09-22,000890,7.9730371517979997,False,152
154,2026-09-22,600936,7.95783006795918,False,153
155,2026-09-22,600025,7.9427243550604105,False,154
156,2026-09-22,600230,7.9293462147501375,False,155
157,2026-09-22,001278,7.9258378840199493,False,156
158,2026-09-22,301298,7.9013383558221157,False,157
159,2026-09-22,002629,7.892105461349141,False,158
160,2026-09-22,600543,7.8895130809180074,False,159
161,2026-09-22,603079,7.855710802589674,False,160
162,2026-09-22,603558,7.8526315330137173,False,161
163,2026-09-22,002627,7.8506841235645721,False,162
164,2026-09-22,300214,7.7803732459609396,False,163
165,2026-09-22,002329,7.7670448992900942,False,164
166,2026-09-22,600419,7.7636454865855233,False,165
167,2026-09-22,002412,7.7509452680597697,False,166
168,2026-09-22,300535,7.7293012089647855,False,167
169,2026-09-22,300884,7.714337735634059,False,168
170,2026-09-22,600280,7.6920403067640741,False,169
171,2026-09-22,603719,7.6823935609340488,False,170
172,2026-09-22,600838,7.6692297445346043,False,171
173,2026-09-22,600257,7.6349533417487718,False,172
174,2026-09-22,600429,7.6074684219897319,False,173
175,2026-09-22,603016,7.6029418149580881,False,174
176,2026-09-22,000902,7.5896181166465668,False,175
177,2026-09-22,600969,7.5827853725855974,False,176
178,2026-09-22,600097,7.569911027012215,False,177
179,2026-09-22,300483,7.5364608857128044,False,178
180,2026-09-22,601952,7.5301265623578519,False,179
181,2026-09-22,300640,7.5268509420551961,False,180
182,2026-09-22,002930,7.5132767979620327,False,181
183,2026-09-22,603406,7.467025444658848,False,182
184,2026-09-22,600858,7.4668618903604047,False,183
185,2026-09-22,300707,7.4641176062933656,False,184
186,2026-09-22,600333,7.4370180200215179,False,185
187,2026-09-22,300175,7.4358818552479766,False,186
188,2026-09-22,600714,7.4346442751903066,False,187
189,2026-09-22,603128,7.4304661406822898,False,188
190,2026-09-22,002995,7.4295458505580187,False,189
191,2026-09-22,002775,7.4216117512665853,False,190
192,2026-09-22,000407,7.4162512129854807,False,191
193,2026-09-22,001230,7.411777577297868,False,192
194,2026-09-22,300514,7.4105638712608561,False,193
195,2026-09-22,301119,7.3966955761997122,False,194
196,2026-09-22,603886,7.3842535303356218,False,195
197,2026-09-22,002778,7.3559556775782529,False,196
198,2026-09-22,600075,7.3470486168945888,False,197
199,2026-09-22,603391,7.341458211189865,False,198
200,2026-09-22,002953,7.3107947849594153,False,199
201,2026-09-22,603810,7.3107621272169334,False,200
202,2026-09-22,601298,7.3033168816559515,False,201
203,2026-09-22,603970,7.2998041587449727,False,202
204,2026-09-22,600467,7.2990900513650558,False,203
205,2026-09-22,601827,7.2978403720671832,False,204
206,2026-09-22,000632,7.2956133026755872,False,205
207,2026-09-22,600965,7.2780335224155204,False,206
208,2026-09-22,301158,7.2756827390399197,False,207
209,2026-09-22,002644,7.2574446568533837,False,208
210,2026-09-22,000968,7.2570847312348095,False,209
211,2026-09-22,002114,7.233361700811697,False,210
212,2026-09-22,300837,7.2156471611834316,False,211
213,2026-09-22,002419,7.2011925275378994,False,212
214,2026-09-22,001325,7.1982009754463459,False,213
215,2026-09-22,300875,7.1882768431766673,False,214
216,2026-09-22,600860,7.1831458218119915,False,215
217,2026-09-22,000925,7.179433942654307,False,216
218,2026-09-22,002660,7.1793985526904818,False,217
219,2026-09-22,300583,7.1737396967040006,False,218
220,2026-09-22,000698,7.1593496269312835,False,219
221,2026-09-22,600018,7.1584658911172774,False,220
222,2026-09-22,002136,7.1578402959226857,False,221
223,2026-09-22,603682,7.1535129513413613,False,222
224,2026-09-22,301037,7.1460517404041743,False,223
225,2026-09-22,603059,7.1392699254047312,False,224
226,2026-09-22,301552,7.1331330547706377,False,225
227,2026-09-22,603106,7.1297217978012322,False,226
228,2026-09-22,002476,7.1296341623078412,False,227
229,2026-09-22,000683,7.110400876834043,False,228
230,2026-09-22,601598,7.0866530208252163,False,229
231,2026-09-22,601007,7.0786607362999776,False,230
232,2026-09-22,600892,7.0721706599937439,False,231
233,2026-09-22,603729,7.0596386949701158,False,232
234,2026-09-22,300588,7.0506176869182173,False,233
235,2026-09-22,002622,7.0412398897186321,False,234
236,2026-09-22,603721,7.0407468476759361,False,235
237,2026-09-22,002365,7.0374328287160655,False,236
238,2026-09-22,603030,7.032251917322446,False,237
239,2026-09-22,000955,7.0292701996207363,False,238
240,2026-09-22,603982,7.0259297917762193,False,239
241,2026-09-22,605028,6.9763806359525056,False,240
242,2026-09-22,002817,6.9538374132834671,False,241
243,2026-09-22,603365,6.951364217450875,False,242
244,2026-09-22,601963,6.931580409834071,False,243
245,2026-09-22,603235,6.9238237421948021,False,244
246,2026-09-22,603727,6.9224943990634831,False,245
247,2026-09-22,301039,6.9000632286732602,False,246
248,2026-09-22,002875,6.8965336737116489,False,247
249,2026-09-22,002437,6.8904736946763716,False,248
250,2026-09-22,603331,6.8831519130456069,False,249
251,2026-09-22,605268,6.8808094174881393,False,250
252,2026-09-22,002278,6.8781105337172441,False,251
253,2026-09-22,301429,6.8736594455056075,False,252
254,2026-09-22,000526,6.8721441998078046,False,253
255,2026-09-22,300132,6.858542252559082,False,254
256,2026-09-22,002234,6.8524730032960974,False,255
257,2026-09-22,600897,6.8523030742340687,False,256
258,2026-09-22,603029,6.8518140445217144,False,257
259,2026-09-22,688701,6.8486277770355617,False,258
260,2026-09-22,600368,6.8444511028264721,False,259
261,2026-09-22,601038,6.8300898599214195,False,260
262,2026-09-22,300605,6.8264576080994948,False,261
263,2026-09-22,600249,6.8250737252988634,False,262
264,2026-09-22,300883,6.8250075782276696,False,263
265,2026-09-22,000788,6.8210064080589214,False,264
266,2026-09-22,605599,6.816981688590567,False,265
267,2026-09-22,688152,6.8153263221426652,False,266
268,2026-09-22,300945,6.8144232502973869,False,267
269,2026-09-22,600463,6.8140186391964441,False,268
270,2026-09-22,300103,6.8036370318309798,False,269
271,2026-09-22,001965,6.795441803843981,False,270
272,2026-09-22,002211,6.7830229138626725,False,271
273,2026-09-22,002330,6.7456360010916967,False,272
274,2026-09-22,002656,6.7395028378759845,False,273
275,2026-09-22,603327,6.7386053083014739,False,274
276,2026-09-22,603895,6.730913080460029,False,275
277,2026-09-22,601212,6.7253167767506561,False,276
278,2026-09-22,300386,6.7220989435693355,False,277
279,2026-09-22,001277,6.7201793443957678,False,278
280,2026-09-22,002567,6.7084041167877739,False,279
281,2026-09-22,603402,6.6993686673769828,False,280
282,2026-09-22,000707,6.6953990190007229,False,281
283,2026-09-22,605007,6.6951107442240412,False,282
284,2026-09-22,002535,6.6893036190108903,False,283
285,2026-09-22,601333,6.6866203368689421,False,284
286,2026-09-22,600692,6.6841144733042333,False,285
287,2026-09-22,002166,6.6835743044923728,False,286
288,2026-09-22,002375,6.6787733341403683,False,287
289,2026-09-22,002157,6.672551937262587,False,288
290,2026-09-22,301040,6.668229567357332,False,289
291,2026-09-22,301098,6.6605696898388373,False,290
292,2026-09-22,603330,6.6579450914749447,False,291
293,2026-09-22,002969,6.6467999947615386,False,292
294,2026-09-22,000501,6.6428659377971604,False,293
295,2026-09-22,002570,6.6411015981724901,False,294
296,2026-09-22,600617,6.629993807090667,False,295
297,2026-09-22,002165,6.6258331990667481,False,296
298,2026-09-22,603600,6.6196484265754876,False,297
299,2026-09-22,600975,6.6182691694084665,False,298
300,2026-09-22,300818,6.6099552965984003,False,299
301,2026-09-22,002451,6.6068176100740086,False,300
302,2026-09-22,300838,6.6018508814812673,False,301
303,2026-09-22,600377,6.5586613424563005,False,302
304,2026-09-22,000153,6.5535425438669295,False,303
305,2026-09-22,603208,6.5408176808170362,False,304
306,2026-09-22,002418,6.5391922086745131,False,305
307,2026-09-22,600073,6.5391096425252941,False,306
308,2026-09-22,002390,6.534319244954184,False,307
309,2026-09-22,003816,6.5332799805880208,False,308
310,2026-09-22,002940,6.5303265112364466,False,309
311,2026-09-22,301239,6.5273668138054539,False,310
312,2026-09-22,603708,6.5166296050704169,False,311
313,2026-09-22,605108,6.5131770690922757,False,312
314,2026-09-22,301287,6.5066520662691794,False,313
315,2026-09-22,600398,6.5036878825113131,False,314
316,2026-09-22,002857,6.4972200181737412,False,315
317,2026-09-22,002802,6.4901740888053272,False,316
318,2026-09-22,300254,6.4701872747669267,False,317
319,2026-09-22,600886,6.4667043634923145,False,318
320,2026-09-22,000755,6.4657267386808437,False,319
321,2026-09-22,002227,6.4634011677960395,False,320
322,2026-09-22,300335,6.4626478343768028,False,321
323,2026-09-22,002496,6.4503540381104605,False,322
324,2026-09-22,002923,6.4445615364770301,False,323
325,2026-09-22,600128,6.4347670953093061,False,324
326,2026-09-22,603700,6.4160767981862419,False,325
327,2026-09-22,600900,6.4147528101770517,False,326
328,2026-09-22,300578,6.4116643475600679,False,327
329,2026-09-22,000564,6.402062811069114,False,328
330,2026-09-22,002868,6.3951853442924946,False,329
331,2026-09-22,002258,6.3715943339349641,False,330
332,2026-09-22,002763,6.3693128523334899,False,331
333,2026-09-22,603619,6.3612780404975879,False,332
334,2026-09-22,001395,6.359961397136118,False,333
335,2026-09-22,000838,6.3414202334583516,False,334
336,2026-09-22,600693,6.3264333596950992,False,335
337,2026-09-22,603739,6.3258688461068315,False,336
338,2026-09-22,003027,6.3225358570744969,False,337
339,2026-09-22,601916,6.3208697236501745,False,338
340,2026-09-22,603382,6.3173507249000034,False,339
341,2026-09-22,002541,6.3130506988430355,False,340
342,2026-09-22,600303,6.3127009577735267,False,341
343,2026-09-22,002355,6.3125774152090681,False,342
344,2026-09-22,000520,6.2982041378398321,False,343
345,2026-09-22,600017,6.2979437112414356,False,344
346,2026-09-22,601518,6.2967978021384639,False,345
347,2026-09-22,600774,6.2872857029031595,False,346
348,2026-09-22,600989,6.2863293825362447,False,347
349,2026-09-22,605033,6.2857258151429622,False,348
350,2026-09-22,301655,6.2747615002600119,False,349
351,2026-09-22,002193,6.2484195624900334,False,350
352,2026-09-22,000816,6.233542356310366,False,351
353,2026-09-22,002196,6.2306734835236295,False,352
354,2026-09-22,301138,6.2289160550451728,False,353
355,2026-09-22,600971,6.2281349820806646,False,354
356,2026-09-22,603585,6.2277036059782898,False,355
357,2026-09-22,300546,6.2265956226240347,False,356
358,2026-09-22,603058,6.2205659437669967,False,357
359,2026-09-22,603177,6.2191193644601093,False,358
360,2026-09-22,600548,6.2157983333753446,False,359
361,2026-09-22,603121,6.2069534058127633,False,360
362,2026-09-22,002599,6.2045875203804304,False,361
363,2026-09-22,000822,6.1910990804227,False,362
364,2026-09-22,600833,6.1886925942314965,False,363
365,2026-09-22,605003,6.1885495149596403,False,364
366,2026-09-22,603238,6.1778473007560475,False,365
367,2026-09-22,003011,6.1770942257915955,False,366
368,2026-09-22,002694,6.1759789058102079,False,367
369,2026-09-22,000524,6.171629248732228,False,368
370,2026-09-22,000895,6.1536871221021077,False,369
371,2026-09-22,600408,6.1504461248570461,False,370
372,2026-09-22,603096,6.1490766885017081,False,371
373,2026-09-22,000759,6.1427291556119545,False,372
374,2026-09-22,603628,6.1407563419223257,False,373
375,2026-09-22,300675,6.1377730828517345,False,374
376,2026-09-22,605337,6.135117713461705,False,375
377,2026-09-22,600834,6.1153015992641686,False,376
378,2026-09-22,002229,6.1063195159994423,False,377
379,2026-09-22,301216,6.1015440937071075,False,378
380,2026-09-22,000926,6.1000462066516787,False,379
381,2026-09-22,603320,6.088664210304966,False,380
382,2026-09-22,003017,6.0876281916109667,False,381
383,2026-09-22,301131,6.087435920464455,False,382
384,2026-09-22,603408,6.0832557359297592,False,383
385,2026-09-22,603689,6.0762765725253329,False,384
386,2026-09-22,688011,6.075295300623063,False,385
387,2026-09-22,300968,6.0728107781304272,False,386
388,2026-09-22,600423,6.0609505862645126,False,387
389,2026-09-22,002825,6.0470391976588687,False,388
390,2026-09-22,601330,6.0434059272878313,False,389
391,2026-09-22,688355,6.0432122197547917,False,390
392,2026-09-22,603639,6.0268185795857816,False,391
393,2026-09-22,002524,6.0172879742894274,False,392
394,2026-09-22,300021,6.0172327650610047,False,393
395,2026-09-22,300871,6.0153141478632763,False,394
396,2026-09-22,601116,6.0106940551229782,False,395
397,2026-09-22,603017,6.00512364971999,False,396
398,2026-09-22,300371,5.9939529792088502,False,397
399,2026-09-22,301106,5.9868602008677847,False,398
400,2026-09-22,002688,5.9777206409785109,False,399
401,2026-09-22,600149,5.9724319197625633,False,400
402,2026-09-22,603778,5.9699669991742592,False,401
403,2026-09-22,301399,5.9670755564386759,False,402
404,2026-09-22,603182,5.959984824541448,False,403
405,2026-09-22,002105,5.9577563467935528,False,404
406,2026-09-22,301009,5.9569539520550574,False,405
407,2026-09-22,600241,5.9536235520833065,False,406
408,2026-09-22,600573,5.9527445234884642,False,407
409,2026-09-22,600941,5.9380639710399334,False,408
410,2026-09-22,601665,5.9336139848765592,False,409
411,2026-09-22,301449,5.9231531167443929,False,410
412,2026-09-22,300564,5.906227702681937,False,411
413,2026-09-22,002513,5.9059898881020398,False,412
414,2026-09-22,000779,5.895019293957608,False,413
415,2026-09-22,300079,5.8919201213057448,False,414
416,2026-09-22,001218,5.8912092082218912,False,415
417,2026-09-22,601728,5.8835692993965685,False,416
418,2026-09-22,600486,5.87549737394085,False,417
419,2026-09-22,600803,5.8735835438986772,False,418
420,2026-09-22,600506,5.8656526652613667,False,419
421,2026-09-22,600872,5.8636500337363664,False,420
422,2026-09-22,601798,5.8589134628992188,False,421
423,2026-09-22,002188,5.8585757739655318,False,422
424,2026-09-22,002485,5.8536730614393084,False,423
425,2026-09-22,002478,5.8485118930503184,False,424
426,2026-09-22,002357,5.8405097596483611,False,425
427,2026-09-22,603488,5.8391562623467044,False,426
428,2026-09-22,600706,5.8301141283485292,False,427
429,2026-09-22,300030,5.8264787848573754,False,428
430,2026-09-22,603758,5.817619141735701,False,429
431,2026-09-22,601018,5.8115124355392531,False,430
432,2026-09-22,000550,5.8103708693591321,False,431
433,2026-09-22,002516,5.8098313886334791,False,432
434,2026-09-22,002942,5.7952456962181227,False,433
435,2026-09-22,300230,5.7943499704608286,False,434
436,2026-09-22,000586,5.794058160450879,False,435
437,2026-09-22,300479,5.7932791168308357,False,436
438,2026-09-22,601857,5.7820609351514394,False,437
439,2026-09-22,002033,5.7696016305150088,False,438
440,2026-09-22,002822,5.7663287811061146,False,439
441,2026-09-22,601158,5.7650121034759279,False,440
442,2026-09-22,000001,5.7641471162126239,False,441
443,2026-09-22,001358,5.7569923986923595,False,442
444,2026-09-22,603329,5.7547792922070506,False,443
445,2026-09-22,605136,5.7535734030561958,False,444
446,2026-09-22,600346,5.7523418646817461,False,445
447,2026-09-22,688169,5.7520097245645276,False,446
448,2026-09-22,600665,5.7515462789821177,False,447
449,2026-09-22,600992,5.7446388353430553,False,448
450,2026-09-22,301376,5.7400659591079188,False,449
451,2026-09-22,300783,5.7348061855850512,False,450
452,2026-09-22,002788,5.7308098745527403,False,451
453,2026-09-22,000692,5.7267578798713785,False,452
454,2026-09-22,601011,5.7227880988802244,False,453
455,2026-09-22,002154,5.7211940417627263,False,454
456,2026-09-22,003029,5.7133463038401411,False,455
457,2026-09-22,300717,5.7061819697048897,False,456
458,2026-09-22,600365,5.7033153543566701,False,457
459,2026-09-22,002116,5.7013894120353266,False,458
460,2026-09-22,300448,5.701381235856493,False,459
461,2026-09-22,603866,5.6961422663492272,False,460
462,2026-09-22,002766,5.687720200844435,False,461
463,2026-09-22,002251,5.680732802615224,False,462
464,2026-09-22,603317,5.6773409861967599,False,463
465,2026-09-22,002907,5.6690904124281776,False,464
466,2026-09-22,601816,5.6684421478860827,False,465
467,2026-09-22,301717,5.6555919319628591,False,466
468,2026-09-22,301218,5.6477038469647569,False,467
469,2026-09-22,603396,5.6447369911276555,False,468
470,2026-09-22,603359,5.6432404506406888,False,469
471,2026-09-22,600581,5.641445622896053,False,470
472,2026-09-22,600998,5.6364428311238202,False,471
473,2026-09-22,600731,5.6362839016443385,False,472
474,2026-09-22,301288,5.634250216929928,False,473
475,2026-09-22,301152,5.6295455074651075,False,474
476,2026-09-22,603151,5.6276967609865132,False,475
477,2026-09-22,600319,5.6245265394015842,False,476
478,2026-09-22,600178,5.622063508550287,False,477
479,2026-09-22,300407,5.6136419140994773,False,478
480,2026-09-22,002998,5.6063149000827819,False,479
481,2026-09-22,002069,5.5987537497339819,False,480
482,2026-09-22,603912,5.5932286995345795,False,481
483,2026-09-22,603198,5.5871177414767379,False,482
484,2026-09-22,300126,5.5838103497506211,False,483
485,2026-09-22,300172,5.5835700971894537,False,484
486,2026-09-22,002880,5.5755701574541181,False,485
487,2026-09-22,600136,5.5743446995195365,False,486
488,2026-09-22,603071,5.5606430789093499,False,487
489,2026-09-22,601825,5.5590424109974323,False,488
490,2026-09-22,000529,5.5578249451889512,False,489
491,2026-09-22,000848,5.557684606324468,False,490
492,2026-09-22,600678,5.5466991341060421,False,491
493,2026-09-22,301088,5.5266735380846193,False,492
494,2026-09-22,000419,5.5221508094012206,False,493
495,2026-09-22,000812,5.5208210140667955,False,494
496,2026-09-22,000903,5.5151041918244701,False,495
497,2026-09-22,300589,5.5142562820353458,False,496
498,2026-09-22,000573,5.5111491792633558,False,497
499,2026-09-22,002207,5.5087559473132046,False,498
500,2026-09-22,600195,5.5021709913254,False,499
501,2026-09-22,002721,5.4960733199100735,False,500
502,2026-09-22,300653,5.48974575845088,False,501
503,2026-09-22,301078,5.4845543555139225,False,502
504,2026-09-22,301019,5.4770773002400368,False,503
505,2026-09-22,688280,5.4744252332387164,False,504
506,2026-09-22,301603,5.4699141940805802,False,505
507,2026-09-22,002833,5.4672990808499673,False,506
508,2026-09-22,603076,5.4661524090653675,False,507
509,2026-09-22,600828,5.4654181591850417,False,508
510,2026-09-22,301111,5.4647448876132332,False,509
511,2026-09-22,300710,5.4645418059291471,False,510
512,2026-09-22,002395,5.4633482982960944,False,511
513,2026-09-22,300994,5.4440125968382693,False,512
514,2026-09-22,000576,5.4437692067700771,False,513
515,2026-09-22,600212,5.4435266818982813,False,514
516,2026-09-22,002038,5.4382232886386888,False,515
517,2026-09-22,000068,5.4359203859126222,False,516
518,2026-09-22,000333,5.4347766690539858,False,517
519,2026-09-22,002086,5.4343879636527577,False,518
520,2026-09-22,300577,5.4231239917852694,False,519
521,2026-09-22,300722,5.415535131866557,False,520
522,2026-09-22,601368,5.4148181709787373,False,521
523,2026-09-22,601107,5.4143554998252199,False,522
524,2026-09-22,301208,5.3929694100570389,False,523
525,2026-09-22,600566,5.383833054553663,False,524
526,2026-09-22,601065,5.3769562573616208,False,525
527,2026-09-22,002986,5.364404462539941,False,526
528,2026-09-22,000828,5.3627047228949412,False,527
529,2026-09-22,002950,5.3388442138628234,False,528
530,2026-09-22,300904,5.3359016158443993,False,529
531,2026-09-22,000590,5.3329327651853875,False,530
532,2026-09-22,301371,5.3320726465664974,False,531
533,2026-09-22,688345,5.3267938239362662,False,532
534,2026-09-22,000919,5.3182829624448322,False,533
535,2026-09-22,002248,5.3122500524465357,False,534
536,2026-09-22,601326,5.3070855847709497,False,535
537,2026-09-22,301126,5.3051342701713189,False,536
538,2026-09-22,002094,5.3049959754876976,False,537
539,2026-09-22,300612,5.2962733592030906,False,538
540,2026-09-22,600968,5.2960177285362686,False,539
541,2026-09-22,603073,5.292717844242806,False,540
542,2026-09-22,300565,5.2882913689487268,False,541
543,2026-09-22,601002,5.285126585951498,False,542
544,2026-09-22,301180,5.2830137713657077,False,543
545,2026-09-22,001256,5.2819696269940684,False,544
546,2026-09-22,300937,5.2789341862157579,False,545
547,2026-09-22,600694,5.2783402255600809,False,546
548,2026-09-22,002732,5.2685618619111514,False,547
549,2026-09-22,002948,5.2650371864698533,False,548
550,2026-09-22,603722,5.2561045940749906,False,549
551,2026-09-22,600138,5.2490872771233263,False,550
552,2026-09-22,301056,5.2484117855748975,False,551
553,2026-09-22,603135,5.2467927275632702,False,552
554,2026-09-22,603006,5.2446736429832432,False,553
555,2026-09-22,605098,5.2383290001070772,False,554
556,2026-09-22,600023,5.2357197053211344,False,555
557,2026-09-22,603477,5.2308624643158108,False,556
558,2026-09-22,605296,5.2279091964702245,False,557
559,2026-09-22,300607,5.2182964429636556,False,558
560,2026-09-22,002689,5.2106188896512524,False,559
561,2026-09-22,002696,5.1996125389427847,False,560
562,2026-09-22,603909,5.1951972108252562,False,561
563,2026-09-22,605122,5.1932360890258522,False,562
564,2026-09-22,603159,5.1875956396523986,False,563
565,2026-09-22,600874,5.1874566724066202,False,564
566,2026-09-22,002576,5.1827498073537548,False,565
567,2026-09-22,300509,5.1801680467369691,False,566
568,2026-09-22,603429,5.1775583140300085,False,567
569,2026-09-22,300828,5.1763883561711879,False,568
570,2026-09-22,603926,5.1756813863607825,False,569
571,2026-09-22,300958,5.1750539286003212,False,570
572,2026-09-22,002109,5.1677562991749806,False,571
573,2026-09-22,002235,5.1665147359241672,False,572
574,2026-09-22,002004,5.1642860006700735,False,573
575,2026-09-22,603041,5.1637000958077719,False,574
576,2026-09-22,603816,5.163231349296951,False,575
577,2026-09-22,300508,5.1630165370259862,False,576
578,2026-09-22,300299,5.1600265042685427,False,577
579,2026-09-22,002686,5.1576714160108832,False,578
580,2026-09-22,001400,5.149074832261185,False,579
581,2026-09-22,600713,5.1474078843015647,False,580
582,2026-09-22,601288,5.1467776686768767,False,581
583,2026-09-22,002291,5.1446189952622019,False,582
584,2026-09-22,002493,5.1413809036934053,False,583
585,2026-09-22,002646,5.1388745903748703,False,584
586,2026-09-22,600985,5.1339773024731112,False,585
587,2026-09-22,688410,5.1335230802248049,False,586
588,2026-09-22,002864,5.133406658421154,False,587
589,2026-09-22,300897,5.132186390707834,False,588
590,2026-09-22,603273,5.1312453203086745,False,589
591,2026-09-22,002884,5.1287420390512786,False,590
592,2026-09-22,300859,5.123911661924879,False,591
593,2026-09-22,600547,5.1088721382580813,False,592
594,2026-09-22,600007,5.1076064329259907,False,593
595,2026-09-22,001226,5.1007983492594411,False,594
596,2026-09-22,301257,5.0907701160995931,False,595
597,2026-09-22,603797,5.0879640186078205,False,596
598,2026-09-22,688826,5.0869516484501958,False,597
599,2026-09-22,002471,5.0860961578782575,False,598
600,2026-09-22,301206,5.0843823575875824,False,599
601,2026-09-22,301556,5.0776763509671756,False,600
602,2026-09-22,300270,5.0742321615807491,False,601
603,2026-09-22,002716,5.0740936070859011,False,602
604,2026-09-22,002029,5.0710497855381478,False,603
605,2026-09-22,002752,5.0702237440390538,False,604
606,2026-09-22,002562,5.0693390848215136,False,605
607,2026-09-22,301313,5.0667426830603945,False,606
608,2026-09-22,002017,5.0649281199623832,False,607
609,2026-09-22,300677,5.0572454882300084,False,608
610,2026-09-22,688350,5.0504828021929091,False,609
611,2026-09-22,688569,5.0244775969925666,False,610
612,2026-09-22,600800,5.0192315204713891,False,611
613,2026-09-22,301160,5.0159987474814871,False,612
614,2026-09-22,300956,5.0108363706396197,False,613
615,2026-09-22,603789,5.0105141847193151,False,614
616,2026-09-22,002753,5.006836171424581,False,615
617,2026-09-22,300906,5.0058885412370717,False,616
618,2026-09-22,600882,5.0042929924908801,False,617
619,2026-09-22,000037,5.0001515700951895,False,618
620,2026-09-22,002861,4.9995197908452313,False,619
621,2026-09-22,002519,4.9987161948298731,False,620
622,2026-09-22,002133,4.9973457895210993,False,621
623,2026-09-22,000790,4.9957200161271214,False,622
624,2026-09-22,300052,4.9918637233012051,False,623
625,2026-09-22,000651,4.9876157161520709,False,624
626,2026-09-22,000633,4.9863019821454797,False,625
627,2026-09-22,603333,4.9813933900394147,False,626
628,2026-09-22,301043,4.9811578204586899,False,627
629,2026-09-22,603338,4.9783538524220203,False,628
630,2026-09-22,688616,4.9761761789461927,False,629
631,2026-09-22,002092,4.9728634760395742,False,630
632,2026-09-22,002215,4.9705563378017903,False,631
633,2026-09-22,603383,4.9651203362727987,False,632
634,2026-09-22,000908,4.9646018468512194,False,633
635,2026-09-22,002966,4.9627094762775883,False,634
636,2026-09-22,002404,4.9579054896203107,False,635
637,2026-09-22,688459,4.956726779530392,False,636
638,2026-09-22,300941,4.9524696149675016,False,637
639,2026-09-22,000655,4.9501780627864527,False,638
640,2026-09-22,002578,4.9491828272436553,False,639
641,2026-09-22,600887,4.9424574454669408,False,640
642,2026-09-22,002727,4.9355713450836953,False,641
643,2026-09-22,001213,4.9353223952424585,False,642
644,2026-09-22,001313,4.9351483760904546,False,643
645,2026-09-22,301439,4.9339221127550754,False,644
646,2026-09-22,601998,4.9322433678341984,False,645
647,2026-09-22,300087,4.9304323314118381,False,646
648,2026-09-22,000533,4.9255802608492578,False,647
649,2026-09-22,688021,4.922453609644597,False,648
650,2026-09-22,603043,4.9177455862959025,False,649
651,2026-09-22,301503,4.9076191188039244,False,650
652,2026-09-22,300095,4.9038584632463538,False,651
653,2026-09-22,301133,4.8961134448035999,False,652
654,2026-09-22,688338,4.895075228235882,False,653
655,2026-09-22,600052,4.894218748490009,False,654
656,2026-09-22,002908,4.8928440235701709,False,655
657,2026-09-22,000507,4.8891974366247197,False,656
658,2026-09-22,301103,4.8871059617240258,False,657
659,2026-09-22,600222,4.8810521301688192,False,658
660,2026-09-22,300332,4.8725485301112981,False,659
661,2026-09-22,603255,4.8686764806024705,False,660
662,2026-09-22,301386,4.8653901291952302,False,661
663,2026-09-22,002551,4.8651798470743604,False,662
664,2026-09-22,000965,4.8647669387295194,False,663
665,2026-09-22,002853,4.8639885820204078,False,664
666,2026-09-22,688061,4.8594276893334101,False,665
667,2026-09-22,300519,4.8576975615803226,False,666
668,2026-09-22,601577,4.852929638743638,False,667
669,2026-09-22,600461,4.8504562875148585,False,668
670,2026-09-22,603819,4.8429913422407775,False,669
671,2026-09-22,002332,4.8386861483089518,False,670
672,2026-09-22,002749,4.8374549004268923,False,671
673,2026-09-22,002999,4.8300699591384397,False,672
674,2026-09-22,600135,4.8273596533384229,False,673
675,2026-09-22,603053,4.8222238281400447,False,674
676,2026-09-22,300591,4.8214053293814807,False,675
677,2026-09-22,301365,4.8183588951539793,False,676
678,2026-09-22,603958,4.8151589596269551,False,677
679,2026-09-22,000820,4.8129435542031604,False,678
680,2026-09-22,002543,4.8041121121697996,False,679
681,2026-09-22,688290,4.8024347782430947,False,680
682,2026-09-22,603165,4.8001781758398518,False,681
683,2026-09-22,002370,4.7999866218448322,False,682
684,2026-09-22,688793,4.7998292269691429,False,683
685,2026-09-22,002111,4.7994311428402954,False,684
686,2026-09-22,688429,4.7989463207590708,False,685
687,2026-09-22,603390,4.7976672498080344,False,686
688,2026-09-22,301261,4.7969366274921317,False,687
689,2026-09-22,002937,4.7933845040211134,False,688
690,2026-09-22,600987,4.7905923968570123,False,689
691,2026-09-22,002620,4.7836175626959134,False,690
692,2026-09-22,300238,4.7829487081478792,False,691
693,2026-09-22,300375,4.7790006033607622,False,692
694,2026-09-22,300013,4.7769124428490031,False,693
695,2026-09-22,300880,4.7740361801230398,False,694
696,2026-09-22,001255,4.7606415718498001,False,695
697,2026-09-22,301129,4.7565681206820223,False,696
698,2026-09-22,601939,4.7525931484910853,False,697
699,2026-09-22,603351,4.7508500037562875,False,698
700,2026-09-22,002327,4.7457209760809977,False,699
701,2026-09-22,301600,4.7446969775719392,False,700
702,2026-09-22,002597,4.7349591530072939,False,701
703,2026-09-22,600322,4.7348888448634474,False,702
704,2026-09-22,300417,4.7328319515190254,False,703
705,2026-09-22,300477,4.7326555378869148,False,704
706,2026-09-22,301012,4.7300539754642932,False,705
707,2026-09-22,002652,4.7267403727449704,False,706
708,2026-09-22,603326,4.7245388182009638,False,707
709,2026-09-22,301052,4.7226838147943262,False,708
710,2026-09-22,300807,4.7172594095866147,False,709
711,2026-09-22,300796,4.7128961161541056,False,710
712,2026-09-22,301025,4.7103023412521399,False,711
713,2026-09-22,300240,4.7098900976072731,False,712
714,2026-09-22,601169,4.7076445544086578,False,713
715,2026-09-22,000605,4.7076053408967358,False,714
716,2026-09-22,603836,4.7036825825559596,False,715
717,2026-09-22,600917,4.690855400227937,False,716
718,2026-09-22,000803,4.6897924950709484,False,717
719,2026-09-22,002376,4.6889235396183944,False,718
720,2026-09-22,688156,4.6849935461051802,False,719
721,2026-09-22,002873,4.6817025889308068,False,720
722,2026-09-22,603168,4.6772542207227019,False,721
723,2026-09-22,600382,4.6763258815909463,False,722
724,2026-09-22,603519,4.6719959188033595,False,723
725,2026-09-22,300315,4.6686015477447285,False,724
726,2026-09-22,600082,4.6675738641771201,False,725
727,2026-09-22,002931,4.6663122928237657,False,726
728,2026-09-22,600684,4.653332506497823,False,727
729,2026-09-22,002121,4.6517860638854103,False,728
730,2026-09-22,301089,4.6460082626468058,False,729
731,2026-09-22,002078,4.6423490794564266,False,730
732,2026-09-22,002421,4.6406795956897717,False,731
733,2026-09-22,300452,4.6381804958329882,False,732
734,2026-09-22,600033,4.6287768861269507,False,733
735,2026-09-22,600727,4.6229483145795216,False,734
736,2026-09-22,000878,4.6190515603072235,False,735
737,2026-09-22,301367,4.6187920533376694,False,736
738,2026-09-22,300703,4.6162317114924019,False,737
739,2026-09-22,300977,4.6133714911351476,False,738
740,2026-09-22,603878,4.6087365470399337,False,739
741,2026-09-22,300164,4.6057636870768821,False,740
742,2026-09-22,300719,4.6034379470512921,False,741
743,2026-09-22,600039,4.5969915878460261,False,742
744,2026-09-22,300784,4.5851254442952687,False,743
745,2026-09-22,000423,4.5836672958752862,False,744
746,2026-09-22,603887,4.5819110479886236,False,745
747,2026-09-22,603630,4.5809320680717454,False,746
748,2026-09-22,600773,4.5806771980219114,False,747
749,2026-09-22,301266,4.5784053094380095,False,748
750,2026-09-22,003012,4.5690179951785899,False,749
751,2026-09-22,603129,4.5679693350965671,False,750
752,2026-09-22,601061,4.5617238807146281,False,751
753,2026-09-22,603339,4.5601281592924536,False,752
754,2026-09-22,600711,4.5562722154197912,False,753
755,2026-09-22,300949,4.5553707646321291,False,754
756,2026-09-22,301326,4.5543004590264333,False,755
757,2026-09-22,002813,4.5540338693026818,False,756
758,2026-09-22,301519,4.5523515364948013,False,757
759,2026-09-22,603825,4.5521154357819746,False,758
760,2026-09-22,002012,4.5445383627048148,False,759
761,2026-09-22,002098,4.5441204853361494,False,760
762,2026-09-22,600483,4.5295442304112443,False,761
763,2026-09-22,002839,4.527796636994939,False,762
764,2026-09-22,000705,4.5257149375455796,False,763
765,2026-09-22,301136,4.5231872379830724,False,764
766,2026-09-22,603843,4.5209197768314278,False,765
767,2026-09-22,000712,4.5150353910079142,False,766
768,2026-09-22,601528,4.5120913868185859,False,767
769,2026-09-22,001269,4.5094109241911662,False,768
770,2026-09-22,000729,4.5089308463817446,False,769
771,2026-09-22,603278,4.5025695482540184,False,770
772,2026-09-22,002793,4.499853183410865,False,771
773,2026-09-22,603876,4.4990277793482285,False,772
774,2026-09-22,300536,4.4986939588917174,False,773
775,2026-09-22,002406,4.4904802130948331,False,774
776,2026-09-22,002333,4.4893823182364017,False,775
777,2026-09-22,002144,4.4870281106180787,False,776
778,2026-09-22,002917,4.4838157497019102,False,777
779,2026-09-22,300453,4.4832766737176595,False,778
780,2026-09-22,001286,4.4750292231385833,False,779
781,2026-09-22,003000,4.4557256496018907,False,780
782,2026-09-22,603701,4.4475960528434797,False,781
783,2026-09-22,001333,4.4471056458178673,False,782
784,2026-09-22,001208,4.4434941044176677,False,783
785,2026-09-22,000650,4.4419593891306235,False,784
786,2026-09-22,002362,4.4318622950606361,False,785
787,2026-09-22,603648,4.4183596775842862,False,786
788,2026-09-22,300929,4.4183453793914476,False,787
789,2026-09-22,300849,4.4180508771663289,False,788
790,2026-09-22,600818,4.4166863069110285,False,789
791,2026-09-22,605598,4.416495235260129,False,790
792,2026-09-22,605169,4.4122994900238668,False,791
793,2026-09-22,002142,4.4121706627240078,False,792
794,2026-09-22,000751,4.4119805877947753,False,793
795,2026-09-22,300992,4.4112810717099791,False,794
796,2026-09-22,002748,4.4094091529919481,False,795
797,2026-09-22,002512,4.3979090663317155,False,796
798,2026-09-22,002648,4.3969020119401243,False,797
799,2026-09-22,002170,4.3939588845049888,False,798
800,2026-09-22,600116,4.3802081484119357,False,799
801,2026-09-22,001229,4.376197991911801,False,800
802,2026-09-22,002461,4.3712551271692472,False,801
803,2026-09-22,301049,4.3655840615079757,False,802
804,2026-09-22,688573,4.3612232394395898,False,803
805,2026-09-22,688022,4.3609427653292547,False,804
806,2026-09-22,603231,4.3549048485601078,False,805
807,2026-09-22,300501,4.352352096914319,False,806
808,2026-09-22,000548,4.3451862691356276,False,807
809,2026-09-22,300822,4.3414009201024966,False,808
810,2026-09-22,001379,4.3390579199955948,False,809
811,2026-09-22,301159,4.3380084999312221,False,810
812,2026-09-22,301020,4.3303676878650217,False,811
813,2026-09-22,300753,4.3286821987108723,False,812
814,2026-09-22,601766,4.3264659902716174,False,813
815,2026-09-22,603948,4.3247567203321289,False,814
816,2026-09-22,002879,4.317480950410622,False,815
817,2026-09-22,601568,4.3163153376805639,False,816
818,2026-09-22,603284,4.3051743324209042,False,817
819,2026-09-22,688466,4.3050949771816081,False,818
820,2026-09-22,688612,4.3014349494458566,False,819
821,2026-09-22,300805,4.3002640740770666,False,820
822,2026-09-22,002678,4.2996427785062874,False,821
823,2026-09-22,603755,4.2898730292876834,False,822
824,2026-09-22,002445,4.2837674666206986,False,823
825,2026-09-22,300594,4.2810555437924869,False,824
826,2026-09-22,601968,4.2797038646483045,False,825
827,2026-09-22,603332,4.2730474078812284,False,826
828,2026-09-22,600760,4.2700840468540893,False,827
829,2026-09-22,000301,4.2697788733227044,False,828
830,2026-09-22,301100,4.2661926618456647,False,829
831,2026-09-22,301121,4.2639180414951303,False,830
832,2026-09-22,301331,4.2625429495390579,False,831
833,2026-09-22,603211,4.2617857278073528,False,832
834,2026-09-22,601956,4.255765455138663,False,833
835,2026-09-22,603499,4.2552169062354404,False,834
836,2026-09-22,688576,4.2549647123819767,False,835
837,2026-09-22,600119,4.2543716218982555,False,836
838,2026-09-22,688777,4.2524749764592311,False,837
839,2026-09-22,000809,4.2494000871917503,False,838
840,2026-09-22,601599,4.2474644067409013,False,839
841,2026-09-22,605009,4.2445853042687638,False,840
842,2026-09-22,300664,4.2421605996242846,False,841
843,2026-09-22,002490,4.239104950638553,False,842
844,2026-09-22,300025,4.2365139417730475,False,843
845,2026-09-22,300006,4.2334016763395503,False,844
846,2026-09-22,603551,4.2323742487531604,False,845
847,2026-09-22,301125,4.2271682542149076,False,846
848,2026-09-22,300789,4.2263323475861592,False,847
849,2026-09-22,002275,4.2257012104820664,False,848
850,2026-09-22,000545,4.2230055214722739,False,849
851,2026-09-22,600796,4.2193044449309722,False,850
852,2026-09-22,002830,4.2167807032021676,False,851
853,2026-09-22,002120,4.2156815895749675,False,852
854,2026-09-22,002574,4.2115707194697247,False,853
855,2026-09-22,300494,4.2108149746312034,False,854
856,2026-09-22,300621,4.204005202032973,False,855
857,2026-09-22,600919,4.1961155878013869,False,856
858,2026-09-22,603677,4.1953514860897059,False,857
859,2026-09-22,600236,4.1937319520635468,False,858
860,2026-09-22,600287,4.1929871163459049,False,859
861,2026-09-22,301469,4.1887978057946711,False,860
862,2026-09-22,688161,4.1884263618858206,False,861
863,2026-09-22,688189,4.183998368724847,False,862
864,2026-09-22,002381,4.1825481932627531,False,863
865,2026-09-22,301388,4.1761783016629277,False,864
866,2026-09-22,688075,4.171365489559637,False,865
867,2026-09-22,603685,4.1705890534302563,False,866
868,2026-09-22,600298,4.1679766027024963,False,867
869,2026-09-22,002369,4.1675403559602264,False,868
870,2026-09-22,603916,4.1673531357682769,False,869
871,2026-09-22,300867,4.1608605908075171,False,870
872,2026-09-22,000429,4.1601982721173805,False,871
873,2026-09-22,000546,4.1577735687744051,False,872
874,2026-09-22,600302,4.1539964427046971,False,873
875,2026-09-22,300004,4.1524795778952521,False,874
876,2026-09-22,301003,4.1513062980953093,False,875
877,2026-09-22,600854,4.1485107475670588,False,876
878,2026-09-22,603189,4.1481837043703695,False,877
879,2026-09-22,603075,4.1480425323366683,False,878
880,2026-09-22,300912,4.1475268539502883,False,879
881,2026-09-22,600831,4.1468217316724747,False,880
882,2026-09-22,002299,4.1364951894350375,False,881
883,2026-09-22,301022,4.133247680630781,False,882
884,2026-09-22,002922,4.1170601031489298,False,883
885,2026-09-22,600496,4.1147111659161775,False,884
886,2026-09-22,603162,4.1068840784725476,False,885
887,2026-09-22,002791,4.1045397308250884,False,886
888,2026-09-22,002582,4.1041660999934528,False,887
889,2026-09-22,000088,4.1028317441002748,False,888
890,2026-09-22,600305,4.0993179482680953,False,889
891,2026-09-22,603227,4.0978942109015914,False,890
892,2026-09-22,002209,4.0961588438787011,False,891
893,2026-09-22,601921,4.0952538348442218,False,892
894,2026-09-22,600295,4.0944669641294507,False,893
895,2026-09-22,688285,4.0908178810357327,False,894
896,2026-09-22,301337,4.08850018484255,False,895
897,2026-09-22,605300,4.0874764386023763,False,896
898,2026-09-22,002959,4.0868147888572146,False,897
899,2026-09-22,002430,4.0858536510300798,False,898
900,2026-09-22,600351,4.0829785057021546,False,899
901,2026-09-22,300771,4.0809910357929695,False,900
902,2026-09-22,301113,4.076541930469471,False,901
903,2026-09-22,603356,4.0743021776469233,False,902
904,2026-09-22,603409,4.066576415943965,False,903
905,2026-09-22,000959,4.0656461608401226,False,904
906,2026-09-22,300081,4.0601853155258301,False,905
907,2026-09-22,688433,4.056419872763942,False,906
908,2026-09-22,603556,4.0509229576341408,False,907
909,2026-09-22,300887,4.0485469341476952,False,908
910,2026-09-22,603298,4.0464380634006307,False,909
911,2026-09-22,300899,4.0436723080011028,False,910
912,2026-09-22,688558,4.04312682943117,False,911
913,2026-09-22,002160,4.0427993361162944,False,912
914,2026-09-22,688358,4.0413024355080935,False,913
915,2026-09-22,300039,4.0412789066009962,False,914
916,2026-09-22,603896,4.0412475843757605,False,915
917,2026-09-22,600015,4.0401106749589086,False,916
918,2026-09-22,300194,4.0395416202730328,False,917
919,2026-09-22,002862,4.0330203621645317,False,918
920,2026-09-22,002474,4.0314563573397102,False,919
921,2026-09-22,002112,4.0306009585417772,False,920
922,2026-09-22,002863,4.0292890420379512,False,921
923,2026-09-22,002722,4.0231799584370993,False,922
924,2026-09-22,688118,4.0231092894285867,False,923
925,2026-09-22,601919,4.0185879335453416,False,924
926,2026-09-22,003009,4.0105433217781217,False,925
927,2026-09-22,605338,4.0103624225612835,False,926
928,2026-09-22,300552,4.0075892125788606,False,927
929,2026-09-22,000995,4.0067029612513734,False,928
930,2026-09-22,002054,4.00533419510014,False,929
931,2026-09-22,600750,4.0052331841789872,False,930
932,2026-09-22,002826,3.9989878008971105,False,931
933,2026-09-22,000059,3.9987108785338115,False,932
934,2026-09-22,300781,3.9984851254787319,False,933
935,2026-09-22,603506,3.9983812824764406,False,934
936,2026-09-22,300498,3.9973190248444435,False,935
937,2026-09-22,000933,3.9939958828208577,False,936
938,2026-09-22,002816,3.9912760220406835,False,937
939,2026-09-22,003025,3.9838366580790368,False,938
940,2026-09-22,603199,3.9818217816573211,False,939
941,2026-09-22,001316,3.9813447935115516,False,940
942,2026-09-22,605167,3.9783366265697149,False,941
943,2026-09-22,688386,3.9780940683603374,False,942
944,2026-09-22,002206,3.9738582383584786,False,943
945,2026-09-22,002887,3.9732605658135389,False,944
946,2026-09-22,603790,3.9713486139273679,False,945
947,2026-09-22,000597,3.9690058767616021,False,946
948,2026-09-22,301567,3.9674132054415669,False,947
949,2026-09-22,000014,3.9623623436506143,False,948
950,2026-09-22,301163,3.9576490761053122,False,949
951,2026-09-22,002847,3.954472760922382,False,950
952,2026-09-22,300817,3.9524257758395076,False,951
953,2026-09-22,301509,3.9505827623324254,False,952
954,2026-09-22,301048,3.9473384470418456,False,953
955,2026-09-22,000008,3.9454849916303427,False,954
956,2026-09-22,002960,3.9407863937749186,False,955
957,2026-09-22,300999,3.9403245790078865,False,956
958,2026-09-22,301578,3.9382356369260396,False,957
959,2026-09-22,600674,3.9365767541504604,False,958
960,2026-09-22,688633,3.9330740362349745,False,959
961,2026-09-22,002697,3.9327804620027056,False,960
962,2026-09-22,300961,3.9270685177985274,False,961
963,2026-09-22,603205,3.9261432331046899,False,962
964,2026-09-22,603348,3.9251143622315179,False,963
965,2026-09-22,002973,3.9239036159353642,False,964
966,2026-09-22,601988,3.9237437200175438,False,965
967,2026-09-22,603803,3.9236607993199986,False,966
968,2026-09-22,002345,3.9225748666996161,False,967
969,2026-09-22,301317,3.9223962104071779,False,968
970,2026-09-22,603279,3.9159655895349492,False,969
971,2026-09-22,301309,3.9149551251011037,False,970
972,2026-09-22,603933,3.9149413746968476,False,971
973,2026-09-22,002237,3.9133513805286082,False,972
974,2026-09-22,600219,3.9067181099811226,False,973
975,2026-09-22,300780,3.9017560172979002,False,974
976,2026-09-22,000950,3.899995976125985,False,975
977,2026-09-22,300022,3.8978507530879822,False,976
978,2026-09-22,000421,3.8958550701239023,False,977
979,2026-09-22,605128,3.8931395244242939,False,978
980,2026-09-22,301397,3.8929518332246573,False,979
981,2026-09-22,000608,3.8927975314558076,False,980
982,2026-09-22,002545,3.8853765855436979,False,981
983,2026-09-22,603995,3.8847109272757621,False,982
984,2026-09-22,300123,3.8843157439205078,False,983
985,2026-09-22,000802,3.8825659499994192,False,984
986,2026-09-22,600000,3.869286481189627,False,985
987,2026-09-22,300403,3.8670705888098027,False,986
988,2026-09-22,300067,3.8656130786267076,False,987
989,2026-09-22,000089,3.8636068627400775,False,988
990,2026-09-22,603193,3.8627818968400476,False,989
991,2026-09-22,301223,3.8625817824132787,False,990
992,2026-09-22,300597,3.8623983031334648,False,991
993,2026-09-22,603237,3.8585889016585657,False,992
994,2026-09-22,000691,3.8585348696670225,False,993
995,2026-09-22,000783,3.8583986450716838,False,994
996,2026-09-22,000663,3.8546136053561177,False,995
997,2026-09-22,300210,3.8542042527271518,False,996
998,2026-09-22,300355,3.853220654245991,False,997
999,2026-09-22,300538,3.8514836604274021,False,998
1000,2026-09-22,301059,3.8509090917133397,False,999
1001,2026-09-22,603012,3.8500518680611591,False,1000
1002,2026-09-22,300141,3.8488676458592188,False,1001
1003,2026-09-22,300062,3.8479541094179752,False,1002
1004,2026-09-22,600239,3.8472171102282933,False,1003
1005,2026-09-22,002971,3.8468408525238669,False,1004
1006,2026-09-22,605500,3.8453533474311694,False,1005
1007,2026-09-22,688775,3.8423947812701478,False,1006
1008,2026-09-22,600753,3.8392607754522148,False,1007
1009,2026-09-22,600223,3.8386258402928339,False,1008
1010,2026-09-22,601000,3.8353382863599923,False,1009
1011,2026-09-22,600538,3.8353052618061056,False,1010
1012,2026-09-22,601211,3.8336037403363052,False,1011
1013,2026-09-22,603668,3.8310135602608972,False,1012
1014,2026-09-22,002737,3.829743456132304,False,1013
1015,2026-09-22,601929,3.8284969696684441,False,1014
1016,2026-09-22,001872,3.8284029244160767,False,1015
1017,2026-09-22,000151,3.8277921398212618,False,1016
1018,2026-09-22,002554,3.8271843199898203,False,1017
1019,2026-09-22,002014,3.8248574297044362,False,1018
1020,2026-09-22,002563,3.8248400053658473,False,1019
1021,2026-09-22,600012,3.822664222403886,False,1020
1022,2026-09-22,603637,3.8189174322729089,False,1021
1023,2026-09-22,600080,3.8175276333096928,False,1022
1024,2026-09-22,002878,3.8148439096840585,False,1023
1025,2026-09-22,603733,3.8118661888513525,False,1024
1026,2026-09-22,300743,3.8116251177258613,False,1025
1027,2026-09-22,600572,3.8103138026776757,False,1026
1028,2026-09-22,600955,3.8088331583484645,False,1027
1029,2026-09-22,301370,3.8079478963937481,False,1028
1030,2026-09-22,301001,3.80725576293906,False,1029
1031,2026-09-22,002573,3.8069401021847291,False,1030
1032,2026-09-22,300399,3.8067837866728813,False,1031
1033,2026-09-22,002991,3.8011878405000745,False,1032
1034,2026-09-22,300575,3.8008805365954448,False,1033
1035,2026-09-22,600060,3.7998665726510028,False,1034
1036,2026-09-22,600729,3.7954186316209402,False,1035
1037,2026-09-22,000498,3.7854301935296011,False,1036
1038,2026-09-22,002374,3.7849530835533174,False,1037
1039,2026-09-22,688133,3.7846109746950667,False,1038
1040,2026-09-22,000615,3.7830645673120209,False,1039
1041,2026-09-22,600689,3.7808383432717436,False,1040
1042,2026-09-22,603711,3.7797432945814817,False,1041
1043,2026-09-22,600716,3.7772838582694512,False,1042
1044,2026-09-22,601139,3.7767209705832157,False,1043
1045,2026-09-22,600272,3.7754481219726936,False,1044
1046,2026-09-22,301278,3.7743155183834922,False,1045
1047,2026-09-22,600918,3.7726122040634031,False,1046
1048,2026-09-22,000561,3.7707443041728874,False,1047
1049,2026-09-22,600648,3.7653598964961761,False,1048
1050,2026-09-22,002344,3.75963035553211,False,1049
1051,2026-09-22,603718,3.759231507477879,False,1050
1052,2026-09-22,600873,3.7581856340758275,False,1051
1053,2026-09-22,688377,3.7559491460261816,False,1052
1054,2026-09-22,300932,3.7559319265472175,False,1053
1055,2026-09-22,002557,3.7532018046219333,False,1054
1056,2026-09-22,600531,3.7520336584446738,False,1055
1057,2026-09-22,603709,3.7515069662802496,False,1056
1058,2026-09-22,600338,3.7514807911649846,False,1057
1059,2026-09-22,600668,3.7492140709750483,False,1058
1060,2026-09-22,605286,3.7476902817605984,False,1059
1061,2026-09-22,605299,3.7469080337142859,False,1060
1062,2026-09-22,301065,3.745595376248521,False,1061
1063,2026-09-22,002247,3.7454300099500362,False,1062
1064,2026-09-22,002122,3.74492542854663,False,1063
1065,2026-09-22,300978,3.7379153543319852,False,1064
1066,2026-09-22,600650,3.7372465345122921,False,1065
1067,2026-09-22,300318,3.7366346611908337,False,1066
1068,2026-09-22,001232,3.7359143298585957,False,1067
1069,2026-09-22,301079,3.7301040813543231,False,1068
1070,2026-09-22,002890,3.7291235553381297,False,1069
1071,2026-09-22,000708,3.7286352904344398,False,1070
1072,2026-09-22,001301,3.7257740854436148,False,1071
1073,2026-09-22,603335,3.7246116960592319,False,1072
1074,2026-09-22,603126,3.7239220033683944,False,1073
1075,2026-09-22,000906,3.7232423745979792,False,1074
1076,2026-09-22,603097,3.7152263763610582,False,1075
1077,2026-09-22,301590,3.7121160735480174,False,1076
1078,2026-09-22,603990,3.7093668881573501,False,1077
1079,2026-09-22,002819,3.7074168237720624,False,1078
1080,2026-09-22,603209,3.7068860550731761,False,1079
1081,2026-09-22,000719,3.7059750322172444,False,1080
1082,2026-09-22,300111,3.7019611044798735,False,1081
1083,2026-09-22,300084,3.6975371084825754,False,1082
1084,2026-09-22,002666,3.6957588375056156,False,1083
1085,2026-09-22,600868,3.6947193348174769,False,1084
1086,2026-09-22,603180,3.6942067070704336,False,1085
1087,2026-09-22,688089,3.6920585092062046,False,1086
1088,2026-09-22,300218,3.6910273566432057,False,1087
1089,2026-09-22,002399,3.6838648038132122,False,1088
1090,2026-09-22,600151,3.6834306532293382,False,1089
1091,2026-09-22,600158,3.6795675007598958,False,1090
1092,2026-09-22,003028,3.6790641278562446,False,1091
1093,2026-09-22,603899,3.676548174297253,False,1092
1094,2026-09-22,603586,3.675942389324204,False,1093
1095,2026-09-22,688580,3.6751166258585366,False,1094
1096,2026-09-22,600597,3.674113600283766,False,1095
1097,2026-09-22,002380,3.6738645373693153,False,1096
1098,2026-09-22,003015,3.6577222798781897,False,1097
1099,2026-09-22,603811,3.6561959320539854,False,1098
1100,2026-09-22,601121,3.6546244835675101,False,1099
1101,2026-09-22,002197,3.6535409767770339,False,1100
1102,2026-09-22,603032,3.6514900265542574,False,1101
1103,2026-09-22,000677,3.6450852811152767,False,1102
1104,2026-09-22,300069,3.6443963274702447,False,1103
1105,2026-09-22,301173,3.6439745057665505,False,1104
1106,2026-09-22,603889,3.6437450159118057,False,1105
1107,2026-09-22,002021,3.639492927606474,False,1106
1108,2026-09-22,301668,3.6361824442280084,False,1107
1109,2026-09-22,603919,3.6360455709389998,False,1108
1110,2026-09-22,600133,3.6350680347229636,False,1109
1111,2026-09-22,688210,3.6328819053917112,False,1110
1112,2026-09-22,001323,3.6314994622010275,False,1111
1113,2026-09-22,603373,3.6312002464725421,False,1112
1114,2026-09-22,601398,3.6272230613665766,False,1113
1115,2026-09-22,603392,3.6253485649260764,False,1114
1116,2026-09-22,002613,3.6247771986546766,False,1115
1117,2026-09-22,002668,3.6201538374991133,False,1116
1118,2026-09-22,603023,3.6196875335332019,False,1117
1119,2026-09-22,600216,3.6192567981864787,False,1118
1120,2026-09-22,300402,3.6156894025887181,False,1119
1121,2026-09-22,601077,3.6148441250128993,False,1120
1122,2026-09-22,603315,3.611169349142775,False,1121
1123,2026-09-22,600529,3.6055593066017559,False,1122
1124,2026-09-22,002408,3.6041795955481986,False,1123
1125,2026-09-22,300810,3.5992650917256421,False,1124
1126,2026-09-22,600793,3.598830113991474,False,1125
1127,2026-09-22,000690,3.5983153171225197,False,1126
1128,2026-09-22,300993,3.5931534502528293,False,1127
1129,2026-09-22,000957,3.5924438829947807,False,1128
1130,2026-09-22,300683,3.5921144709247721,False,1129
1131,2026-09-22,600036,3.5919298848846974,False,1130
1132,2026-09-22,000404,3.5869011582359116,False,1131
1133,2026-09-22,301256,3.5854928349903616,False,1132
1134,2026-09-22,300406,3.5835305836233857,False,1133
1135,2026-09-22,301032,3.5832919275081192,False,1134
1136,2026-09-22,301181,3.5799285532079406,False,1135
1137,2026-09-22,300625,3.5777398152103315,False,1136
1138,2026-09-22,300468,3.576053769442546,False,1137
1139,2026-09-22,600310,3.5758895678283862,False,1138
1140,2026-09-22,600072,3.5739845942278081,False,1139
1141,2026-09-22,603170,3.5712175009617457,False,1140
1142,2026-09-22,301596,3.5652462635439113,False,1141
1143,2026-09-22,600990,3.5651580309439104,False,1142
1144,2026-09-22,603116,3.5647446865314389,False,1143
1145,2026-09-22,002729,3.5646962414303625,False,1144
1146,2026-09-22,600425,3.5642309527365885,False,1145
1147,2026-09-22,603967,3.563045067364607,False,1146
1148,2026-09-22,300701,3.5582015318677742,False,1147
1149,2026-09-22,300165,3.5527079604450784,False,1148
1150,2026-09-22,603949,3.5473930101443596,False,1149
1151,2026-09-22,600618,3.543008879845793,False,1150
1152,2026-09-22,603656,3.5423689479745093,False,1151
1153,2026-09-22,002677,3.536739605136455,False,1152
1154,2026-09-22,603233,3.5284725148547555,False,1153
1155,2026-09-22,300533,3.524480765160749,False,1154
1156,2026-09-22,605016,3.5198070764610243,False,1155
1157,2026-09-22,300193,3.5158512078723589,False,1156
1158,2026-09-22,688528,3.5139219898580549,False,1157
1159,2026-09-22,002900,3.5071016905469161,False,1158
1160,2026-09-22,300169,3.5065765694579079,False,1159
1161,2026-09-22,002272,3.5051557699390541,False,1160
1162,2026-09-22,000028,3.5034633568781057,False,1161
1163,2026-09-22,301232,3.502951882423698,False,1162
1164,2026-09-22,600444,3.502230867462047,False,1163
1165,2026-09-22,300844,3.4988995613450538,False,1164
1166,2026-09-22,002893,3.4987730045332133,False,1165
1167,2026-09-22,002233,3.4965538382303438,False,1166
1168,2026-09-22,300157,3.4936354664754066,False,1167
1169,2026-09-22,002269,3.491873720493436,False,1168
1170,2026-09-22,003016,3.4915454550578868,False,1169
1171,2026-09-22,601608,3.4836379476441643,False,1170
1172,2026-09-22,603015,3.4835051965509152,False,1171
1173,2026-09-22,600323,3.4792573489412755,False,1172
1174,2026-09-22,002250,3.4770124136275964,False,1173
1175,2026-09-22,301179,3.4723352025207523,False,1174
1176,2026-09-22,300636,3.4584920605103413,False,1175
1177,2026-09-22,002714,3.4582511936774045,False,1176
1178,2026-09-22,601882,3.4547444288765603,False,1177
1179,2026-09-22,605199,3.4537342936194051,False,1178
1180,2026-09-22,300211,3.4524566219535906,False,1179
1181,2026-09-22,688648,3.4478106151173327,False,1180
1182,2026-09-22,601600,3.4474592033161526,False,1181
1183,2026-09-22,600107,3.443979303706973,False,1182
1184,2026-09-22,002391,3.4439239499194541,False,1183
1185,2026-09-22,300155,3.4423075124382465,False,1184
1186,2026-09-22,301361,3.4393082080451336,False,1185
1187,2026-09-22,601168,3.43240703725739,False,1186
1188,2026-09-22,003039,3.4285979297883129,False,1187
1189,2026-09-22,301507,3.4282240995767084,False,1188
1190,2026-09-22,301295,3.4261796414501071,False,1189
1191,2026-09-22,000409,3.4256708937744538,False,1190
1192,2026-09-22,002725,3.4256047731225694,False,1191
1193,2026-09-22,300198,3.422516280232359,False,1192
1194,2026-09-22,002322,3.4210617306603059,False,1193
1195,2026-09-22,600152,3.4180098663536107,False,1194
1196,2026-09-22,600511,3.4172627311844641,False,1195
1197,2026-09-22,003007,3.4159647152531729,False,1196
1198,2026-09-22,600173,3.4136360827784902,False,1197
1199,2026-09-22,301378,3.412754880555954,False,1198
1200,2026-09-22,002393,3.4067579834399337,False,1199
1201,2026-09-22,603928,3.4047298453254475,False,1200
1202,2026-09-22,001367,3.4030211816748648,False,1201
1203,2026-09-22,300278,3.401203093264844,False,1202
1204,2026-09-22,300462,3.3941452691701848,False,1203
1205,2026-09-22,300233,3.3888886411447912,False,1204
1206,2026-09-22,002659,3.3874572545280679,False,1205
1207,2026-09-22,600758,3.3873928152836394,False,1206
1208,2026-09-22,300441,3.3870129064040464,False,1207
1209,2026-09-22,600315,3.3869778159168873,False,1208
1210,2026-09-22,688557,3.385167068815063,False,1209
1211,2026-09-22,688171,3.3850610067802509,False,1210
1212,2026-09-22,600829,3.3834408471192692,False,1211
1213,2026-09-22,300107,3.3811804583022931,False,1212
1214,2026-09-22,601186,3.3787829007307195,False,1213
1215,2026-09-22,300306,3.3774908331406071,False,1214
1216,2026-09-22,300197,3.3774204669190837,False,1215
1217,2026-09-22,600469,3.3773482152639156,False,1216
1218,2026-09-22,300662,3.3746200220961713,False,1217
1219,2026-09-22,002091,3.3722925573103186,False,1218
1220,2026-09-22,300329,3.3720022507147815,False,1219
1221,2026-09-22,000401,3.3715847333788762,False,1220
1222,2026-09-22,002607,3.3642157259130387,False,1221
1223,2026-09-22,300631,3.3633594728352021,False,1222
1224,2026-09-22,603200,3.3601438124625775,False,1223
1225,2026-09-22,600655,3.3579484742529155,False,1224
1226,2026-09-22,603286,3.3571885716964083,False,1225
1227,2026-09-22,688269,3.3563388291506691,False,1226
1228,2026-09-22,300891,3.3546539076765116,False,1227
1229,2026-09-22,688366,3.3492474516090636,False,1228
1230,2026-09-22,301201,3.3481073082986819,False,1229
1231,2026-09-22,301112,3.3432026459260071,False,1230
1232,2026-09-22,600218,3.3423408098014935,False,1231
1233,2026-09-22,601965,3.3374065020602726,False,1232
1234,2026-09-22,605298,3.3284035195976003,False,1233
1235,2026-09-22,688162,3.3258355426040636,False,1234
1236,2026-09-22,603856,3.3257265066391413,False,1235
1237,2026-09-22,300289,3.3228154585042251,False,1236
1238,2026-09-22,002184,3.322800802627063,False,1237
1239,2026-09-22,600189,3.3211768859956527,False,1238
1240,2026-09-22,603004,3.3132449622771638,False,1239
1241,2026-09-22,600179,3.3122222155106593,False,1240
1242,2026-09-22,688193,3.3014261336163044,False,1241
1243,2026-09-22,002970,3.2999193888992338,False,1242
1244,2026-09-22,002316,3.2985560028796668,False,1243
1245,2026-09-22,002832,3.2891067212553451,False,1244
1246,2026-09-22,003008,3.2870688372582881,False,1245
1247,2026-09-22,600855,3.2868171888564603,False,1246
1248,2026-09-22,301277,3.2857843546973289,False,1247
1249,2026-09-22,300635,3.283505559904254,False,1248
1250,2026-09-22,601033,3.2806277020467007,False,1249
1251,2026-09-22,688389,3.2802365029958116,False,1250
1252,2026-09-22,603788,3.2771831971395633,False,1251
1253,2026-09-22,603787,3.2746950435290225,False,1252
1254,2026-09-22,603027,3.2691989200222715,False,1253
1255,2026-09-22,603676,3.2683668302399589,False,1254
1256,2026-09-22,605399,3.2682158844576259,False,1255
1257,2026-09-22,300423,3.2652461740988317,False,1256
1258,2026-09-22,300980,3.2619035386701718,False,1257
1259,2026-09-22,688517,3.2598599468912939,False,1258
1260,2026-09-22,002176,3.2592011258015789,False,1259
1261,2026-09-22,001219,3.2532293140390225,False,1260
1262,2026-09-22,000570,3.2531505850957911,False,1261
1263,2026-09-22,600027,3.2479910367529445,False,1262
1264,2026-09-22,603517,3.2462655919747951,False,1263
1265,2026-09-22,301029,3.2443982240384739,False,1264
1266,2026-09-22,300305,3.2369775238111811,False,1265
1267,2026-09-22,688601,3.2292544366810989,False,1266
1268,2026-09-22,600066,3.2290975472227617,False,1267
1269,2026-09-22,002360,3.2263203001312819,False,1268
1270,2026-09-22,688157,3.2252840023101843,False,1269
1271,2026-09-22,688076,3.223644866955778,False,1270
1272,2026-09-22,001386,3.2220255549081305,False,1271
1273,2026-09-22,600853,3.2193695511017948,False,1272
1274,2026-09-22,600741,3.2183676542718724,False,1273
1275,2026-09-22,000589,3.2173026187472029,False,1274
1276,2026-09-22,601328,3.2170911557775836,False,1275
1277,2026-09-22,002987,3.2167999224331028,False,1276
1278,2026-09-22,600035,3.2152683128354935,False,1277
1279,2026-09-22,300449,3.2122349037719813,False,1278
1280,2026-09-22,600339,3.2044790156697385,False,1279
1281,2026-09-22,000757,3.2034514133029828,False,1280
1282,2026-09-22,600283,3.2032607957554031,False,1281
1283,2026-09-22,002616,3.1978670553849433,False,1282
1284,2026-09-22,600519,3.1975732102456975,False,1283
1285,2026-09-22,600395,3.1931730568589485,False,1284
1286,2026-09-22,688371,3.1893566975622303,False,1285
1287,2026-09-22,603950,3.1884689960121553,False,1286
1288,2026-09-22,603217,3.1855095021850968,False,1287
1289,2026-09-22,002663,3.1843154163639538,False,1288
1290,2026-09-22,301368,3.1834199032081862,False,1289
1291,2026-09-22,688113,3.1828392898482889,False,1290
1292,2026-09-22,301296,3.1820640565308773,False,1291
1293,2026-09-22,002569,3.1811109527161814,False,1292
1294,2026-09-22,002693,3.1809442059307305,False,1293
1295,2026-09-22,600805,3.1780896521204749,False,1294
1296,2026-09-22,002282,3.177628825791885,False,1295
1297,2026-09-22,600575,3.1774007763195673,False,1296
1298,2026-09-22,002641,3.1770291382579661,False,1297
1299,2026-09-22,603728,3.1712439826232197,False,1298
1300,2026-09-22,600536,3.1663935875017795,False,1299
1301,2026-09-22,603007,3.1655833736685812,False,1300
1302,2026-09-22,603587,3.1597299184165193,False,1301
1303,2026-09-22,300947,3.1584028338778163,False,1302
1304,2026-09-22,002800,3.1582744503387468,False,1303
1305,2026-09-22,603918,3.1579721023077565,False,1304
1306,2026-09-22,605116,3.1539248778555713,False,1305
1307,2026-09-22,603223,3.1538374169354215,False,1306
1308,2026-09-22,605055,3.1522513089495905,False,1307
1309,2026-09-22,688468,3.1503443721772904,False,1308
1310,2026-09-22,300833,3.1452257619618091,False,1309
1311,2026-09-22,001298,3.1447042421019655,False,1310
1312,2026-09-22,002951,3.1395028471885604,False,1311
1313,2026-09-22,300043,3.1355271483679692,False,1312
1314,2026-09-22,002243,3.1349842826577756,False,1313
1315,2026-09-22,000572,3.134875961925661,False,1314
1316,2026-09-22,300414,3.1344092354012867,False,1315
1317,2026-09-22,601008,3.1342073509358572,False,1316
1318,2026-09-22,603216,3.1341674299602187,True,
1319,2026-09-22,600526,3.1303431780767328,False,1317
1320,2026-09-22,002081,3.1273925862180949,False,1318
1321,2026-09-22,301023,3.1235226463518599,False,1319
1322,2026-09-22,002977,3.1227145925246909,False,1320
1323,2026-09-22,600775,3.121233991615143,False,1321
1324,2026-09-22,301151,3.115249255596614,False,1322
1325,2026-09-22,300445,3.1132244601725967,False,1323
1326,2026-09-22,002760,3.1080246115454484,False,1324
1327,2026-09-22,000544,3.1043835442911991,False,1325
1328,2026-09-22,603081,3.1030717519027036,False,1326
1329,2026-09-22,600215,3.1005165539356159,False,1327
1330,2026-09-22,600386,3.0981640072713406,False,1328
1331,2026-09-22,603257,3.0958816979973971,False,1329
1332,2026-09-22,605196,3.0929822083226126,False,1330
1333,2026-09-22,300608,3.0926206138453587,False,1331
1334,2026-09-22,000411,3.090107157446182,False,1332
1335,2026-09-22,301272,3.085880201957083,False,1333
1336,2026-09-22,301535,3.0824448786525158,False,1334
1337,2026-09-22,301090,3.0819774677930205,False,1335
1338,2026-09-22,603091,3.0806154023076644,False,1336
1339,2026-09-22,002016,3.0805001334751032,False,1337
1340,2026-09-22,601500,3.0741661190390159,False,1338
1341,2026-09-22,601686,3.0740495606425817,False,1339
1342,2026-09-22,603566,3.0706756630617917,False,1340
1343,2026-09-22,600926,3.0683790086191367,False,1341
1344,2026-09-22,002886,3.0668304887955351,False,1342
1345,2026-09-22,300942,3.0656040189192968,False,1343
1346,2026-09-22,600267,3.0643960812539861,False,1344
1347,2026-09-22,688215,3.059935246213584,False,1345
1348,2026-09-22,600071,3.0589218078639879,False,1346
1349,2026-09-22,603232,3.0568189047473533,False,1347
1350,2026-09-22,603633,3.0549266092484206,False,1348
1351,2026-09-22,601019,3.0522496956515641,False,1349
1352,2026-09-22,301538,3.042393620502347,False,1350
1353,2026-09-22,300549,3.0359970700577676,False,1351
1354,2026-09-22,300563,3.0356984965037799,False,1352
1355,2026-09-22,002413,3.0350944012286964,False,1353
1356,2026-09-22,601966,3.0339388336244761,False,1354
1357,2026-09-22,688658,3.0335275014533241,False,1355
1358,2026-09-22,603139,3.0301588165007898,False,1356
1359,2026-09-22,300377,3.0264797956591396,False,1357
1360,2026-09-22,000599,3.0226754321633962,False,1358
1361,2026-09-22,603098,3.0225068044624854,False,1359
1362,2026-09-22,301231,3.0212718873037567,False,1360
1363,2026-09-22,600676,3.0206603008071315,False,1361
1364,2026-09-22,601512,3.0176008688368983,False,1362
1365,2026-09-22,301302,3.0146000617448454,False,1363
1366,2026-09-22,002090,3.0135940504064553,False,1364
1367,2026-09-22,003037,3.0125582565368134,False,1365
1368,2026-09-22,603991,3.0100549943534847,False,1366
1369,2026-09-22,300227,3.0083016076137499,False,1367
1370,2026-09-22,002649,3.0001239127186974,False,1368
1371,2026-09-22,000603,2.9985452914049819,False,1369
1372,2026-09-22,601233,2.9969251527366652,False,1370
1373,2026-09-22,603130,2.991215749063195,False,1371
1374,2026-09-22,600719,2.9906120385961685,False,1372
1375,2026-09-22,601700,2.9902875919334555,False,1373
1376,2026-09-22,601898,2.9893492913798863,False,1374
1377,2026-09-22,002876,2.986998602221286,False,1375
1378,2026-09-22,000928,2.9799250067400078,False,1376
1379,2026-09-22,603535,2.9775867386442756,False,1377
1380,2026-09-22,603325,2.9756706609975829,False,1378
1381,2026-09-22,300272,2.9753460761515234,False,1379
1382,2026-09-22,600527,2.9744798970813817,False,1380
1383,2026-09-22,000547,2.9642476937536331,False,1381
1384,2026-09-22,300301,2.9633341917884715,False,1382
1385,2026-09-22,301697,2.9623648712767183,False,1383
1386,2026-09-22,603045,2.9607830731607701,False,1384
1387,2026-09-22,002076,2.9574136088847567,False,1385
1388,2026-09-22,600866,2.9565506759832036,False,1386
1389,2026-09-22,605155,2.956073319818826,False,1387
1390,2026-09-22,300225,2.9514935870692032,False,1388
1391,2026-09-22,600988,2.951354777184064,False,1389
1392,2026-09-22,002658,2.9472084130624085,False,1390
1393,2026-09-22,002213,2.9437399917923681,False,1391
1394,2026-09-22,002918,2.9419860392772605,False,1392
1395,2026-09-22,301035,2.938291119685247,False,1393
1396,2026-09-22,603706,2.9305879114291749,False,1394
1397,2026-09-22,000789,2.9225349740277569,False,1395
1398,2026-09-22,301332,2.9225157228792309,False,1396
1399,2026-09-22,000936,2.9190135764980409,False,1397
1400,2026-09-22,001228,2.9115155237986796,False,1398
1401,2026-09-22,002189,2.9052322418648191,False,1399
1402,2026-09-22,002671,2.9043191330066609,False,1400
1403,2026-09-22,600724,2.903773162366698,False,1401
1404,2026-09-22,002053,2.903703850881743,False,1402
1405,2026-09-22,601100,2.9030247354277861,False,1403
1406,2026-09-22,605138,2.9029305826405922,False,1404
1407,2026-09-22,300686,2.8971833555870949,False,1405
1408,2026-09-22,301076,2.8962637804362865,False,1406
1409,2026-09-22,300758,2.8954531526820042,False,1407
1410,2026-09-22,300831,2.8915839496474094,False,1408
1411,2026-09-22,600620,2.8857621702562337,False,1409
1412,2026-09-22,001209,2.8800404202316967,False,1410
1413,2026-09-22,002588,2.8787292838709373,False,1411
1414,2026-09-22,002003,2.8773012172904844,False,1412
1415,2026-09-22,003035,2.8772553520642452,False,1413
1416,2026-09-22,000563,2.8755548664076747,False,1414
1417,2026-09-22,688511,2.8743831947904774,False,1415
1418,2026-09-22,600626,2.8727025915622839,False,1416
1419,2026-09-22,301502,2.8718804556274526,False,1417
1420,2026-09-22,603055,2.8669319535754072,False,1418
1421,2026-09-22,300055,2.8641385685635372,False,1419
1422,2026-09-22,601009,2.8580756901099367,False,1420
1423,2026-09-22,301683,2.8564181796838692,False,1421
1424,2026-09-22,300150,2.8544859371275795,False,1422
1425,2026-09-22,002398,2.8526275229461264,False,1423
1426,2026-09-22,002480,2.8525190239089704,False,1424
1427,2026-09-22,601216,2.8524564903096579,False,1425
1428,2026-09-22,300654,2.8513900273917221,False,1426
1429,2026-09-22,002889,2.8513560617894922,False,1427
1430,2026-09-22,301036,2.8510224852007831,False,1428
1431,2026-09-22,301186,2.8455401414295496,False,1429
1432,2026-09-22,603568,2.8409303873216336,False,1430
1433,2026-09-22,600197,2.8384064531102799,False,1431
1434,2026-09-22,000096,2.8362602087688455,False,1432
1435,2026-09-22,300370,2.8316252555732722,False,1433
1436,2026-09-22,300545,2.8281054880361998,False,1434
1437,2026-09-22,300512,2.8263542507545658,False,1435
1438,2026-09-22,301097,2.8229817597786995,False,1436
1439,2026-09-22,002462,2.8222180968328447,False,1437
1440,2026-09-22,601229,2.8119025986533486,False,1438
1441,2026-09-22,000159,2.8095107091002145,False,1439
1442,2026-09-22,688165,2.8094974320310451,False,1440
1443,2026-09-22,601616,2.808790997903519,False,1441
1444,2026-09-22,000530,2.8085193821054375,False,1442
1445,2026-09-22,001211,2.8061213948848165,False,1443
1446,2026-09-22,601200,2.8012341207321967,False,1444
1447,2026-09-22,000715,2.7990620578751484,False,1445
1448,2026-09-22,600455,2.7987358585668698,False,1446
1449,2026-09-22,688251,2.7961264541760471,False,1447
1450,2026-09-22,301077,2.7958908915877192,False,1448
1451,2026-09-22,600819,2.795778251664558,False,1449
1452,2026-09-22,002883,2.7949038884902766,False,1450
1453,2026-09-22,603191,2.7941074566751931,False,1451
1454,2026-09-22,301586,2.7937254923843753,False,1452
1455,2026-09-22,002302,2.792243178947901,False,1453
1456,2026-09-22,688606,2.7885167268595952,False,1454
1457,2026-09-22,601228,2.7881027724186187,False,1455
1458,2026-09-22,002337,2.7860015544093346,False,1456
1459,2026-09-22,300161,2.7837547148129498,False,1457
1460,2026-09-22,688529,2.7804017265732677,False,1458
1461,2026-09-22,688255,2.7790555743704788,False,1459
1462,2026-09-22,300800,2.7753084553206966,False,1460
1463,2026-09-22,300326,2.7752821674059795,False,1461
1464,2026-09-22,002871,2.7748314946471249,False,1462
1465,2026-09-22,603915,2.7725966683844074,False,1463
1466,2026-09-22,301301,2.7720347704126178,False,1464
1467,2026-09-22,688329,2.7715732563815583,False,1465
1468,2026-09-22,002799,2.7706314659693554,False,1466
1469,2026-09-22,603213,2.7685937063245762,False,1467
1470,2026-09-22,002591,2.7649333313079461,False,1468
1471,2026-09-22,002919,2.7645202013767527,False,1469
1472,2026-09-22,601388,2.7621072316163975,False,1470
1473,2026-09-22,301212,2.7610735096132264,False,1471
1474,2026-09-22,601838,2.7549536336721405,False,1472
1475,2026-09-22,600336,2.7541700809260976,False,1473
1476,2026-09-22,301353,2.7480948940961296,False,1474
1477,2026-09-22,600064,2.7478479084618908,False,1475
1478,2026-09-22,301087,2.7474909349107506,False,1476
1479,2026-09-22,002479,2.7456332897717997,False,1477
1480,2026-09-22,300205,2.7429398513781216,False,1478
1481,2026-09-22,002539,2.7410771928372846,False,1479
1482,2026-09-22,603855,2.7379853324216352,False,1480
1483,2026-09-22,300447,2.7360677343551325,False,1481
1484,2026-09-22,000685,2.7326642851656011,False,1482
1485,2026-09-22,600791,2.7319994969928336,False,1483
1486,2026-09-22,601607,2.7252860126753777,False,1484
1487,2026-09-22,002947,2.7225246611124643,False,1485
1488,2026-09-22,300032,2.7207802466934754,False,1486
1489,2026-09-22,300931,2.718495731090278,False,1487
1490,2026-09-22,002343,2.7184475345574661,False,1488
1491,2026-09-22,600250,2.7178660231569407,False,1489
1492,2026-09-22,301499,2.7155774560372636,False,1490
1493,2026-09-22,600331,2.7125833463814821,False,1491
1494,2026-09-22,000927,2.7120969427748047,False,1492
1495,2026-09-22,688146,2.7096502765411699,False,1493
1496,2026-09-22,300943,2.708306453376641,False,1494
1497,2026-09-22,603617,2.7056646178962698,False,1495
1498,2026-09-22,300384,2.7051913985865714,False,1496
1499,2026-09-22,300786,2.7012274304190633,False,1497
1500,2026-09-22,600556,2.7009114625475696,False,1498
1501,2026-09-22,000722,2.7005043052770255,False,1499
1502,2026-09-22,300813,2.6991880278191402,False,1500
1503,2026-09-22,688239,2.6969504237589583,False,1501
1504,2026-09-22,600697,2.6963664024763419,False,1502
1505,2026-09-22,301428,2.6945783637314316,False,1503
1506,2026-09-22,000517,2.6941598432784124,False,1504
1507,2026-09-22,002001,2.6927159133645384,False,1505
1508,2026-09-22,301587,2.6888302776552027,False,1506
1509,2026-09-22,301289,2.6864082287627173,False,1507
1510,2026-09-22,600153,2.6848846526538832,False,1508
1511,2026-09-22,301421,2.6808102266373282,False,1509
1512,2026-09-22,688067,2.679735908155898,False,1510
1513,2026-09-22,300465,2.6784690545547352,False,1511
1514,2026-09-22,603767,2.6773989383571433,False,1512
1515,2026-09-22,300797,2.6765404754728266,False,1513
1516,2026-09-22,688335,2.6734154192395687,False,1514
1517,2026-09-22,300847,2.6731035585316461,False,1515
1518,2026-09-22,300667,2.6728952039704597,False,1516
1519,2026-09-22,603590,2.6619457487864251,False,1517
1520,2026-09-22,688357,2.6617306507234737,False,1518
1521,2026-09-22,002423,2.6603791556549874,False,1519
1522,2026-09-22,603998,2.6592324019582128,False,1520
1523,2026-09-22,000007,2.6568825885607823,False,1521
1524,2026-09-22,301279,2.6568503092324183,False,1522
1525,2026-09-22,002529,2.6539131612831905,False,1523
1526,2026-09-22,001324,2.6510132622456117,False,1524
1527,2026-09-22,002949,2.645939725662942,False,1525
1528,2026-09-22,603848,2.6412432169891455,False,1526
1529,2026-09-22,002866,2.6370080592146912,False,1527
1530,2026-09-22,603110,2.6346916456197649,False,1528
1531,2026-09-22,300459,2.6327788925465057,False,1529
1532,2026-09-22,603515,2.6315459458249091,False,1530
1533,2026-09-22,600535,2.6299740162837977,False,1531
1534,2026-09-22,301185,2.6291741876293986,False,1532
1535,2026-09-22,688697,2.6291311264373061,False,1533
1536,2026-09-22,300440,2.625803085213855,False,1534
1537,2026-09-22,002177,2.6254510167745102,False,1535
1538,2026-09-22,600743,2.6241333165762901,True,
1539,2026-09-22,002416,2.617549267553664,False,1536
1540,2026-09-22,301068,2.61289391240429,False,1537
1541,2026-09-22,688221,2.6125461749367691,False,1538
1542,2026-09-22,600439,2.6106099696879408,False,1539
1543,2026-09-22,002872,2.610545292727565,False,1540
1544,2026-09-22,603687,2.610139727341438,False,1541
1545,2026-09-22,301372,2.6041885998560321,False,1542
1546,2026-09-22,605588,2.6037358368386014,False,1543
1547,2026-09-22,300239,2.6007912340241011,False,1544
1548,2026-09-22,601225,2.6007484130759302,False,1545
1549,2026-09-22,002035,2.5999340640246404,False,1546
1550,2026-09-22,600470,2.597022839719382,False,1547
1551,2026-09-22,300952,2.5948386577888671,False,1548
1552,2026-09-22,600159,2.5920613950002962,False,1549
1553,2026-09-22,000720,2.5915021611422686,False,1550
1554,2026-09-22,301662,2.5904020476979248,False,1551
1555,2026-09-22,600231,2.5884770780909108,False,1552
1556,2026-09-22,603660,2.586400575741056,False,1553
1557,2026-09-22,601010,2.585884552852515,False,1554
1558,2026-09-22,601928,2.5848108113131172,False,1555
1559,2026-09-22,002690,2.5810572805475331,False,1556
1560,2026-09-22,600501,2.5808636030081695,False,1557
1561,2026-09-22,688687,2.5786097455104859,False,1558
1562,2026-09-22,300610,2.5782006203108465,False,1559
1563,2026-09-22,605259,2.5753362771497743,False,1560
1564,2026-09-22,688289,2.5745316917317149,False,1561
1565,2026-09-22,301314,2.5742472036659851,False,1562
1566,2026-09-22,603310,2.5742351527188276,False,1563
1567,2026-09-22,002032,2.5626355332622297,False,1564
1568,2026-09-22,603057,2.5584418195130856,False,1565
1569,2026-09-22,601668,2.5583977455634725,False,1566
1570,2026-09-22,603368,2.5582246261612118,False,1567
1571,2026-09-22,300143,2.5575544325004556,False,1568
1572,2026-09-22,002935,2.557093331175925,False,1569
1573,2026-09-22,603212,2.5567956006689831,False,1570
1574,2026-09-22,605555,2.5564728409450064,False,1571
1575,2026-09-22,301488,2.5554452708283875,False,1572
1576,2026-09-22,300935,2.5546509146526359,False,1573
1577,2026-09-22,002809,2.5534891179661905,False,1574
1578,2026-09-22,002762,2.5509415008718381,False,1575
1579,2026-09-22,301665,2.5481876881333942,False,1576
1580,2026-09-22,000538,2.5448746292644029,False,1577
1581,2026-09-22,603282,2.5434029549245674,False,1578
1582,2026-09-22,600980,2.5406496602700037,False,1579
1583,2026-09-22,300231,2.5367277595971762,False,1580
1584,2026-09-22,601969,2.5347735413250727,False,1581
1585,2026-09-22,600203,2.530545152874752,False,1582
1586,2026-09-22,600938,2.5288701588513995,False,1583
1587,2026-09-22,300971,2.5281253691018772,False,1584
1588,2026-09-22,600232,2.5270518262205868,False,1585
1589,2026-09-22,600028,2.5252201886882282,False,1586
1590,2026-09-22,688579,2.5209714544399526,False,1587
1591,2026-09-22,301024,2.5170074108380183,False,1588
1592,2026-09-22,300598,2.5147255231784085,False,1589
1593,2026-09-22,000930,2.5138411306824047,False,1590
1594,2026-09-22,002007,2.5135696513970056,False,1591
1595,2026-09-22,001282,2.5115645047686534,False,1592
1596,2026-09-22,300359,2.510641408321022,False,1593
1597,2026-09-22,002219,2.5091134264967039,False,1594
1598,2026-09-22,600103,2.5079330091603689,False,1595
1599,2026-09-22,688288,2.5046656018018396,False,1596
1600,2026-09-22,603897,2.4997460389166664,False,1597
1601,2026-09-22,001210,2.4996821395900701,False,1598
1602,2026-09-22,601199,2.4983740303563042,False,1599
1603,2026-09-22,300248,2.4970114123661062,False,1600
1604,2026-09-22,605388,2.4966271306380055,False,1601
1605,2026-09-22,600054,2.4922710263417964,False,1602
1606,2026-09-22,600843,2.4911991352523888,False,1603
1607,2026-09-22,688631,2.4898338684331609,False,1604
1608,2026-09-22,600188,2.4888150251515109,False,1605
1609,2026-09-22,002685,2.4842082478595682,False,1606
1610,2026-09-22,300602,2.4827076554251333,False,1607
1611,2026-09-22,688682,2.4819132108792132,False,1608
1612,2026-09-22,600801,2.4812922784512126,False,1609
1613,2026-09-22,601992,2.4809682385096683,False,1610
1614,2026-09-22,600282,2.4805279694878006,False,1611
1615,2026-09-22,688588,2.4794948550329732,False,1612
1616,2026-09-22,300396,2.4778472187595129,False,1613
1617,2026-09-22,300713,2.4776954314921831,False,1614
1618,2026-09-22,000400,2.4758873021832395,False,1615
1619,2026-09-22,002182,2.4753136565365872,False,1616
1620,2026-09-22,300711,2.4751195540923923,False,1617
1621,2026-09-22,002801,2.4734376548305335,False,1618
1622,2026-09-22,001239,2.4725133182199022,False,1619
1623,2026-09-22,000513,2.4696265614870123,False,1620
1624,2026-09-22,600335,2.4683751562831873,False,1621
1625,2026-09-22,002221,2.4632409340478354,False,1622
1626,2026-09-22,600795,2.462182264726926,False,1623
1627,2026-09-22,002628,2.4601680360228348,False,1624
1628,2026-09-22,688681,2.4562689716797816,False,1625
1629,2026-09-22,605086,2.4523135925224993,False,1626
1630,2026-09-22,603607,2.4521714961589813,False,1627
1631,2026-09-22,603131,2.451275202944454,False,1628
1632,2026-09-22,000709,2.4507117932162279,False,1629
1633,2026-09-22,000753,2.4399790418541025,False,1630
1634,2026-09-22,301501,2.4376316042526884,False,1631
1635,2026-09-22,002180,2.437174757290216,False,1632
1636,2026-09-22,301101,2.4362789281056392,False,1633
1637,2026-09-22,600019,2.4351804863588802,False,1634
1638,2026-09-22,000598,2.4335191683418049,False,1635
1639,2026-09-22,600328,2.4321779128313725,False,1636
1640,2026-09-22,688638,2.43214449795917,False,1637
1641,2026-09-22,300925,2.4284327040305733,False,1638
1642,2026-09-22,300940,2.4283569976881862,False,1639
1643,2026-09-22,688071,2.4278619796165666,False,1640
1644,2026-09-22,000989,2.4266351649551678,False,1641
1645,2026-09-22,300825,2.4239761809832867,False,1642
1646,2026-09-22,300962,2.4220287978461075,False,1643
1647,2026-09-22,002586,2.4211597036989696,False,1644
1648,2026-09-22,600169,2.4203693339905508,False,1645
1649,2026-09-22,300712,2.4164038717568737,False,1646
1650,2026-09-22,000536,2.4141012804491035,False,1647
1651,2026-09-22,000678,2.4140570216841741,False,1648
1652,2026-09-22,002683,2.4096046400367457,False,1649
1653,2026-09-22,600085,2.4029602032457018,False,1650
1654,2026-09-22,605151,2.4026665309763775,False,1651
1655,2026-09-22,300527,2.4010399000874734,False,1652
1656,2026-09-22,600660,2.3987716583267864,False,1653
1657,2026-09-22,600433,2.3973929997659407,False,1654
1658,2026-09-22,601658,2.3917040089044623,False,1655
1659,2026-09-22,002609,2.3865570564541896,False,1656
1660,2026-09-22,002228,2.3834870492909452,False,1657
1661,2026-09-22,300543,2.3816196210205032,False,1658
1662,2026-09-22,688577,2.3780760784566097,False,1659
1663,2026-09-22,600252,2.3772953823506988,False,1660
1664,2026-09-22,301120,2.3704902385355151,False,1661
1665,2026-09-22,688360,2.3675473781452769,False,1662
1666,2026-09-22,600422,2.3657348224893222,False,1663
1667,2026-09-22,603569,2.3652081452619766,False,1664
1668,2026-09-22,300584,2.3647753333291486,False,1665
1669,2026-09-22,600871,2.3635476933344814,False,1666
1670,2026-09-22,002692,2.3562052688116717,False,1667
1671,2026-09-22,600571,2.3547282315872624,False,1668
1672,2026-09-22,300102,2.3519346451094822,False,1669
1673,2026-09-22,301118,2.341803685327136,False,1670
1674,2026-09-22,300855,2.3393031837541516,False,1671
1675,2026-09-22,301083,2.3391818802916795,False,1672
1676,2026-09-22,002595,2.3390499304458641,False,1673
1677,2026-09-22,002603,2.3383687491382483,False,1674
1678,2026-09-22,600202,2.337418017213607,False,1675
1679,2026-09-22,600299,2.3367982715463853,False,1676
1680,2026-09-22,300425,2.3327160131420968,False,1677
1681,2026-09-22,000623,2.3319929360881502,False,1678
1682,2026-09-22,600814,2.3318533389975316,False,1679
1683,2026-09-22,600051,2.3252872390349246,False,1680
1684,2026-09-22,000697,2.322605281042323,False,1681
1685,2026-09-22,688015,2.322249611466364,False,1682
1686,2026-09-22,002454,2.321728918337957,False,1683
1687,2026-09-22,301270,2.3203042921808534,False,1684
1688,2026-09-22,002739,2.3195109963846372,False,1685
1689,2026-09-22,300471,2.3186740719379744,False,1686
1690,2026-09-22,603334,2.312237435314457,False,1687
1691,2026-09-22,600782,2.3091214477650936,False,1688
1692,2026-09-22,002420,2.3089419002388274,False,1689
1693,2026-09-22,300539,2.3082991788506542,False,1690
1694,2026-09-22,301595,2.3064723827116342,False,1691
1695,2026-09-22,300809,2.306140285714573,False,1692
1696,2026-09-22,600079,2.305570273301639,False,1693
1697,2026-09-22,600751,2.3053588259166773,False,1694
1698,2026-09-22,605369,2.3052204085747237,False,1695
1699,2026-09-22,605180,2.3016186349116907,False,1696
1700,2026-09-22,605050,2.301090326785324,False,1697
1701,2026-09-22,001337,2.3008660646944352,False,1698
1702,2026-09-22,600643,2.2993005176812429,False,1699
1703,2026-09-22,300180,2.2941431906834939,False,1700
1704,2026-09-22,300427,2.2939912089397203,False,1701
1705,2026-09-22,603387,2.2927159599601081,False,1702
1706,2026-09-22,605005,2.2924765093185462,False,1703
1707,2026-09-22,600658,2.2909151782399477,False,1704
1708,2026-09-22,603037,2.2900862733339657,False,1705
1709,2026-09-22,600560,2.2848572722618616,False,1706
1710,2026-09-22,600156,2.2815467272544834,False,1707
1711,2026-09-22,300572,2.2766438342887501,False,1708
1712,2026-09-22,000948,2.2754134165331585,False,1709
1713,2026-09-22,002128,2.2746686779386436,False,1710
1714,2026-09-22,300307,2.2733493939878584,False,1711
1715,2026-09-22,300690,2.2712984456763126,False,1712
1716,2026-09-22,002882,2.2710906630815688,False,1713
1717,2026-09-22,603018,2.2673883340963243,False,1714
1718,2026-09-22,300259,2.2673228047308056,False,1715
1719,2026-09-22,002372,2.2572075489213916,False,1716
1720,2026-09-22,603153,2.2548461314273487,False,1717
1721,2026-09-22,002943,2.2514540594754373,False,1718
1722,2026-09-22,600576,2.2479832704486031,False,1719
1723,2026-09-22,002460,2.2464113017012224,False,1720
1724,2026-09-22,605066,2.2445189982999429,False,1721
1725,2026-09-22,600405,2.2414280259941384,False,1722
1726,2026-09-22,688539,2.2410247649322486,False,1723
1727,2026-09-22,600415,2.2396965123021606,False,1724
1728,2026-09-22,300078,2.2393495431082315,False,1725
1729,2026-09-22,689009,2.235470889879974,False,1726
1730,2026-09-22,300622,2.2350590373409043,False,1727
1731,2026-09-22,600329,2.2320490302424538,False,1728
1732,2026-09-22,001217,2.2289730217819894,False,1729
1733,2026-09-22,600177,2.2245856055096649,False,1730
1734,2026-09-22,603737,2.2221076611090114,False,1731
1735,2026-09-22,300966,2.2202525912952891,False,1732
1736,2026-09-22,301072,2.2184792012600703,False,1733
1737,2026-09-22,688575,2.2180679567908563,False,1734
1738,2026-09-22,600255,2.2163456891330195,False,1735
1739,2026-09-22,600583,2.2124663529076805,False,1736
1740,2026-09-22,301588,2.212430971506806,False,1737
1741,2026-09-22,603367,2.2106636378755034,False,1738
1742,2026-09-22,600754,2.2085368820364892,False,1739
1743,2026-09-22,603595,2.2072199648571402,False,1740
1744,2026-09-22,002441,2.2034690903160792,False,1741
1745,2026-09-22,300020,2.1995614046833856,False,1742
1746,2026-09-22,300334,2.1986570096587776,False,1743
1747,2026-09-22,601800,2.198162363101718,False,1744
1748,2026-09-22,001328,2.1967935926354829,False,1745
1749,2026-09-22,002506,2.1944144174518403,False,1746
1750,2026-09-22,300139,2.1938525887628697,False,1747
1751,2026-09-22,002284,2.1931876745328305,False,1748
1752,2026-09-22,300639,2.1909263211963079,False,1749
1753,2026-09-22,601666,2.1903089248995737,False,1750
1754,2026-09-22,688509,2.1897735341109756,False,1751
1755,2026-09-22,601985,2.1896089417886189,False,1752
1756,2026-09-22,688276,2.1872643831241274,False,1753
1757,2026-09-22,300515,2.1863431485050384,False,1754
1758,2026-09-22,600332,2.1850755709023675,False,1755
1759,2026-09-22,002279,2.1824810165545574,False,1756
1760,2026-09-22,300697,2.1784092850196499,False,1757
1761,2026-09-22,600802,2.166141228232707,False,1758
1762,2026-09-22,002210,2.1661255856610482,False,1759
1763,2026-09-22,688348,2.1639407038385032,False,1760
1764,2026-09-22,603518,2.1614785769447478,False,1761
1765,2026-09-22,301073,2.1598543136665702,False,1762
1766,2026-09-22,000717,2.1589018256241777,False,1763
1767,2026-09-22,002867,2.1575323769321328,False,1764
1768,2026-09-22,301602,2.1496105369358451,False,1765
1769,2026-09-22,600717,2.1493220792011871,False,1766
1770,2026-09-22,300988,2.1460848450226786,False,1767
1771,2026-09-22,301290,2.1422985124791438,False,1768
1772,2026-09-22,300724,2.1394934077051215,False,1769
1773,2026-09-22,601698,2.1388743419989895,False,1770
1774,2026-09-22,002350,2.1385491439417117,False,1771
1775,2026-09-22,688033,2.1368828905939283,False,1772
1776,2026-09-22,600117,2.1364701086439863,False,1773
1777,2026-09-22,603309,2.1347813225072505,False,1774
1778,2026-09-22,001311,2.1343626601426369,False,1775
1779,2026-09-22,002885,2.1342141523826497,False,1776
1780,2026-09-22,601702,2.1329890411850547,False,1777
1781,2026-09-22,605266,2.1321019517533824,False,1778
1782,2026-09-22,002356,2.1295663976429764,False,1779
1783,2026-09-22,301211,2.1270682331103816,False,1780
1784,2026-09-22,603578,2.1261319839128721,False,1781
1785,2026-09-22,603665,2.1259386900615675,False,1782
1786,2026-09-22,300745,2.1243999144017445,False,1783
1787,2026-09-22,688620,2.1204701787177669,False,1784
1788,2026-09-22,002126,2.1197681279509633,False,1785
1789,2026-09-22,601880,2.1197254860448012,False,1786
1790,2026-09-22,003041,2.1188138404312853,False,1787
1791,2026-09-22,000862,2.1180949350135632,False,1788
1792,2026-09-22,002431,2.1174590600585477,False,1789
1793,2026-09-22,603366,2.1174150466994859,False,1790
1794,2026-09-22,300525,2.1157952701049343,False,1791
1795,2026-09-22,600624,2.1140475879125393,False,1792
1796,2026-09-22,002488,2.1125127443027885,False,1793
1797,2026-09-22,002199,2.1107016076590437,False,1794
1798,2026-09-22,300093,2.1105011633947304,False,1795
1799,2026-09-22,300930,2.1101842867644569,False,1796
1800,2026-09-22,600507,2.1056298139272531,False,1797
1801,2026-09-22,003003,2.1050784932251738,False,1798
1802,2026-09-22,603262,2.1032271501285971,False,1799
1803,2026-09-22,002394,2.1025487879476148,False,1800
1804,2026-09-22,603297,2.1008556660929836,False,1801
1805,2026-09-22,002382,2.0999124735520001,False,1802
1806,2026-09-22,603086,2.0984635349794267,False,1803
1807,2026-09-22,002063,2.0980161062506424,False,1804
1808,2026-09-22,002319,2.0979723400231807,False,1805
1809,2026-09-22,603308,2.0926216419762538,False,1806
1810,2026-09-22,002498,2.0900749305146413,False,1807
1811,2026-09-22,600008,2.0891866090630047,False,1808
1812,2026-09-22,300463,2.0884620012235664,False,1809
1813,2026-09-22,002806,2.0871598647006775,False,1810
1814,2026-09-22,600783,2.0798440105929572,False,1811
1815,2026-09-22,301515,2.0773666289866117,False,1812
1816,2026-09-22,301166,2.0763985642858671,False,1813
1817,2026-09-22,003010,2.0757513192818702,False,1814
1818,2026-09-22,002985,2.0734233714014398,False,1815
1819,2026-09-22,603111,2.0733927769501568,False,1816
1820,2026-09-22,300080,2.0728293066298726,False,1817
1821,2026-09-22,603511,2.071327329408938,False,1818
1822,2026-09-22,688211,2.0674292529301153,False,1819
1823,2026-09-22,300357,2.0638968232946819,False,1820
1824,2026-09-22,301004,2.063256783372263,False,1821
1825,2026-09-22,600817,2.0602703463797489,False,1822
1826,2026-09-22,600810,2.0581227841717169,False,1823
1827,2026-09-22,002983,2.0496692305428263,False,1824
1828,2026-09-22,603172,2.0496546809583274,False,1825
1829,2026-09-22,300603,2.0488150153123659,False,1826
1830,2026-09-22,600182,2.0481709360960165,False,1827
1831,2026-09-22,688560,2.0440240277841761,False,1828
1832,2026-09-22,300965,2.0437834166230986,False,1829
1833,2026-09-22,600243,2.0431260852072226,False,1830
1834,2026-09-22,300946,2.0400007566823959,False,1831
1835,2026-09-22,600004,2.038920770208021,False,1832
1836,2026-09-22,002009,2.0377397929568404,False,1833
1837,2026-09-22,603533,2.0372871875124785,False,1834
1838,2026-09-22,001206,2.0369899774797955,False,1835
1839,2026-09-22,300562,2.0358001043917904,False,1836
1840,2026-09-22,002096,2.034964267501993,False,1837
1841,2026-09-22,603937,2.0323368532309143,False,1838
1842,2026-09-22,600512,2.0318341914418623,False,1839
1843,2026-09-22,300990,2.0302822550271227,False,1840
1844,2026-09-22,002593,2.0302367376062382,False,1841
1845,2026-09-22,002941,2.0297410270526832,False,1842
1846,2026-09-22,688618,2.0274373978081011,False,1843
1847,2026-09-22,605488,2.027181089486485,False,1844
1848,2026-09-22,688772,2.023754449646451,False,1845
1849,2026-09-22,300138,2.0226817479348957,False,1846
1850,2026-09-22,301629,2.0192343855304706,False,1847
1851,2026-09-22,002492,2.0159449863453593,False,1848
1852,2026-09-22,300298,2.0151398283340729,False,1849
1853,2026-09-22,000652,2.0131152143577249,False,1850
1854,2026-09-22,002030,2.012064023254827,False,1851
1855,2026-09-22,601187,2.0118441107930902,False,1852
1856,2026-09-22,603117,2.0078617153320373,False,1853
1857,2026-09-22,301038,2.0066101546620092,False,1854
1858,2026-09-22,002155,2.0062349701509143,False,1855
1859,2026-09-22,002765,2.0058681587875431,False,1856
1860,2026-09-22,603195,2.004770594863809,False,1857
1861,2026-09-22,603036,2.0030229110902633,False,1858
1862,2026-09-22,603987,1.9978370800998828,False,1859
1863,2026-09-22,002407,1.9967252483986091,False,1860
1864,2026-09-22,300506,1.9962827676462371,False,1861
1865,2026-09-22,002798,1.9946154897182149,False,1862
1866,2026-09-22,300133,1.9918680491133718,False,1863
1867,2026-09-22,000425,1.9869151805184386,False,1864
1868,2026-09-22,300092,1.9841503685553681,False,1865
1869,2026-09-22,688562,1.9840583366160716,False,1866
1870,2026-09-22,600746,1.9836909658565267,False,1867
1871,2026-09-22,603898,1.9832160394268528,False,1868
1872,2026-09-22,002287,1.9803141260385053,False,1869
1873,2026-09-22,301677,1.9801712361373411,False,1870
1874,2026-09-22,000525,1.9762717980031619,False,1871
1875,2026-09-22,002377,1.9719328933373239,False,1872
1876,2026-09-22,002829,1.9702367756446755,False,1873
1877,2026-09-22,300915,1.9700564585605753,False,1874
1878,2026-09-22,002022,1.9671394990002886,False,1875
1879,2026-09-22,600756,1.9664217296598563,False,1876
1880,2026-09-22,688420,1.9566001290654382,False,1877
1881,2026-09-22,603609,1.9565577167423331,False,1878
1882,2026-09-22,000869,1.9532188882486006,False,1879
1883,2026-09-22,600098,1.950411592395525,False,1880
1884,2026-09-22,600125,1.9493457090252293,False,1881
1885,2026-09-22,301555,1.9454043922571975,False,1882
1886,2026-09-22,002537,1.9410571252846072,False,1883
1887,2026-09-22,000695,1.9365122969665047,False,1884
1888,2026-09-22,300705,1.9337049946291882,False,1885
1889,2026-09-22,300472,1.931740202232139,False,1886
1890,2026-09-22,600859,1.9303668586842155,False,1887
1891,2026-09-22,000488,1.9272041167361755,False,1888
1892,2026-09-22,600794,1.9249499898774118,False,1889
1893,2026-09-22,600704,1.9245196003719758,False,1890
1894,2026-09-22,603698,1.9216863119893404,False,1891
1895,2026-09-22,688278,1.9207514132043055,False,1892
1896,2026-09-22,002440,1.9178122763473604,False,1893
1897,2026-09-22,000762,1.911418983228979,False,1894
1898,2026-09-22,000518,1.9083329297973333,False,1895
1899,2026-09-22,002127,1.9069133346761795,False,1896
1900,2026-09-22,600379,1.906142588088831,False,1897
1901,2026-09-22,600982,1.9060367207931306,False,1898
1902,2026-09-22,300692,1.9018854451624008,False,1899
1903,2026-09-22,002449,1.8969655710335829,False,1900
1904,2026-09-22,002946,1.8963718422564946,False,1901
1905,2026-09-22,603197,1.8958237076277622,False,1902
1906,2026-09-22,603608,1.8942660457839964,False,1903
1907,2026-09-22,000829,1.8930276345564816,False,1904
1908,2026-09-22,300881,1.8928227118791341,False,1905
1909,2026-09-22,603901,1.8924709697916455,False,1906
1910,2026-09-22,301066,1.8888070953485672,False,1907
1911,2026-09-22,000738,1.8875846496007052,False,1908
1912,2026-09-22,300008,1.8851637260423608,False,1909
1913,2026-09-22,688737,1.8797370690087432,False,1910
1914,2026-09-22,300766,1.8757396502362171,False,1911
1915,2026-09-22,600350,1.8753141442883803,False,1912
1916,2026-09-22,000554,1.8713386484159822,False,1913
1917,2026-09-22,300295,1.8663874984335063,False,1914
1918,2026-09-22,002835,1.8640671412729839,False,1915
1919,2026-09-22,600561,1.8630061920742316,False,1916
1920,2026-09-22,603280,1.8613011481980077,False,1917
1921,2026-09-22,300075,1.8611865826775964,False,1918
1922,2026-09-22,300183,1.8607209041039194,False,1919
1923,2026-09-22,002328,1.8580791908007441,False,1920
1924,2026-09-22,301170,1.8554760541202526,False,1921
1925,2026-09-22,002662,1.8550438371254447,False,1922
1926,2026-09-22,301292,1.8544190641152483,False,1923
1927,2026-09-22,600307,1.8463064428773337,False,1924
1928,2026-09-22,002181,1.8449353012754868,False,1925
1929,2026-09-22,603176,1.8447291914325916,False,1926
1930,2026-09-22,600352,1.8411880657083186,False,1927
1931,2026-09-22,600132,1.8340344412770837,False,1928
1932,2026-09-22,002976,1.8334223277378192,False,1929
1933,2026-09-22,300288,1.8330479465349705,False,1930
1934,2026-09-22,300888,1.8300452983569311,False,1931
1935,2026-09-22,300557,1.8239484644268509,False,1932
1936,2026-09-22,688369,1.8223078964159152,False,1933
1937,2026-09-22,688198,1.8221228016656883,False,1934
1938,2026-09-22,600787,1.8218854203039059,False,1935
1939,2026-09-22,300374,1.820655254494592,False,1936
1940,2026-09-22,002581,1.8199659795605558,False,1937
1941,2026-09-22,600490,1.8197316490530588,False,1938
1942,2026-09-22,603377,1.8184954034440239,False,1939
1943,2026-09-22,002856,1.8165073254374839,False,1940
1944,2026-09-22,301033,1.8163400561134737,False,1941
1945,2026-09-22,300366,1.8145224142450154,False,1942
1946,2026-09-22,301408,1.8108589070266186,False,1943
1947,2026-09-22,600420,1.8104041003187246,False,1944
1948,2026-09-22,605060,1.8070472491247347,False,1945
1949,2026-09-22,688347,1.804632119363383,False,1946
1950,2026-09-22,300760,1.8033002798809736,False,1947
1951,2026-09-22,688190,1.8020229714005385,False,1948
1952,2026-09-22,002115,1.80051365892544,False,1949
1953,2026-09-22,300513,1.7997085241811464,False,1950
1954,2026-09-22,603725,1.7986089228976527,False,1951
1955,2026-09-22,603088,1.7968438462816354,False,1952
1956,2026-09-22,600822,1.7951609702063207,False,1953
1957,2026-09-22,300405,1.7938915586639506,False,1954
1958,2026-09-22,301330,1.7930178212617365,False,1955
1959,2026-09-22,002712,1.7896921372757699,False,1956
1960,2026-09-22,002410,1.7879234760166727,False,1957
1961,2026-09-22,301335,1.7852937510213516,False,1958
1962,2026-09-22,300128,1.7843660173735469,False,1959
1963,2026-09-22,300801,1.7785804421368157,False,1960
1964,2026-09-22,603060,1.7765976518630215,False,1961
1965,2026-09-22,601788,1.7757112621209918,False,1962
1966,2026-09-22,002061,1.7747271764650105,False,1963
1967,2026-09-22,600960,1.7732058263734953,False,1964
1968,2026-09-22,600671,1.7710910055598708,False,1965
1969,2026-09-22,688201,1.7700481169659783,False,1966
1970,2026-09-22,300258,1.7693939589605567,False,1967
1971,2026-09-22,000428,1.7691227200650355,False,1968
1972,2026-09-22,688602,1.7687123951632768,False,1969
1973,2026-09-22,000408,1.7677433412399304,False,1970
1974,2026-09-22,000042,1.7631495576418956,False,1971
1975,2026-09-22,600380,1.763046249326536,False,1972
1976,2026-09-22,601339,1.7612974202064793,False,1973
1977,2026-09-22,000776,1.754736868494321,False,1974
1978,2026-09-22,301459,1.748436600701925,False,1975
1979,2026-09-22,001279,1.7480495382534094,False,1976
1980,2026-09-22,300130,1.7480237046369416,False,1977
1981,2026-09-22,300168,1.7478168427759277,False,1978
1982,2026-09-22,001238,1.7474124226678085,False,1979
1983,2026-09-22,600830,1.744843231274928,False,1980
1984,2026-09-22,301283,1.7433376866599986,False,1981
1985,2026-09-22,002705,1.7426176357099443,False,1982
1986,2026-09-22,300215,1.7396672756210905,False,1983
1987,2026-09-22,000999,1.7389431172027296,False,1984
1988,2026-09-22,688677,1.7388058018003016,False,1985
1989,2026-09-22,002031,1.7377043524809213,False,1986
1990,2026-09-22,601606,1.7370245368763861,False,1987
1991,2026-09-22,600580,1.7343438829574094,False,1988
1992,2026-09-22,300338,1.7338795712080499,False,1989
1993,2026-09-22,002626,1.7335256674935828,False,1990
1994,2026-09-22,000887,1.7315561457527133,False,1991
1995,2026-09-22,600789,1.7265500821590025,False,1992
1996,2026-09-22,000897,1.7236432629118208,False,1993
1997,2026-09-22,600358,1.7233458082852873,False,1994
1998,2026-09-22,000912,1.7219777697737211,False,1995
1999,2026-09-22,600011,1.7196117658998062,False,1996
2000,2026-09-22,002728,1.7187342999612527,False,1997
2001,2026-09-22,605319,1.716913761768093,False,1998
2002,2026-09-22,002040,1.7128350680778688,False,1999
2003,2026-09-22,600525,1.7111925865656918,False,2000
2004,2026-09-22,300856,1.7107982392971279,False,2001
2005,2026-09-22,600217,1.7059892695539882,False,2002
2006,2026-09-22,600740,1.7045048831892911,False,2003
2007,2026-09-22,605133,1.702642835845062,False,2004
2008,2026-09-22,601555,1.7004047621061784,False,2005
2009,2026-09-22,000567,1.6992436526224273,False,2006
2010,2026-09-22,002840,1.6977516740111542,False,2007
2011,2026-09-22,301508,1.6962999695020393,False,2008
2012,2026-09-22,002108,1.6962826437318572,False,2009
2013,2026-09-22,603369,1.6942615016091984,False,2010
2014,2026-09-22,600458,1.6903286705962621,False,2011
2015,2026-09-22,002507,1.6888012766262688,False,2012
2016,2026-09-22,600361,1.688681133594975,False,2013
2017,2026-09-22,001285,1.6876884473039202,False,2014
2018,2026-09-22,002566,1.6867297950563622,False,2015
2019,2026-09-22,301082,1.6864450776740001,False,2016
2020,2026-09-22,300637,1.6859577145958395,False,2017
2021,2026-09-22,002523,1.6856540808837495,False,2018
2022,2026-09-22,601865,1.6828228332107666,False,2019
2023,2026-09-22,600030,1.6820251632638794,False,2020
2024,2026-09-22,002309,1.679012197696492,False,2021
2025,2026-09-22,300749,1.67660244192093,False,2022
2026,2026-09-22,301380,1.6756959949471795,False,2023
2027,2026-09-22,002905,1.6744746315717975,False,2024
2028,2026-09-22,002218,1.6709909804105461,False,2025
2029,2026-09-22,603070,1.6708903619765811,False,2026
2030,2026-09-22,301413,1.6664816850643689,False,2027
2031,2026-09-22,001314,1.6643563833187707,False,2028
2032,2026-09-22,600165,1.662238239823228,False,2029
2033,2026-09-22,601615,1.6613691539194244,False,2030
2034,2026-09-22,001319,1.6613364362730842,False,2031
2035,2026-09-22,000951,1.6611998729497777,False,2032
2036,2026-09-22,301260,1.6598921663161919,False,2033
2037,2026-09-22,600495,1.6582935076745633,False,2034
2038,2026-09-22,688411,1.6513038176553438,False,2035
2039,2026-09-22,688087,1.6508941383313585,False,2036
2040,2026-09-22,301601,1.6508581913599198,False,2037
2041,2026-09-22,688259,1.6506760742873912,False,2038
2042,2026-09-22,688698,1.6502937687667658,False,2039
2043,2026-09-22,600269,1.6494817605196173,False,2040
2044,2026-09-22,603028,1.6482717146905657,False,2041
2045,2026-09-22,605183,1.647779575911323,False,2042
2046,2026-09-22,002459,1.6447577699669944,False,2043
2047,2026-09-22,600378,1.6444105942719789,False,2044
2048,2026-09-22,000514,1.6440235377795547,False,2045
2049,2026-09-22,600771,1.6392499936935256,False,2046
2050,2026-09-22,300761,1.6369863741803714,False,2047
2051,2026-09-22,300100,1.6314489009124862,False,2048
2052,2026-09-22,688510,1.6253353395911561,False,2049
2053,2026-09-22,300354,1.6233372625915605,False,2050
2054,2026-09-22,301318,1.6231052375364596,False,2051
2055,2026-09-22,000601,1.6216593807218875,False,2052
2056,2026-09-22,300521,1.6168586941526253,False,2053
2057,2026-09-22,002865,1.6167021143461433,False,2054
2058,2026-09-22,301329,1.6149117458313182,False,2055
2059,2026-09-22,002267,1.6135005438198315,False,2056
2060,2026-09-22,300520,1.6125056477904061,False,2057
2061,2026-09-22,002149,1.6119437193020061,False,2058
2062,2026-09-22,601177,1.6117801521670123,False,2059
2063,2026-09-22,601005,1.6112483096587762,False,2060
2064,2026-09-22,000937,1.6109300520022993,False,2061
2065,2026-09-22,300072,1.6100799630938885,False,2062
2066,2026-09-22,002575,1.6079124927817219,False,2063
2067,2026-09-22,002059,1.6002486699791247,False,2064
2068,2026-09-22,600187,1.5970153165313734,False,2065
2069,2026-09-22,300134,1.5926195178350011,False,2066
2070,2026-09-22,000758,1.5925454580117173,False,2067
2071,2026-09-22,603868,1.5907597923704171,False,2068
2072,2026-09-22,300848,1.5899736084818032,False,2069
2073,2026-09-22,300310,1.5889745739887013,False,2070
2074,2026-09-22,601163,1.5871992513627924,False,2071
2075,2026-09-22,603393,1.587142285648524,False,2072
2076,2026-09-22,605158,1.5835221127707877,False,2073
2077,2026-09-22,603026,1.5829245150031204,False,2074
2078,2026-09-22,002796,1.5786585977116565,False,2075
2079,2026-09-22,003020,1.5784440595995439,False,2076
2080,2026-09-22,688480,1.5777395833198873,False,2077
2081,2026-09-22,002495,1.5747617979185549,False,2078
2082,2026-09-22,300851,1.573991933515972,False,2079
2083,2026-09-22,600662,1.5722961972400773,False,2080
2084,2026-09-22,300511,1.5718122139220869,False,2081
2085,2026-09-22,002553,1.5677205698706325,False,2082
2086,2026-09-22,001222,1.5669746508383344,False,2083
2087,2026-09-22,301167,1.5666434180612852,False,2084
2088,2026-09-22,001202,1.5643766759007334,False,2085
2089,2026-09-22,600262,1.5633909122301424,False,2086
2090,2026-09-22,300275,1.5630555845786025,False,2087
2091,2026-09-22,000619,1.5592100874721386,False,2088
2092,2026-09-22,600168,1.5583613298580197,False,2089
2093,2026-09-22,002577,1.5571441136129729,False,2090
2094,2026-09-22,603229,1.5568066564395646,False,2091
2095,2026-09-22,600738,1.5558111549473681,False,2092
2096,2026-09-22,300582,1.5544029820333121,False,2093
2097,2026-09-22,688153,1.5536951489261721,False,2094
2098,2026-09-22,688291,1.5517867616393342,False,2095
2099,2026-09-22,300853,1.5498555283890587,False,2096
2100,2026-09-22,688571,1.5427948673970877,False,2097
2101,2026-09-22,603323,1.5371669307287865,False,2098
2102,2026-09-22,002901,1.5356522979426599,False,2099
2103,2026-09-22,301109,1.5354279681505565,False,2100
2104,2026-09-22,002039,1.5310648630849699,False,2101
2105,2026-09-22,002020,1.5310145931643655,False,2102
2106,2026-09-22,600735,1.5272545736076544,False,2103
2107,2026-09-22,600639,1.5269644440042862,False,2104
2108,2026-09-22,300444,1.5215441748072271,False,2105
2109,2026-09-22,301268,1.5199091966704474,False,2106
2110,2026-09-22,300343,1.5186665656355811,False,2107
2111,2026-09-22,002979,1.5161463045185299,False,2108
2112,2026-09-22,002401,1.5142249139608817,False,2109
2113,2026-09-22,300411,1.5138228361224235,False,2110
2114,2026-09-22,600780,1.5136908042334176,False,2111
2115,2026-09-22,600285,1.5131274974851658,False,2112
2116,2026-09-22,601318,1.5131162217070657,False,2113
2117,2026-09-22,603557,1.5051509074874483,False,2114
2118,2026-09-22,300791,1.5048913018476267,False,2115
2119,2026-09-22,300460,1.4950446871253404,False,2116
2120,2026-09-22,300541,1.4949820726223935,False,2117
2121,2026-09-22,002807,1.4873838035502573,False,2118
2122,2026-09-22,300269,1.4873178092318671,False,2119
2123,2026-09-22,603014,1.4860199487056613,False,2120
2124,2026-09-22,600163,1.4852800897166798,False,2121
2125,2026-09-22,002559,1.483188470668741,False,2122
2126,2026-09-22,600798,1.4753902147873865,False,2123
2127,2026-09-22,002019,1.4752628262300842,False,2124
2128,2026-09-22,300645,1.4740430606075607,False,2125
2129,2026-09-22,603768,1.4733172843409976,False,2126
2130,2026-09-22,688101,1.467589994925925,False,2127
2131,2026-09-22,300147,1.4673444503740276,False,2128
2132,2026-09-22,301042,1.4644367254054547,False,2129
2133,2026-09-22,603398,1.4643150935260063,False,2130
2134,2026-09-22,000581,1.4634824685948598,False,2131
2135,2026-09-22,300933,1.4622392851615653,False,2132
2136,2026-09-22,001391,1.4618474920389373,False,2133
2137,2026-09-22,600308,1.4614159446074377,False,2134
2138,2026-09-22,002520,1.4601344632177371,False,2135
2139,2026-09-22,688523,1.4599608165960718,False,2136
2140,2026-09-22,600210,1.4585169740702564,False,2137
2141,2026-09-22,002932,1.4550394409471163,False,2138
2142,2026-09-22,688316,1.4525371824910871,False,2139
2143,2026-09-22,000045,1.4524830758605187,False,2140
2144,2026-09-22,600889,1.4505980312257796,False,2141
2145,2026-09-22,600682,1.4480955823842558,False,2142
2146,2026-09-22,600312,1.4463846051205018,False,2143
2147,2026-09-22,603163,1.4453301495355246,False,2144
2148,2026-09-22,688370,1.444704502134925,False,2145
2149,2026-09-22,603713,1.4440822460427793,False,2146
2150,2026-09-22,000807,1.4423782287921136,False,2147
2151,2026-09-22,300026,1.4408277717221993,False,2148
2152,2026-09-22,300144,1.436697153974793,False,2149
2153,2026-09-22,300177,1.4340093625662345,False,2150
2154,2026-09-22,300510,1.4339220290891268,False,2151
2155,2026-09-22,600993,1.4339029666328909,False,2152
2156,2026-09-22,600970,1.4238432550340301,False,2153
2157,2026-09-22,002870,1.4237242774578549,False,2154
2158,2026-09-22,600718,1.4215814289481097,False,2155
2159,2026-09-22,603883,1.4158764900894574,False,2156
2160,2026-09-22,603103,1.4155882220271443,False,2157
2161,2026-09-22,600557,1.4120224171146591,False,2158
2162,2026-09-22,300885,1.4102777502964825,False,2159
2163,2026-09-22,605365,1.4100859811168589,False,2160
2164,2026-09-22,603239,1.4096534928929758,False,2161
2165,2026-09-22,300900,1.408952651023466,False,2162
2166,2026-09-22,600681,1.4065179724702088,False,2163
2167,2026-09-22,002783,1.4049953159990936,False,2164
2168,2026-09-22,002363,1.3995684898641425,False,2165
2169,2026-09-22,300733,1.3950138838209432,False,2166
2170,2026-09-22,300341,1.394430632876656,False,2167
2171,2026-09-22,600865,1.391104208285191,False,2168
2172,2026-09-22,002676,1.3875212263467172,False,2169
2173,2026-09-22,600863,1.385613185216519,False,2170
2174,2026-09-22,300250,1.3841875627751636,False,2171
2175,2026-09-22,000701,1.3809331454659555,False,2172
2176,2026-09-22,002104,1.3734697345596409,False,2173
2177,2026-09-22,002214,1.369188106933668,False,2174
2178,2026-09-22,688553,1.3671765472779271,False,2175
2179,2026-09-22,000039,1.3636618616759608,False,2176
2180,2026-09-22,603605,1.3623266588420631,False,2177
2181,2026-09-22,603137,1.3606729955481742,False,2178
2182,2026-09-22,300118,1.3588085107937562,False,2179
2183,2026-09-22,600528,1.3574779608281498,False,2180
2184,2026-09-22,300955,1.3563198197673467,False,2181
2185,2026-09-22,600053,1.3536143761807913,False,2182
2186,2026-09-22,688334,1.3536104278957475,False,2183
2187,2026-09-22,002427,1.3498923500506175,False,2184
2188,2026-09-22,605377,1.3488797120189424,False,2185
2189,2026-09-22,000553,1.3466783650310856,False,2186
2190,2026-09-22,601156,1.3461905450203453,False,2187
2191,2026-09-22,301320,1.3436408464602643,False,2188
2192,2026-09-22,300421,1.3428460578576125,False,2189
2193,2026-09-22,688160,1.3420122481633987,False,2190
2194,2026-09-22,002532,1.3417001065734802,False,2191
2195,2026-09-22,600875,1.3406150018231189,False,2192
2196,2026-09-22,603817,1.3390152424618735,False,2193
2197,2026-09-22,601799,1.3375849180790857,False,2194
2198,2026-09-22,603877,1.3356376685664264,False,2195
2199,2026-09-22,600029,1.3353629131013336,False,2196
2200,2026-09-22,002110,1.3339645084802223,False,2197
2201,2026-09-22,002342,1.3300634498693991,False,2198
2202,2026-09-22,601866,1.3281880223666809,False,2199
2203,2026-09-22,002067,1.3280920906217526,False,2200
2204,2026-09-22,002444,1.327145482390232,False,2201
2205,2026-09-22,600848,1.3224141447309399,False,2202
2206,2026-09-22,603136,1.3223751241295294,False,2203
2207,2026-09-22,300152,1.3213390941549013,False,2204
2208,2026-09-22,301175,1.3192744943918169,False,2205
2209,2026-09-22,002175,1.317511112238237,False,2206
2210,2026-09-22,600211,1.3170493784465243,False,2207
2211,2026-09-22,001390,1.3145547038757273,False,2208
2212,2026-09-22,688578,1.3121588535204964,False,2209
2213,2026-09-22,688060,1.3116501610042359,False,2210
2214,2026-09-22,688151,1.3083379458721587,False,2211
2215,2026-09-22,000551,1.3083329996927917,False,2212
2216,2026-09-22,002084,1.3066513452390507,False,2213
2217,2026-09-22,300286,1.3065493761960878,False,2214
2218,2026-09-22,300466,1.3065452082429796,False,2215
2219,2026-09-22,002052,1.304860113536648,False,2216
2220,2026-09-22,002892,1.30424163361108,False,2217
2221,2026-09-22,300983,1.300337653838505,False,2218
2222,2026-09-22,600600,1.2993669345003998,False,2219
2223,2026-09-22,001283,1.2982197993173599,False,2220
2224,2026-09-22,301618,1.298143670261857,False,2221
2225,2026-09-22,300388,1.2958874716705355,False,2222
2226,2026-09-22,603489,1.2936908131834863,False,2223
2227,2026-09-22,002664,1.2928820405332582,False,2224
2228,2026-09-22,688533,1.2906025569937807,False,2225
2229,2026-09-22,688586,1.2902722460799374,False,2226
2230,2026-09-22,002448,1.288995334514945,False,2227
2231,2026-09-22,601021,1.2883811627260249,False,2228
2232,2026-09-22,301005,1.2874304387457236,False,2229
2233,2026-09-22,002361,1.2802363505520771,False,2230
2234,2026-09-22,688570,1.2792358077806005,False,2231
2235,2026-09-22,601718,1.2770438951254657,False,2232
2236,2026-09-22,002605,1.2741039902863809,False,2233
2237,2026-09-22,600057,1.2719694190890154,False,2234
2238,2026-09-22,600096,1.271762120133141,False,2235
2239,2026-09-22,603416,1.2713440714861994,False,2236
2240,2026-09-22,600309,1.2703367809607382,False,2237
2241,2026-09-22,000818,1.2698608060086358,False,2238
2242,2026-09-22,000025,1.2676241846551273,False,2239
2243,2026-09-22,300579,1.2666248204801704,False,2240
2244,2026-09-22,300412,1.2649777880525979,False,2241
2245,2026-09-22,600288,1.2632663132712336,False,2242
2246,2026-09-22,000026,1.2615640900003919,False,2243
2247,2026-09-22,300242,1.2609426847649483,False,2244
2248,2026-09-22,002968,1.2607846871249655,False,2245
2249,2026-09-22,002681,1.2583680389680327,False,2246
2250,2026-09-22,603927,1.2558659936198449,False,2247
2251,2026-09-22,600191,1.2552327105664234,False,2248
2252,2026-09-22,600539,1.2549745526707841,False,2249
2253,2026-09-22,688237,1.25343408875854,False,2250
2254,2026-09-22,000665,1.250661470647076,False,2251
2255,2026-09-22,000090,1.2461244309401529,False,2252
2256,2026-09-22,688229,1.2414003610868667,False,2253
2257,2026-09-22,600343,1.2389543094382987,False,2254
2258,2026-09-22,300159,1.2375952836669444,False,2255
2259,2026-09-22,301153,1.2366962122999676,False,2256
2260,2026-09-22,600109,1.2365308033659024,False,2257
2261,2026-09-22,600137,1.2359617661838782,False,2258
2262,2026-09-22,300523,1.2248449224339286,False,2259
2263,2026-09-22,601222,1.2242332865059931,False,2260
2264,2026-09-22,300265,1.2240872257931494,False,2261
2265,2026-09-22,600523,1.2232263902730778,False,2262
2266,2026-09-22,688081,1.2201858579643847,False,2263
2267,2026-09-22,002239,1.2192594585977323,False,2264
2268,2026-09-22,300241,1.2178573470078988,False,2265
2269,2026-09-22,688619,1.2176243601818681,False,2266
2270,2026-09-22,688272,1.2159726158889579,False,2267
2271,2026-09-22,002331,1.2118162096012455,False,2268
2272,2026-09-22,603307,1.2115718727161946,False,2269
2273,2026-09-22,300542,1.2110113621109431,False,2270
2274,2026-09-22,688552,1.2107912868344808,False,2271
2275,2026-09-22,603863,1.2100423110318168,False,2272
2276,2026-09-22,600827,1.2076244574531056,False,2273
2277,2026-09-22,300342,1.1994272065993938,False,2274
2278,2026-09-22,300721,1.1965530405421685,False,2275
2279,2026-09-22,600736,1.1959612507491202,False,2276
2280,2026-09-22,300770,1.1955309973636221,False,2277
2281,2026-09-22,600967,1.1945204188126315,False,2278
2282,2026-09-22,002759,1.1937281114078737,False,2279
2283,2026-09-22,603520,1.1922296878800727,False,2280
2284,2026-09-22,300162,1.1901603447638773,False,2281
2285,2026-09-22,000797,1.189083757641161,False,2282
2286,2026-09-22,000415,1.1886769257885088,False,2283
2287,2026-09-22,603269,1.1874795875817812,False,2284
2288,2026-09-22,688592,1.1853476084163295,False,2285
2289,2026-09-22,600141,1.1835311574129852,False,2286
2290,2026-09-22,600089,1.1831001980978586,False,2287
2291,2026-09-22,300581,1.1820060627434872,False,2288
2292,2026-09-22,600016,1.1781364081690702,False,2289
2293,2026-09-22,300628,1.1773444324200257,False,2290
2294,2026-09-22,600477,1.1751620514750751,False,2291
2295,2026-09-22,301028,1.1743846218185754,False,2292
2296,2026-09-22,600688,1.1692136545576166,False,2293
2297,2026-09-22,603107,1.1688359829817108,False,2294
2298,2026-09-22,003038,1.1668024293162755,False,2295
2299,2026-09-22,301606,1.1664823469440102,False,2296
2300,2026-09-22,300140,1.1619399385963733,False,2297
2301,2026-09-22,300099,1.1598444008368864,False,2298
2302,2026-09-22,605123,1.1583462496731338,False,2299
2303,2026-09-22,000637,1.1583256893901366,False,2300
2304,2026-09-22,301148,1.1559674421373789,False,2301
2305,2026-09-22,301135,1.1542013244616598,False,2302
2306,2026-09-22,300340,1.146671587084557,False,2303
2307,2026-09-22,688607,1.1464914543993758,False,2304
2308,2026-09-22,600238,1.1439396037339673,False,2305
2309,2026-09-22,301299,1.1429242970940519,False,2306
2310,2026-09-22,688038,1.1389220297596525,False,2307
2311,2026-09-22,301632,1.1382438279824365,False,2308
2312,2026-09-22,688597,1.1377659985159085,False,2309
2313,2026-09-22,688726,1.1374281320994994,False,2310
2314,2026-09-22,600568,1.135200897358982,False,2311
2315,2026-09-22,002173,1.1347859545478027,False,2312
2316,2026-09-22,002984,1.1308900765211494,False,2313
2317,2026-09-22,688665,1.125782117057667,False,2314
2318,2026-09-22,601689,1.1255525364952523,False,2315
2319,2026-09-22,300195,1.1250691884279358,False,2316
2320,2026-09-22,301336,1.1244651035432436,False,2317
2321,2026-09-22,000710,1.1233795491340417,False,2318
2322,2026-09-22,000557,1.1197059306949608,False,2319
2323,2026-09-22,002624,1.1194272304312474,False,2320
2324,2026-09-22,601933,1.1165909217516434,False,2321
2325,2026-09-22,603683,1.1165205710335067,False,2322
2326,2026-09-22,603077,1.1164296553916753,False,2323
2327,2026-09-22,688053,1.1154199848611475,False,2324
2328,2026-09-22,688100,1.1076005506048534,False,2325
2329,2026-09-22,601886,1.1067432391314911,False,2326
2330,2026-09-22,688212,1.1057448910162,False,2327
2331,2026-09-22,600150,1.1040192666670106,False,2328
2332,2026-09-22,600653,1.1015566290128791,False,2329
2333,2026-09-22,002707,1.1015102501391159,False,2330
2334,2026-09-22,300353,1.0996940226087286,False,2331
2335,2026-09-22,002117,1.0989709110105581,False,2332
2336,2026-09-22,688526,1.0988935954515058,False,2333
2337,2026-09-22,688045,1.0972860059188738,False,2334
2338,2026-09-22,002045,1.0972604053213075,False,2335
2339,2026-09-22,300550,1.0934015158806394,False,2336
2340,2026-09-22,301345,1.087472868123792,False,2337
2341,2026-09-22,002494,1.0869410598520437,False,2338
2342,2026-09-22,301191,1.0862723012418543,False,2339
2343,2026-09-22,601188,1.0799530048606023,False,2340
2344,2026-09-22,603679,1.0733802455997805,False,2341
2345,2026-09-22,000899,1.072633031417692,False,2342
2346,2026-09-22,301505,1.0671313746708213,False,2343
2347,2026-09-22,002083,1.0634359569857696,False,2344
2348,2026-09-22,688051,1.0632657452937055,False,2345
2349,2026-09-22,688184,1.0627367227943432,False,2346
2350,2026-09-22,002706,1.0605020423075135,False,2347
2351,2026-09-22,000782,1.0604938894191758,False,2348
2352,2026-09-22,300834,1.0569379856887964,False,2349
2353,2026-09-22,301203,1.0545454634861864,False,2350
2354,2026-09-22,300908,1.0541418920084134,False,2351
2355,2026-09-22,002511,1.0503812060336291,False,2352
2356,2026-09-22,603190,1.0503547379720406,False,2353
2357,2026-09-22,300053,1.0479057587073828,False,2354
2358,2026-09-22,600409,1.0465769382533077,False,2355
2359,2026-09-22,002256,1.0453790050357632,False,2356
2360,2026-09-22,002310,1.0439453058149955,False,2357
2361,2026-09-22,000913,1.042709812423082,False,2358
2362,2026-09-22,301491,1.0418962493052975,False,2359
2363,2026-09-22,300682,1.0377099446658005,False,2360
2364,2026-09-22,603885,1.037500365014403,False,2361
2365,2026-09-22,301267,1.0361841452135718,False,2362
2366,2026-09-22,603276,1.0348484904080641,False,2363
2367,2026-09-22,603167,1.0340379675664435,False,2364
2368,2026-09-22,688418,1.0322673781331753,False,2365
2369,2026-09-22,603813,1.0315889878784248,False,2366
2370,2026-09-22,600959,1.0304212565523239,False,2367
2371,2026-09-22,301246,1.0268933630175279,False,2368
2372,2026-09-22,300629,1.0243621844607733,False,2369
2373,2026-09-22,603090,1.0240307562652977,False,2370
2374,2026-09-22,600807,1.0240262354689673,False,2371
2375,2026-09-22,301303,1.0237565587579454,False,2372
2376,2026-09-22,001335,1.0206041199385179,False,2373
2377,2026-09-22,301584,1.0193712027526225,False,2374
2378,2026-09-22,600099,1.0192486568608672,False,2375
2379,2026-09-22,688455,1.016537241878996,False,2376
2380,2026-09-22,600546,1.0132457691353072,False,2377
2381,2026-09-22,002351,1.0113160399743293,False,2378
2382,2026-09-22,603312,1.0089155931677738,False,2379
2383,2026-09-22,002761,1.0086221143543725,False,2380
2384,2026-09-22,300599,1.0053067691244124,False,2381
2385,2026-09-22,300232,1.0048412645252403,False,2382
2386,2026-09-22,603072,1.0036746318698557,False,2383
2387,2026-09-22,600227,1.0010293343349592,False,2384
2388,2026-09-22,600654,1.0001550901427678,False,2385
2389,2026-09-22,301395,0.99743980340354632,False,2386
2390,2026-09-22,300858,0.99726467121576845,False,2387
2391,2026-09-22,601089,0.99339582078171063,False,2388
2392,2026-09-22,000020,0.99042558042574247,False,2389
2393,2026-09-22,600221,0.98445680569519456,False,2390
2394,2026-09-22,600081,0.98391686332406914,False,2391
2395,2026-09-22,688096,0.98165584594045097,False,2392
2396,2026-09-22,300696,0.98079523277947855,False,2393
2397,2026-09-22,600661,0.98015675801440239,False,2394
2398,2026-09-22,002805,0.9787850877106441,False,2395
2399,2026-09-22,002850,0.97529356015471225,False,2396
2400,2026-09-22,000571,0.97320042882712998,False,2397
2401,2026-09-22,603662,0.97272077121919598,False,2398
2402,2026-09-22,000403,0.9715885754225202,False,2399
2403,2026-09-22,000837,0.9705016421009165,False,2400
2404,2026-09-22,600399,0.96845755236157727,False,2401
2405,2026-09-22,600638,0.96795528880934012,False,2402
2406,2026-09-22,688273,0.96782503953771126,False,2403
2407,2026-09-22,603822,0.9664063419902662,False,2404
2408,2026-09-22,688010,0.96565299718285869,False,2405
2409,2026-09-22,300267,0.96506998917073616,False,2406
2410,2026-09-22,000882,0.96429751461480084,False,2407
2411,2026-09-22,603381,0.96298907773828457,False,2408
2412,2026-09-22,000830,0.96205067554896728,False,2409
2413,2026-09-22,688426,0.96098506739745071,False,2410
2414,2026-09-22,603324,0.96071717011169966,False,2411
2415,2026-09-22,603305,0.9577849020660647,False,2412
2416,2026-09-22,002010,0.95776742842934004,False,2413
2417,2026-09-22,688659,0.95667105379869577,False,2414
2418,2026-09-22,600348,0.95605877438745357,False,2415
2419,2026-09-22,600481,0.95372889451222986,False,2416
2420,2026-09-22,600115,0.94920348604690896,False,2417
2421,2026-09-22,603969,0.94484201156299052,False,2418
2422,2026-09-22,002933,0.94482022421733758,False,2419
2423,2026-09-22,000905,0.94002436230831976,False,2420
2424,2026-09-22,603505,0.93993521311141859,False,2421
2425,2026-09-22,600867,0.93924969904997058,False,2422
2426,2026-09-22,002486,0.93750357037459509,False,2423
2427,2026-09-22,300345,0.93735345292463079,False,2424
2428,2026-09-22,600009,0.93716884292147484,False,2425
2429,2026-09-22,603009,0.93648018508522668,False,2426
2430,2026-09-22,688070,0.93575321947854306,False,2427
2431,2026-09-22,301286,0.9355290306020102,False,2428
2432,2026-09-22,300213,0.93534204058369541,False,2429
2433,2026-09-22,002352,0.9339596425568224,False,2430
2434,2026-09-22,601166,0.93285652262720453,False,2431
2435,2026-09-22,688148,0.93165232822466892,False,2432
2436,2026-09-22,301226,0.93164540917319583,False,2433
2437,2026-09-22,002810,0.92920432951718224,False,2434
2438,2026-09-22,601336,0.92737745767866619,False,2435
2439,2026-09-22,002701,0.92692284610591025,False,2436
2440,2026-09-22,603602,0.92684091048159489,False,2437
2441,2026-09-22,600979,0.92603373140811851,False,2438
2442,2026-09-22,002216,0.91825650379327972,False,2439
2443,2026-09-22,002293,0.91599412811412106,False,2440
2444,2026-09-22,002606,0.91469739422038154,False,2441
2445,2026-09-22,605011,0.91363760694886398,False,2442
2446,2026-09-22,688219,0.9115621283922466,False,2443
2447,2026-09-22,600710,0.90341070480575691,False,2444
2448,2026-09-22,002168,0.90222585307548275,False,2445
2449,2026-09-22,600055,0.90014845259065202,False,2446
2450,2026-09-22,688351,0.89705625185010063,False,2447
2451,2026-09-22,000898,0.89568720147585479,False,2448
2452,2026-09-22,688522,0.8933069531274207,False,2449
2453,2026-09-22,603363,0.88913733320866717,False,2450
2454,2026-09-22,300389,0.88727038423513527,False,2451
2455,2026-09-22,301258,0.88597728115240071,False,2452
2456,2026-09-22,002812,0.88284543372300095,False,2453
2457,2026-09-22,002099,0.88025683969838275,False,2454
2458,2026-09-22,300439,0.87512531214040168,False,2455
2459,2026-09-22,300187,0.87225288640862741,False,2456
2460,2026-09-22,600493,0.87152673008620596,False,2457
2461,2026-09-22,601111,0.87055599909184078,False,2458
2462,2026-09-22,603183,0.86989859949947212,False,2459
2463,2026-09-22,300206,0.86832406210652691,False,2460
2464,2026-09-22,600784,0.86762186443824874,False,2461
2465,2026-09-22,300606,0.86593975225542175,False,2462
2466,2026-09-22,603669,0.86472841328342209,False,2463
2467,2026-09-22,688657,0.86458086017882474,False,2464
2468,2026-09-22,600657,0.86397272873533848,False,2465
2469,2026-09-22,603890,0.86364118896386666,False,2466
2470,2026-09-22,603516,0.86280390980539923,False,2467
2471,2026-09-22,002540,0.86061377637898406,False,2468
2472,2026-09-22,603690,0.86022802632679585,False,2469
2473,2026-09-22,300176,0.859114708644932,False,2470
2474,2026-09-22,600582,0.85864559997214074,False,2471
2475,2026-09-22,688031,0.85678290277567548,False,2472
2476,2026-09-22,600278,0.8557264519657366,False,2473
2477,2026-09-22,601390,0.85528700364840704,False,2474
2478,2026-09-22,300923,0.85460528283550952,False,2475
2479,2026-09-22,300135,0.85441378362007425,False,2476
2480,2026-09-22,601588,0.85312167399142691,False,2477
2481,2026-09-22,002349,0.85007988937642887,False,2478
2482,2026-09-22,002100,0.84926715214877069,False,2479
2483,2026-09-22,300120,0.84863421549399609,False,2480
2484,2026-09-22,002060,0.84532521798751459,False,2481
2485,2026-09-22,300455,0.84457564821810927,False,2482
2486,2026-09-22,300434,0.84173468959057085,False,2483
2487,2026-09-22,301558,0.84129941634827787,False,2484
2488,2026-09-22,605580,0.83415913470015535,False,2485
2489,2026-09-22,688585,0.83265077067344895,False,2486
2490,2026-09-22,301060,0.83208210754515277,False,2487
2491,2026-09-22,601699,0.831184792271633,False,2488
2492,2026-09-22,000065,0.82997852201267952,False,2489
2493,2026-09-22,603155,0.82791942494468884,False,2490
2494,2026-09-22,300005,0.82236640847595499,False,2491
2495,2026-09-22,002452,0.82168860619342521,False,2492
2496,2026-09-22,600056,0.8169875011514709,False,2493
2497,2026-09-22,603500,0.81615183839748229,False,2494
2498,2026-09-22,300517,0.8135328931507384,False,2495
2499,2026-09-22,001205,0.81252562591310618,False,2496
2500,2026-09-22,605333,0.8122359961605814,False,2497
2501,2026-09-22,603085,0.81157336274955538,False,2498
2502,2026-09-22,600645,0.80795766240429345,False,2499
2503,2026-09-22,300595,0.80741720895196423,False,2500
2504,2026-09-22,002101,0.80579559519597632,False,2501
2505,2026-09-22,601677,0.80563934370516721,False,2502
2506,2026-09-22,002125,0.79939883846791926,False,2503
2507,2026-09-22,601618,0.79939247427865334,False,2504
2508,2026-09-22,300718,0.79912237188578272,False,2505
2509,2026-09-22,600037,0.7986511248160415,False,2506
2510,2026-09-22,600649,0.7961607467172791,False,2507
2511,2026-09-22,603922,0.79589400080457162,False,2508
2512,2026-09-22,000668,0.79516754261523204,False,2509
2513,2026-09-22,002253,0.78686675011725793,False,2510
2514,2026-09-22,600966,0.78272379083443644,False,2511
2515,2026-09-22,002598,0.78125679176594964,False,2512
2516,2026-09-22,600265,0.77496270076299756,False,2513
2517,2026-09-22,000833,0.77372254757445769,False,2514
2518,2026-09-22,603185,0.77343472633079369,False,2515
2519,2026-09-22,000617,0.77266198416498844,False,2516
2520,2026-09-22,301577,0.77256845690780529,False,2517
2521,2026-09-22,603707,0.77088002619375517,False,2518
2522,2026-09-22,603829,0.77059702368476124,False,2519
2523,2026-09-22,600104,0.76865854325205452,False,2520
2524,2026-09-22,000630,0.768329579245286,False,2521
2525,2026-09-22,688092,0.76719221728657327,False,2522
2526,2026-09-22,000422,0.76441243617124899,False,2523
2527,2026-09-22,601088,0.76208317808758408,False,2524
2528,2026-09-22,688656,0.76045435380575266,False,2525
2529,2026-09-22,300979,0.75987086766873624,False,2526
2530,2026-09-22,301487,0.75207452208744485,False,2527
2531,2026-09-22,603992,0.74818987268129145,False,2528
2532,2026-09-22,300481,0.74808434648894928,False,2529
2533,2026-09-22,688609,0.74532609571378938,False,2530
2534,2026-09-22,601808,0.74033009850297438,False,2531
2535,2026-09-22,300556,0.73972991258666143,False,2532
2536,2026-09-22,603000,0.73965241965227801,False,2533
2537,2026-09-22,301169,0.7390567268912881,False,2534
2538,2026-09-22,688695,0.73865762398111645,False,2535
2539,2026-09-22,601999,0.73860188048939512,False,2536
2540,2026-09-22,603458,0.7376832398515738,False,2537
2541,2026-09-22,000100,0.7368557763546828,False,2538
2542,2026-09-22,688173,0.73265376542925609,False,2539
2543,2026-09-22,601068,0.7300801464231057,False,2540
2544,2026-09-22,301381,0.72971315913395096,False,2541
2545,2026-09-22,600129,0.72835588265006224,False,2542
2546,2026-09-22,605208,0.7279244566192451,False,2543
2547,2026-09-22,600749,0.7263725082384469,False,2544
2548,2026-09-22,688317,0.72367753280430103,False,2545
2549,2026-09-22,601006,0.72365855191951201,False,2546
2550,2026-09-22,300614,0.7228807439539926,False,2547
2551,2026-09-22,688568,0.72219741257093695,False,2548
2552,2026-09-22,300674,0.72155247246578602,False,2549
2553,2026-09-22,000612,0.72005092240849899,False,2550
2554,2026-09-22,300547,0.70969577189653621,False,2551
2555,2026-09-22,603192,0.70625942543701958,False,2552
2556,2026-09-22,600820,0.70008215533702955,False,2553
2557,2026-09-22,002088,0.69889089036264429,False,2554
2558,2026-09-22,603496,0.69868343214508455,False,2555
2559,2026-09-22,000815,0.69718245145699398,False,2556
2560,2026-09-22,002202,0.69198183945822578,False,2557
2561,2026-09-22,301667,0.68370469719294857,False,2558
2562,2026-09-22,000967,0.68111290240972655,False,2559
2563,2026-09-22,603322,0.68067808180964628,False,2560
2564,2026-09-22,002841,0.67816263434715884,False,2561
2565,2026-09-22,002456,0.6773870702975785,False,2562
2566,2026-09-22,601633,0.67604984943023416,False,2563
2567,2026-09-22,301096,0.67161394082382797,False,2564
2568,2026-09-22,300351,0.66930438376862189,False,2565
2569,2026-09-22,688084,0.668999681879759,False,2566
2570,2026-09-22,601696,0.6678329487864586,False,2567
2571,2026-09-22,002266,0.66676384968634683,False,2568
2572,2026-09-22,600602,0.66386605246828312,False,2569
2573,2026-09-22,603201,0.66141330641246032,False,2570
2574,2026-09-22,002066,0.65944241959821048,False,2571
2575,2026-09-22,300294,0.65679928179117852,False,2572
2576,2026-09-22,600006,0.65531936431864724,False,2573
2577,2026-09-22,002296,0.64972350273410462,False,2574
2578,2026-09-22,603169,0.64779482958335999,False,2575
2579,2026-09-22,000863,0.64414945730633577,False,2576
2580,2026-09-22,688295,0.64288437402126219,False,2577
2581,2026-09-22,000736,0.64089931293982083,False,2578
2582,2026-09-22,301228,0.6333410775066608,False,2579
2583,2026-09-22,300746,0.63274865848381268,False,2580
2584,2026-09-22,603173,0.63026800641458802,False,2581
2585,2026-09-22,001296,0.62683209995029676,False,2582
2586,2026-09-22,002608,0.62464536424546369,False,2583
2587,2026-09-22,002703,0.62443112953926994,False,2584
2588,2026-09-22,000852,0.61934314925209266,False,2585
2589,2026-09-22,002789,0.6145321564133881,False,2586
2590,2026-09-22,688550,0.61439837018686561,False,2587
2591,2026-09-22,003021,0.61327568665131738,False,2588
2592,2026-09-22,300995,0.61255184862600998,False,2589
2593,2026-09-22,002095,0.61004773142883284,False,2590
2594,2026-09-22,605166,0.60738811139917992,False,2591
2595,2026-09-22,603717,0.60518400718799414,False,2592
2596,2026-09-22,300773,0.60428626335405933,False,2593
2597,2026-09-22,301617,0.60407834356511669,False,2594
2598,2026-09-22,300987,0.60354714849427804,False,2595
2599,2026-09-22,000900,0.60111603955017934,False,2596
2600,2026-09-22,002424,0.59926858809700168,False,2597
2601,2026-09-22,688132,0.59914893475907349,False,2598
2602,2026-09-22,300190,0.5983111333519826,False,2599
2603,2026-09-22,000796,0.59505035686702146,False,2600
2604,2026-09-22,002137,0.59307731554582166,False,2601
2605,2026-09-22,002795,0.59250011636366284,False,2602
2606,2026-09-22,300985,0.59045586069960454,False,2603
2607,2026-09-22,603194,0.58691225190723806,False,2604
2608,2026-09-22,002533,0.58113492032827807,False,2605
2609,2026-09-22,301293,0.57270072033405717,False,2606
2610,2026-09-22,603158,0.57123692410622917,False,2607
2611,2026-09-22,002530,0.56911552655136388,False,2608
2612,2026-09-22,002786,0.56522984709919144,False,2609
2613,2026-09-22,603977,0.56431351535712548,False,2610
2614,2026-09-22,603214,0.56295926471733004,False,2611
2615,2026-09-22,002277,0.56211758387717325,False,2612
2616,2026-09-22,603360,0.5598353062846857,False,2613
2617,2026-09-22,601515,0.55889973021964023,False,2614
2618,2026-09-22,301418,0.55813283734676489,False,2615
2619,2026-09-22,301051,0.55730587090811312,False,2616
2620,2026-09-22,301199,0.55541615748858719,False,2617
2621,2026-09-22,600271,0.55363183917422987,False,2618
2622,2026-09-22,603818,0.55288001223185468,False,2619
2623,2026-09-22,300027,0.55177669656628525,False,2620
2624,2026-09-22,600229,0.54837920139631091,False,2621
2625,2026-09-22,301063,0.54819009708321342,False,2622
2626,2026-09-22,002550,0.54634312874558311,False,2623
2627,2026-09-22,000876,0.54316922471944951,False,2624
2628,2026-09-22,300694,0.54152439557694709,False,2625
2629,2026-09-22,688581,0.53821086045639999,False,2626
2630,2026-09-22,001308,0.53719054565007562,False,2627
2631,2026-09-22,601113,0.53528516147842731,False,2628
2632,2026-09-22,300777,0.53385868619738752,False,2629
2633,2026-09-22,300529,0.53347471241536848,False,2630
2634,2026-09-22,002140,0.53336311412303949,False,2631
2635,2026-09-22,002271,0.53108244031608587,False,2632
2636,2026-09-22,600521,0.52916046729853661,False,2633
2637,2026-09-22,300125,0.52601764767629633,False,2634
2638,2026-09-22,600114,0.5258872981436874,False,2635
2639,2026-09-22,600293,0.52437082821673142,False,2636
2640,2026-09-22,300220,0.52336922159604216,False,2637
2641,2026-09-22,688716,0.522364463106609,False,2638
2642,2026-09-22,688236,0.52103368060284572,False,2639
2643,2026-09-22,301015,0.51758981922993152,False,2640
2644,2026-09-22,603272,0.51598200518048398,False,2641
2645,2026-09-22,600199,0.50981545781267568,False,2642
2646,2026-09-22,000881,0.50874900076756746,False,2643
2647,2026-09-22,600790,0.50185555816683358,False,2644
2648,2026-09-22,002587,0.49245173932346864,False,2645
2649,2026-09-22,603955,0.491151047115159,False,2646
2650,2026-09-22,002965,0.48911727629678992,False,2647
2651,2026-09-22,688308,0.48868368576117049,False,2648
2652,2026-09-22,301053,0.48849622948263616,False,2649
2653,2026-09-22,300482,0.48801357216709251,False,2650
2654,2026-09-22,002723,0.48193944755953133,False,2651
2655,2026-09-22,002633,0.48186809909927408,False,2652
2656,2026-09-22,601636,0.48158369439725202,False,2653
2657,2026-09-22,002274,0.47932104061892145,False,2654
2658,2026-09-22,300920,0.47349596964029983,False,2655
2659,2026-09-22,603270,0.46869916556643587,False,2656
2660,2026-09-22,301512,0.46764010467709616,False,2657
2661,2026-09-22,603786,0.46441031221291063,False,2658
2662,2026-09-22,600742,0.46405240685884874,False,2659
2663,2026-09-22,002962,0.46382525866179691,False,2660
2664,2026-09-22,600515,0.46091138781782481,False,2661
2665,2026-09-22,688246,0.45878422809284525,False,2662
2666,2026-09-22,000661,0.45762648725915911,False,2663
2667,2026-09-22,300989,0.45304317398060401,False,2664
2668,2026-09-22,001369,0.45235960446276119,False,2665
2669,2026-09-22,600690,0.44901919833706316,False,2666
2670,2026-09-22,600020,0.44799927168831877,False,2667
2671,2026-09-22,002270,0.4473405188488746,False,2668
2672,2026-09-22,300158,0.44488883261449286,False,2669
2673,2026-09-22,600258,0.44479560475943458,False,2670
2674,2026-09-22,300105,0.44335306267752561,False,2671
2675,2026-09-22,603288,0.44268137732580226,False,2672
2676,2026-09-22,002047,0.43960719787343305,False,2673
2677,2026-09-22,603680,0.43712364451022478,False,2674
2678,2026-09-22,605389,0.43668262778914269,False,2675
2679,2026-09-22,301622,0.43324673921180956,False,2676
2680,2026-09-22,000886,0.42537481161041701,False,2677
2681,2026-09-22,300507,0.42397262913040568,False,2678
2682,2026-09-22,002747,0.41975009133689123,False,2679
2683,2026-09-22,600712,0.41967516176091391,False,2680
2684,2026-09-22,301613,0.41803451177970252,False,2681
2685,2026-09-22,603171,0.41652561176496894,False,2682
2686,2026-09-22,600426,0.41514798391648022,False,2683
2687,2026-09-22,688489,0.41270612765548642,False,2684
2688,2026-09-22,600851,0.41192090876074161,False,2685
2689,2026-09-22,300048,0.40736676169367403,False,2686
2690,2026-09-22,301149,0.40689850976347031,False,2687
2691,2026-09-22,002972,0.40504072695364901,False,2688
2692,2026-09-22,300036,0.40269460248143585,False,2689
2693,2026-09-22,300063,0.40114298013053751,False,2690
2694,2026-09-22,000893,0.39638828699360118,False,2691
2695,2026-09-22,603839,0.39499272137240649,False,2692
2696,2026-09-22,300928,0.39480172156200677,False,2693
2697,2026-09-22,600720,0.39416109369630226,False,2694
2698,2026-09-22,002064,0.39313053404689413,False,2695
2699,2026-09-22,000922,0.39235531523417966,False,2696
2700,2026-09-22,301631,0.39217506216830444,False,2697
2701,2026-09-22,600663,0.38803341184280227,False,2698
2702,2026-09-22,600509,0.38573390371707927,False,2699
2703,2026-09-22,300986,0.38417140930555727,False,2700
2704,2026-09-22,600273,0.38204218868537576,False,2701
2705,2026-09-22,603638,0.38193828291553999,False,2702
2706,2026-09-22,600059,0.38117637092192957,False,2703
2707,2026-09-22,300181,0.38070132701927117,False,2704
2708,2026-09-22,600031,0.37838123536359669,False,2705
2709,2026-09-22,688707,0.3776410128410107,False,2706
2710,2026-09-22,300057,0.37290507743117657,False,2707
2711,2026-09-22,002638,0.37024717664037765,False,2708
2712,2026-09-22,688128,0.36861556050062694,False,2709
2713,2026-09-22,600642,0.36858432906375205,False,2710
2714,2026-09-22,000620,0.36783329440218471,False,2711
2715,2026-09-22,301127,0.35918887458182436,False,2712
2716,2026-09-22,002818,0.35529865118628168,False,2713
2717,2026-09-22,000901,0.35320986251707437,False,2714
2718,2026-09-22,600845,0.34697291825590704,False,2715
2719,2026-09-22,002675,0.34625015104838142,False,2716
2720,2026-09-22,000539,0.34388669959903639,False,2717
2721,2026-09-22,000860,0.34359345770840521,False,2718
2722,2026-09-22,603389,0.34302324031211406,False,2719
2723,2026-09-22,000792,0.34003642739524115,False,2720
2724,2026-09-22,600518,0.33943012410810747,False,2721
2725,2026-09-22,002896,0.3384851537415936,False,2722
2726,2026-09-22,603268,0.33781225763334222,False,2723
2727,2026-09-22,300393,0.3375107131122938,False,2724
2728,2026-09-22,001380,0.33413700873245911,False,2725
2729,2026-09-22,301525,0.32950546810691239,False,2726
2730,2026-09-22,301069,0.32692720340612241,False,2727
2731,2026-09-22,600499,0.32515329168864615,False,2728
2732,2026-09-22,600084,0.32402765123109512,False,2729
2733,2026-09-22,600198,0.31708917682668025,False,2730
2734,2026-09-22,300148,0.3159818420362725,False,2731
2735,2026-09-22,002899,0.31382053683607358,False,2732
2736,2026-09-22,601126,0.30904388600835175,False,2733
2737,2026-09-22,301391,0.30805397876101592,False,2734
2738,2026-09-22,601137,0.30672898821925554,False,2735
2739,2026-09-22,300957,0.30538195264450585,False,2736
2740,2026-09-22,605099,0.30403296058118812,False,2737
2741,2026-09-22,000541,0.30401779543706065,False,2738
2742,2026-09-22,600567,0.30336252331954761,False,2739
2743,2026-09-22,600530,0.30254197405031635,False,2740
2744,2026-09-22,300816,0.3024508510017514,False,2741
2745,2026-09-22,600996,0.3013893107512991,False,2742
2746,2026-09-22,000859,0.3011894835682507,False,2743
2747,2026-09-22,600901,0.30057442108141208,False,2744
2748,2026-09-22,600157,0.29993814990651546,False,2745
2749,2026-09-22,002858,0.29696577473696983,False,2746
2750,2026-09-22,600517,0.29028253363072376,False,2747
2751,2026-09-22,600666,0.29015781824248177,False,2748
2752,2026-09-22,002634,0.28935368357685975,False,2749
2753,2026-09-22,603800,0.28068940176622714,False,2750
2754,2026-09-22,000410,0.27629635211039028,False,2751
2755,2026-09-22,600279,0.27613654866787418,False,2752
2756,2026-09-22,600235,0.27181430033658849,False,2753
2757,2026-09-22,000883,0.27156962450935351,False,2754
2758,2026-09-22,301510,0.26846239111770959,False,2755
2759,2026-09-22,601058,0.26839545783116159,False,2756
2760,2026-09-22,002405,0.26531145062017608,False,2757
2761,2026-09-22,688363,0.26406258918597714,False,2758
2762,2026-09-22,688391,0.26298124000508372,False,2759
2763,2026-09-22,300641,0.26276325809725343,False,2760
2764,2026-09-22,300051,0.2612738166755566,False,2761
2765,2026-09-22,301161,0.25716087155252332,False,2762
2766,2026-09-22,688310,0.25485974856367122,False,2763
2767,2026-09-22,000635,0.24684004874363108,False,2764
2768,2026-09-22,605090,0.24607883201742931,False,2765
2769,2026-09-22,600973,0.24425110817657003,False,2766
2770,2026-09-22,600390,0.24413138425466108,False,2767
2771,2026-09-22,002387,0.24314128907182098,False,2768
2772,2026-09-22,688119,0.24230263322691714,False,2769
2773,2026-09-22,301067,0.23778041242479686,False,2770
2774,2026-09-22,300693,0.23711823639219809,False,2771
2775,2026-09-22,603703,0.23663054324587751,False,2772
2776,2026-09-22,300601,0.23473114035741582,False,2773
2777,2026-09-22,002373,0.23284215158691079,False,2774
2778,2026-09-22,300740,0.23133773865966697,False,2775
2779,2026-09-22,688506,0.22907788983504207,False,2776
2780,2026-09-22,000155,0.22587988700312756,False,2777
2781,2026-09-22,301011,0.22381710746805639,False,2778
2782,2026-09-22,688314,0.21987292441404516,False,2779
2783,2026-09-22,601901,0.21856942000459056,False,2780
2784,2026-09-22,300033,0.2183124274088748,False,2781
2785,2026-09-22,603219,0.21801184206241409,False,2782
2786,2026-09-22,002415,0.21726863026339024,False,2783
2787,2026-09-22,300009,0.21495677145770298,False,2784
2788,2026-09-22,002403,0.21298628135511655,False,2785
2789,2026-09-22,002318,0.21116263808337954,False,2786
2790,2026-09-22,000917,0.20834262131131753,False,2787
2791,2026-09-22,301102,0.20798158200971795,False,2788
2792,2026-09-22,002549,0.20705919490203306,False,2789
2793,2026-09-22,603808,0.20303396092857362,False,2790
2794,2026-09-22,603296,0.19890326821383564,False,2791
2795,2026-09-22,603882,0.19848310086015886,False,2792
2796,2026-09-22,300750,0.19570510439750732,False,2793
2797,2026-09-22,301607,0.19523814942184836,False,2794
2798,2026-09-22,002929,0.19386428494155594,False,2795
2799,2026-09-22,002657,0.19083152342205922,False,2796
2800,2026-09-22,688007,0.19078960500867809,False,2797
2801,2026-09-22,300658,0.18850559677291834,False,2798
2802,2026-09-22,601818,0.18443470571731657,False,2799
2803,2026-09-22,000966,0.17988651686852375,False,2800
2804,2026-09-22,300256,0.17874757478557479,False,2801
2805,2026-09-22,688139,0.17826567769337512,False,2802
2806,2026-09-22,688181,0.17490820734260248,False,2803
2807,2026-09-22,002572,0.17339697613149085,False,2804
2808,2026-09-22,300663,0.16610842033688933,False,2805
2809,2026-09-22,000531,0.16601091930725853,False,2806
2810,2026-09-22,603661,0.16541938299131465,False,2807
2811,2026-09-22,603611,0.16085785074895842,False,2808
2812,2026-09-22,001300,0.15783563042662951,False,2809
2813,2026-09-22,688556,0.15497945166840599,False,2810
2814,2026-09-22,002526,0.15146526307612751,False,2811
2815,2026-09-22,300823,0.14995858330039002,False,2812
2816,2026-09-22,605228,0.14933031914915418,False,2813
2817,2026-09-22,600984,0.14854658025787315,False,2814
2818,2026-09-22,301227,0.14620245755083983,False,2815
2819,2026-09-22,600256,0.14205403220255319,False,2816
2820,2026-09-22,300768,0.14033850410701998,False,2817
2821,2026-09-22,600381,0.14015819774287619,False,2818
2822,2026-09-22,002079,0.13912833144883785,False,2819
2823,2026-09-22,301359,0.1381004405988917,False,2820
2824,2026-09-22,601789,0.1366101702292033,False,2821
2825,2026-09-22,300660,0.13483329385265308,False,2822
2826,2026-09-22,603299,0.13468638497205498,False,2823
2827,2026-09-22,300247,0.13304397342020202,False,2824
2828,2026-09-22,002006,0.12987483203540817,False,2825
2829,2026-09-22,300284,0.12649925848657273,False,2826
2830,2026-09-22,600708,0.12437254744165288,False,2827
2831,2026-09-22,600733,0.12307043306447951,False,2828
2832,2026-09-22,000555,0.11938031307883777,False,2829
2833,2026-09-22,600757,0.1190047674500696,False,2830
2834,2026-09-22,301707,0.11771356730821114,False,2831
2835,2026-09-22,300516,0.11669272973985145,False,2832
2836,2026-09-22,300091,0.11581995065371853,False,2833
2837,2026-09-22,688232,0.1122666656688498,False,2834
2838,2026-09-22,605305,0.11090424032806809,False,2835
2839,2026-09-22,002294,0.10917022918276575,False,2836
2840,2026-09-22,600755,0.10907097851854664,False,2837
2841,2026-09-22,688722,0.10889988000394268,False,2838
2842,2026-09-22,002992,0.10802496919218707,False,2839
2843,2026-09-22,688372,0.10532794738578621,False,2840
2844,2026-09-22,600885,0.1052147461141214,False,2841
2845,2026-09-22,688006,0.096198157269655971,False,2842
2846,2026-09-22,002521,0.095935506173723706,False,2843
2847,2026-09-22,603010,0.08680824704308554,False,2844
2848,2026-09-22,300365,0.086077742196781104,False,2845
2849,2026-09-22,603776,0.084987001418120212,False,2846
2850,2026-09-22,605507,0.08441340972908562,False,2847
2851,2026-09-22,002455,0.082082056517053137,False,2848
2852,2026-09-22,600550,0.078431652537130025,False,2849
2853,2026-09-22,300432,0.075438735622686437,False,2850
2854,2026-09-22,300846,0.075367313417852744,False,2851
2855,2026-09-22,600167,0.070648302817615249,False,2852
2856,2026-09-22,605189,0.06823150522890975,False,2853
2857,2026-09-22,600578,0.068187047429356218,False,2854
2858,2026-09-22,688321,0.068104962933684746,False,2855
2859,2026-09-22,300528,0.067715247839465587,False,2856
2860,2026-09-22,300656,0.067615312951261997,False,2857
2861,2026-09-22,000036,0.066324285324413479,False,2858
2862,2026-09-22,688055,0.065350777878364186,False,2859
2863,2026-09-22,301202,0.064933442183527756,False,2860
2864,2026-09-22,300918,0.064704171885566431,False,2861
2865,2026-09-22,600459,0.064518126597646663,False,2862
2866,2026-09-22,603861,0.061145851052244682,False,2863
2867,2026-09-22,688271,0.059924426138730613,False,2864
2868,2026-09-22,301589,0.059642356088777548,False,2865
2869,2026-09-22,605499,0.059316536089662586,False,2866
2870,2026-09-22,300555,0.058594859593241289,False,2867
2871,2026-09-22,603681,0.05667665074964312,False,2868
2872,2026-09-22,600935,0.054078552010553782,False,2869
2873,2026-09-22,601319,0.041057990755137386,False,2870
2874,2026-09-22,003019,0.04085846649334568,False,2871
2875,2026-09-22,688398,0.039629347135721971,False,2872
2876,2026-09-22,300926,0.035279438054101719,False,2873
2877,2026-09-22,000935,0.033120941908381774,False,2874
2878,2026-09-22,301000,0.031066894898668096,False,2875
2879,2026-09-22,688085,0.030932173039740385,False,2876
2880,2026-09-22,688566,0.029722952567175387,False,2877
2881,2026-09-22,603917,0.029109428539910942,False,2878
2882,2026-09-22,000607,0.027883122638934693,True,
2883,2026-09-22,300905,0.022751777842533016,False,2879
2884,2026-09-22,300034,0.022283855595966018,False,2880
2885,2026-09-22,300890,0.013123633718027161,False,2881
2886,2026-09-22,002036,0.011363428371742756,False,2882
2887,2026-09-22,605368,0.010745609013938839,False,2883
2888,2026-09-22,300826,0.00780786854682336,False,2884
2889,2026-09-22,301002,0.0077116398854260026,False,2885
2890,2026-09-22,300732,0.005735093790351975,False,2886
2891,2026-09-22,301559,0.0053306487405877512,False,2887
2892,2026-09-22,600375,0.00052219154660004818,False,2888
2893,2026-09-22,002469,-0.00025834124242407608,False,2889
2894,2026-09-22,300680,-0.0013540813510345417,False,2890
2895,2026-09-22,300982,-0.0016827475728640184,False,2891
2896,2026-09-22,300617,-0.0046313371152130189,False,2892
2897,2026-09-22,601678,-0.0069260049714698901,False,2893
2898,2026-09-22,600797,-0.0079694639724257332,False,2894
2899,2026-09-22,603399,-0.0092247492969215195,False,2895
2900,2026-09-22,688728,-0.011645177183220001,False,2896
2901,2026-09-22,600062,-0.01617812257624629,False,2897
2902,2026-09-22,002920,-0.017940682045853917,False,2898
2903,2026-09-22,001236,-0.018352791500293231,False,2899
2904,2026-09-22,301141,-0.020109131194863128,False,2900
2905,2026-09-22,300337,-0.021108968183829957,False,2901
2906,2026-09-22,300559,-0.023818808970354377,False,2902
2907,2026-09-22,603529,-0.024204167885669814,False,2903
2908,2026-09-22,300678,-0.029803218595042147,False,2904
2909,2026-09-22,300590,-0.032472379695949849,False,2905
2910,2026-09-22,688302,-0.034358426119726393,False,2906
2911,2026-09-22,001258,-0.035048875476590968,False,2907
2912,2026-09-22,688671,-0.038157416385725673,False,2908
2913,2026-09-22,600185,-0.039983457141863132,False,2909
2914,2026-09-22,301162,-0.041308032655773541,False,2910
2915,2026-09-22,002877,-0.043883923684755466,False,2911
2916,2026-09-22,603881,-0.051325201539307308,False,2912
2917,2026-09-22,000609,-0.051564233685455596,False,2913
2918,2026-09-22,300271,-0.05506229111106542,False,2914
2919,2026-09-22,000058,-0.057524015644414339,False,2915
2920,2026-09-22,301192,-0.060748053284828352,False,2916
2921,2026-09-22,300127,-0.062545880404353826,False,2917
2922,2026-09-22,600986,-0.064748453490190538,False,2918
2923,2026-09-22,600131,-0.065376013546255329,False,2919
2924,2026-09-22,002085,-0.066769596043243729,False,2920
2925,2026-09-22,601828,-0.070127096196500815,False,2921
2926,2026-09-22,002482,-0.072066840055965198,False,2922
2927,2026-09-22,300380,-0.072757266403661425,False,2923
2928,2026-09-22,601628,-0.075714322187832805,False,2924
2929,2026-09-22,688199,-0.076105171043341802,False,2925
2930,2026-09-22,000726,-0.083092828682649778,False,2926
2931,2026-09-22,600570,-0.083707585060850409,False,2927
2932,2026-09-22,003040,-0.085429026408810671,False,2928
2933,2026-09-22,688488,-0.086556247833612598,False,2929
2934,2026-09-22,002386,-0.087491361392748157,False,2930
2935,2026-09-22,603099,-0.089555600253058198,False,2931
2936,2026-09-22,688114,-0.090164192902203455,False,2932
2937,2026-09-22,600497,-0.09032245109209458,False,2933
2938,2026-09-22,600050,-0.09324398811297141,False,2934
2939,2026-09-22,688670,-0.09352738470094496,False,2935
2940,2026-09-22,300019,-0.094422158140500034,False,2936
2941,2026-09-22,300973,-0.096023055522612699,False,2937
2942,2026-09-22,601669,-0.097915584561454549,False,2938
2943,2026-09-22,688049,-0.098622866997679193,False,2939
2944,2026-09-22,000703,-0.099059064965649701,False,2940
2945,2026-09-22,688330,-0.10021235388546224,False,2941
2946,2026-09-22,603528,-0.10268420989148652,False,2942
2947,2026-09-22,600038,-0.10531835408360024,False,2943
2948,2026-09-22,603956,-0.10621156067046372,False,2944
2949,2026-09-22,000503,-0.10766983619922366,False,2945
2950,2026-09-22,301608,-0.10832144453854409,False,2946
2951,2026-09-22,300755,-0.11258721582691572,False,2947
2952,2026-09-22,300596,-0.11764816899352493,False,2948
2953,2026-09-22,002077,-0.12136298206734064,False,2949
2954,2026-09-22,603801,-0.12257059244587287,False,2950
2955,2026-09-22,601096,-0.12294321258059893,False,2951
2956,2026-09-22,300098,-0.12705545234428089,False,2952
2957,2026-09-22,002400,-0.12817493813991299,False,2953
2958,2026-09-22,600354,-0.1310060875057113,False,2954
2959,2026-09-22,000821,-0.13259202639672463,False,2955
2960,2026-09-22,600261,-0.13516670523857899,False,2956
2961,2026-09-22,300219,-0.13578395571807075,False,2957
2962,2026-09-22,603063,-0.13766406838945144,False,2958
2963,2026-09-22,600622,-0.13783247063710014,False,2959
2964,2026-09-22,688106,-0.14237528868765503,False,2960
2965,2026-09-22,603202,-0.14336315914764808,False,2961
2966,2026-09-22,688305,-0.14344944068982579,False,2962
2967,2026-09-22,603357,-0.1441215163273597,False,2963
2968,2026-09-22,688512,-0.14538913398420406,False,2964
2969,2026-09-22,600452,-0.14756229406942228,False,2965
2970,2026-09-22,603220,-0.14833254764582415,False,2966
2971,2026-09-22,002174,-0.14903127163019536,False,2967
2972,2026-09-22,300228,-0.15249195003967858,False,2968
2973,2026-09-22,002048,-0.15256495452933683,False,2969
2974,2026-09-22,600861,-0.15372503746207844,False,2970
2975,2026-09-22,601377,-0.15491640291746178,False,2971
2976,2026-09-22,600809,-0.16008030506948356,False,2972
2977,2026-09-22,603281,-0.16301687951380917,False,2973
2978,2026-09-22,002967,-0.16363561264754178,False,2974
2979,2026-09-22,001360,-0.16990127750259509,False,2975
2980,2026-09-22,002304,-0.17855664392335668,False,2976
2981,2026-09-22,688505,-0.18728356158513204,False,2977
2982,2026-09-22,605008,-0.18772981316271842,False,2978
2983,2026-09-22,300673,-0.18895399511993549,False,2979
2984,2026-09-22,300812,-0.19170201732668746,False,2980
2985,2026-09-22,688589,-0.19363529244506114,False,2981
2986,2026-09-22,688693,-0.19397553778426646,False,2982
2987,2026-09-22,601106,-0.19399828553461795,False,2983
2988,2026-09-22,600513,-0.19678099387883741,False,2984
2989,2026-09-22,688032,-0.1968672401428746,False,2985
2990,2026-09-22,000858,-0.1975879094753753,False,2986
2991,2026-09-22,300012,-0.19937415166958106,False,2987
2992,2026-09-22,002811,-0.20424529005493719,False,2988
2993,2026-09-22,603370,-0.20807218959620455,False,2989
2994,2026-09-22,688039,-0.21224202780695123,False,2990
2995,2026-09-22,000035,-0.21487020808937574,False,2991
2996,2026-09-22,300467,-0.21599374547035688,False,2992
2997,2026-09-22,688030,-0.21758271140425869,False,2993
2998,2026-09-22,300497,-0.22048705427195259,False,2994
2999,2026-09-22,601878,-0.22251219891852633,False,2995
3000,2026-09-22,301237,-0.225380481982832,False,2996
3001,2026-09-22,002956,-0.23019485729387501,False,2997
3002,2026-09-22,688376,-0.232046246466735,False,2998
3003,2026-09-22,601128,-0.2325780641738282,False,2999
3004,2026-09-22,600983,-0.23401284180371684,False,3000
3005,2026-09-22,002510,-0.23423356749867597,False,3001
3006,2026-09-22,688178,-0.23929471314495099,False,3002
3007,2026-09-22,000519,-0.23946549820992918,False,3003
3008,2026-09-22,000767,-0.24219321871354182,False,3004
3009,2026-09-22,300438,-0.24323854460386163,False,3005
3010,2026-09-22,301255,-0.24423687077501266,False,3006
3011,2026-09-22,301630,-0.24636945015192824,False,3007
3012,2026-09-22,603939,-0.24775375766566254,False,3008
3013,2026-09-22,600876,-0.2510118476271449,False,3009
3014,2026-09-22,688298,-0.25234522339883059,False,3010
3015,2026-09-22,601990,-0.25393795604796154,False,3011
3016,2026-09-22,600130,-0.25399980440165892,False,3012
3017,2026-09-22,002194,-0.25480295154343058,False,3013
3018,2026-09-22,001382,-0.255632923619032,False,3014
3019,2026-09-22,301609,-0.25639483550038145,False,3015
3020,2026-09-22,600166,-0.25670776201775203,False,3016
3021,2026-09-22,688306,-0.25831479778982436,False,3017
3022,2026-09-22,301633,-0.25940168659514096,False,3018
3023,2026-09-22,601717,-0.25974137867639557,False,3019
3024,2026-09-22,002314,-0.26016115197826939,False,3020
3025,2026-09-22,001306,-0.26495832109842604,False,3021
3026,2026-09-22,000752,-0.26631136774688502,False,3022
3027,2026-09-22,600995,-0.26659844764862251,False,3023
3028,2026-09-22,600908,-0.26780963272111125,False,3024
3029,2026-09-22,301233,-0.26856142700841323,False,3025
3030,2026-09-22,001330,-0.27185791021891315,False,3026
3031,2026-09-22,688322,-0.27330195633135701,False,3027
3032,2026-09-22,603906,-0.2746002062384425,False,3028
3033,2026-09-22,000915,-0.27477847659703158,False,3029
3034,2026-09-22,688484,-0.27503549145341638,False,3030
3035,2026-09-22,002055,-0.28013883949982343,False,3031
3036,2026-09-22,300861,-0.28288370720055162,False,3032
3037,2026-09-22,603065,-0.28348828829503336,False,3033
3038,2026-09-22,002555,-0.28372015105121307,False,3034
3039,2026-09-22,600769,-0.28567744979807386,False,3035
3040,2026-09-22,603766,-0.28868906417770812,False,3036
3041,2026-09-22,688080,-0.29049550639855859,False,3037
3042,2026-09-22,603196,-0.29565624496604004,False,3038
3043,2026-09-22,301306,-0.29647658634671337,False,3039
3044,2026-09-22,301128,-0.30182255661266821,False,3040
3045,2026-09-22,603959,-0.30246610120350348,False,3041
3046,2026-09-22,300154,-0.30421885517379454,False,3042
3047,2026-09-22,600963,-0.30514444834144672,False,3043
3048,2026-09-22,002208,-0.30589327310693903,False,3044
3049,2026-09-22,300882,-0.30610791220741818,False,3045
3050,2026-09-22,688709,-0.30987956140411366,False,3046
3051,2026-09-22,002643,-0.31291557150707372,False,3047
3052,2026-09-22,600162,-0.31317426769074919,False,3048
3053,2026-09-22,601958,-0.31629748529922508,False,3049
3054,2026-09-22,601997,-0.31639008257017176,False,3050
3055,2026-09-22,601108,-0.31783599518770012,False,3051
3056,2026-09-22,601179,-0.31785789287352717,False,3052
3057,2026-09-22,600905,-0.31969559639152623,False,3053
3058,2026-09-22,002043,-0.32051788616172194,False,3054
3059,2026-09-22,002911,-0.32541645813634523,False,3055
3060,2026-09-22,002642,-0.32639104098311678,False,3056
3061,2026-09-22,600058,-0.32753023020707595,False,3057
3062,2026-09-22,000885,-0.32901040148526262,False,3058
3063,2026-09-22,002198,-0.32951267005231388,False,3059
3064,2026-09-22,002073,-0.32999749797942046,False,3060
3065,2026-09-22,000800,-0.33066747855196632,False,3061
3066,2026-09-22,002236,-0.33368676956621901,False,3062
3067,2026-09-22,001396,-0.33431871092751519,False,3063
3068,2026-09-22,300358,-0.33510485604522561,False,3064
3069,2026-09-22,600628,-0.33546990586001035,False,3065
3070,2026-09-22,300071,-0.335671853787745,False,3066
3071,2026-09-22,002639,-0.336353753153805,False,3067
3072,2026-09-22,301050,-0.3363646361152014,False,3068
3073,2026-09-22,600480,-0.33763294203041816,False,3069
3074,2026-09-22,300485,-0.34104065135342243,False,3070
3075,2026-09-22,002635,-0.34459857135260075,False,3071
3076,2026-09-22,000826,-0.34522093340132737,False,3072
3077,2026-09-22,000568,-0.35032101123141457,False,3073
3078,2026-09-22,688439,-0.35072745017939533,False,3074
3079,2026-09-22,600585,-0.35162609124264299,False,3075
3080,2026-09-22,688733,-0.3520730416297404,False,3076
3081,2026-09-22,688375,-0.35290194562310617,False,3077
3082,2026-09-22,603166,-0.35492952212356299,False,3078
3083,2026-09-22,688788,-0.3557303841841859,False,3079
3084,2026-09-22,688270,-0.35780962763769164,False,3080
3085,2026-09-22,301585,-0.36172814779389717,False,3081
3086,2026-09-22,688131,-0.36239913734857354,False,3082
3087,2026-09-22,301517,-0.36974173152111534,False,3083
3088,2026-09-22,603726,-0.36981085723201557,False,3084
3089,2026-09-22,300234,-0.37452550344655022,False,3085
3090,2026-09-22,603610,-0.37475899134233637,False,3086
3091,2026-09-22,001289,-0.37810075945062271,False,3087
3092,2026-09-22,301348,-0.37941350553512287,False,3088
3093,2026-09-22,300024,-0.38106040616922343,False,3089
3094,2026-09-22,300916,-0.38293520911238188,False,3090
3095,2026-09-22,300652,-0.38486830112201176,False,3091
3096,2026-09-22,301327,-0.39172868444470932,False,3092
3097,2026-09-22,600612,-0.39277288274822009,False,3093
3098,2026-09-22,301007,-0.39492687605631893,False,3094
3099,2026-09-22,002544,-0.39521696301632181,False,3095
3100,2026-09-22,688395,-0.39704776086628679,False,3096
3101,2026-09-22,603100,-0.40234920036279831,False,3097
3102,2026-09-22,300841,-0.40358595230687677,False,3098
3103,2026-09-22,300624,-0.40471321325683718,False,3099
3104,2026-09-22,688327,-0.40696179943072031,False,3100
3105,2026-09-22,600877,-0.40706505338668242,False,3101
3106,2026-09-22,603122,-0.40730339370337321,False,3102
3107,2026-09-22,002312,-0.4079895658671111,False,3103
3108,2026-09-22,002926,-0.41003595401005882,False,3104
3109,2026-09-22,603598,-0.41043179665368656,True,
3110,2026-09-22,603893,-0.41187987574857265,True,
3111,2026-09-22,600592,-0.41260200148216641,False,3105
3112,2026-09-22,603062,-0.41564186852068641,False,3106
3113,2026-09-22,600977,-0.41757739809185918,False,3107
3114,2026-09-22,688228,-0.4184750394099428,False,3108
3115,2026-09-22,000777,-0.41940323231455423,False,3109
3116,2026-09-22,002075,-0.42190625719591068,False,3110
3117,2026-09-22,002037,-0.42548827577455728,False,3111
3118,2026-09-22,002978,-0.42563587690608773,False,3112
3119,2026-09-22,688098,-0.42836821907989286,False,3113
3120,2026-09-22,002026,-0.43003789519333058,False,3114
3121,2026-09-22,600956,-0.43139954710940187,False,3115
3122,2026-09-22,002843,-0.43214416151483359,False,3116
3123,2026-09-22,002152,-0.43407237536978893,False,3117
3124,2026-09-22,688582,-0.43559938492716788,False,3118
3125,2026-09-22,600821,-0.43680500251202009,False,3119
3126,2026-09-22,601868,-0.43797743850480919,False,3120
3127,2026-09-22,000920,-0.44371086894521383,False,3121
3128,2026-09-22,600456,-0.44853976497681503,False,3122
3129,2026-09-22,300778,-0.45075259379655863,False,3123
3130,2026-09-22,600776,-0.452245230129531,False,3124
3131,2026-09-22,603993,-0.45304930078198569,False,3125
3132,2026-09-22,601016,-0.45714651871785256,False,3126
3133,2026-09-22,603565,-0.4578926411156794,False,3127
3134,2026-09-22,002773,-0.45844722823758521,False,3128
3135,2026-09-22,688425,-0.46841593326771469,False,3129
3136,2026-09-22,300011,-0.46870065751526124,False,3130
3137,2026-09-22,603206,-0.4703137729428708,False,3131
3138,2026-09-22,600728,-0.47533449068479383,False,3132
3139,2026-09-22,600533,-0.47624779713423793,False,3133
3140,2026-09-22,002921,-0.4775377728891147,False,3134
3141,2026-09-22,002223,-0.48076929196648477,False,3135
3142,2026-09-22,688543,-0.48151825018860994,False,3136
3143,2026-09-22,000686,-0.48241643607598722,False,3137
3144,2026-09-22,002414,-0.48480002657017573,False,3138
3145,2026-09-22,600428,-0.49227345654867194,False,3139
3146,2026-09-22,300735,-0.49274356324058516,False,3140
3147,2026-09-22,600635,-0.49443739167716794,False,3141
3148,2026-09-22,601136,-0.49476465996119362,False,3142
3149,2026-09-22,688262,-0.50657558787018186,False,3143
3150,2026-09-22,600808,-0.50981100067777918,False,3144
3151,2026-09-22,603380,-0.51138620947443658,False,3145
3152,2026-09-22,300772,-0.51185160061576673,False,3146
3153,2026-09-22,688325,-0.51530343094560693,False,3147
3154,2026-09-22,300919,-0.51596013108502592,False,3148
3155,2026-09-22,300752,-0.51641030484593919,False,3149
3156,2026-09-22,600449,-0.52077956153074534,False,3150
3157,2026-09-22,001216,-0.52168034602152602,True,
3158,2026-09-22,603078,-0.52207339837849531,False,3151
3159,2026-09-22,002612,-0.52994026237659209,False,3152
3160,2026-09-22,300276,-0.53049441134112674,False,3153
3161,2026-09-22,688787,-0.53349510006405909,False,3154
3162,2026-09-22,002903,-0.53507901223327448,False,3155
3163,2026-09-22,300044,-0.54416960819588522,False,3156
3164,2026-09-22,600862,-0.54555135070715421,False,3157
3165,2026-09-22,603418,-0.54721584409738011,False,3158
3166,2026-09-22,300644,-0.55222720370100498,False,3159
3167,2026-09-22,300651,-0.55434126640237213,False,3160
3168,2026-09-22,300002,-0.55447152803305477,False,3161
3169,2026-09-22,001387,-0.5572045072930194,False,3162
3170,2026-09-22,300296,-0.55815657684868647,False,3163
3171,2026-09-22,002262,-0.56612036209984651,False,3164
3172,2026-09-22,300279,-0.56723950401096024,False,3165
3173,2026-09-22,000786,-0.57312654410981201,False,3166
3174,2026-09-22,603352,-0.57446314389530195,False,3167
3175,2026-09-22,002792,-0.57497064389502617,False,3168
3176,2026-09-22,600928,-0.57520857476636056,False,3169
3177,2026-09-22,603210,-0.57977853759511266,False,3170
3178,2026-09-22,000825,-0.58002904872996153,False,3171
3179,2026-09-22,301516,-0.58815823669291811,False,3172
3180,2026-09-22,688679,-0.58971136274467506,False,3173
3181,2026-09-22,605289,-0.59100381208416675,False,3174
3182,2026-09-22,002842,-0.59106378704921347,False,3175
3183,2026-09-22,603599,-0.59252445523255381,False,3176
3184,2026-09-22,301310,-0.59306403805704289,False,3177
3185,2026-09-22,300532,-0.5954496832838363,False,3178
3186,2026-09-22,300160,-0.6018877958420068,False,3179
3187,2026-09-22,603181,-0.60236160325629795,False,3180
3188,2026-09-22,301182,-0.60290743897000976,False,3181
3189,2026-09-22,300648,-0.60419300829950462,False,3182
3190,2026-09-22,300671,-0.604683029082691,False,3183
3191,2026-09-22,300561,-0.60918323732596225,False,3184
3192,2026-09-22,603277,-0.61109103186652414,False,3185
3193,2026-09-22,688013,-0.61394477255135671,False,3186
3194,2026-09-22,688475,-0.61791909565349357,False,3187
3195,2026-09-22,300586,-0.62246752083742374,False,3188
3196,2026-09-22,300252,-0.62328004998084907,False,3189
3197,2026-09-22,603667,-0.62567220304789561,False,3190
3198,2026-09-22,301560,-0.62899723448193146,False,3191
3199,2026-09-22,002102,-0.63435480551736723,False,3192
3200,2026-09-22,605018,-0.63523555607179727,False,3193
3201,2026-09-22,600595,-0.6358525590596974,False,3194
3202,2026-09-22,600558,-0.63586965477215074,False,3195
3203,2026-09-22,002263,-0.64165499465351916,False,3196
3204,2026-09-22,002103,-0.64321681900490124,False,3197
3205,2026-09-22,603900,-0.64827645393823152,False,3198
3206,2026-09-22,688683,-0.64891891001881263,False,3199
3207,2026-09-22,601777,-0.65041218279660618,False,3200
3208,2026-09-22,000969,-0.65336672189347045,False,3201
3209,2026-09-22,603508,-0.65686013379932562,False,3202
3210,2026-09-22,000791,-0.65846088551062909,False,3203
3211,2026-09-22,603187,-0.66232849678646843,False,3204
3212,2026-09-22,688103,-0.66261721285313302,False,3205
3213,2026-09-22,600094,-0.66283487180483824,False,3206
3214,2026-09-22,301207,-0.66684980916061054,False,3207
3215,2026-09-22,600106,-0.66739565349531227,False,3208
3216,2026-09-22,002651,-0.66881775619577966,False,3209
3217,2026-09-22,001312,-0.66918464347614104,False,3210
3218,2026-09-22,600699,-0.67008549237554915,False,3211
3219,2026-09-22,688591,-0.67071818721713405,False,3212
3220,2026-09-22,000543,-0.67336238817277994,False,3213
3221,2026-09-22,002777,-0.67474280443375201,False,3214
3222,2026-09-22,002305,-0.67761059240584842,False,3215
3223,2026-09-22,300832,-0.67870509887335784,False,3216
3224,2026-09-22,301157,-0.68141142326833082,False,3217
3225,2026-09-22,603579,-0.6850615602707284,False,3218
3226,2026-09-22,002392,-0.68799949410302152,False,3219
3227,2026-09-22,300320,-0.68806681496181032,False,3220
3228,2026-09-22,688009,-0.69162905839775946,False,3221
3229,2026-09-22,002200,-0.69515076110602392,False,3222
3230,2026-09-22,603127,-0.69831553561720439,False,3223
3231,2026-09-22,688186,-0.69915730959620892,False,3224
3232,2026-09-22,300615,-0.69984918549871811,False,3225
3233,2026-09-22,688516,-0.70654912446650497,False,3226
3234,2026-09-22,001336,-0.70931137777492026,False,3227
3235,2026-09-22,002769,-0.71581459684172866,False,3228
3236,2026-09-22,600143,-0.72193057637814606,False,3229
3237,2026-09-22,301172,-0.72193858860646076,False,3230
3238,2026-09-22,601860,-0.72375083837187626,False,3231
3239,2026-09-22,300040,-0.72576684436244254,False,3232
3240,2026-09-22,600691,-0.72748623665242684,False,3233
3241,2026-09-22,000062,-0.72900860126186295,False,3234
3242,2026-09-22,300086,-0.73518102380635209,False,3235
3243,2026-09-22,600320,-0.73807759401905471,False,3236
3244,2026-09-22,600962,-0.74240717410268919,False,3237
3245,2026-09-22,300348,-0.74284159592411525,False,3238
3246,2026-09-22,000591,-0.74563914845829404,False,3239
3247,2026-09-22,002402,-0.7460250496242895,False,3240
3248,2026-09-22,601311,-0.74605038340674268,False,3241
3249,2026-09-22,300573,-0.75652143902105162,False,3242
3250,2026-09-22,002988,-0.75726749696537021,False,3243
3251,2026-09-22,002034,-0.76073165488790706,False,3244
3252,2026-09-22,002167,-0.76200844828329073,False,3245
3253,2026-09-22,688227,-0.77056501359167306,False,3246
3254,2026-09-22,001268,-0.77252576378740401,True,
3255,2026-09-22,688646,-0.77353193374518447,False,3247
3256,2026-09-22,300769,-0.78483954024857461,False,3248
3257,2026-09-22,301168,-0.78875452429698067,False,3249
3258,2026-09-22,600478,-0.78977664689767435,False,3250
3259,2026-09-22,603050,-0.7912290427846409,False,3251
3260,2026-09-22,688691,-0.79421753994756683,False,3252
3261,2026-09-22,688088,-0.79673166830172915,False,3253
3262,2026-09-22,001393,-0.79798321378498893,False,3254
3263,2026-09-22,603527,-0.80059054945938524,False,3255
3264,2026-09-22,300864,-0.80077030698992835,False,3256
3265,2026-09-22,300065,-0.80080771921519678,False,3257
3266,2026-09-22,002611,-0.80534341632524509,False,3258
3267,2026-09-22,002564,-0.81023915704051452,True,
3268,2026-09-22,688130,-0.81047675348627879,False,3259
3269,2026-09-22,688172,-0.81225239915931535,False,3260
3270,2026-09-22,301215,-0.81241338212171654,False,3261
3271,2026-09-22,300748,-0.81416969887851487,False,3262
3272,2026-09-22,600276,-0.81711568521288536,False,3263
3273,2026-09-22,300121,-0.82378067940323429,False,3264
3274,2026-09-22,000009,-0.82498364676624825,False,3265
3275,2026-09-22,600476,-0.83429049280138812,False,3266
3276,2026-09-22,301137,-0.83703420063279732,False,3267
3277,2026-09-22,300010,-0.83950971926176821,False,3268
3278,2026-09-22,603049,-0.83985206433662185,False,3269
3279,2026-09-22,603712,-0.84078950557468735,False,3270
3280,2026-09-22,603596,-0.84106020937043091,False,3271
3281,2026-09-22,300066,-0.84121812771722904,False,3272
3282,2026-09-22,600438,-0.84533437276644041,False,3273
3283,2026-09-22,605020,-0.84699528243048494,False,3274
3284,2026-09-22,300560,-0.84980038111965506,False,3275
3285,2026-09-22,002546,-0.85468250853526284,False,3276
3286,2026-09-22,000700,-0.85468941560258038,False,3277
3287,2026-09-22,300428,-0.85625551057214111,False,3278
3288,2026-09-22,601236,-0.85660591588598423,False,3279
3289,2026-09-22,002050,-0.85975838486940726,False,3280
3290,2026-09-22,600559,-0.86067035395761804,False,3281
3291,2026-09-22,000011,-0.86069253466638573,False,3282
3292,2026-09-22,002057,-0.86161821593571997,False,3283
3293,2026-09-22,301193,-0.86269362381028503,False,3284
3294,2026-09-22,603931,-0.86326097318491612,False,3285
3295,2026-09-22,301221,-0.86376622037311201,False,3286
3296,2026-09-22,688819,-0.86437696658784446,False,3287
3297,2026-09-22,300293,-0.86911742548634718,False,3288
3298,2026-09-22,300865,-0.87152803431450954,False,3289
3299,2026-09-22,000506,-0.87210069277417013,False,3290
3300,2026-09-22,603035,-0.87594004046065455,False,3291
3301,2026-09-22,300149,-0.88058418142505746,False,3292
3302,2026-09-22,601066,-0.88540911202564287,False,3293
3303,2026-09-22,300046,-0.88596039679363203,False,3294
3304,2026-09-22,301328,-0.88820381333599663,False,3295
3305,2026-09-22,600234,-0.89136835998730479,False,3296
3306,2026-09-22,300122,-0.89222388235669015,False,3297
3307,2026-09-22,002895,-0.89458213537742926,False,3298
3308,2026-09-22,603966,-0.8969620953182722,False,3299
3309,2026-09-22,688069,-0.89831122714214207,False,3300
3310,2026-09-22,600120,-0.89980099322561036,False,3301
3311,2026-09-22,601098,-0.89982444655692762,False,3302
3312,2026-09-22,600586,-0.89996796129348433,False,3303
3313,2026-09-22,688623,-0.9011320621915182,False,3304
3314,2026-09-22,600435,-0.90204343596204728,False,3305
3315,2026-09-22,688307,-0.90412337564380096,False,3306
3316,2026-09-22,603275,-0.90547916793654692,False,3307
3317,2026-09-22,301580,-0.90677261309772894,False,3308
3318,2026-09-22,688268,-0.91794800227574047,False,3309
3319,2026-09-22,002346,-0.9200762053987086,False,3310
3320,2026-09-22,002298,-0.92192864969182198,False,3311
3321,2026-09-22,000997,-0.92585769852644129,False,3312
3322,2026-09-22,300650,-0.92751572243638924,False,3313
3323,2026-09-22,301057,-0.93045933348660437,False,3314
3324,2026-09-22,600596,-0.93130864509189148,False,3315
3325,2026-09-22,601975,-0.93131682424365225,False,3316
3326,2026-09-22,300751,-0.93435557640941891,False,3317
3327,2026-09-22,002961,-0.93439754354130056,False,3318
3328,2026-09-22,600248,-0.93568221381036243,False,3319
3329,2026-09-22,600228,-0.93609901195507828,False,3320
3330,2026-09-22,601778,-0.93643538431175199,False,3321
3331,2026-09-22,603379,-0.93847485550540388,False,3322
3332,2026-09-22,000983,-0.93931885004989368,False,3323
3333,2026-09-22,000559,-0.94198069087694369,False,3324
3334,2026-09-22,600703,-0.94294775595008562,False,3325
3335,2026-09-22,688027,-0.94429375064745802,False,3326
3336,2026-09-22,002702,-0.94437518830955436,False,3327
3337,2026-09-22,001270,-0.94552312090272617,False,3328
3338,2026-09-22,000731,-0.94992128071819404,False,3329
3339,2026-09-22,603759,-0.95047067562755316,False,3330
3340,2026-09-22,688767,-0.95092711796712703,False,3331
3341,2026-09-22,002261,-0.95150835466718231,False,3332
3342,2026-09-22,605222,-0.95174160915122052,False,3333
3343,2026-09-22,002823,-0.95503175663113304,False,3334
3344,2026-09-22,000060,-0.96202775449639466,False,3335
3345,2026-09-22,603025,-0.96222114580301188,False,3336
3346,2026-09-22,603301,-0.9644460265771605,False,3337
3347,2026-09-22,300221,-0.96551473762544537,False,3338
3348,2026-09-22,688685,-0.96708994922691049,False,3339
3349,2026-09-22,000338,-0.97041181991553715,False,3340
3350,2026-09-22,300877,-0.97220972151813667,False,3341
3351,2026-09-22,002527,-0.97338453425995597,False,3342
3352,2026-09-22,301550,-0.98441596548865995,False,3343
3353,2026-09-22,300633,-0.98445175374774796,False,3344
3354,2026-09-22,000750,-0.98563905976093047,False,3345
3355,2026-09-22,688456,-0.98677277143518438,False,3346
3356,2026-09-22,300146,-0.98724175079978771,False,3347
3357,2026-09-22,603207,-0.98841708646305659,False,3348
3358,2026-09-22,300376,-0.99344545015208041,False,3349
3359,2026-09-22,300328,-0.99359479493623182,False,3350
3360,2026-09-22,301263,-0.99366937786602638,False,3351
3361,2026-09-22,605218,-1.0008143575333617,True,
3362,2026-09-22,603080,-1.0015235091185009,False,3352
3363,2026-09-22,300041,-1.0022531130773062,False,3353
3364,2026-09-22,688443,-1.0027184720664601,False,3354
3365,2026-09-22,000778,-1.0067673502728707,False,3355
3366,2026-09-22,688235,-1.0081328854284703,False,3356
3367,2026-09-22,000050,-1.0097072776419547,False,3357
3368,2026-09-22,600475,-1.0131714479805938,False,3358
3369,2026-09-22,605287,-1.0176467702626435,False,3359
3370,2026-09-22,000049,-1.0206655357212968,False,3360
3371,2026-09-22,688176,-1.0255405721976738,False,3361
3372,2026-09-22,601890,-1.0269822284765455,False,3362
3373,2026-09-22,600621,-1.0271407394116674,False,3363
3374,2026-09-22,002958,-1.0277335889034114,False,3364
3375,2026-09-22,601456,-1.0283383615911386,False,3365
3376,2026-09-22,301557,-1.028657629224127,False,3366
3377,2026-09-22,002307,-1.0289940807398938,False,3367
3378,2026-09-22,002515,-1.0314586414194937,False,3368
3379,2026-09-22,603486,-1.0395260292692703,False,3369
3380,2026-09-22,002340,-1.0399014538225817,False,3370
3381,2026-09-22,300416,-1.0434841643477033,False,3371
3382,2026-09-22,600925,-1.0469256896922403,False,3372
3383,2026-09-22,300451,-1.0475076192745041,False,3373
3384,2026-09-22,300018,-1.0506141161526372,False,3374
3385,2026-09-22,603052,-1.0545586330521624,False,3375
3386,2026-09-22,603341,-1.0576095932679794,False,3376
3387,2026-09-22,002058,-1.0587424047473941,False,3377
3388,2026-09-22,300435,-1.0635027144515408,False,3378
3389,2026-09-22,300876,-1.0635512805112595,False,3379
3390,2026-09-22,300420,-1.0645901349274551,False,3380
3391,2026-09-22,003023,-1.0711804535555232,False,3381
3392,2026-09-22,300292,-1.071463955606156,False,3382
3393,2026-09-22,300909,-1.0717784370765533,False,3383
3394,2026-09-22,601888,-1.0727623949723715,False,3384
3395,2026-09-22,688217,-1.0757644196060219,False,3385
3396,2026-09-22,301479,-1.0764172715691471,False,3386
3397,2026-09-22,603178,-1.0800299122440331,False,3387
3398,2026-09-22,688286,-1.0845120255306802,False,3388
3399,2026-09-22,601877,-1.0867130873212025,False,3389
3400,2026-09-22,300446,-1.091783314153518,False,3390
3401,2026-09-22,603871,-1.0956269950514224,False,3391
3402,2026-09-22,000728,-1.0969011301723928,False,3392
3403,2026-09-22,600737,-1.0972075390296654,False,3393
3404,2026-09-22,000063,-1.0986762981006,False,3394
3405,2026-09-22,001221,-1.1000720627585803,False,3395
3406,2026-09-22,002936,-1.1007486707294079,False,3396
3407,2026-09-22,600623,-1.1008999176826844,False,3397
3408,2026-09-22,688018,-1.1025922376904171,False,3398
3409,2026-09-22,301489,-1.1028409690607983,False,3399
3410,2026-09-22,300763,-1.1030164122008825,False,3400
3411,2026-09-22,688326,-1.1034265428658696,False,3401
3412,2026-09-22,300253,-1.1037150746152289,False,3402
3413,2026-09-22,002432,-1.104638209055548,False,3403
3414,2026-09-22,300124,-1.1050372553836345,False,3404
3415,2026-09-22,002771,-1.1093701210389315,False,3405
3416,2026-09-22,603985,-1.1109139887189838,False,3406
3417,2026-09-22,600460,-1.113689034978707,False,3407
3418,2026-09-22,002191,-1.1171000905325581,False,3408
3419,2026-09-22,000629,-1.1226538463571072,False,3409
3420,2026-09-22,603757,-1.1227428351095927,False,3410
3421,2026-09-22,688379,-1.1237495596167726,False,3411
3422,2026-09-22,002745,-1.1241115731702918,False,3412
3423,2026-09-22,688699,-1.1244455027799485,False,3413
3424,2026-09-22,002158,-1.1258434240485427,False,3414
3425,2026-09-22,603826,-1.1319708917303772,False,3415
3426,2026-09-22,300174,-1.1337526359678116,False,3416
3427,2026-09-22,002317,-1.1338642064386872,False,3417
3428,2026-09-22,002334,-1.1401995584285183,False,3418
3429,2026-09-22,300687,-1.1437560188054765,False,3419
3430,2026-09-22,301339,-1.1464733430638725,False,3420
3431,2026-09-22,688472,-1.1480516951002564,False,3421
3432,2026-09-22,001257,-1.1492756309191396,False,3422
3433,2026-09-22,601918,-1.1500901053899879,False,3423
3434,2026-09-22,600373,-1.1510473174204381,False,3424
3435,2026-09-22,300669,-1.1517225105883648,False,3425
3436,2026-09-22,600520,-1.1544097787165883,False,3426
3437,2026-09-22,300360,-1.1566688596099692,False,3427
3438,2026-09-22,300204,-1.1605411550437623,False,3428
3439,2026-09-22,301081,-1.1622217943755904,False,3429
3440,2026-09-22,300484,-1.1683406466429043,False,3430
3441,2026-09-22,603092,-1.1693017378093851,False,3431
3442,2026-09-22,003018,-1.1706732440631713,False,3432
3443,2026-09-22,688283,-1.1710850936972461,False,3433
3444,2026-09-22,300109,-1.1725875808054109,False,3434
3445,2026-09-22,688617,-1.1727606798493313,False,3435
3446,2026-09-22,301010,-1.1740016937866331,False,3436
3447,2026-09-22,002238,-1.1813163974105698,True,
3448,2026-09-22,300927,-1.1828286509922337,False,3437
3449,2026-09-22,000534,-1.1838519288478899,False,3438
3450,2026-09-22,600958,-1.1845930125652995,False,3439
3451,2026-09-22,300972,-1.1862780966991628,False,3440
3452,2026-09-22,603577,-1.1888440209002928,False,3441
3453,2026-09-22,001225,-1.1971588865405502,False,3442
3454,2026-09-22,002225,-1.1995368629271006,False,3443
3455,2026-09-22,300866,-1.2010957494532339,False,3444
3456,2026-09-22,000990,-1.2019595555917757,False,3445
3457,2026-09-22,688584,-1.2035402948651019,False,3446
3458,2026-09-22,600233,-1.2061631169904334,False,3447
3459,2026-09-22,300185,-1.2079007275511662,False,3448
3460,2026-09-22,600916,-1.2085963298693791,False,3449
3461,2026-09-22,605077,-1.2108562248655219,False,3450
3462,2026-09-22,002123,-1.2110729942945446,False,3451
3463,2026-09-22,300217,-1.2116670912420948,False,3452
3464,2026-09-22,600201,-1.2134740363849628,False,3453
3465,2026-09-22,300793,-1.2157023059620187,False,3454
3466,2026-09-22,002204,-1.2158506986123832,False,3455
3467,2026-09-22,600061,-1.2202575264398692,False,3456
3468,2026-09-22,688615,-1.2207822214259483,False,3457
3469,2026-09-22,601688,-1.2244969225236282,False,3458
3470,2026-09-22,301105,-1.2257374711642246,False,3459
3471,2026-09-22,688005,-1.2295207460129212,False,3460
3472,2026-09-22,688667,-1.2323972544393698,False,3461
3473,2026-09-22,603828,-1.2354259000451193,False,3462
3474,2026-09-22,301387,-1.2355808823852694,False,3463
3475,2026-09-22,300723,-1.2367066258348398,False,3464
3476,2026-09-22,300327,-1.2375568094352825,False,3465
3477,2026-09-22,300580,-1.242632992460234,False,3466
3478,2026-09-22,002782,-1.2433686158217627,False,3467
3479,2026-09-22,000600,-1.2479031413840791,False,3468
3480,2026-09-22,002024,-1.2507280111106562,False,3469
3481,2026-09-22,300486,-1.2514527314782553,False,3470
3482,2026-09-22,002292,-1.2527030085969639,False,3471
3483,2026-09-22,000977,-1.2561036152894463,False,3472
3484,2026-09-22,605080,-1.2574743253434308,False,3473
3485,2026-09-22,600022,-1.2578914646306505,False,3474
3486,2026-09-22,688247,-1.259345867667911,False,3475
3487,2026-09-22,600764,-1.2599762374896655,False,3476
3488,2026-09-22,688111,-1.2619452544433032,False,3477
3489,2026-09-22,002187,-1.262388830698042,False,3478
3490,2026-09-22,002162,-1.26310424320763,False,3479
3491,2026-09-22,600605,-1.2646985127436632,False,3480
3492,2026-09-22,600491,-1.2680896274457196,False,3481
3493,2026-09-22,603260,-1.272301439955446,False,3482
3494,2026-09-22,301248,-1.2782174602492873,False,3483
3495,2026-09-22,002283,-1.2795480840035336,False,3484
3496,2026-09-22,603908,-1.2812951438558264,False,3485
3497,2026-09-22,001201,-1.2881530007388937,False,3486
3498,2026-09-22,301658,-1.2893223804328289,False,3487
3499,2026-09-22,002536,-1.2900989759168655,False,3488
3500,2026-09-22,301486,-1.2916917348866437,False,3489
3501,2026-09-22,600489,-1.2937354634481602,False,3490
3502,2026-09-22,603283,-1.2960379519615399,False,3491
3503,2026-09-22,688818,-1.2973113660246387,False,3492
3504,2026-09-22,603179,-1.2980928873240991,False,3493
3505,2026-09-22,601001,-1.301764048416131,False,3494
3506,2026-09-22,600289,-1.3046469455079013,False,3495
3507,2026-09-22,301696,-1.3059111820616538,False,3496
3508,2026-09-22,002583,-1.3061261343330144,False,3497
3509,2026-09-22,300349,-1.3074730415242617,False,3498
3510,2026-09-22,002724,-1.3111866394695859,False,3499
3511,2026-09-22,300963,-1.3124608578905235,False,3500
3512,2026-09-22,000831,-1.3169498366725625,False,3501
3513,2026-09-22,600999,-1.3181476048761105,False,3502
3514,2026-09-22,001227,-1.3232061832120623,False,3503
3515,2026-09-22,603013,-1.3254851914656216,False,3504
3516,2026-09-22,688759,-1.327202069812139,False,3505
3517,2026-09-22,601991,-1.3314636684935,False,3506
3518,2026-09-22,600180,-1.332147427275943,False,3507
3519,2026-09-22,601601,-1.3326495180777629,False,3508
3520,2026-09-22,300842,-1.3348720455086638,False,3509
3521,2026-09-22,688559,-1.3354439298666754,False,3510
3522,2026-09-22,688116,-1.3359205145052409,False,3511
3523,2026-09-22,688419,-1.3367064254111978,False,3512
3524,2026-09-22,600366,-1.3369414133493165,False,3513
3525,2026-09-22,300592,-1.3383627397840259,False,3514
3526,2026-09-22,688390,-1.3394369287331558,False,3515
3527,2026-09-22,688720,-1.3409757631487151,False,3516
3528,2026-09-22,002153,-1.341112930489692,False,3517
3529,2026-09-22,000963,-1.3415162704144215,False,3518
3530,2026-09-22,600857,-1.3421510225286761,False,3519
3531,2026-09-22,601003,-1.3439469942504203,False,3520
3532,2026-09-22,688739,-1.3451616786416944,False,3521
3533,2026-09-22,300643,-1.3487870579775194,False,3522
3534,2026-09-22,300679,-1.3532570835525033,False,3523
3535,2026-09-22,688065,-1.3543640104957015,False,3524
3536,2026-09-22,301598,-1.361732372150624,False,3525
3537,2026-09-22,601020,-1.362720885206723,False,3526
3538,2026-09-22,301536,-1.3642471368704419,False,3527
3539,2026-09-22,603466,-1.3652031988744087,False,3528
3540,2026-09-22,688518,-1.3687341615736066,False,3529
3541,2026-09-22,600545,-1.3741255689544154,False,3530
3542,2026-09-22,300996,-1.3761499976135938,False,3531
3543,2026-09-22,002797,-1.3777067713636846,False,3532
3544,2026-09-22,301616,-1.3803468193710273,False,3533
3545,2026-09-22,603838,-1.3813835402991606,False,3534
3546,2026-09-22,002311,-1.3833071746557495,False,3535
3547,2026-09-22,300287,-1.4001379917556527,False,3536
3548,2026-09-22,600633,-1.404351436339399,False,3537
3549,2026-09-22,300317,-1.4083015473015013,False,3538
3550,2026-09-22,601881,-1.4085309521062701,False,3539
3551,2026-09-22,600063,-1.4109970860460279,False,3540
3552,2026-09-22,600739,-1.4133901500983277,False,3541
3553,2026-09-22,301599,-1.4137151989642289,False,3542
3554,2026-09-22,002056,-1.4155774346046415,False,3543
3555,2026-09-22,002049,-1.4183061064393265,False,3544
3556,2026-09-22,603659,-1.4197906545739072,False,3545
3557,2026-09-22,002023,-1.4237943185822914,False,3546
3558,2026-09-22,600763,-1.4286784737859,False,3547
3559,2026-09-22,300049,-1.4304299669536964,False,3548
3560,2026-09-22,603345,-1.4310071936148767,False,3549
3561,2026-09-22,605318,-1.4313964972094375,False,3550
3562,2026-09-22,688095,-1.4358135688153513,False,3551
3563,2026-09-22,002881,-1.4465051897597658,False,3552
3564,2026-09-22,000801,-1.4524247060620674,False,3553
3565,2026-09-22,601609,-1.4593050137183834,False,3554
3566,2026-09-22,301682,-1.4594487916176182,False,3555
3567,2026-09-22,301026,-1.4633991352180358,False,3556
3568,2026-09-22,600281,-1.4654227283443799,False,3557
3569,2026-09-22,002730,-1.4672056966672538,False,3558
3570,2026-09-22,300255,-1.4673321004604549,False,3559
3571,2026-09-22,301165,-1.4690406591112728,False,3560
3572,2026-09-22,688320,-1.4729376220379131,False,3561
3573,2026-09-22,688639,-1.4779040907020584,False,3562
3574,2026-09-22,603186,-1.4814854308530232,False,3563
3575,2026-09-22,300235,-1.4866517157590977,False,3564
3576,2026-09-22,301358,-1.4896666630913378,False,3565
3577,2026-09-22,300458,-1.4943369805603206,False,3566
3578,2026-09-22,601101,-1.4982378759099626,False,3567
3579,2026-09-22,603337,-1.5022064556411718,False,3568
3580,2026-09-22,601908,-1.5063789106848882,False,3569
3581,2026-09-22,600850,-1.5065282589493272,False,3570
3582,2026-09-22,003030,-1.5103222935869463,False,3571
3583,2026-09-22,300917,-1.5110825270376749,False,3572
3584,2026-09-22,000521,-1.5165687839598387,False,3573
3585,2026-09-22,002709,-1.5183893813002507,False,3574
3586,2026-09-22,600207,-1.5232125143330513,False,3575
3587,2026-09-22,002845,-1.5248645270166916,False,3576
3588,2026-09-22,603567,-1.5312788834619564,False,3577
3589,2026-09-22,688387,-1.5320475350343772,False,3578
3590,2026-09-22,688182,-1.5332826725753828,False,3579
3591,2026-09-22,600563,-1.5378249805408815,False,3580
3592,2026-09-22,300281,-1.5382767826417878,False,3581
3593,2026-09-22,002928,-1.5384237964139009,False,3582
3594,2026-09-22,301188,-1.5405010740524325,False,3583
3595,2026-09-22,300311,-1.5409353079293728,False,3584
3596,2026-09-22,600961,-1.5419088521110442,False,3585
3597,2026-09-22,688836,-1.5447815134263267,False,3586
3598,2026-09-22,002767,-1.5449054961575812,False,3587
3599,2026-09-22,688599,-1.5518305733403173,False,3588
3600,2026-09-22,688253,-1.5518642190254677,False,3589
3601,2026-09-22,600170,-1.5539257198148895,False,3590
3602,2026-09-22,300115,-1.5564940176409823,False,3591
3603,2026-09-22,300609,-1.5566666027567337,False,3592
3604,2026-09-22,002673,-1.5581053480144398,False,3593
3605,2026-09-22,300762,-1.559878798236777,False,3594
3606,2026-09-22,300613,-1.5639642017508675,False,3595
3607,2026-09-22,600363,-1.5656807063828779,False,3596
3608,2026-09-22,000725,-1.5732337907636702,False,3597
3609,2026-09-22,002163,-1.5742845956393188,False,3598
3610,2026-09-22,601133,-1.5785408071553784,False,3599
3611,2026-09-22,688805,-1.5818982903870569,False,3600
3612,2026-09-22,688107,-1.5825708936235729,False,3601
3613,2026-09-22,002472,-1.5845284685303458,False,3602
3614,2026-09-22,002715,-1.5863045509784128,False,3603
3615,2026-09-22,688653,-1.5883630230598573,False,3604
3616,2026-09-22,002320,-1.5941005484675275,False,3605
3617,2026-09-22,603456,-1.5951864559542006,False,3606
3618,2026-09-22,300429,-1.5963811192760557,False,3607
3619,2026-09-22,688066,-1.6019676319642979,False,3608
3620,2026-09-22,301551,-1.6041439554446311,False,3609
3621,2026-09-22,300537,-1.6043592012627528,False,3610
3622,2026-09-22,600326,-1.6071725107975632,False,3611
3623,2026-09-22,600879,-1.6090969866213101,False,3612
3624,2026-09-22,603979,-1.6093897328017706,False,3613
3625,2026-09-22,000582,-1.6111723151301582,False,3614
3626,2026-09-22,000880,-1.6132957839487432,False,3615
3627,2026-09-22,002906,-1.615473730245554,False,3616
3628,2026-09-22,603501,-1.6182308467822304,False,3617
3629,2026-09-22,300695,-1.6204609851705927,False,3618
3630,2026-09-22,300415,-1.6222824385760655,False,3619
3631,2026-09-22,000810,-1.6224244761347191,False,3620
3632,2026-09-22,600841,-1.6236331037509983,False,3621
3633,2026-09-22,301225,-1.6266900241243207,False,3622
3634,2026-09-22,002738,-1.6267814690381126,False,3623
3635,2026-09-22,000795,-1.6269583590802954,False,3624
3636,2026-09-22,301178,-1.6283728086367084,False,3625
3637,2026-09-22,301276,-1.6425101658273049,False,3626
3638,2026-09-22,603222,-1.6466582067855067,False,3627
3639,2026-09-22,600171,-1.6471641906170584,False,3628
3640,2026-09-22,300872,-1.6483874367389211,False,3629
3641,2026-09-22,300171,-1.6506123918409301,False,3630
3642,2026-09-22,603697,-1.6533360158518786,False,3631
3643,2026-09-22,688595,-1.6546500020019326,False,3632
3644,2026-09-22,002993,-1.6572426595047109,False,3633
3645,2026-09-22,001331,-1.6593906503546854,False,3634
3646,2026-09-22,000785,-1.660049493271333,False,3635
3647,2026-09-22,000953,-1.6600821427531891,False,3636
3648,2026-09-22,688063,-1.6621020563193676,False,3637
3649,2026-09-22,300668,-1.6629266583778706,False,3638
3650,2026-09-22,600930,-1.6634025519032223,False,3639
3651,2026-09-22,300003,-1.6691239710556607,False,3640
3652,2026-09-22,300767,-1.6706177110351703,False,3641
3653,2026-09-22,688079,-1.6715502831836639,False,3642
3654,2026-09-22,002625,-1.6719707742464489,False,3643
3655,2026-09-22,600118,-1.6780188033591315,False,3644
3656,2026-09-22,600779,-1.6814045178868602,False,3645
3657,2026-09-22,300632,-1.6828983284028252,False,3646
3658,2026-09-22,000006,-1.6851530424961143,False,3647
3659,2026-09-22,600010,-1.6858114408087661,False,3648
3660,2026-09-22,002065,-1.6909656189757798,False,3649
3661,2026-09-22,603259,-1.6947686359285936,False,3650
3662,2026-09-22,002997,-1.6987472876843361,False,3651
3663,2026-09-22,000625,-1.701001093486376,False,3652
3664,2026-09-22,300715,-1.7018599827942826,False,3653
3665,2026-09-22,300200,-1.7037805104704773,False,3654
3666,2026-09-22,002354,-1.7040305346738771,False,3655
3667,2026-09-22,000877,-1.7065657270433601,False,3656
3668,2026-09-22,600615,-1.7074190112504948,False,3657
3669,2026-09-22,600939,-1.7082380578421092,False,3658
3670,2026-09-22,600268,-1.708816962556863,False,3659
3671,2026-09-22,688333,-1.7107290383560927,False,3660
3672,2026-09-22,300576,-1.7210587682614045,False,3661
3673,2026-09-22,000516,-1.7267958963223435,False,3662
3674,2026-09-22,300921,-1.727678406486659,False,3663
3675,2026-09-22,002255,-1.728014393938792,False,3664
3676,2026-09-22,002134,-1.7281476483712619,False,3665
3677,2026-09-22,600337,-1.7291582062813733,False,3666
3678,2026-09-22,301091,-1.7351413681659267,False,3667
3679,2026-09-22,300815,-1.7358522066806064,False,3668
3680,2026-09-22,603319,-1.7384588675787827,False,3669
3681,2026-09-22,300203,-1.7410192799431301,False,3670
3682,2026-09-22,300191,-1.7414394308128487,False,3671
3683,2026-09-22,688275,-1.7442266159747617,False,3672
3684,2026-09-22,002044,-1.7454542946208549,False,3673
3685,2026-09-22,600078,-1.7459764503511708,False,3674
3686,2026-09-22,603290,-1.7467401928748787,False,3675
3687,2026-09-22,002655,-1.7470492446450958,False,3676
3688,2026-09-22,600765,-1.7480356518453317,False,3677
3689,2026-09-22,300316,-1.7484577341469512,False,3678
3690,2026-09-22,001234,-1.7515468423605403,True,
3691,2026-09-22,688117,-1.7572810388496314,False,3679
3692,2026-09-22,600488,-1.7632133688332097,False,3680
3693,2026-09-22,600686,-1.764879533439663,False,3681
3694,2026-09-22,001223,-1.7671496428656983,False,3682
3695,2026-09-22,600372,-1.7695486000059035,False,3683
3696,2026-09-22,000923,-1.7733215383594469,False,3684
3697,2026-09-22,603005,-1.7770813248211415,False,3685
3698,2026-09-22,600816,-1.7929997522813763,False,3686
3699,2026-09-22,300623,-1.7936849433260251,False,3687
3700,2026-09-22,688479,-1.794902981456588,False,3688
3701,2026-09-22,601022,-1.7963492303395285,False,3689
3702,2026-09-22,300222,-1.8008800812572345,False,3690
3703,2026-09-22,300237,-1.8023685520691404,False,3691
3704,2026-09-22,001914,-1.8026547522145853,False,3692
3705,2026-09-22,603968,-1.802954735755262,False,3693
3706,2026-09-22,000909,-1.8046357126280479,False,3694
3707,2026-09-22,601727,-1.810592175469377,False,3695
3708,2026-09-22,688159,-1.8112764817258471,False,3696
3709,2026-09-22,603823,-1.8202596770102701,False,3697
3710,2026-09-22,002190,-1.8216949435636216,False,3698
3711,2026-09-22,300896,-1.8337985332670317,False,3699
3712,2026-09-22,600446,-1.8385844259951643,False,3700
3713,2026-09-22,603716,-1.8403609876314531,False,3701
3714,2026-09-22,300383,-1.8416793157633486,False,3702
3715,2026-09-22,301446,-1.8427317812137998,False,3703
3716,2026-09-22,688299,-1.8436674565806834,False,3704
3717,2026-09-22,300531,-1.847340181650647,False,3705
3718,2026-09-22,688367,-1.8536988230890357,False,3706
3719,2026-09-22,301333,-1.8555797478682923,False,3707
3720,2026-09-22,600436,-1.8622381807480606,False,3708
3721,2026-09-22,688058,-1.8671024337529234,False,3709
3722,2026-09-22,000670,-1.8675320354528324,False,3710
3723,2026-09-22,688252,-1.8693603145228643,False,3711
3724,2026-09-22,600123,-1.8697056199011368,False,3712
3725,2026-09-22,688629,-1.8697756726670391,False,3713
3726,2026-09-22,300894,-1.8761868867988063,False,3714
3727,2026-09-22,001287,-1.8816985666218442,False,3715
3728,2026-09-22,002891,-1.8849725836343336,False,3716
3729,2026-09-22,002252,-1.8864154123068646,False,3717
3730,2026-09-22,300540,-1.8881386420551141,False,3718
3731,2026-09-22,688692,-1.8932753827520614,False,3719
3732,2026-09-22,600906,-1.8950318939263673,False,3720
3733,2026-09-22,301458,-1.8951595277129867,False,3721
3734,2026-09-22,301291,-1.9015006876447376,False,3722
3735,2026-09-22,688202,-1.9167910283036593,False,3723
3736,2026-09-22,688331,-1.922850308813703,False,3724
3737,2026-09-22,603658,-1.922964865442877,False,3725
3738,2026-09-22,603666,-1.9282176001366138,False,3726
3739,2026-09-22,688126,-1.928371216218177,False,3727
3740,2026-09-22,001373,-1.9283912566201886,False,3728
3741,2026-09-22,600846,-1.9354548725775489,False,3729
3742,2026-09-22,002996,-1.9392194075963243,False,3730
3743,2026-09-22,002135,-1.9395627473430599,False,3731
3744,2026-09-22,688811,-1.9396285982492831,False,3732
3745,2026-09-22,600927,-1.9400334963227437,False,3733
3746,2026-09-22,301016,-1.9424985129244534,False,3734
3747,2026-09-22,002254,-1.9451519052274255,False,3735
3748,2026-09-22,603589,-1.9457367012413482,False,3736
3749,2026-09-22,688779,-1.9486331176717904,False,3737
3750,2026-09-22,688125,-1.9490741691513405,False,3738
3751,2026-09-22,688536,-1.9546054001935222,False,3739
3752,2026-09-22,601369,-1.9547518935589454,False,3740
3753,2026-09-22,002824,-1.9573746811077477,False,3741
3754,2026-09-22,300699,-1.9584300815344591,False,3742
3755,2026-09-22,300257,-1.9591768700322323,False,3743
3756,2026-09-22,002590,-1.9617213666659261,False,3744
3757,2026-09-22,002630,-1.9653153170621012,False,3745
3758,2026-09-22,688077,-1.9654597499700164,False,3746
3759,2026-09-22,300274,-1.967933078064767,False,3747
3760,2026-09-22,002025,-1.9782649114975834,False,3748
3761,2026-09-22,301565,-1.9801823906028826,False,3749
3762,2026-09-22,603048,-1.9819621997737662,False,3750
3763,2026-09-22,000566,-1.9821707208475199,False,3751
3764,2026-09-22,002756,-1.9833542773651072,False,3752
3765,2026-09-22,600613,-1.9841841709058894,False,3753
3766,2026-09-22,002713,-1.9895773981733187,False,3754
3767,2026-09-22,605566,-1.9922406994577138,False,3755
3768,2026-09-22,601226,-1.9970916539980959,False,3756
3769,2026-09-22,300074,-1.998265788760893,False,3757
3770,2026-09-22,301183,-2.0052609237179109,False,3758
3771,2026-09-22,002457,-2.0061016603836439,False,3759
3772,2026-09-22,301195,-2.0096834601362432,False,3760
3773,2026-09-22,300070,-2.0110479348101733,False,3761
3774,2026-09-22,002097,-2.0113994477504251,False,3762
3775,2026-09-22,601899,-2.0114386611054202,False,3763
3776,2026-09-22,603606,-2.0182067183391297,False,3764
3777,2026-09-22,002733,-2.0205291697939276,False,3765
3778,2026-09-22,002203,-2.0241636597737762,False,3766
3779,2026-09-22,605255,-2.0272228400173109,False,3767
3780,2026-09-22,603291,-2.0348691409297772,False,3768
3781,2026-09-22,000713,-2.035960973787466,False,3769
3782,2026-09-22,300450,-2.0370351657821426,False,3770
3783,2026-09-22,688750,-2.0390801666519747,False,3771
3784,2026-09-22,301075,-2.0404150100637568,False,3772
3785,2026-09-22,603040,-2.0409254015120681,False,3773
3786,2026-09-22,600768,-2.0417086750126465,False,3774
3787,2026-09-22,002602,-2.0433717723999418,False,3775
3788,2026-09-22,300184,-2.0439948344538261,False,3776
3789,2026-09-22,688608,-2.0489982031564882,False,3777
3790,2026-09-22,603119,-2.0499803422892131,False,3778
3791,2026-09-22,002483,-2.0501889555161883,False,3779
3792,2026-09-22,300804,-2.0518427994627602,False,3780
3793,2026-09-22,301357,-2.0549190175024328,False,3781
3794,2026-09-22,002568,-2.0568366058928129,False,3782
3795,2026-09-22,301308,-2.0571266637015739,False,3783
3796,2026-09-22,600292,-2.0582648428137373,False,3784
3797,2026-09-22,300845,-2.0586929475481281,False,3785
3798,2026-09-22,301200,-2.0605335666500295,False,3786
3799,2026-09-22,000958,-2.062147194412618,False,3787
3800,2026-09-22,001266,-2.0653152350927253,True,
3801,2026-09-22,000055,-2.0685892078185733,False,3788
3802,2026-09-22,300492,-2.073457288012821,False,3789
3803,2026-09-22,688368,-2.0754053531993568,False,3790
3804,2026-09-22,002324,-2.0756324614470807,False,3791
3805,2026-09-22,600569,-2.0825567511443408,False,3792
3806,2026-09-22,603858,-2.0831295624745803,False,3793
3807,2026-09-22,688200,-2.0884030925221939,False,3794
3808,2026-09-22,603903,-2.0885911565165651,True,
3809,2026-09-22,688349,-2.0900824344998568,False,3795
3810,2026-09-22,600826,-2.091995897903792,False,3796
3811,2026-09-22,688551,-2.1002301271906214,False,3797
3812,2026-09-22,603738,-2.1057490042485583,False,3798
3813,2026-09-22,300350,-2.1139798180132132,False,3799
3814,2026-09-22,688019,-2.1151948518939956,False,3800
3815,2026-09-22,002617,-2.1213451118994571,False,3801
3816,2026-09-22,300792,-2.1237099380053275,False,3802
3817,2026-09-22,600651,-2.1266198237737006,False,3803
3818,2026-09-22,300910,-2.1270662394437569,False,3804
3819,2026-09-22,002273,-2.1334707614054866,False,3805
3820,2026-09-22,300101,-2.1365588160136215,False,3806
3821,2026-09-22,300145,-2.1366532801080873,False,3807
3822,2026-09-22,300984,-2.1407394530869848,False,3808
3823,2026-09-22,001280,-2.1425407658846023,False,3809
3824,2026-09-22,688598,-2.1563746499344392,False,3810
3825,2026-09-22,688120,-2.1700227477227507,False,3811
3826,2026-09-22,301238,-2.1713028465154123,False,3812
3827,2026-09-22,300554,-2.1764923885874055,False,3813
3828,2026-09-22,603019,-2.1783306174489274,False,3814
3829,2026-09-22,300655,-2.1798525068712564,False,3815
3830,2026-09-22,002315,-2.1802173743806175,False,3816
3831,2026-09-22,688017,-2.1833494581831734,False,3817
3832,2026-09-22,600637,-2.1846316512467587,False,3818
3833,2026-09-22,002195,-2.1876639113613505,False,3819
3834,2026-09-22,000030,-2.1879171709885896,False,3820
3835,2026-09-22,688135,-2.1879174389509197,False,3821
3836,2026-09-22,300496,-2.1882741167159403,False,3822
3837,2026-09-22,603051,-2.1925998656043273,False,3823
3838,2026-09-22,002151,-2.1954831124984966,False,3824
3839,2026-09-22,688187,-2.1958623250999949,False,3825
3840,2026-09-22,300478,-2.2060754788814791,False,3826
3841,2026-09-22,688002,-2.2088410915438956,False,3827
3842,2026-09-22,301680,-2.2093586172232538,False,3828
3843,2026-09-22,301219,-2.2100315962817896,False,3829
3844,2026-09-22,300113,-2.2122509474138718,False,3830
3845,2026-09-22,002989,-2.2140167610983146,False,3831
3846,2026-09-22,002379,-2.2148017223691028,False,3832
3847,2026-09-22,300400,-2.2187619191315795,False,3833
3848,2026-09-22,605056,-2.2188452787826334,False,3834
3849,2026-09-22,601619,-2.2201920769406605,False,3835
3850,2026-09-22,300131,-2.2278077125353799,False,3836
3851,2026-09-22,000504,-2.228310021178558,True,
3852,2026-09-22,000932,-2.2324305981792909,False,3837
3853,2026-09-22,600707,-2.2354925085051018,False,3838
3854,2026-09-22,605100,-2.2378521610725746,False,3839
3855,2026-09-22,301581,-2.23890618464534,False,3840
3856,2026-09-22,300736,-2.2399567467925952,False,3841
3857,2026-09-22,688567,-2.2405856821210013,False,3842
3858,2026-09-22,300410,-2.2430795026292345,False,3843
3859,2026-09-22,000739,-2.2450269177336377,False,3844
3860,2026-09-22,300077,-2.2466462442074748,False,3845
3861,2026-09-22,603538,-2.2483965349780899,False,3846
3862,2026-09-22,301107,-2.2496798158804237,False,3847
3863,2026-09-22,002232,-2.2555802456302279,False,3848
3864,2026-09-22,300321,-2.2647769350080948,False,3849
3865,2026-09-22,000157,-2.2672818316834205,False,3850
3866,2026-09-22,000156,-2.2715316691525511,False,3851
3867,2026-09-22,002326,-2.2719102230226036,False,3852
3868,2026-09-22,301355,-2.2741280236245078,False,3853
3869,2026-09-22,002902,-2.2747789503383817,False,3854
3870,2026-09-22,600406,-2.2808250215338997,False,3855
3871,2026-09-22,002925,-2.2828849517222203,False,3856
3872,2026-09-22,000679,-2.2930050046973482,False,3857
3873,2026-09-22,300785,-2.2933668338352691,False,3858
3874,2026-09-22,000069,-2.2939411439400801,False,3859
3875,2026-09-22,300119,-2.2959783703149705,False,3860
3876,2026-09-22,301638,-2.2982892117548834,False,3861
3877,2026-09-22,301322,-2.2988595774778426,False,3862
3878,2026-09-22,300096,-2.2994796593602329,False,3863
3879,2026-09-22,688718,-2.3020294146798523,False,3864
3880,2026-09-22,600590,-2.3079560904011664,False,3865
3881,2026-09-22,002869,-2.311652820453022,False,3866
3882,2026-09-22,300729,-2.3129481978462851,False,3867
3883,2026-09-22,600516,-2.3154902985987516,False,3868
3884,2026-09-22,300488,-2.3157391571137711,False,3869
3885,2026-09-22,000875,-2.3182887233995135,False,3870
3886,2026-09-22,603108,-2.3225846318928429,False,3871
3887,2026-09-22,300419,-2.3256896271624754,False,3872
3888,2026-09-22,300665,-2.3265131036423337,False,3873
3889,2026-09-22,300015,-2.3342606964656154,False,3874
3890,2026-09-22,002027,-2.3412854394673541,False,3875
3891,2026-09-22,688083,-2.3444510683836914,False,3876
3892,2026-09-22,300618,-2.3471351608228486,False,3877
3893,2026-09-22,000987,-2.3478490755208332,False,3878
3894,2026-09-22,300569,-2.347949388597371,False,3879
3895,2026-09-22,003022,-2.3487664621615929,False,3880
3896,2026-09-22,300868,-2.3546248583091702,False,3881
3897,2026-09-22,002517,-2.3547970052457776,False,3882
3898,2026-09-22,688261,-2.3555034691433767,False,3883
3899,2026-09-22,002301,-2.3564084489081729,True,
3900,2026-09-22,300571,-2.3589377576539334,False,3884
3901,2026-09-22,002242,-2.3593337382752031,False,3885
3902,2026-09-22,603929,-2.360620320252437,False,3886
3903,2026-09-22,600370,-2.366484909340957,False,3887
3904,2026-09-22,002780,-2.3722975145409655,False,3888
3905,2026-09-22,000839,-2.3756383091076887,False,3889
3906,2026-09-22,300616,-2.3777786209309228,False,3890
3907,2026-09-22,603444,-2.3779590864406033,False,3891
3908,2026-09-22,300097,-2.3818080138649149,False,3892
3909,2026-09-22,000688,-2.3849608168712342,False,3893
3910,2026-09-22,688668,-2.3862186695184686,False,3894
3911,2026-09-22,600981,-2.3949394100800534,False,3895
3912,2026-09-22,688458,-2.3965727748382926,False,3896
3913,2026-09-22,301070,-2.4012853136315941,False,3897
3914,2026-09-22,600067,-2.4016848067953549,False,3898
3915,2026-09-22,002358,-2.4114533597387204,False,3899
3916,2026-09-22,300037,-2.4118125020592243,False,3900
3917,2026-09-22,603350,-2.4223825072301781,False,3901
3918,2026-09-22,301265,-2.4314842986059317,False,3902
3919,2026-09-22,688778,-2.4410572502915926,False,3903
3920,2026-09-22,002028,-2.4499668887753279,False,3904
3921,2026-09-22,600266,-2.4545258671354562,False,3905
3922,2026-09-22,300808,-2.4609534387856238,False,3906
3923,2026-09-22,001896,-2.46098935846691,False,3907
3924,2026-09-22,603218,-2.4617256404523675,False,3908
3925,2026-09-22,300047,-2.4617461516229557,False,3909
3926,2026-09-22,301117,-2.4618322546906977,False,3910
3927,2026-09-22,300322,-2.4651716880288084,False,3911
3928,2026-09-22,301187,-2.4680525373841329,False,3912
3929,2026-09-22,002821,-2.4680604828441135,False,3913
3930,2026-09-22,603120,-2.4784587948883656,False,3914
3931,2026-09-22,300246,-2.4845333638927261,False,3915
3932,2026-09-22,002240,-2.4868779561048155,False,3916
3933,2026-09-22,002338,-2.4873225374063019,False,3917
3934,2026-09-22,688652,-2.4874881266482038,False,3918
3935,2026-09-22,300201,-2.4886049327753543,False,3919
3936,2026-09-22,002205,-2.4887479817558642,False,3920
3937,2026-09-22,601117,-2.4908585715422467,False,3921
3938,2026-09-22,688166,-2.4916826334478515,False,3922
3939,2026-09-22,002368,-2.4926567045550203,False,3923
3940,2026-09-22,000761,-2.4974340533180794,False,3924
3941,2026-09-22,000593,-2.5093044562081435,False,3925
3942,2026-09-22,600549,-2.5139921397091847,False,3926
3943,2026-09-22,002584,-2.5157304141664545,False,3927
3944,2026-09-22,301282,-2.5164127869263351,False,3928
3945,2026-09-22,000921,-2.5191970847008398,False,3929
3946,2026-09-22,000099,-2.5226525728349101,False,3930
3947,2026-09-22,603215,-2.5287269736949876,False,3931
3948,2026-09-22,002508,-2.5386395441534391,False,3932
3949,2026-09-22,300698,-2.538801296245647,False,3933
3950,2026-09-22,000027,-2.5421810632910056,False,3934
3951,2026-09-22,603271,-2.5526837914592564,False,3935
3952,2026-09-22,600579,-2.5586804535418937,False,3936
3953,2026-09-22,002129,-2.5587075224526337,False,3937
3954,2026-09-22,300775,-2.566113260920837,False,3938
3955,2026-09-22,002615,-2.5670683319601424,False,3939
3956,2026-09-22,002145,-2.5678858786290393,False,3940
3957,2026-09-22,301456,-2.5739581935589384,False,3941
3958,2026-09-22,300843,-2.5751459467078766,False,3942
3959,2026-09-22,002592,-2.5791223815771138,False,3943
3960,2026-09-22,002164,-2.5809275293251819,False,3944
3961,2026-09-22,000078,-2.5827511361441751,False,3945
3962,2026-09-22,688062,-2.5862428522717043,False,3946
3963,2026-09-22,688717,-2.5863387377777216,False,3947
3964,2026-09-22,688109,-2.591830399998055,False,3948
3965,2026-09-22,688755,-2.5969198061203542,False,3949
3966,2026-09-22,002446,-2.5970417171311571,False,3950
3967,2026-09-22,301448,-2.60237908504934,False,3951
3968,2026-09-22,301636,-2.6023926382434359,False,3952
3969,2026-09-22,001332,-2.6053137370958952,False,3953
3970,2026-09-22,000727,-2.607596677025195,False,3954
3971,2026-09-22,603061,-2.6178240357275091,False,3955
3972,2026-09-22,600192,-2.6184170541795257,False,3956
3973,2026-09-22,688050,-2.6385081834510808,False,3957
3974,2026-09-22,300249,-2.644766166673858,False,3958
3975,2026-09-22,603798,-2.6525163239970326,False,3959
3976,2026-09-22,688776,-2.6539933868115266,False,3960
3977,2026-09-22,002119,-2.6548547487759544,False,3961
3978,2026-09-22,000970,-2.6593801587232937,False,3962
3979,2026-09-22,300422,-2.6599913808726181,False,3963
3980,2026-09-22,002848,-2.6612513327665317,False,3964
3981,2026-09-22,300045,-2.662920238843947,False,3965
3982,2026-09-22,688036,-2.6637827122583078,False,3966
3983,2026-09-22,688513,-2.6670363146936076,False,3967
3984,2026-09-22,603150,-2.6695704241477749,False,3968
3985,2026-09-22,688180,-2.6708443528551795,False,3969
3986,2026-09-22,300401,-2.675248695235168,False,3970
3987,2026-09-22,600881,-2.6772381317636107,False,3971
3988,2026-09-22,002378,-2.6863086905318179,False,3972
3989,2026-09-22,301363,-2.6867038595548398,False,3973
3990,2026-09-22,688016,-2.6978403297895284,False,3974
3991,2026-09-22,300938,-2.6981103044387509,False,3975
3992,2026-09-22,601231,-2.7034311211958957,False,3976
3993,2026-09-22,300207,-2.7080108469372584,False,3977
3994,2026-09-22,600410,-2.7086834655807062,False,3978
3995,2026-09-22,603225,-2.7132667984569823,False,3979
3996,2026-09-22,000528,-2.7181055827914431,False,3980
3997,2026-09-22,300600,-2.7200198993448939,False,3981
3998,2026-09-22,301092,-2.7208199033400806,False,3982
3999,2026-09-22,002497,-2.725799589269009,False,3983
4000,2026-09-22,688799,-2.7304063178903872,False,3984
4001,2026-09-22,603699,-2.7341596765043272,False,3985
4002,2026-09-22,002132,-2.735181109414234,False,3986
4003,2026-09-22,600184,-2.7384711587827484,False,3987
4004,2026-09-22,300756,-2.7397921913719574,False,3988
4005,2026-09-22,000672,-2.7416495148065749,False,3989
4006,2026-09-22,000680,-2.7416816250435838,False,3990
4007,2026-09-22,300487,-2.7437449351470438,False,3991
4008,2026-09-22,000975,-2.7500210603026329,False,3992
4009,2026-09-22,300303,-2.7615755005262432,False,3993
4010,2026-09-22,000565,-2.7689890098531471,False,3994
4011,2026-09-22,600726,-2.7708631828347881,False,3995
4012,2026-09-22,002148,-2.7800494200534613,False,3996
4013,2026-09-22,002718,-2.7837531662984158,False,3997
4014,2026-09-22,300558,-2.7843099947072711,False,3998
4015,2026-09-22,688686,-2.7851182533887764,False,3999
4016,2026-09-22,300953,-2.7854849483859931,False,4000
4017,2026-09-22,300129,-2.785557491744175,False,4001
4018,2026-09-22,601162,-2.7962964544593025,False,4002
4019,2026-09-22,600502,-2.7985104262469904,False,4003
4020,2026-09-22,002397,-2.8014531570234822,False,4004
4021,2026-09-22,605118,-2.8022593446087694,False,4005
4022,2026-09-22,688498,-2.8032557105425182,False,4006
4023,2026-09-22,603507,-2.805221623044166,False,4007
4024,2026-09-22,002409,-2.8090982617405658,False,4008
4025,2026-09-22,688663,-2.8093898796998902,False,4009
4026,2026-09-22,688721,-2.8113606926373955,False,4010
4027,2026-09-22,688188,-2.8129486672997506,False,4011
4028,2026-09-22,601996,-2.8172175935051347,False,4012
4029,2026-09-22,300706,-2.8172462398220235,False,4013
4030,2026-09-22,688023,-2.8206955778351177,False,4014
4031,2026-09-22,688177,-2.8263818760989885,False,4015
4032,2026-09-22,002674,-2.8267138487296428,False,4016
4033,2026-09-22,300470,-2.8280449682411852,False,4017
4034,2026-09-22,603258,-2.8311299283392435,False,4018
4035,2026-09-22,688396,-2.8358518534433159,False,4019
4036,2026-09-22,688786,-2.8386296019859558,False,4020
4037,2026-09-22,688249,-2.838972095217037,False,4021
4038,2026-09-22,603321,-2.8459010938249509,False,4022
4039,2026-09-22,688258,-2.8501634996396312,False,4023
4040,2026-09-22,603613,-2.8543396598380424,False,4024
4041,2026-09-22,688057,-2.8563832071038142,False,4025
4042,2026-09-22,688209,-2.8610625627364255,False,4026
4043,2026-09-22,603867,-2.8615667231431718,False,4027
4044,2026-09-22,688507,-2.8618342167179485,False,4028
4045,2026-09-22,300263,-2.8659748849936122,False,4029
4046,2026-09-22,000032,-2.8661083826039939,False,4030
4047,2026-09-22,000639,-2.8668086047767369,False,4031
4048,2026-09-22,600155,-2.867863979268555,False,4032
4049,2026-09-22,600603,-2.8695311809860766,False,4033
4050,2026-09-22,688361,-2.8822044651852323,False,4034
4051,2026-09-22,002594,-2.8882973057863168,False,4035
4052,2026-09-22,688676,-2.8929672247856475,False,4036
4053,2026-09-22,688400,-2.894091421981249,False,4037
4054,2026-09-22,300173,-2.9001394011593553,False,4038
4055,2026-09-22,300821,-2.9039196789922261,False,4039
4056,2026-09-22,601127,-2.9040239635219631,False,4040
4057,2026-09-22,301177,-2.9040598573369847,False,4041
4058,2026-09-22,300304,-2.9052275145258895,False,4042
4059,2026-09-22,301196,-2.9056157852457387,False,4043
4060,2026-09-22,600812,-2.9195816594039044,False,4044
4061,2026-09-22,002803,-2.9204760164433021,False,4045
4062,2026-09-22,600369,-2.9237191165682987,False,4046
4063,2026-09-22,688129,-2.9257565187468799,False,4047
4064,2026-09-22,000819,-2.9295901889761784,False,4048
4065,2026-09-22,603815,-2.9296018350210886,False,4049
4066,2026-09-22,300902,-2.9325511889407458,False,4050
4067,2026-09-22,603583,-2.937965666287254,False,4051
4068,2026-09-22,301528,-2.9380104692852576,False,4052
4069,2026-09-22,688719,-2.9409306365240959,False,4053
4070,2026-09-22,001322,-2.941883649258457,True,
4071,2026-09-22,301349,-2.9435044256858056,False,4054
4072,2026-09-22,301273,-2.9446000350195822,False,4055
4073,2026-09-22,000659,-2.944882107998763,False,4056
4074,2026-09-22,301269,-2.9450095240329643,False,4057
4075,2026-09-22,603344,-2.9524498764949447,False,4058
4076,2026-09-22,688223,-2.9526268709026722,False,4059
4077,2026-09-22,300787,-2.9534491758870032,False,4060
4078,2026-09-22,300313,-2.9542512860608605,False,4061
4079,2026-09-22,600392,-2.9556643435621197,False,4062
4080,2026-09-22,000166,-2.9567436624267156,False,4063
4081,2026-09-22,301669,-2.959301499589666,False,4064
4082,2026-09-22,000420,-2.9610737357446126,False,4065
4083,2026-09-22,300014,-2.9641000162680879,False,4066
4084,2026-09-22,002838,-2.9716000787341574,False,4067
4085,2026-09-22,603773,-2.972480736004778,False,4068
4086,2026-09-22,300827,-2.9740471853940491,False,4069
4087,2026-09-22,603650,-2.976001056335754,False,4070
4088,2026-09-22,003004,-2.9781232074511705,False,4071
4089,2026-09-22,600770,-2.9866832227753424,True,
4090,2026-09-22,300991,-2.9911183966512902,False,4072
4091,2026-09-22,688279,-2.9940451520519913,False,4073
4092,2026-09-22,301093,-2.9966152055260897,False,4074
4093,2026-09-22,605336,-2.9986895919972407,False,4075
4094,2026-09-22,600161,-3.0091580896585199,False,4076
4095,2026-09-22,603125,-3.0097747974973528,False,4077
4096,2026-09-22,002939,-3.0112858227440675,False,4078
4097,2026-09-22,688155,-3.0142375508592525,False,4079
4098,2026-09-22,688339,-3.0144416576871556,False,4080
4099,2026-09-22,300661,-3.0147772692531345,False,4081
4100,2026-09-22,688503,-3.017270927090121,False,4082
4101,2026-09-22,688515,-3.0185495671635896,False,4083
4102,2026-09-22,002297,-3.02094682504773,False,4084
4103,2026-09-22,688702,-3.0243792355809931,False,4085
4104,2026-09-22,001339,-3.0267348094372952,False,4086
4105,2026-09-22,688170,-3.0284812046613099,False,4087
4106,2026-09-22,000799,-3.0305198489790328,False,4088
4107,2026-09-22,300314,-3.0311956170830197,False,4089
4108,2026-09-22,603355,-3.0312020917556941,False,4090
4109,2026-09-22,002645,-3.0316941705321541,False,4091
4110,2026-09-22,301379,-3.034534014521407,False,4092
4111,2026-09-22,002779,-3.0400660037462348,False,4093
4112,2026-09-22,605288,-3.0443004285604145,False,4094
4113,2026-09-22,002388,-3.0468821090316647,False,4095
4114,2026-09-22,603980,-3.0542437811960927,False,4096
4115,2026-09-22,301045,-3.0553849577110004,False,4097
4116,2026-09-22,300059,-3.0594324930832215,False,4098
4117,2026-09-22,688115,-3.0603259802147083,False,4099
4118,2026-09-22,688651,-3.0605051532869414,False,4100
4119,2026-09-22,603799,-3.060985043922134,False,4101
4120,2026-09-22,600111,-3.0623441055014204,False,4102
4121,2026-09-22,001203,-3.065792938359162,False,4103
4122,2026-09-22,688082,-3.0701920189271812,False,4104
4123,2026-09-22,000723,-3.0702741439995851,False,4105
4124,2026-09-22,001207,-3.0761146437967395,False,4106
4125,2026-09-22,688052,-3.0766902608871538,False,4107
4126,2026-09-22,003031,-3.0772424835285168,False,4108
4127,2026-09-22,603087,-3.078266279647405,False,4109
4128,2026-09-22,300959,-3.0840913044774223,False,4110
4129,2026-09-22,300302,-3.0844325957596919,False,4111
4130,2026-09-22,688277,-3.084829780101447,False,4112
4131,2026-09-22,002425,-3.0891299129560248,False,4113
4132,2026-09-22,002787,-3.0903991058510538,False,4114
4133,2026-09-22,000034,-3.0909415302093133,False,4115
4134,2026-09-22,688621,-3.094004375406668,False,4116
4135,2026-09-22,300893,-3.0964484255372424,False,4117
4136,2026-09-22,688800,-3.1089170821517449,False,4118
4137,2026-09-22,600376,-3.1132736651424153,False,4119
4138,2026-09-22,600839,-3.1141143663849298,False,4120
4139,2026-09-22,300759,-3.1214415302733114,False,4121
4140,2026-09-22,603615,-3.1280399735349169,False,4122
4141,2026-09-22,000850,-3.1286650548520338,False,4123
4142,2026-09-22,688097,-3.1447731675973767,False,4124
4143,2026-09-22,603300,-3.1499209523939586,False,4125
4144,2026-09-22,600611,-3.1608715082384968,False,4126
4145,2026-09-22,301571,-3.1709291197454101,False,4127
4146,2026-09-22,603008,-3.1719097901263176,False,4128
4147,2026-09-22,601099,-3.1753666161217042,False,4129
4148,2026-09-22,001368,-3.1757862109032278,False,4130
4149,2026-09-22,300378,-3.1791965256511441,False,4131
4150,2026-09-22,688213,-3.1826142123199235,False,4132
4151,2026-09-22,002736,-3.1853863239100368,False,4133
4152,2026-09-22,301522,-3.1868282566319319,False,4134
4153,2026-09-22,603988,-3.188520909278699,False,4135
4154,2026-09-22,000682,-3.1897016221443373,False,4136
4155,2026-09-22,688078,-3.1903999456393977,False,4137
4156,2026-09-22,300493,-3.1943314356323311,False,4138
4157,2026-09-22,688710,-3.1965798950015039,False,4139
4158,2026-09-22,002698,-3.1978694717115181,False,4140
4159,2026-09-22,300170,-3.1991205336548911,False,4141
4160,2026-09-22,002542,-3.2016435580535885,False,4142
4161,2026-09-22,688303,-3.2018597348458542,False,4143
4162,2026-09-22,603068,-3.2038472248603429,True,
4163,2026-09-22,300886,-3.2072261941671778,False,4144
4164,2026-09-22,688981,-3.2189117484448171,False,4145
4165,2026-09-22,300260,-3.2533994812001525,False,4146
4166,2026-09-22,002528,-3.2610367804011071,False,4147
4167,2026-09-22,600391,-3.2622627557599588,False,4148
4168,2026-09-22,605111,-3.2666838144015848,False,4149
4169,2026-09-22,002837,-3.2683987106419368,False,4150
4170,2026-09-22,300346,-3.2689475070830971,False,4151
4171,2026-09-22,600895,-3.2689720679668026,False,4152
4172,2026-09-22,688108,-3.2711518961326771,False,4153
4173,2026-09-22,301031,-3.2741205153312452,False,4154
4174,2026-09-22,002185,-3.2775492261771064,False,4155
4175,2026-09-22,603997,-3.283511448594207,False,4156
4176,2026-09-22,600482,-3.290471033610141,False,4157
4177,2026-09-22,688281,-3.2915487624778321,False,4158
4178,2026-09-22,688382,-3.2947867308315795,False,4159
4179,2026-09-22,300236,-3.3020454774454286,False,4160
4180,2026-09-22,002321,-3.3028997133683515,False,4161
4181,2026-09-22,600284,-3.3033638700558186,False,4162
4182,2026-09-22,600552,-3.3082204236845625,False,4163
4183,2026-09-22,688234,-3.31774134498,False,4164
4184,2026-09-22,300188,-3.3210097942687256,False,4165
4185,2026-09-22,002313,-3.3235133518800044,True,
4186,2026-09-22,301229,-3.3329871040734096,False,4166
4187,2026-09-22,301548,-3.3343474681313898,False,4167
4188,2026-09-22,688282,-3.3358743123918639,False,4168
4189,2026-09-22,002226,-3.3368381548394264,False,4169
4190,2026-09-22,300587,-3.3371470795892924,False,4170
4191,2026-09-22,301252,-3.3408581695207902,False,4171
4192,2026-09-22,688408,-3.3462235880245279,False,4172
4193,2026-09-22,002534,-3.3465713817550635,False,4173
4194,2026-09-22,688712,-3.3588410804332929,False,4174
4195,2026-09-22,300738,-3.3599667874041637,False,4175
4196,2026-09-22,688816,-3.3624258130342213,False,4176
4197,2026-09-22,301529,-3.3630978177078727,False,4177
4198,2026-09-22,600577,-3.3682955635892511,False,4178
4199,2026-09-22,603806,-3.3696954874313443,False,4179
4200,2026-09-22,600587,-3.3698898408631517,False,4180
4201,2026-09-22,300182,-3.3707509140336596,False,4181
4202,2026-09-22,300727,-3.373555439648197,False,4182
4203,2026-09-22,002600,-3.39506082832041,False,4183
4204,2026-09-22,601155,-3.4028446591447974,False,4184
4205,2026-09-22,600864,-3.4048588770796453,False,4185
4206,2026-09-22,688003,-3.4080093099083211,False,4186
4207,2026-09-22,300551,-3.4210321066263676,False,4187
4208,2026-09-22,300873,-3.4286831634006338,False,4188
4209,2026-09-22,688158,-3.4298082361364028,False,4189
4210,2026-09-22,300016,-3.4321462295795273,False,4190
4211,2026-09-22,001259,-3.4363733485045898,False,4191
4212,2026-09-22,002179,-3.4418601079727171,False,4192
4213,2026-09-22,603655,-3.45325573207485,False,4193
4214,2026-09-22,688502,-3.453877231371171,False,4194
4215,2026-09-22,300870,-3.4544645598114077,False,4195
4216,2026-09-22,301236,-3.4547050359802527,False,4196
4217,2026-09-22,002241,-3.4612897809087859,False,4197
4218,2026-09-22,000733,-3.4651481356117118,False,4198
4219,2026-09-22,000960,-3.4759204393258254,False,4199
4220,2026-09-22,002475,-3.4778778792103116,False,4200
4221,2026-09-22,300153,-3.4818371868016365,False,4201
4222,2026-09-22,600510,-3.4819605503053235,False,4202
4223,2026-09-22,300839,-3.4851921726601933,False,4203
4224,2026-09-22,300611,-3.4916101807035989,False,4204
4225,2026-09-22,688093,-3.4988635142522684,False,4205
4226,2026-09-22,300224,-3.5041472369636848,False,4206
4227,2026-09-22,688696,-3.5054642188688394,False,4207
4228,2026-09-22,300031,-3.5078769073510969,False,4208
4229,2026-09-22,301393,-3.5199641674852185,False,4209
4230,2026-09-22,300593,-3.5237447554791137,False,4210
4231,2026-09-22,603069,-3.5269891567867959,False,4211
4232,2026-09-22,600909,-3.5271133997462583,False,4212
4233,2026-09-22,688328,-3.5348764120570033,False,4213
4234,2026-09-22,002139,-3.5399620328549624,False,4214
4235,2026-09-22,000012,-3.5418066908931789,False,4215
4236,2026-09-22,002695,-3.5433725987394644,False,4216
4237,2026-09-22,300568,-3.5475954392558449,False,4217
4238,2026-09-22,605001,-3.5587027938178415,False,4218
4239,2026-09-22,002217,-3.5625556156613429,False,4219
4240,2026-09-22,000669,-3.567782528397339,False,4220
4241,2026-09-22,688309,-3.5734875840853437,False,4221
4242,2026-09-22,601123,-3.5850318799084007,False,4222
4243,2026-09-22,301323,-3.5889052910899384,False,4223
4244,2026-09-22,301262,-3.5917431969669291,False,4224
4245,2026-09-22,300757,-3.5954220570242317,False,4225
4246,2026-09-22,002245,-3.6050869890421788,False,4226
4247,2026-09-22,600396,-3.6064939306784405,False,4227
4248,2026-09-22,002955,-3.6070463480864969,False,4228
4249,2026-09-22,600101,-3.6102810525030256,False,4229
4250,2026-09-22,688828,-3.6134889312708767,False,4230
4251,2026-09-22,600160,-3.6214196029890591,False,4231
4252,2026-09-22,601375,-3.6266861519142828,False,4232
4253,2026-09-22,002150,-3.6283026944582897,False,4233
4254,2026-09-22,300333,-3.6298324249562213,False,4234
4255,2026-09-22,001288,-3.6403478201288051,False,4235
4256,2026-09-22,301563,-3.6410765032398462,False,4236
4257,2026-09-22,002183,-3.6497785755665073,False,4237
4258,2026-09-22,688508,-3.6554141509867568,False,4238
4259,2026-09-22,688197,-3.6565802170687585,False,4239
4260,2026-09-22,688449,-3.6620842442652912,False,4240
4261,2026-09-22,603612,-3.6661043228337742,False,4241
4262,2026-09-22,300229,-3.6666336354989779,False,4242
4263,2026-09-22,688029,-3.6673177673349393,False,4243
4264,2026-09-22,301321,-3.6682099602904681,False,4244
4265,2026-09-22,688099,-3.6697224301460984,False,4245
4266,2026-09-22,603809,-3.677161814253767,False,4246
4267,2026-09-22,300245,-3.6920523849573987,False,4247
4268,2026-09-22,603021,-3.6928421458397387,False,4248
4269,2026-09-22,002422,-3.6934595201552378,False,4249
4270,2026-09-22,688605,-3.69411539433443,False,4250
4271,2026-09-22,688147,-3.6955475024829987,False,4251
4272,2026-09-22,688362,-3.6984195688181156,False,4252
4273,2026-09-22,603039,-3.7075091479799038,True,
4274,2026-09-22,688025,-3.7151625768342988,False,4253
4275,2026-09-22,300820,-3.7243736949310042,False,4254
4276,2026-09-22,301392,-3.7296237110385251,False,4255
4277,2026-09-22,688757,-3.7326509475121723,False,4256
4278,2026-09-22,000721,-3.7365186664258485,False,4257
4279,2026-09-22,000426,-3.740102243558812,False,4258
4280,2026-09-22,600100,-3.7405787530001162,False,4259
4281,2026-09-22,600997,-3.7417352302056064,False,4260
4282,2026-09-22,002438,-3.7433974770453338,False,4261
4283,2026-09-22,000631,-3.7451123671602016,False,4262
4284,2026-09-22,000402,-3.7462972468468902,False,4263
4285,2026-09-22,688626,-3.7469671733553658,False,4264
4286,2026-09-22,600593,-3.7533702877035786,False,4265
4287,2026-09-22,600732,-3.7538476094018134,False,4266
4288,2026-09-22,688531,-3.7668220092148852,False,4267
4289,2026-09-22,002489,-3.7672500589554829,False,4268
4290,2026-09-22,688047,-3.7691208005444579,False,4269
4291,2026-09-22,605186,-3.7716080569885717,False,4270
4292,2026-09-22,601069,-3.7720119606821569,False,4271
4293,2026-09-22,600076,-3.7729647740533063,False,4272
4294,2026-09-22,301315,-3.7743475399737925,False,4273
4295,2026-09-22,300475,-3.7755263962935741,False,4274
4296,2026-09-22,000628,-3.780284064408622,False,4275
4297,2026-09-22,601567,-3.7803454137398775,False,4276
4298,2026-09-22,300948,-3.7827373461652947,False,4277
4299,2026-09-22,600893,-3.7828146088650323,False,4278
4300,2026-09-22,603303,-3.7877946048737909,False,4279
4301,2026-09-22,300490,-3.7895388180739067,False,4280
4302,2026-09-22,688500,-3.7933053848908793,False,4281
4303,2026-09-22,000892,-3.7964710895666389,False,4282
4304,2026-09-22,600208,-3.7966924027243145,False,4283
4305,2026-09-22,605188,-3.7969651564385587,False,4284
4306,2026-09-22,688450,-3.8121640430321921,False,4285
4307,2026-09-22,600362,-3.8141128848820438,False,4286
4308,2026-09-22,601399,-3.8226691974314111,False,4287
4309,2026-09-22,300277,-3.8230255345684863,False,4288
4310,2026-09-22,300657,-3.8311238550218176,False,4289
4311,2026-09-22,001389,-3.8320681556754561,False,4290
4312,2026-09-22,600715,-3.8428093073909424,False,4291
4313,2026-09-22,301259,-3.8542493587319737,False,4292
4314,2026-09-22,300670,-3.8581404754623727,False,4293
4315,2026-09-22,300522,-3.8589507234794382,False,4294
4316,2026-09-22,605277,-3.8597741446970542,False,4295
4317,2026-09-22,001237,-3.862808351694123,False,4296
4318,2026-09-22,002654,-3.8643135510754432,False,4297
4319,2026-09-22,688266,-3.8646701017321936,False,4298
4320,2026-09-22,002426,-3.8697716573951961,False,4299
4321,2026-09-22,300774,-3.8731045654229725,False,4300
4322,2026-09-22,600032,-3.8738299245750389,False,4301
4323,2026-09-22,301108,-3.8747773721013612,False,4302
4324,2026-09-22,688798,-3.8830445445824209,False,4303
4325,2026-09-22,688222,-3.895883059736033,False,4304
4326,2026-09-22,600761,-3.904978308717185,False,4305
4327,2026-09-22,600748,-3.9082132163515961,False,4306
4328,2026-09-22,300998,-3.9155882124023895,False,4307
4329,2026-09-22,600759,-3.9173733158377071,False,4308
4330,2026-09-22,300261,-3.9177672326720199,False,4309
4331,2026-09-22,688102,-3.9217037053913311,False,4310
4332,2026-09-22,601279,-3.9316668954756957,False,4311
4333,2026-09-22,603066,-3.9346706362415524,False,4312
4334,2026-09-22,001979,-3.9438252250811012,False,4313
4335,2026-09-22,600026,-3.9513854372166222,False,4314
4336,2026-09-22,600584,-3.9526921085822107,False,4315
4337,2026-09-22,301017,-3.9597454585335834,False,4316
4338,2026-09-22,000537,-3.9629002339011148,False,4317
4339,2026-09-22,603833,-3.9743149783917753,False,4318
4340,2026-09-22,002465,-3.9772558832895304,False,4319
4341,2026-09-22,688583,-3.9785336761077854,False,4320
4342,2026-09-22,002130,-3.9808859716132425,False,4321
4343,2026-09-22,002015,-3.9837036010163103,False,4322
4344,2026-09-22,001317,-3.9904222615543379,True,
4345,2026-09-22,002348,-3.9910353496488984,False,4323
4346,2026-09-22,600976,-3.996347927664063,False,4324
4347,2026-09-22,603011,-4.0016008651341908,False,4325
4348,2026-09-22,601218,-4.00259118084929,False,4326
4349,2026-09-22,301280,-4.0063545157116787,False,4327
4350,2026-09-22,002371,-4.011002196059728,False,4328
4351,2026-09-22,002171,-4.0126563911524453,False,4329
4352,2026-09-22,688206,-4.0260962170353922,False,4330
4353,2026-09-22,688056,-4.0265479808504985,False,4331
4354,2026-09-22,002246,-4.0266468414822629,False,4332
4355,2026-09-22,300373,-4.0294423387318918,False,4333
4356,2026-09-22,000552,-4.0329247715731045,False,4334
4357,2026-09-22,603688,-4.0446112237510548,False,4335
4358,2026-09-22,002042,-4.0484352248438551,False,4336
4359,2026-09-22,300050,-4.0505343102906135,False,4337
4360,2026-09-22,300790,-4.0580095193339352,False,4338
4361,2026-09-22,300223,-4.0638907086117877,False,4339
4362,2026-09-22,688548,-4.0652479191298525,False,4340
4363,2026-09-22,688343,-4.0661472429848864,False,4341
4364,2026-09-22,300649,-4.0946693644547443,False,4342
4365,2026-09-22,688233,-4.0980399590243497,False,4343
4366,2026-09-22,300035,-4.1052136156047743,False,4344
4367,2026-09-22,688323,-4.1103473606451209,False,4345
4368,2026-09-22,300503,-4.1357102650939064,False,4346
4369,2026-09-22,688141,-4.1375923965209562,False,4347
4370,2026-09-22,601138,-4.1377916554133076,False,4348
4371,2026-09-22,300398,-4.1470021622865012,False,4349
4372,2026-09-22,603999,-4.1560574522255669,False,4350
4373,2026-09-22,300323,-4.1666072756259629,False,4351
4374,2026-09-22,001696,-4.1676730113166904,False,4352
4375,2026-09-22,300782,-4.1687603487076741,False,4353
4376,2026-09-22,688012,-4.1723700587678403,False,4354
4377,2026-09-22,603311,-4.174704507917653,False,4355
4378,2026-09-22,603530,-4.1748094308819432,False,4356
4379,2026-09-22,605168,-4.1795497137452742,False,4357
4380,2026-09-22,605589,-4.1908860905950007,False,4358
4381,2026-09-22,002768,-4.1912257286806405,True,
4382,2026-09-22,001233,-4.1958342289293604,False,4359
4383,2026-09-22,601611,-4.2083604508023598,False,4360
4384,2026-09-22,600110,-4.2113047380513464,False,4361
4385,2026-09-22,605358,-4.2182078988076332,False,4362
4386,2026-09-22,600673,-4.2251252427872057,False,4363
4387,2026-09-22,002963,-4.2292304612021097,False,4364
4388,2026-09-22,002909,-4.2315116824151815,False,4365
4389,2026-09-22,002640,-4.2415396084840822,False,4366
4390,2026-09-22,688409,-4.242490749726497,False,4367
4391,2026-09-22,688380,-4.2502113487129476,False,4368
4392,2026-09-22,301382,-4.2505472586073241,False,4369
4393,2026-09-22,300676,-4.2521615749554824,False,4370
4394,2026-09-22,300689,-4.2530833171450002,False,4371
4395,2026-09-22,603109,-4.2555831286195485,False,4372
4396,2026-09-22,000938,-4.2559775751509932,False,4373
4397,2026-09-22,002169,-4.2615882114095349,False,4374
4398,2026-09-22,603124,-4.2661949382899929,False,4375
4399,2026-09-22,300627,-4.2663076919167251,False,4376
4400,2026-09-22,002601,-4.2684845246969161,False,4377
4401,2026-09-22,688105,-4.2699424506322989,False,4378
4402,2026-09-22,300720,-4.276774291363723,False,4379
4403,2026-09-22,300226,-4.2777957007911329,False,4380
4404,2026-09-22,603559,-4.2780289912232394,False,4381
4405,2026-09-22,001215,-4.2786714144914209,False,4382
4406,2026-09-22,688399,-4.292393050258891,False,4383
4407,2026-09-22,688669,-4.293822351803426,False,4384
4408,2026-09-22,002501,-4.2947151392912009,False,4385
4409,2026-09-22,688257,-4.3026032610032283,False,4386
4410,2026-09-22,002339,-4.3076538970500078,False,4387
4411,2026-09-22,600196,-4.3091644932827862,False,4388
4412,2026-09-22,300913,-4.3125269351518059,False,4389
4413,2026-09-22,688373,-4.3170155841724283,False,4390
4414,2026-09-22,002650,-4.3183657179999191,False,4391
4415,2026-09-22,000737,-4.3220137579621216,False,4392
4416,2026-09-22,300088,-4.3230873633318678,False,4393
4417,2026-09-22,600667,-4.3236332980005781,False,4394
4418,2026-09-22,688336,-4.3243043038533138,False,4395
4419,2026-09-22,600259,-4.3349534785606485,False,4396
4420,2026-09-22,688385,-4.3384314107123725,False,4397
4421,2026-09-22,688226,-4.3515317332218384,False,4398
4422,2026-09-22,600725,-4.3531974685550896,False,4399
4423,2026-09-22,001248,-4.3747014640870416,False,4400
4424,2026-09-22,688230,-4.3786248883540448,False,4401
4425,2026-09-22,688267,-4.3798614531426923,False,4402
4426,2026-09-22,002364,-4.3852119349691616,False,4403
4427,2026-09-22,688499,-4.3925376523300415,False,4404
4428,2026-09-22,002268,-4.4019645821990396,False,4405
4429,2026-09-22,600468,-4.4088605213425165,False,4406
4430,2026-09-22,301398,-4.4108538949313454,False,4407
4431,2026-09-22,688378,-4.4163881083803131,False,4408
4432,2026-09-22,301210,-4.4330831381618072,False,4409
4433,2026-09-22,688195,-4.4374416531803345,False,4410
4434,2026-09-22,301251,-4.4422431875964756,False,4411
4435,2026-09-22,300339,-4.4451398045373089,False,4412
4436,2026-09-22,300382,-4.4637590015650872,False,4413
4437,2026-09-22,300976,-4.470955034715951,False,4414
4438,2026-09-22,688561,-4.4724832237015573,False,4415
4439,2026-09-22,600416,-4.4776963419849007,False,4416
4440,2026-09-22,300436,-4.4813878571877801,False,4417
4441,2026-09-22,688563,-4.4865841326899751,False,4418
4442,2026-09-22,002466,-4.5051046596001481,False,4419
4443,2026-09-22,688690,-4.5062904979658089,False,4420
4444,2026-09-22,300433,-4.5072808697124849,False,4421
4445,2026-09-22,301110,-4.5135159118529646,False,4422
4446,2026-09-22,001359,-4.5229350726024222,False,4423
4447,2026-09-22,300685,-4.5295022916952625,False,4424
4448,2026-09-22,002975,-4.5318616674992125,False,4425
4449,2026-09-22,301362,-4.5332453969758397,False,4426
4450,2026-09-22,605378,-4.533674696614387,False,4427
4451,2026-09-22,002708,-4.5362621039009472,False,4428
4452,2026-09-22,300936,-4.5381941530908243,False,4429
4453,2026-09-22,301018,-4.5479659721354562,False,4430
4454,2026-09-22,688689,-4.5528699001151498,False,4431
4455,2026-09-22,600148,-4.5543795277183206,False,4432
4456,2026-09-22,002259,-4.5586567881925593,True,
4457,2026-09-22,601112,-4.5695337189999172,False,4433
4458,2026-09-22,301099,-4.5732892188281831,False,4434
4459,2026-09-22,301198,-4.5770956187798575,False,4435
4460,2026-09-22,688790,-4.578806630432549,False,4436
4461,2026-09-22,000766,-4.5796424180958075,False,4437
4462,2026-09-22,002531,-4.5842645028346585,False,4438
4463,2026-09-22,301307,-4.5849921199376507,False,4439
4464,2026-09-22,002131,-4.5872708196039582,False,4440
4465,2026-09-22,002146,-4.5905370914761132,False,4441
4466,2026-09-22,300779,-4.5911579299936465,False,4442
4467,2026-09-22,600345,-4.5958208418164466,False,4443
4468,2026-09-22,603033,-4.5990893744237109,False,4444
4469,2026-09-22,002290,-4.5995167871171549,True,
4470,2026-09-22,002990,-4.6005457242800771,False,4445
4471,2026-09-22,688520,-4.6012144456241284,False,4446
4472,2026-09-22,600698,-4.6021185078125484,False,4447
4473,2026-09-22,001356,-4.6086515625237636,False,4448
4474,2026-09-22,300747,-4.6088854697895973,False,4449
4475,2026-09-22,603468,-4.610369615841508,False,4450
4476,2026-09-22,301468,-4.6125869684481122,False,4451
4477,2026-09-22,002468,-4.6212004368002901,False,4452
4478,2026-09-22,002366,-4.6227794892606111,False,4453
4479,2026-09-22,002353,-4.6277835408594523,False,4454
4480,2026-09-22,002653,-4.6285808637250794,False,4455
4481,2026-09-22,300879,-4.6448525341390585,False,4456
4482,2026-09-22,600604,-4.6490097795366072,False,4457
4483,2026-09-22,688729,-4.6493539257646752,False,4458
4484,2026-09-22,301498,-4.6522191092241574,False,4459
4485,2026-09-22,300666,-4.6559447176686053,False,4460
4486,2026-09-22,301285,-4.6593231703747353,False,4461
4487,2026-09-22,601012,-4.6624426457262249,False,4462
4488,2026-09-22,003033,-4.6740775648553257,False,4463
4489,2026-09-22,603439,-4.6825356869601364,False,4464
4490,2026-09-22,600777,-4.6837638220131108,False,4465
4491,2026-09-22,603031,-4.6839639447446935,False,4466
4492,2026-09-22,002851,-4.6876470976833451,False,4467
4493,2026-09-22,603938,-4.6882872202319463,False,4468
4494,2026-09-22,688538,-4.6984430437182745,False,4469
4495,2026-09-22,300430,-4.7060817657550116,False,4470
4496,2026-09-22,002062,-4.710309299189559,False,4471
4497,2026-09-22,688596,-4.7141845021979005,False,4472
4498,2026-09-22,002323,-4.7152684387255519,False,4473
4499,2026-09-22,002980,-4.7187284265655416,False,4474
4500,2026-09-22,301568,-4.7208400017399725,False,4475
4501,2026-09-22,600126,-4.7213469872173999,False,4476
4502,2026-09-22,300659,-4.7307543003448682,False,4477
4503,2026-09-22,603093,-4.7349578874845735,False,4478
4504,2026-09-22,002276,-4.7352404404714443,False,4479
4505,2026-09-22,688072,-4.7449159565545767,False,4480
4506,2026-09-22,603986,-4.7529468278836555,False,4481
4507,2026-09-22,600888,-4.7548049729075146,False,4482
4508,2026-09-22,002429,-4.7654628530657908,False,4483
4509,2026-09-22,603285,-4.7823356806749411,False,4484
4510,2026-09-22,600316,-4.7843849812566015,False,4485
4511,2026-09-22,688352,-4.7889123724451821,False,4486
4512,2026-09-22,688068,-4.7894287547777576,False,4487
4513,2026-09-22,300244,-4.7907310263063589,False,4488
4514,2026-09-22,603160,-4.7956329171983691,False,4489
4515,2026-09-22,300308,-4.7956368070774182,False,4490
4516,2026-09-22,001267,-4.8049997820241943,False,4491
4517,2026-09-22,600301,-4.8070173669569689,False,4492
4518,2026-09-22,301061,-4.8132709887723282,False,4493
4519,2026-09-22,600683,-4.8140637792807439,False,4494
4520,2026-09-22,301171,-4.8150998047318474,False,4495
4521,2026-09-22,603313,-4.8196784090857872,False,4496
4522,2026-09-22,300363,-4.8229793782233354,False,4497
4523,2026-09-22,300811,-4.8302637455341326,False,4498
4524,2026-09-22,603138,-4.8554516162857162,False,4499
4525,2026-09-22,300863,-4.879391853656033,False,4500
4526,2026-09-22,002774,-4.8838801826713913,False,4501
4527,2026-09-22,300836,-4.8932388857230809,False,4502
4528,2026-09-22,300480,-4.8980308483095492,False,4503
4529,2026-09-22,300076,-4.9003644282504677,False,4504
4530,2026-09-22,600616,-4.9016564391472031,False,4505
4531,2026-09-22,002790,-4.9162884364069104,False,4506
4532,2026-09-22,688469,-4.9219093470293274,False,4507
4533,2026-09-22,603038,-4.9298447250346378,False,4508
4534,2026-09-22,600884,-4.9402232364251599,False,4509
4535,2026-09-22,600588,-4.9405806286755984,False,4510
4536,2026-09-22,688501,-4.942926610125653,False,4511
4537,2026-09-22,688332,-4.9444165170169274,False,4512
4538,2026-09-22,688183,-4.9486781889692963,False,4513
4539,2026-09-22,002831,-4.9588150745984265,False,4514
4540,2026-09-22,688478,-4.9667053802265944,False,4515
4541,2026-09-22,605178,-4.9686464113856106,True,
4542,2026-09-22,603156,-4.9695450435272068,False,4516
4543,2026-09-22,600835,-4.9855710790023302,False,4517
4544,2026-09-22,002281,-4.986322641544163,False,4518
4545,2026-09-22,600418,-4.9895008724465235,True,
4546,2026-09-22,300437,-5.0061196996684529,False,4519
4547,2026-09-22,688311,-5.008793684256049,False,4520
4548,2026-09-22,001220,-5.0173478773389775,False,4521
4549,2026-09-22,000158,-5.0222533588004943,False,4522
4550,2026-09-22,688711,-5.0574555084539785,False,4523
4551,2026-09-22,000681,-5.0652889337395468,False,4524
4552,2026-09-22,002670,-5.0734460818013396,False,4525
4553,2026-09-22,301046,-5.0794690008409855,False,4526
4554,2026-09-22,000793,-5.0839215668414557,False,4527
4555,2026-09-22,605117,-5.0982831894336016,False,4528
4556,2026-09-22,603678,-5.0989683622934354,False,4529
4557,2026-09-22,301513,-5.1035037574677515,False,4530
4558,2026-09-22,688163,-5.1064615446363639,False,4531
4559,2026-09-22,002734,-5.1076935579131941,False,4532
4560,2026-09-22,603267,-5.1111183093212222,False,4533
4561,2026-09-22,300424,-5.1268978045021543,False,4534
4562,2026-09-22,600108,-5.1279081063629999,False,4535
4563,2026-09-22,688208,-5.1333113207332008,False,4536
4564,2026-09-22,688525,-5.1387521674833563,False,4537
4565,2026-09-22,002614,-5.1473001401239076,True,
4566,2026-09-22,688765,-5.1511869979908242,False,4538
4567,2026-09-22,000610,-5.1514226983478091,False,4539
4568,2026-09-22,601595,-5.1542342734811779,False,4540
4569,2026-09-22,600629,-5.1564137607993246,False,4541
4570,2026-09-22,002632,-5.1653882185092082,False,4542
4571,2026-09-22,300857,-5.1661798822442782,False,4543
4572,2026-09-22,600702,-5.1672684150324812,False,4544
4573,2026-09-22,301383,-5.1909408084222672,False,4545
4574,2026-09-22,300331,-5.1937460456504532,False,4546
4575,2026-09-22,688635,-5.1953948891279387,False,4547
4576,2026-09-22,301360,-5.1984022335664939,False,4548
4577,2026-09-22,301123,-5.2024995985287097,False,4549
4578,2026-09-22,001309,-5.2047296991177827,False,4550
4579,2026-09-22,300960,-5.2332367390059087,False,4551
4580,2026-09-22,605069,-5.2339136117683598,False,4552
4581,2026-09-22,002230,-5.2387519267384359,False,4553
4582,2026-09-22,600500,-5.2414795833420023,False,4554
4583,2026-09-22,300457,-5.2465972832374899,False,4555
4584,2026-09-22,301305,-5.2576755589590967,False,4556
4585,2026-09-22,000889,-5.2646971242175216,False,4557
4586,2026-09-22,301281,-5.2919517213253204,False,4558
4587,2026-09-22,605068,-5.2992871082759301,False,4559
4588,2026-09-22,600540,-5.3005048555851904,False,4560
4589,2026-09-22,603983,-5.3160540547762292,False,4561
4590,2026-09-22,600537,-5.3177491947892301,False,4562
4591,2026-09-22,603859,-5.3191284654384923,False,4563
4592,2026-09-22,600609,-5.3216903002606966,False,4564
4593,2026-09-22,300056,-5.3342323425143769,False,4565
4594,2026-09-22,300264,-5.3365631659604515,False,4566
4595,2026-09-22,002500,-5.3385836393253649,False,4567
4596,2026-09-22,603777,-5.3428618391045664,False,4568
4597,2026-09-22,001365,-5.3461086839482554,False,4569
4598,2026-09-22,301592,-5.3472350642944884,False,4570
4599,2026-09-22,000595,-5.3494992029178645,True,
4600,2026-09-22,688808,-5.3495460827389172,False,4571
4601,2026-09-22,300142,-5.3603684546169772,False,4572
4602,2026-09-22,600400,-5.3663650595037975,False,4573
4603,2026-09-22,603067,-5.3710916430617521,False,4574
4604,2026-09-22,002008,-5.3723606125461441,False,4575
4605,2026-09-22,301312,-5.3815123803398439,False,4576
4606,2026-09-22,688216,-5.3869772997365377,False,4577
4607,2026-09-22,301235,-5.4054117957495622,False,4578
4608,2026-09-22,300409,-5.4083801169364065,False,4579
4609,2026-09-22,688795,-5.4143181280362205,False,4580
4610,2026-09-22,688059,-5.4151808668632917,False,4581
4611,2026-09-22,300950,-5.4155968293252297,False,4582
4612,2026-09-22,000029,-5.4225164601590796,False,4583
4613,2026-09-22,002667,-5.4236234328982942,False,4584
4614,2026-09-22,300073,-5.4271384917079475,False,4585
4615,2026-09-22,300975,-5.4414267793204836,False,4586
4616,2026-09-22,300390,-5.4445661160375511,False,4587
4617,2026-09-22,300702,-5.446105156873573,False,4588
4618,2026-09-22,603888,-5.4517330475396442,False,4589
4619,2026-09-22,688121,-5.4577797703417845,False,4590
4620,2026-09-22,600778,-5.4709356033742669,False,4591
4621,2026-09-22,600675,-5.4722015268280018,False,4592
4622,2026-09-22,688231,-5.4772971083860824,False,4593
4623,2026-09-22,300461,-5.4993301713919509,False,4594
4624,2026-09-22,301338,-5.5092642842692072,False,4595
4625,2026-09-22,300136,-5.5118560813332875,False,4596
4626,2026-09-22,688766,-5.5128879907550559,False,4597
4627,2026-09-22,603118,-5.5132642144517012,False,4598
4628,2026-09-22,601360,-5.5258889247224747,False,4599
4629,2026-09-22,301356,-5.5429968997901851,False,4600
4630,2026-09-22,300939,-5.5519620531348188,False,4601
4631,2026-09-22,688636,-5.5595668814937129,False,4602
4632,2026-09-22,002011,-5.5634807445491923,False,4603
4633,2026-09-22,603626,-5.5963443652287479,False,4604
4634,2026-09-22,300619,-5.6001748447713373,False,4605
4635,2026-09-22,002589,-5.6485410768826139,False,4606
4636,2026-09-22,300688,-5.64985734305617,False,4607
4637,2026-09-22,301222,-5.6536104409391026,False,4608
4638,2026-09-22,600685,-5.6752867169528356,False,4609
4639,2026-09-22,603112,-5.6813587561868886,False,4610
4640,2026-09-22,603236,-5.691033779055676,False,4611
4641,2026-09-22,688727,-5.6918552628371959,False,4612
4642,2026-09-22,301055,-5.6953915694393249,False,4613
4643,2026-09-22,000711,-5.7065710939142891,False,4614
4644,2026-09-22,601579,-5.707530549917168,False,4615
4645,2026-09-22,300548,-5.7113932266705474,False,4616
4646,2026-09-22,688797,-5.7199838116735346,False,4617
4647,2026-09-22,002897,-5.7390434657978506,False,4618
4648,2026-09-22,301373,-5.7434131009892901,False,4619
4649,2026-09-22,301209,-5.7449230646399876,False,4620
4650,2026-09-22,688192,-5.7470751613060616,False,4621
4651,2026-09-22,300042,-5.7608891076114492,False,4622
4652,2026-09-22,688090,-5.7639033037051881,False,4623
4653,2026-09-22,301518,-5.7682708756159125,False,4624
4654,2026-09-22,688388,-5.7756585931095925,False,4625
4655,2026-09-22,300860,-5.7808349832512373,False,4626
4656,2026-09-22,603336,-5.7885339236545734,False,4627
4657,2026-09-22,688365,-5.7922926720207926,False,4628
4658,2026-09-22,600226,-5.8015609114535422,False,4629
4659,2026-09-22,300347,-5.8022787047102424,False,4630
4660,2026-09-22,300199,-5.80617258917811,False,4631
4661,2026-09-22,605366,-5.8183222940812405,False,4632
4662,2026-09-22,002082,-5.8397818919483502,True,
4663,2026-09-22,688590,-5.8473571394185351,False,4633
4664,2026-09-22,002938,-5.8525313506332175,False,4634
4665,2026-09-22,603421,-5.8532293642466167,False,4635
4666,2026-09-22,002093,-5.8532807827260367,False,4636
4667,2026-09-22,000596,-5.8536754306897611,False,4637
4668,2026-09-22,600619,-5.8552932051679107,False,4638
4669,2026-09-22,688627,-5.8567238602103808,False,4639
4670,2026-09-22,300266,-5.8572912770925543,False,4640
4671,2026-09-22,002915,-5.871983163086373,False,4641
4672,2026-09-22,688313,-5.8855553372479417,False,4642
4673,2026-09-22,300981,-5.8898228574193334,False,4643
4674,2026-09-22,601872,-5.9102254194412982,False,4644
4675,2026-09-22,600359,-5.9208478996699858,False,4645
4676,2026-09-22,300456,-5.9249078702057174,False,4646
4677,2026-09-22,600551,-5.9257320362508956,False,4647
4678,2026-09-22,000021,-5.9268667791139027,False,4648
4679,2026-09-22,301130,-5.9377512514403019,False,4649
4680,2026-09-22,300802,-5.9452946205147752,False,4650
4681,2026-09-22,688545,-5.9540847426079999,False,4651
4682,2026-09-22,002927,-5.9635333201191871,False,4652
4683,2026-09-22,600894,-5.9685860828512496,False,4653
4684,2026-09-22,300474,-5.9687397530140016,False,4654
4685,2026-09-22,003005,-5.9754762794107457,False,4655
4686,2026-09-22,002156,-5.9781330592745832,False,4656
4687,2026-09-22,603293,-5.9835115071772353,False,4657
4688,2026-09-22,002726,-5.9873711072538622,False,4658
4689,2026-09-22,600206,-5.9877087535689153,False,4659
4690,2026-09-22,300443,-5.9906578740963718,False,4660
4691,2026-09-22,603228,-5.9956224923801358,False,4661
4692,2026-09-22,002192,-6.0028469166043372,False,4662
4693,2026-09-22,002467,-6.0438856143074329,True,
4694,2026-09-22,002389,-6.0488329374182506,False,4663
4695,2026-09-22,002051,-6.0496769716518113,False,4664
4696,2026-09-22,688628,-6.0531479872168337,False,4665
4697,2026-09-22,300567,-6.08816152310402,False,4666
4698,2026-09-22,300869,-6.0991600950664537,False,4667
4699,2026-09-22,688353,-6.1024552859791408,False,4668
4700,2026-09-22,605398,-6.1145686475158083,True,
4701,2026-09-22,302132,-6.1194850213855352,False,4669
4702,2026-09-22,301316,-6.1284821918734176,False,4670
4703,2026-09-22,603693,-6.1380842474260691,False,4671
4704,2026-09-22,688041,-6.1391212544106057,False,4672
4705,2026-09-22,688225,-6.14085601690328,False,4673
4706,2026-09-22,688383,-6.1488587824227565,False,4674
4707,2026-09-22,300504,-6.1565390632881689,False,4675
4708,2026-09-22,600389,-6.1571703881158477,False,4676
4709,2026-09-22,002518,-6.1692726251180545,False,4677
4710,2026-09-22,600383,-6.1827939953518944,False,4678
4711,2026-09-22,300469,-6.1950670887230732,False,4679
4712,2026-09-22,300083,-6.1963411903988819,False,4680
4713,2026-09-22,688530,-6.2016954522876304,False,4681
4714,2026-09-22,300835,-6.2077658059593324,False,4682
4715,2026-09-22,688611,-6.239278916906577,False,4683
4716,2026-09-22,688297,-6.2416257606002086,False,4684
4717,2026-09-22,002289,-6.2436978215052257,False,4685
4718,2026-09-22,301190,-6.2471678763094944,False,4686
4719,2026-09-22,688315,-6.266200929811701,False,4687
4720,2026-09-22,688127,-6.2840596596184852,False,4688
4721,2026-09-22,301150,-6.3003600167996474,False,4689
4722,2026-09-22,688661,-6.3003718644809181,False,4690
4723,2026-09-22,000656,-6.3027054602587578,False,4691
4724,2026-09-22,600113,-6.3096115241819168,False,4692
4725,2026-09-22,600340,-6.3148893856365493,False,4693
4726,2026-09-22,688337,-6.3422489918897158,False,4694
4727,2026-09-22,301611,-6.343155130851228,False,4695
4728,2026-09-22,688768,-6.354206527797615,False,4696
4729,2026-09-22,688356,-6.3565384314789659,False,4697
4730,2026-09-22,002735,-6.3711161344659182,False,4698
4731,2026-09-22,300798,-6.3884305996804631,False,4699
4732,2026-09-22,000657,-6.4019854397138065,False,4700
4733,2026-09-22,600498,-6.4147611728680225,False,4701
4734,2026-09-22,300489,-6.4283522740432328,False,4702
4735,2026-09-22,301071,-6.4370562354708873,False,4703
4736,2026-09-22,600734,-6.4403930020603637,False,4704
4737,2026-09-22,300283,-6.4509016652137712,False,4705
4738,2026-09-22,688610,-6.4644876244354599,False,4706
4739,2026-09-22,301095,-6.4646797953183004,False,4707
4740,2026-09-22,002945,-6.4705567514395419,False,4708
4741,2026-09-22,301300,-6.4835166089918292,False,4709
4742,2026-09-22,301297,-6.4841644130984735,False,4710
4743,2026-09-22,002558,-6.4901646523584091,False,4711
4744,2026-09-22,300418,-6.491168989527468,False,4712
4745,2026-09-22,601519,-6.4964999329977413,False,4713
4746,2026-09-22,301389,-6.5032116794442043,False,4714
4747,2026-09-22,000973,-6.5047925789288961,False,4715
4748,2026-09-22,002222,-6.5181348240731563,False,4716
4749,2026-09-22,300085,-6.5220643490734824,False,4717
4750,2026-09-22,688428,-6.5270853001270623,False,4718
4751,2026-09-22,688091,-6.5350319147806228,False,4719
4752,2026-09-22,300001,-6.5375240561112884,False,4720
4753,2026-09-22,301325,-6.5391868039936236,False,4721
4754,2026-09-22,688680,-6.5479843426088342,False,4722
4755,2026-09-22,002522,-6.5491721358990942,False,4723
4756,2026-09-22,300903,-6.5526504271160491,False,4724
4757,2026-09-22,300716,-6.5642745087601115,False,4725
4758,2026-09-22,600403,-6.5658370592042425,True,
4759,2026-09-22,300819,-6.5861274534274825,False,4726
4760,2026-09-22,301369,-6.6029613800236842,False,4727
4761,2026-09-22,688600,-6.6089876725100325,False,4728
4762,2026-09-22,603376,-6.616399206532698,False,4729
4763,2026-09-22,600880,-6.6225718399006261,False,4730
4764,2026-09-22,000031,-6.6262206074623018,False,4731
4765,2026-09-22,300951,-6.6277361077574692,False,4732
4766,2026-09-22,002679,-6.635014557415861,False,4733
4767,2026-09-22,688448,-6.6410068602676535,False,4734
4768,2026-09-22,300491,-6.6652287803752852,False,4735
4769,2026-09-22,600095,-6.6761733023252461,False,4736
4770,2026-09-22,600606,-6.6809339005563864,False,4737
4771,2026-09-22,300518,-6.7017744496632323,False,4738
4772,2026-09-22,002565,-6.7042195856093212,False,4739
4773,2026-09-22,002757,-6.7183974250887157,True,
4774,2026-09-22,688238,-6.7279068605505801,False,4740
4775,2026-09-22,000768,-6.7359166666273289,False,4741
4776,2026-09-22,688535,-6.7377580415485951,False,4742
4777,2026-09-22,600744,-6.7439553773054355,False,4743
4778,2026-09-22,002463,-6.7629864152877097,False,4744
4779,2026-09-22,688319,-6.7685144799390242,False,4745
4780,2026-09-22,002005,-6.7716141261815208,False,4746
4781,2026-09-22,688167,-6.7801641309681706,False,4747
4782,2026-09-22,002846,-6.7992310923331649,False,4748
4783,2026-09-22,300814,-6.8020574714260462,False,4749
4784,2026-09-22,603601,-6.8054301083462221,False,4750
4785,2026-09-22,600847,-6.8155336507660955,False,4751
4786,2026-09-22,300566,-6.8213125676563235,False,4752
4787,2026-09-22,600589,-6.8214278408223015,False,4753
4788,2026-09-22,605177,-6.824291710636178,False,4754
4789,2026-09-22,301115,-6.8502851104142302,False,4755
4790,2026-09-22,688046,-6.8556953826105396,False,4756
4791,2026-09-22,300969,-6.8619846200233789,False,4757
4792,2026-09-22,600505,-6.8675857102806823,False,4758
4793,2026-09-22,002981,-6.9068887842290758,False,4759
4794,2026-09-22,003002,-6.9296520192553803,False,4760
4795,2026-09-22,300634,-6.935547119949244,False,4761
4796,2026-09-22,300672,-6.942971022490668,False,4762
4797,2026-09-22,301205,-6.9507541349741455,False,4763
4798,2026-09-22,000010,-6.9619407997269542,False,4764
4799,2026-09-22,002201,-6.9801318183626613,False,4765
4800,2026-09-22,300850,-6.9802317406458299,False,4766
4801,2026-09-22,300499,-6.996585307638199,False,4767
4802,2026-09-22,002560,-7.003260452395633,False,4768
4803,2026-09-22,001399,-7.0212159544257897,False,4769
4804,2026-09-22,002335,-7.0234022858042211,False,4770
4805,2026-09-22,002249,-7.0298533218720509,False,4771
4806,2026-09-22,300364,-7.0303555388264947,False,4772
4807,2026-09-22,603358,-7.0422680048724784,False,4773
4808,2026-09-22,688293,-7.05494876872676,False,4774
4809,2026-09-22,688296,-7.0625561391695078,False,4775
4810,2026-09-22,003036,-7.0679082478408013,False,4776
4811,2026-09-22,688207,-7.0809524884832298,False,4777
4812,2026-09-22,603115,-7.0936023164036435,False,4778
4813,2026-09-22,301013,-7.1149551789392831,False,4779
4814,2026-09-22,688248,-7.1308659514208825,False,4780
4815,2026-09-22,300647,-7.1363490244630903,False,4781
4816,2026-09-22,688820,-7.1466516774686113,False,4782
4817,2026-09-22,688809,-7.1537066088163543,False,4783
4818,2026-09-22,600021,-7.155326355192086,False,4784
4819,2026-09-22,000718,-7.1708319037598027,False,4785
4820,2026-09-22,301531,-7.1954896080347659,False,4786
4821,2026-09-22,300502,-7.1960995472608111,False,4787
4822,2026-09-22,688037,-7.2421620184908733,False,4788
4823,2026-09-22,002631,-7.2493174784313554,False,4789
4824,2026-09-22,605198,-7.249717071527801,False,4790
4825,2026-09-22,300285,-7.2561855592007038,False,4791
4826,2026-09-22,301628,-7.2749980641947092,False,4792
4827,2026-09-22,600745,-7.2757490113458179,False,4793
4828,2026-09-22,301275,-7.2813389775189092,False,4794
4829,2026-09-22,603226,-7.2889969539014086,False,4795
4830,2026-09-22,600048,-7.3068224646111819,False,4796
4831,2026-09-22,002367,-7.3277650592336094,False,4797
4832,2026-09-22,000510,-7.3625541041102895,False,4798
4833,2026-09-22,300530,-7.3839245126284725,False,4799
4834,2026-09-22,688435,-7.386717112316199,False,4800
4835,2026-09-22,300243,-7.4031857229547358,False,4801
4836,2026-09-22,002295,-7.419598007255888,False,4802
4837,2026-09-22,301500,-7.4244815122457251,False,4803
4838,2026-09-22,002074,-7.4364292779585304,False,4804
4839,2026-09-22,600903,-7.437561644298035,False,4805
4840,2026-09-22,300681,-7.4475655137742001,False,4806
4841,2026-09-22,300626,-7.4554674655261044,False,4807
4842,2026-09-22,300737,-7.4585997132501243,False,4808
4843,2026-09-22,300137,-7.4621490345650567,False,4809
4844,2026-09-22,688256,-7.4666206680710161,False,4810
4845,2026-09-22,300017,-7.4871028168112508,False,4811
4846,2026-09-22,002138,-7.4889195153157395,False,4812
4847,2026-09-22,600105,-7.5029138912509215,False,4813
4848,2026-09-22,300739,-7.5138490864323266,False,4814
4849,2026-09-22,688401,-7.5474205328700794,False,4815
4850,2026-09-22,600641,-7.5574639202433618,True,
4851,2026-09-22,300840,-7.5613604301619208,False,4816
4852,2026-09-22,300725,-7.5753058376098563,False,4817
4853,2026-09-22,301377,-7.5763987259591623,False,4818
4854,2026-09-22,001388,-7.5781515263378267,False,4819
4855,2026-09-22,688796,-7.5786289644798961,False,4820
4856,2026-09-22,300404,-7.6197448925424593,False,4821
4857,2026-09-22,688318,-7.6231750155381368,False,4822
4858,2026-09-22,688123,-7.6549627995927683,False,4823
4859,2026-09-22,688393,-7.6939623699361608,False,4824
4860,2026-09-22,301220,-7.6946420600393921,False,4825
4861,2026-09-22,601026,-7.7092374920146511,False,4826
4862,2026-09-22,002916,-7.7190712923995868,False,4827
4863,2026-09-22,300058,-7.726028168554012,False,4828
4864,2026-09-22,688825,-7.7690817459035948,False,4829
4865,2026-09-22,301626,-7.773042101443604,False,4830
4866,2026-09-22,600246,-7.793614221567287,False,4831
4867,2026-09-22,002580,-7.8013486488547912,False,4832
4868,2026-09-22,688301,-7.8122942302198766,False,4833
4869,2026-09-22,300251,-7.8192670835117282,False,4834
4870,2026-09-22,688035,-7.8290334889651305,False,4835
4871,2026-09-22,000417,-7.8461966016836451,False,4836
4872,2026-09-22,301419,-7.8611565185337593,False,4837
4873,2026-09-22,002849,-7.8785860391056968,False,4838
4874,2026-09-22,601801,-7.8805008913764762,False,4839
4875,2026-09-22,688196,-7.9046934034019385,False,4840
4876,2026-09-22,301656,-7.9137742672040376,False,4841
4877,2026-09-22,603306,-7.9211709943352124,False,4842
4878,2026-09-22,688359,-7.9437790704473041,False,4843
4879,2026-09-22,688110,-7.950232250877832,False,4844
4880,2026-09-22,688789,-7.9774548270372154,False,4845
4881,2026-09-22,300068,-7.9853349200705388,False,4846
4882,2026-09-22,688700,-7.9977331343181657,False,4847
4883,2026-09-22,301086,-8.0120837746452853,False,4848
4884,2026-09-22,300442,-8.0410515863865211,False,4849
4885,2026-09-22,300553,-8.0636668306787094,False,4850
4886,2026-09-22,301511,-8.0665036154399079,False,4851
4887,2026-09-22,001378,-8.1245840927970434,False,4852
4888,2026-09-22,603256,-8.139764557116159,False,4853
4889,2026-09-22,301189,-8.1456083145910387,False,4854
4890,2026-09-22,301085,-8.1506590955860219,False,4855
4891,2026-09-22,300476,-8.1794163242534061,False,4856
4892,2026-09-22,600933,-8.1869958043248108,False,4857
4893,2026-09-22,300708,-8.2444273686015066,False,4858
4894,2026-09-22,688048,-8.2528269150606022,False,4859
4895,2026-09-22,600929,-8.2532243508389023,False,4860
4896,2026-09-22,000811,-8.2535802077907068,False,4861
4897,2026-09-22,603435,-8.3343872567134643,False,4862
4898,2026-09-22,603289,-8.3419933929610117,False,4863
4899,2026-09-22,601900,-8.3464700365148587,False,4864
4900,2026-09-22,000676,-8.3813117955218175,True,
4901,2026-09-22,301319,-8.3846088213281504,False,4865
4902,2026-09-22,688392,-8.3936690213040333,False,4866
4903,2026-09-22,688138,-8.3958876263252016,False,4867
4904,2026-09-22,688220,-8.3987558617232594,False,4868
4905,2026-09-22,301575,-8.4239467576959157,False,4869
4906,2026-09-22,600730,-8.4250205796339923,False,4870
4907,2026-09-22,603203,-8.4548989094095237,False,4871
4908,2026-09-22,603636,-8.4642102496364657,True,
4909,2026-09-22,301396,-8.4697915534044537,False,4872
4910,2026-09-22,688486,-8.4987729173903013,False,4873
4911,2026-09-22,002669,-8.5650982260754134,False,4874
4912,2026-09-22,002487,-8.5655676098805618,False,4875
4913,2026-09-22,603657,-8.5720486110959566,False,4876
4914,2026-09-22,688122,-8.5793976476449494,False,4877
4915,2026-09-22,603663,-8.6147460371536049,False,4878
4916,2026-09-22,301197,-8.614901815059925,False,4879
4917,2026-09-22,301080,-8.6153860383503194,False,4880
4918,2026-09-22,003006,-8.6316416403463254,False,4881
4919,2026-09-22,300007,-8.6447626186606463,False,4882
4920,2026-09-22,688625,-8.7120729974842099,False,4883
4921,2026-09-22,688549,-8.7201899745352236,False,4884
4922,2026-09-22,300730,-8.7326495954399252,False,4885
4923,2026-09-22,002717,-8.741072483990088,False,4886
4924,2026-09-22,000988,-8.7503996241517612,False,4887
4925,2026-09-22,300426,-8.7641322473485914,False,4888
4926,2026-09-22,688708,-8.7755877060563439,False,4889
4927,2026-09-22,300397,-8.7780702952646195,False,4890
4928,2026-09-22,002396,-8.7782758089879849,False,4891
4929,2026-09-22,300054,-8.7859706829402686,False,4892
4930,2026-09-22,603580,-8.7880533576064668,True,
4931,2026-09-22,300806,-8.796117665056526,False,4893
4932,2026-09-22,688168,-8.8057946890806065,False,4894
4933,2026-09-22,603083,-8.8597640845728201,False,4895
4934,2026-09-22,600522,-8.8662888306754333,False,4896
4935,2026-09-22,688593,-8.8765357248471588,False,4897
4936,2026-09-22,002755,-8.882174286635685,False,4898
4937,2026-09-22,300319,-8.8965485912288447,False,4899
4938,2026-09-22,688008,-8.9111076292042544,False,4900
4939,2026-09-22,601015,-8.9206919657222414,False,4901
4940,2026-09-22,688521,-8.9353645899358227,False,4902
4941,2026-09-22,300604,-8.9401683246291874,False,4903
4942,2026-09-22,002439,-8.9661270775239075,False,4904
4943,2026-09-22,688678,-9.015381355619926,False,4905
4944,2026-09-22,603175,-9.0221307137134943,False,4906
4945,2026-09-22,300473,-9.0323636816719812,False,4907
4946,2026-09-22,603588,-9.0326313628890134,False,4908
4947,2026-09-22,300731,-9.0371249135146741,False,4909
4948,2026-09-22,300907,-9.0633462802724516,False,4910
4949,2026-09-22,002384,-9.0658791642282388,False,4911
4950,2026-09-22,301526,-9.0992769666500344,False,4912
4951,2026-09-22,300776,-9.1148373809753753,False,4913
4952,2026-09-22,688630,-9.1211374441430397,False,4914
4953,2026-09-22,002484,-9.1886699317992537,False,4915
4954,2026-09-22,688073,-9.1898463310283649,False,4916
4955,2026-09-22,688175,-9.2029269387074848,False,4917
4956,2026-09-22,603105,-9.2054383884368001,False,4918
4957,2026-09-22,600176,-9.2193430637465195,False,4919
4958,2026-09-22,301687,-9.2345335031157436,False,4920
4959,2026-09-22,688260,-9.2626701647744607,False,4921
4960,2026-09-22,688806,-9.2724744063893567,False,4922
4961,2026-09-22,688205,-9.273621923789662,False,4923
4962,2026-09-22,002046,-9.2799803131935938,False,4924
4963,2026-09-22,603936,-9.2890597516498996,False,4925
4964,2026-09-22,603353,-9.2947942694708789,False,4926
4965,2026-09-22,688001,-9.303672239593288,False,4927
4966,2026-09-22,300385,-9.3371238652175794,False,4928
4967,2026-09-22,605179,-9.3449638288986918,True,
4968,2026-09-22,300179,-9.35760282751707,False,4929
4969,2026-09-22,300408,-9.3659908957358642,False,4930
4970,2026-09-22,688416,-9.3824013978229512,False,4931
4971,2026-09-22,000868,-9.3825816325747233,False,4932
4972,2026-09-22,002913,-9.3877616260877783,False,4933
4973,2026-09-22,002552,-9.4117547521043434,False,4934
4974,2026-09-22,603266,-9.4200629544676264,False,4935
4975,2026-09-22,301699,-9.4700911103296121,False,4936
4976,2026-09-22,688758,-9.4760000809041518,False,4937
4977,2026-09-22,300061,-9.4788851027323116,False,4938
4978,2026-09-22,603002,-9.4907761583416121,False,4939
4979,2026-09-22,000962,-9.5071226309699064,False,4940
4980,2026-09-22,600356,-9.5177226085086204,False,4941
4981,2026-09-22,603082,-9.5286274221480909,False,4942
4982,2026-09-22,002647,-9.5473985822701284,False,4943
4983,2026-09-22,601208,-9.5840990482501631,False,4944
4984,2026-09-22,603261,-9.5947484811454729,False,4945
4985,2026-09-22,300166,-9.5955790659761746,False,4946
4986,2026-09-22,600679,-9.6334015829547504,False,4947
4987,2026-09-22,688136,-9.6419941427480182,False,4948
4988,2026-09-22,300620,-9.6612503835506303,False,4949
4989,2026-09-22,600601,-9.6636439980998219,False,4950
4990,2026-09-22,301390,-9.6839288979408771,False,4951
4991,2026-09-22,688218,-9.6904752836361592,False,4952
4992,2026-09-22,688660,-9.7311335762977311,False,4953
4993,2026-09-22,605376,-9.7554077906103132,False,4954
4994,2026-09-22,000981,-9.7626245927595185,False,4955
4995,2026-09-22,600562,-9.7642696836155167,False,4956
4996,2026-09-22,300726,-9.7719266119381238,False,4957
4997,2026-09-22,300192,-9.7771504705070278,False,4958
4998,2026-09-22,605088,-9.7903448940429669,False,4959
4999,2026-09-22,002436,-9.7917465252117903,False,4960
5000,2026-09-22,000048,-9.8010856454178548,False,4961
5001,2026-09-22,002161,-9.8081915722800943,False,4962
5002,2026-09-22,001212,-9.835153855871134,False,4963
5003,2026-09-22,301234,-9.856824260764423,True,
5004,2026-09-22,688783,-9.8631173975900133,False,4964
5005,2026-09-22,688112,-9.8811258585277351,False,4965
5006,2026-09-22,301213,-9.8828532832860549,False,4966
5007,2026-09-22,688622,-9.8945608041442537,False,4967
5008,2026-09-22,688300,-9.909043325149046,False,4968
5009,2026-09-22,300638,-9.9231544656629573,False,4969
5010,2026-09-22,002957,-9.9237481959841993,False,4970
5011,2026-09-22,603001,-9.9316359921060382,False,4971
5012,2026-09-22,002785,-9.9449670234801228,False,4972
5013,2026-09-22,300454,-9.9645503659806103,False,4973
5014,2026-09-22,301566,-9.9952672052760647,False,4974
5015,2026-09-22,001260,-10.022841476068193,True,
5016,2026-09-22,600186,-10.052161815535323,False,4975
5017,2026-09-22,600644,-10.072001455778935,False,4976
5018,2026-09-22,301021,-10.155660262242133,False,4977
5019,2026-09-22,000056,-10.171575213885314,False,4978
5020,2026-09-22,300212,-10.194281916974539,False,4979
5021,2026-09-22,300570,-10.205480100850608,False,4980
5022,2026-09-22,603629,-10.221122171701353,False,4981
5023,2026-09-22,300911,-10.223700827181556,False,4982
5024,2026-09-22,603686,-10.23268069907944,False,4983
5025,2026-09-22,002434,-10.241567660369661,False,4984
5026,2026-09-22,301666,-10.250466838706194,False,4985
5027,2026-09-22,600183,-10.251890222945228,False,4986
5028,2026-09-22,688179,-10.277004829244738,False,4987
5029,2026-09-22,002172,-10.278244657816559,False,4988
5030,2026-09-22,002244,-10.279541650822457,False,4989
5031,2026-09-22,300291,-10.293627825349827,False,4990
5032,2026-09-22,603386,-10.329492938463725,False,4991
5033,2026-09-22,688807,-10.368387335650457,False,4992
5034,2026-09-22,688603,-10.378557515332758,False,4993
5035,2026-09-22,600353,-10.38791031101135,False,4994
5036,2026-09-22,002514,-10.462455560252693,False,4995
5037,2026-09-22,688613,-10.481865929861303,False,4996
5038,2026-09-22,600360,-10.490863820790739,False,4997
5039,2026-09-22,300394,-10.567554704578084,False,4998
5040,2026-09-22,688026,-10.569522939709167,False,4999
5041,2026-09-22,600397,-10.599922662300505,False,5000
5042,2026-09-22,688150,-10.60958488461808,False,5001
5043,2026-09-22,600172,-10.643115837917197,False,5002
5044,2026-09-22,300901,-10.647336704187598,False,5003
5045,2026-09-22,002300,-10.673320294067365,False,5004
5046,2026-09-22,002741,-10.711863228732568,False,5005
5047,2026-09-22,002442,-10.729893801408945,False,5006
5048,2026-09-22,301230,-10.822713379359739,False,5007
5049,2026-09-22,688020,-10.849004214835643,False,5008
5050,2026-09-22,300196,-10.858352614431551,False,5009
5051,2026-09-22,002383,-10.864693128674904,False,5010
5052,2026-09-22,603920,-10.869644277667161,False,5011
5053,2026-09-22,300395,-10.89352717501048,False,5012
5054,2026-09-22,688519,-10.985841534517885,False,5013
5055,2026-09-22,300795,-10.98828460649591,False,5014
5056,2026-09-22,688191,-11.028798459263221,False,5015
5057,2026-09-22,300300,-11.073843823320898,False,5016
5058,2026-09-22,300895,-11.176307474883913,False,5017
5059,2026-09-22,600330,-11.302439148145247,False,5018
5060,2026-09-22,301155,-11.324481166157248,False,5019
5061,2026-09-22,301678,-11.359855636786241,False,5020
5062,2026-09-22,603042,-11.397260914316913,False,5021
5063,2026-09-22,601869,-11.398252184753757,False,5022
5064,2026-09-22,002672,-11.438178439566684,True,
5065,2026-09-22,000978,-11.456393822018599,False,5023
5066,2026-09-22,688485,-11.506121323492916,False,5024
5067,2026-09-22,603459,-11.51554846037221,False,5025
5068,2026-09-22,000636,-11.520993421146391,False,5026
5069,2026-09-22,603328,-11.569088347783312,False,5027
5070,2026-09-22,001376,-11.619691109930471,False,5028
5071,2026-09-22,000066,-11.623003313286066,False,5029
5072,2026-09-22,002264,-11.669268946153707,False,5030
5073,2026-09-22,300151,-11.678327097228479,False,5031
5074,2026-09-22,688381,-11.732722013081464,False,5032
5075,2026-09-22,002491,-11.744041705829986,False,5033
5076,2026-09-22,300765,-11.826910716587651,False,5034
5077,2026-09-22,300852,-11.854485531492388,False,5035
5078,2026-09-22,000509,-11.873426769848866,False,5036
5079,2026-09-22,002579,-11.877272279809048,False,5037
5080,2026-09-22,300167,-11.999754687413043,False,5038
5081,2026-09-22,002080,-12.079747035040205,False,5039
5082,2026-09-22,301122,-12.089168817629121,False,5040
5083,2026-09-22,300803,-12.120726338830609,False,5041
5084,2026-09-22,002859,-12.177178858427379,False,5042
5085,2026-09-22,600815,-12.204216434519996,True,
5086,2026-09-22,300964,-12.283158369745722,False,5043
5087,2026-09-22,001326,-12.335228751206387,False,5044
5088,2026-09-22,000980,-12.362481142809166,False,5045
5089,2026-09-22,605162,-12.388076950502683,False,5046
5090,2026-09-22,603375,-12.412268849131713,False,5047
5091,2026-09-22,600325,-12.566870792520882,False,5048
5092,2026-09-22,688312,-12.569188518592002,False,5049
5093,2026-09-22,002178,-12.662016310626754,True,
5094,2026-09-22,300413,-12.671876852896686,False,5050
5095,2026-09-22,002623,-12.715450217001612,False,5051
5096,2026-09-22,002303,-12.72715016494014,True,
5097,2026-09-22,301008,-12.777563757079083,False,5052
5098,2026-09-22,688781,-12.787611220078372,True,
5099,2026-09-22,000002,-12.866002155278451,False,5053
5100,2026-09-22,002585,-12.885579022344968,False,5054
5101,2026-09-22,301041,-12.900272202740666,False,5055
5102,2026-09-22,002285,-12.960075598485826,False,5056
5103,2026-09-22,000070,-12.980267567468353,False,5057
5104,2026-09-22,301311,-12.994630026235971,False,5058
5105,2026-09-22,003032,-13.004182179042962,False,5059
5106,2026-09-22,605258,-13.009368400012459,True,
5107,2026-09-22,688265,-13.039808324384524,False,5060
5108,2026-09-22,603378,-13.06256815568044,False,5061
5109,2026-09-22,600487,-13.087829399048168,False,5062
5110,2026-09-22,688801,-13.093512107475775,False,5063
5111,2026-09-22,688403,-13.13947871038787,False,5064
5112,2026-09-22,301583,-13.170216690712781,False,5065
5113,2026-09-22,600640,-13.179067786479102,False,5066
5114,2026-09-22,000756,-13.187776898924248,True,
5115,2026-09-22,688292,-13.205661278945914,False,5067
5116,2026-09-22,688203,-13.264019134180627,False,5068
5117,2026-09-22,688432,-13.342043735310451,False,5069
5118,2026-09-22,600367,-13.367497875430374,False,5070
5119,2026-09-22,003026,-13.418905780125263,False,5071
5120,2026-09-22,600664,-13.608004347433081,True,
5121,2026-09-22,301217,-13.730408057331781,False,5072
5122,2026-09-22,301030,-13.837564158062213,False,5073
5123,2026-09-22,300788,-13.923314356830311,False,5074
5124,2026-09-22,603978,-14.013907484516144,False,5075
5125,2026-09-22,300368,-14.015852365632016,False,5076
5126,2026-09-22,603407,-14.031369250285707,False,5077
5127,2026-09-22,300369,-14.053038348248684,False,5078
5128,2026-09-22,603960,-14.175840344198319,False,5079
5129,2026-09-22,603020,-14.178140016391337,True,
5130,2026-09-22,300352,-14.194563082399657,False,5080
5131,2026-09-22,688813,-14.241866029637745,False,5081
5132,2026-09-22,601949,-14.327508261973593,True,
5133,2026-09-22,300691,-14.329617529799995,False,5082
5134,2026-09-22,688185,-14.37226751747326,False,5083
5135,2026-09-22,300209,-14.381841459793245,False,5084
5136,2026-09-22,002428,-14.479131364411186,False,5085
5137,2026-09-22,603989,-14.497026747882655,False,5086
5138,2026-09-22,002836,-14.760985531272814,False,5087
5139,2026-09-22,603316,-14.769746591450055,False,5088
5140,2026-09-22,603221,-14.811468398842464,True,
5141,2026-09-22,600088,-14.942205323354237,False,5089
5142,2026-09-22,300112,-14.964856149176448,False,5090
5143,2026-09-22,688802,-14.980590010707587,False,5091
5144,2026-09-22,600121,-14.987677083918218,False,5092
5145,2026-09-22,605006,-14.994719848179299,False,5093
5146,2026-09-22,000592,-15.039496816570903,False,5094
5147,2026-09-22,688662,-15.042682468698811,False,5095
5148,2026-09-22,601811,-15.056598076286065,True,
5149,2026-09-22,301176,-15.15274587759062,False,5096
5150,2026-09-22,603618,-15.204896673776318,False,5097
5151,2026-09-22,300163,-15.348662957739512,False,5098
5152,2026-09-22,002827,-15.36690831232653,False,5099
5153,2026-09-22,300464,-15.552223680425882,False,5100
5154,2026-09-22,688785,-15.628974587846772,False,5101
5155,2026-09-22,688835,-15.758491484416634,False,5102
5156,2026-09-22,688655,-15.905178470327101,False,5103
5157,2026-09-22,688028,-15.975694121645967,False,5104
5158,2026-09-22,301366,-16.083806918833844,False,5105
5159,2026-09-22,600237,-16.545496202082049,False,5106
5160,2026-09-22,300534,-16.58765373071887,False,5107
5161,2026-09-22,688244,-16.597278929987937,False,5108
5162,2026-09-22,600722,-16.935540130647297,False,5109
5163,2026-09-22,600869,-17.163693967153947,False,5110
5164,2026-09-22,003001,-17.192107825506739,False,5111
5165,2026-09-22,600721,-17.222028074047635,True,
5166,2026-09-22,000560,-17.335332455658406,True,
5167,2026-09-22,000532,-17.468524933569611,False,5112
5168,2026-09-22,002815,-17.76570520442576,False,5113
5169,2026-09-22,301047,-17.797469477589843,False,5114
5170,2026-09-22,603230,-17.921739610751573,True,
5171,2026-09-22,002453,-18.042023165738286,False,5115
5172,2026-09-22,002141,-18.236684596760817,True,
5173,2026-09-22,002106,-18.262400986476528,False,5116
5174,2026-09-22,002212,-18.555348107280167,False,5117
5175,2026-09-22,300829,-18.728531009746433,False,5118
5176,2026-09-22,600630,-18.735476615523879,False,5119
5177,2026-09-22,600371,-18.736551659583562,False,5120
5178,2026-09-22,600448,-18.742325317705788,False,5121
5179,2026-09-22,002636,-18.866645946286052,False,5122
5180,2026-09-22,300684,-19.028514399652522,False,5123
5181,2026-09-22,600792,-19.144367232778016,False,5124
5182,2026-09-22,300324,-19.14618141177214,True,
5183,2026-09-22,600127,-19.297446420480927,False,5125
5184,2026-09-22,301686,-19.978154030804649,False,5126
5185,2026-09-22,002443,-21.094468004876173,False,5127
5186,2026-09-22,301132,-21.132388249473074,False,5128
5187,2026-09-22,000993,-21.241619370442898,False,5129
5188,2026-09-22,002068,-21.34128755985795,False,5130
5189,2026-09-22,301520,-21.47247587139125,False,5131
5190,2026-09-22,603248,-21.65385564465981,False,5132
5191,2026-09-22,300642,-21.97660312271438,False,5133
5192,2026-09-22,300290,-22.059400322336739,False,5134
5193,2026-09-22,600479,-22.069692708019804,True,
5194,2026-09-22,301689,-22.234033795407967,False,5135
5195,2026-09-22,300110,-22.590892589161847,True,
5196,2026-09-22,688137,-22.787710305537061,False,5136
5197,2026-09-22,300862,-22.826071905701728,False,5137
5198,2026-09-22,000910,-23.059883411649281,True,
5199,2026-09-22,688143,-23.439897586140084,False,5138
5200,2026-09-22,605577,-24.336747997825491,False,5139
5201,2026-09-22,300741,-24.755955439353848,False,5140
5202,2026-09-22,600503,-24.822477237347272,True,
5203,2026-09-22,601086,-27.071834633053673,False,5141
5204,2026-09-22,002912,-29.368424047093558,True,
5205,2026-09-22,605058,-30.566734179035127,True,
5206,2026-09-22,688837,-31.800946517759094,False,5142
5207,2026-09-22,000823,-31.864547989488756,False,5143
5208,2026-09-22,688004,-33.705763202369162,False,5144
5209,2026-09-22,601091,-38.75463090766165,False,5145
