rank_all,date,code,signal,close_limit_up,rank_ex_limit_up
1,2026-09-30,605303,59.005245208740234,True,
2,2026-09-30,600825,54.359634399414062,True,
3,2026-09-30,003040,16.075546264648438,False,1
4,2026-09-30,002470,14.882411956787109,False,2
5,2026-09-30,002855,14.316797256469727,False,3
6,2026-09-30,000523,14.193389892578125,False,4
7,2026-09-30,605179,13.736580848693848,False,5
8,2026-09-30,603221,12.32464599609375,False,6
9,2026-09-30,000430,12.234735488891602,False,7
10,2026-09-30,001299,12.150783538818359,False,8
11,2026-09-30,600156,12.043281555175781,False,9
12,2026-09-30,000019,11.976715087890625,False,10
13,2026-09-30,688031,11.746342658996582,False,11
14,2026-09-30,603082,11.606098175048828,False,12
15,2026-09-30,000017,11.463163375854492,False,13
16,2026-09-30,000505,11.354412078857422,False,14
17,2026-09-30,600865,11.175707817077637,False,15
18,2026-09-30,000972,11.136152267456055,False,16
19,2026-09-30,002084,10.981254577636719,False,17
20,2026-09-30,603270,10.89158821105957,False,18
21,2026-09-30,600251,10.636930465698242,False,19
22,2026-09-30,002957,10.250678062438965,False,20
23,2026-09-30,002743,10.175369262695312,False,21
24,2026-09-30,600318,10.169836044311523,False,22
25,2026-09-30,000812,10.167534828186035,False,23
26,2026-09-30,688629,10.164273262023926,False,24
27,2026-09-30,000716,10.133584022521973,False,25
28,2026-09-30,002637,10.124797821044922,False,26
29,2026-09-30,603123,10.093135833740234,False,27
30,2026-09-30,002286,10.061369895935059,False,28
31,2026-09-30,600506,9.9800033569335938,False,29
32,2026-09-30,002886,9.8573417663574219,False,30
33,2026-09-30,002772,9.6168107986450195,False,31
34,2026-09-30,300562,9.5897932052612305,False,32
35,2026-09-30,688141,9.5677528381347656,False,33
36,2026-09-30,300313,9.4408321380615234,False,34
37,2026-09-30,002321,9.4354534149169922,False,35
38,2026-09-30,002976,9.4123144149780273,False,36
39,2026-09-30,300319,9.3811235427856445,False,37
40,2026-09-30,301058,9.3116121292114258,False,38
41,2026-09-30,001309,9.3106403350830078,False,39
42,2026-09-30,603989,9.2675771713256836,False,40
43,2026-09-30,002862,9.2154102325439453,False,41
44,2026-09-30,300345,9.1208486557006836,False,42
45,2026-09-30,300615,9.0728540420532227,False,43
46,2026-09-30,002181,9.0234079360961914,False,44
47,2026-09-30,688196,8.9815807342529297,False,45
48,2026-09-30,600892,8.9564752578735352,False,46
49,2026-09-30,603115,8.9463844299316406,False,47
50,2026-09-30,603976,8.930328369140625,False,48
51,2026-09-30,003036,8.9098453521728516,False,49
52,2026-09-30,002947,8.8989953994750977,False,50
53,2026-09-30,603819,8.8949861526489258,False,51
54,2026-09-30,300189,8.888941764831543,False,52
55,2026-09-30,688646,8.816009521484375,False,53
56,2026-09-30,300864,8.7794532775878906,False,54
57,2026-09-30,301176,8.7453155517578125,False,55
58,2026-09-30,603823,8.7325534820556641,False,56
59,2026-09-30,601366,8.6977138519287109,False,57
60,2026-09-30,603687,8.6839189529418945,False,58
61,2026-09-30,600487,8.6703433990478516,False,59
62,2026-09-30,603137,8.6549491882324219,False,60
63,2026-09-30,601118,8.6385688781738281,True,
64,2026-09-30,002519,8.5830402374267578,False,61
65,2026-09-30,301043,8.57470703125,False,62
66,2026-09-30,300901,8.5309009552001953,False,63
67,2026-09-30,688807,8.5235538482666016,False,64
68,2026-09-30,600844,8.5188331604003906,False,65
69,2026-09-30,000949,8.4907636642456055,False,66
70,2026-09-30,603696,8.4677400588989258,False,67
71,2026-09-30,300593,8.4573726654052734,False,68
72,2026-09-30,603161,8.4439105987548828,False,69
73,2026-09-30,300913,8.3905029296875,False,70
74,2026-09-30,002973,8.3871736526489258,False,71
75,2026-09-30,300427,8.3579206466674805,False,72
76,2026-09-30,301489,8.331995964050293,False,73
77,2026-09-30,603353,8.2960290908813477,False,74
78,2026-09-30,600969,8.2627782821655273,False,75
79,2026-09-30,600613,8.2602424621582031,False,76
80,2026-09-30,002652,8.252131462097168,False,77
81,2026-09-30,603448,8.2296104431152344,False,78
82,2026-09-30,300265,8.2054510116577148,False,79
83,2026-09-30,600227,8.1597976684570312,False,80
84,2026-09-30,603900,8.1551437377929688,False,81
85,2026-09-30,601700,8.112523078918457,False,82
86,2026-09-30,002385,8.1078910827636719,False,83
87,2026-09-30,301500,8.0576438903808594,False,84
88,2026-09-30,601566,8.0525636672973633,False,85
89,2026-09-30,603139,8.0518074035644531,False,86
90,2026-09-30,003013,8.0310201644897461,False,87
91,2026-09-30,002561,8.0157480239868164,False,88
92,2026-09-30,603778,8.0128507614135742,False,89
93,2026-09-30,300889,8.0051450729370117,False,90
94,2026-09-30,600313,7.9840006828308105,False,91
95,2026-09-30,600610,7.9715919494628906,False,92
96,2026-09-30,300816,7.9550504684448242,False,93
97,2026-09-30,002418,7.948850154876709,False,94
98,2026-09-30,000890,7.9306745529174805,False,95
99,2026-09-30,301357,7.9169282913208008,False,96
100,2026-09-30,002548,7.8558835983276367,False,97
101,2026-09-30,600162,7.8429794311523438,False,98
102,2026-09-30,603257,7.8297739028930664,False,99
103,2026-09-30,002655,7.7754044532775879,False,100
104,2026-09-30,300998,7.7536554336547852,False,101
105,2026-09-30,601061,7.7428617477416992,False,102
106,2026-09-30,688668,7.7355022430419922,False,103
107,2026-09-30,603619,7.7296152114868164,False,104
108,2026-09-30,600540,7.6921868324279785,False,105
109,2026-09-30,002792,7.6905832290649414,False,106
110,2026-09-30,300731,7.6796298027038574,False,107
111,2026-09-30,002762,7.6783075332641602,False,108
112,2026-09-30,300504,7.6422300338745117,False,109
113,2026-09-30,002297,7.6228322982788086,False,110
114,2026-09-30,600135,7.5972576141357422,False,111
115,2026-09-30,000558,7.5594606399536133,False,112
116,2026-09-30,301317,7.5566153526306152,False,113
117,2026-09-30,603395,7.5435218811035156,False,114
118,2026-09-30,002536,7.5432834625244141,False,115
119,2026-09-30,600971,7.4544925689697266,False,116
120,2026-09-30,002888,7.4467287063598633,False,117
121,2026-09-30,301127,7.4412031173706055,False,118
122,2026-09-30,600722,7.4071340560913086,False,119
123,2026-09-30,300922,7.3856887817382812,False,120
124,2026-09-30,301603,7.3702602386474609,False,121
125,2026-09-30,600105,7.3345804214477539,False,122
126,2026-09-30,002157,7.3238468170166016,False,123
127,2026-09-30,600598,7.3178081512451172,False,124
128,2026-09-30,300164,7.3164615631103516,False,125
129,2026-09-30,603216,7.311866283416748,False,126
130,2026-09-30,300709,7.2972655296325684,False,127
131,2026-09-30,002897,7.2585768699645996,False,128
132,2026-09-30,002199,7.2540454864501953,False,129
133,2026-09-30,301686,7.2503447532653809,False,130
134,2026-09-30,300825,7.2372841835021973,False,131
135,2026-09-30,300749,7.2339920997619629,False,132
136,2026-09-30,300756,7.1874303817749023,False,133
137,2026-09-30,002567,7.1563796997070312,False,134
138,2026-09-30,688800,7.1073870658874512,False,135
139,2026-09-30,300997,7.0866451263427734,False,136
140,2026-09-30,000759,7.0856437683105469,False,137
141,2026-09-30,002758,7.0753459930419922,False,138
142,2026-09-30,600838,7.0706911087036133,False,139
143,2026-09-30,300106,7.0685672760009766,False,140
144,2026-09-30,002272,7.0569534301757812,False,141
145,2026-09-30,603189,7.0562920570373535,False,142
146,2026-09-30,603162,7.0508708953857422,False,143
147,2026-09-30,301227,7.027371883392334,False,144
148,2026-09-30,002291,7.0088014602661133,False,145
149,2026-09-30,300788,7.0087189674377441,False,146
150,2026-09-30,000488,7.0066423416137695,False,147
151,2026-09-30,000929,6.9891443252563477,False,148
152,2026-09-30,002742,6.9795012474060059,False,149
153,2026-09-30,300726,6.9783964157104492,False,150
154,2026-09-30,300079,6.9689087867736816,False,151
155,2026-09-30,002301,6.9633865356445312,False,152
156,2026-09-30,000722,6.9430689811706543,False,153
157,2026-09-30,002104,6.940401554107666,False,154
158,2026-09-30,002918,6.9373745918273926,False,155
159,2026-09-30,600581,6.934783935546875,False,156
160,2026-09-30,688403,6.9231085777282715,False,157
161,2026-09-30,603600,6.9161553382873535,False,158
162,2026-09-30,300880,6.8959903717041016,False,159
163,2026-09-30,002328,6.8738946914672852,False,160
164,2026-09-30,002622,6.8499660491943359,False,161
165,2026-09-30,600103,6.8062543869018555,False,162
166,2026-09-30,600410,6.7888059616088867,False,163
167,2026-09-30,002458,6.784207820892334,False,164
168,2026-09-30,603331,6.7776637077331543,False,165
169,2026-09-30,600184,6.7414417266845703,False,166
170,2026-09-30,002820,6.7282552719116211,False,167
171,2026-09-30,603330,6.7094597816467285,False,168
172,2026-09-30,002072,6.6970529556274414,False,169
173,2026-09-30,300497,6.6926984786987305,False,170
174,2026-09-30,002596,6.6862607002258301,False,171
175,2026-09-30,603708,6.6676321029663086,False,172
176,2026-09-30,002265,6.6666698455810547,False,173
177,2026-09-30,002299,6.659947395324707,False,174
178,2026-09-30,000153,6.6563982963562012,False,175
179,2026-09-30,601212,6.6510705947875977,False,176
180,2026-09-30,603106,6.6378278732299805,False,177
181,2026-09-30,600368,6.6353416442871094,False,178
182,2026-09-30,002949,6.6251201629638672,False,179
183,2026-09-30,688433,6.6229143142700195,False,180
184,2026-09-30,301305,6.6060161590576172,False,181
185,2026-09-30,603926,6.5785765647888184,False,182
186,2026-09-30,000735,6.5695829391479492,False,183
187,2026-09-30,002629,6.5550661087036133,False,184
188,2026-09-30,002661,6.5390224456787109,False,185
189,2026-09-30,000636,6.5191240310668945,False,186
190,2026-09-30,002678,6.5034732818603516,False,187
191,2026-09-30,301566,6.4980440139770508,False,188
192,2026-09-30,002716,6.4886932373046875,False,189
193,2026-09-30,605006,6.4865860939025879,False,190
194,2026-09-30,605108,6.473639965057373,False,191
195,2026-09-30,300992,6.4671306610107422,False,192
196,2026-09-30,300387,6.4642095565795898,False,193
197,2026-09-30,688312,6.4281783103942871,False,194
198,2026-09-30,600327,6.4206066131591797,False,195
199,2026-09-30,603318,6.4155178070068359,False,196
200,2026-09-30,300674,6.4149770736694336,False,197
201,2026-09-30,000911,6.4131231307983398,True,
202,2026-09-30,000524,6.4130010604858398,False,198
203,2026-09-30,600596,6.4112944602966309,False,199
204,2026-09-30,000798,6.4030828475952148,False,200
205,2026-09-30,300854,6.3963747024536133,False,201
206,2026-09-30,300414,6.3860716819763184,False,202
207,2026-09-30,300094,6.37786865234375,False,203
208,2026-09-30,600869,6.3638534545898438,False,204
209,2026-09-30,600975,6.3610200881958008,False,205
210,2026-09-30,601116,6.3383407592773438,False,206
211,2026-09-30,600714,6.3225960731506348,False,207
212,2026-09-30,301313,6.3065109252929688,False,208
213,2026-09-30,000586,6.3044519424438477,False,209
214,2026-09-30,002408,6.2566375732421875,False,210
215,2026-09-30,300970,6.2557883262634277,False,211
216,2026-09-30,002165,6.2555828094482422,False,212
217,2026-09-30,688084,6.253972053527832,False,213
218,2026-09-30,002910,6.2499032020568848,False,214
219,2026-09-30,300936,6.2445859909057617,False,215
220,2026-09-30,002885,6.2339649200439453,False,216
221,2026-09-30,002127,6.2293252944946289,False,217
222,2026-09-30,301056,6.2169351577758789,False,218
223,2026-09-30,002556,6.1804294586181641,False,219
224,2026-09-30,002969,6.1796665191650391,False,220
225,2026-09-30,603599,6.1763706207275391,False,221
226,2026-09-30,002746,6.1616859436035156,False,222
227,2026-09-30,600664,6.1569905281066895,False,223
228,2026-09-30,000878,6.1512503623962402,False,224
229,2026-09-30,603721,6.1504168510437012,False,225
230,2026-09-30,300308,6.141815185546875,False,226
231,2026-09-30,300786,6.138526439666748,False,227
232,2026-09-30,002570,6.1341161727905273,False,228
233,2026-09-30,603308,6.1260795593261719,False,229
234,2026-09-30,300607,6.1253547668457031,False,230
235,2026-09-30,300338,6.1150054931640625,False,231
236,2026-09-30,000061,6.0968818664550781,False,232
237,2026-09-30,601952,6.0741667747497559,False,233
238,2026-09-30,300859,6.0671248435974121,False,234
239,2026-09-30,601083,6.0602912902832031,False,235
240,2026-09-30,300870,6.0585036277770996,False,236
241,2026-09-30,600689,6.0520768165588379,False,237
242,2026-09-30,000925,6.0516376495361328,False,238
243,2026-09-30,603685,6.0507450103759766,False,239
244,2026-09-30,301479,6.0451850891113281,False,240
245,2026-09-30,603272,6.0282225608825684,False,241
246,2026-09-30,688371,6.0274457931518555,False,242
247,2026-09-30,600333,6.0271477699279785,False,243
248,2026-09-30,301232,6.021998405456543,False,244
249,2026-09-30,603408,6.021209716796875,False,245
250,2026-09-30,300588,6.0205898284912109,False,246
251,2026-09-30,600303,6.0031623840332031,False,247
252,2026-09-30,300252,6.0015773773193359,False,248
253,2026-09-30,301009,5.9902162551879883,False,249
254,2026-09-30,002134,5.9854788780212402,False,250
255,2026-09-30,600378,5.9793262481689453,False,251
256,2026-09-30,600936,5.9721860885620117,False,252
257,2026-09-30,603970,5.9693431854248047,False,253
258,2026-09-30,603378,5.9679388999938965,False,254
259,2026-09-30,603950,5.9574031829833984,False,255
260,2026-09-30,600992,5.9573936462402344,False,256
261,2026-09-30,601801,5.9542560577392578,False,257
262,2026-09-30,600237,5.9497756958007812,False,258
263,2026-09-30,002627,5.9481034278869629,False,259
264,2026-09-30,301392,5.9309053421020508,False,260
265,2026-09-30,002522,5.9306135177612305,False,261
266,2026-09-30,601929,5.9283475875854492,False,262
267,2026-09-30,002953,5.927210807800293,False,263
268,2026-09-30,000779,5.9226784706115723,False,264
269,2026-09-30,300577,5.8739347457885742,False,265
270,2026-09-30,605098,5.8696999549865723,False,266
271,2026-09-30,603058,5.8693370819091797,False,267
272,2026-09-30,001208,5.8574948310852051,False,268
273,2026-09-30,601858,5.8501148223876953,False,269
274,2026-09-30,003042,5.8342485427856445,False,270
275,2026-09-30,301220,5.8335919380187988,False,271
276,2026-09-30,301248,5.8306465148925781,False,272
277,2026-09-30,603359,5.8177876472473145,False,273
278,2026-09-30,301395,5.8102540969848633,False,274
279,2026-09-30,002980,5.8019800186157227,False,275
280,2026-09-30,002575,5.7984189987182617,False,276
281,2026-09-30,002121,5.7860383987426758,False,277
282,2026-09-30,002922,5.7824583053588867,False,278
283,2026-09-30,002952,5.7767772674560547,False,279
284,2026-09-30,300814,5.7641363143920898,False,280
285,2026-09-30,600388,5.759432315826416,False,281
286,2026-09-30,002817,5.7458972930908203,False,282
287,2026-09-30,688615,5.743868350982666,False,283
288,2026-09-30,300257,5.742734432220459,False,284
289,2026-09-30,002825,5.7404994964599609,False,285
290,2026-09-30,002159,5.7345037460327148,False,286
291,2026-09-30,300943,5.7277512550354004,False,287
292,2026-09-30,300153,5.7273354530334473,False,288
293,2026-09-30,300381,5.7222561836242676,False,289
294,2026-09-30,605158,5.7186145782470703,False,290
295,2026-09-30,300370,5.7170777320861816,False,291
296,2026-09-30,301156,5.712923526763916,False,292
297,2026-09-30,688061,5.7059264183044434,False,293
298,2026-09-30,300087,5.6995720863342285,False,294
299,2026-09-30,301169,5.69622802734375,False,295
300,2026-09-30,600249,5.6943717002868652,False,296
301,2026-09-30,000968,5.692957878112793,False,297
302,2026-09-30,002782,5.6874103546142578,False,298
303,2026-09-30,002571,5.6870946884155273,False,299
304,2026-09-30,600776,5.6856040954589844,False,300
305,2026-09-30,002763,5.6830201148986816,False,301
306,2026-09-30,002484,5.6774578094482422,False,302
307,2026-09-30,600989,5.6726522445678711,False,303
308,2026-09-30,300183,5.668571949005127,False,304
309,2026-09-30,603595,5.66717529296875,False,305
310,2026-09-30,002986,5.6411652565002441,False,306
311,2026-09-30,600256,5.6288890838623047,False,307
312,2026-09-30,002489,5.6275634765625,False,308
313,2026-09-30,600828,5.6142263412475586,False,309
314,2026-09-30,605266,5.6124973297119141,False,310
315,2026-09-30,600228,5.6101841926574707,False,311
316,2026-09-30,603682,5.6071195602416992,False,312
317,2026-09-30,300967,5.6063041687011719,False,313
318,2026-09-30,002970,5.6025538444519043,False,314
319,2026-09-30,300499,5.5976829528808594,False,315
320,2026-09-30,603779,5.579979419708252,False,316
321,2026-09-30,301025,5.5789098739624023,False,317
322,2026-09-30,300081,5.5721039772033691,False,318
323,2026-09-30,000902,5.5646147727966309,False,319
324,2026-09-30,300386,5.5637302398681641,False,320
325,2026-09-30,600163,5.5454263687133789,False,321
326,2026-09-30,603960,5.5438318252563477,False,322
327,2026-09-30,603029,5.5434703826904297,False,323
328,2026-09-30,300239,5.5412616729736328,False,324
329,2026-09-30,301216,5.5289802551269531,False,325
330,2026-09-30,003027,5.5204257965087891,False,326
331,2026-09-30,300468,5.5183315277099609,False,327
332,2026-09-30,002995,5.5133285522460938,False,328
333,2026-09-30,603017,5.5110149383544922,False,329
334,2026-09-30,300328,5.5085086822509766,False,330
335,2026-09-30,600075,5.4997053146362305,False,331
336,2026-09-30,301571,5.4984064102172852,False,332
337,2026-09-30,002766,5.4874143600463867,False,333
338,2026-09-30,301376,5.4873847961425781,False,334
339,2026-09-30,002828,5.4868321418762207,False,335
340,2026-09-30,000937,5.4867634773254395,False,336
341,2026-09-30,001338,5.4832463264465332,False,337
342,2026-09-30,002589,5.4717988967895508,False,338
343,2026-09-30,002081,5.4651155471801758,False,339
344,2026-09-30,300050,5.4645414352416992,False,340
345,2026-09-30,002696,5.4463896751403809,False,341
346,2026-09-30,002545,5.4443421363830566,False,342
347,2026-09-30,001226,5.4435014724731445,False,343
348,2026-09-30,000525,5.4426288604736328,False,344
349,2026-09-30,603128,5.4400873184204102,False,345
350,2026-09-30,000409,5.4357328414916992,False,346
351,2026-09-30,000903,5.4262189865112305,False,347
352,2026-09-30,002873,5.4181966781616211,False,348
353,2026-09-30,003029,5.4166173934936523,False,349
354,2026-09-30,603860,5.4136009216308594,False,350
355,2026-09-30,300987,5.4089269638061523,False,351
356,2026-09-30,600386,5.4083576202392578,False,352
357,2026-09-30,601123,5.3965816497802734,False,353
358,2026-09-30,000978,5.3895177841186523,False,354
359,2026-09-30,603168,5.3856086730957031,False,355
360,2026-09-30,000703,5.3832497596740723,False,356
361,2026-09-30,688607,5.3780250549316406,False,357
362,2026-09-30,002355,5.3696165084838867,False,358
363,2026-09-30,600082,5.3691701889038086,False,359
364,2026-09-30,688125,5.3663573265075684,False,360
365,2026-09-30,603668,5.3655757904052734,False,361
366,2026-09-30,002868,5.3446440696716309,False,362
367,2026-09-30,603258,5.3378996849060059,False,363
368,2026-09-30,000998,5.3331632614135742,False,364
369,2026-09-30,600018,5.3314762115478516,False,365
370,2026-09-30,300711,5.3258256912231445,False,366
371,2026-09-30,600822,5.3247957229614258,False,367
372,2026-09-30,000802,5.3098344802856445,False,368
373,2026-09-30,002197,5.3075714111328125,False,369
374,2026-09-30,002023,5.306734561920166,False,370
375,2026-09-30,688627,5.295893669128418,False,371
376,2026-09-30,603363,5.2812738418579102,False,372
377,2026-09-30,301193,5.2760744094848633,False,373
378,2026-09-30,002998,5.2643671035766602,False,374
379,2026-09-30,688429,5.2581768035888672,False,375
380,2026-09-30,001373,5.2532048225402832,False,376
381,2026-09-30,301577,5.2521252632141113,False,377
382,2026-09-30,002092,5.2437667846679688,False,378
383,2026-09-30,688757,5.2435836791992188,False,379
384,2026-09-30,601038,5.2383213043212891,False,380
385,2026-09-30,002224,5.2324528694152832,False,381
386,2026-09-30,300837,5.231468677520752,False,382
387,2026-09-30,301006,5.2292613983154297,False,383
388,2026-09-30,300331,5.2274570465087891,False,384
389,2026-09-30,002672,5.227360725402832,False,385
390,2026-09-30,300492,5.2165822982788086,False,386
391,2026-09-30,300575,5.2144503593444824,False,387
392,2026-09-30,300868,5.2142033576965332,False,388
393,2026-09-30,300612,5.2122402191162109,False,389
394,2026-09-30,000564,5.2016506195068359,False,390
395,2026-09-30,600428,5.1888718605041504,False,391
396,2026-09-30,603458,5.1876187324523926,False,392
397,2026-09-30,300448,5.181279182434082,False,393
398,2026-09-30,301057,5.1811685562133789,False,394
399,2026-09-30,002931,5.1767101287841797,False,395
400,2026-09-30,603261,5.175931453704834,False,396
401,2026-09-30,603101,5.1601667404174805,False,397
402,2026-09-30,002012,5.1496124267578125,False,398
403,2026-09-30,002560,5.1437559127807617,False,399
404,2026-09-30,688480,5.143557071685791,False,400
405,2026-09-30,300892,5.1378021240234375,False,401
406,2026-09-30,605180,5.1339969635009766,False,402
407,2026-09-30,002234,5.1283435821533203,False,403
408,2026-09-30,603628,5.1267328262329102,False,404
409,2026-09-30,002086,5.1176891326904297,False,405
410,2026-09-30,301568,5.1176352500915527,False,406
411,2026-09-30,600088,5.1164588928222656,False,407
412,2026-09-30,300420,5.1097316741943359,False,408
413,2026-09-30,600300,5.1087985038757324,False,409
414,2026-09-30,603879,5.1067161560058594,False,410
415,2026-09-30,301116,5.1061930656433105,False,411
416,2026-09-30,002306,5.0920677185058594,False,412
417,2026-09-30,002478,5.091944694519043,False,413
418,2026-09-30,688585,5.0903739929199219,False,414
419,2026-09-30,600858,5.086115837097168,False,415
420,2026-09-30,002908,5.0844831466674805,False,416
421,2026-09-30,300322,5.073333740234375,False,417
422,2026-09-30,002516,5.0678043365478516,False,418
423,2026-09-30,002094,5.0643501281738281,False,419
424,2026-09-30,001316,5.0616641044616699,False,420
425,2026-09-30,000702,5.0590276718139648,False,421
426,2026-09-30,603637,5.0584487915039062,False,422
427,2026-09-30,300538,5.0578746795654297,False,423
428,2026-09-30,688288,5.0484180450439453,False,424
429,2026-09-30,301088,5.0447912216186523,False,425
430,2026-09-30,000985,5.0398464202880859,False,426
431,2026-09-30,000039,5.0300202369689941,False,427
432,2026-09-30,000603,5.0167121887207031,False,428
433,2026-09-30,300196,5.0076899528503418,False,429
434,2026-09-30,002871,5.0044021606445312,False,430
435,2026-09-30,688069,5.0012435913085938,False,431
436,2026-09-30,002987,4.9998159408569336,False,432
437,2026-09-30,603569,4.9986801147460938,False,433
438,2026-09-30,688333,4.9921627044677734,False,434
439,2026-09-30,301697,4.9919757843017578,False,435
440,2026-09-30,688326,4.9915590286254883,False,436
441,2026-09-30,605167,4.9886436462402344,False,437
442,2026-09-30,000605,4.9876818656921387,False,438
443,2026-09-30,603719,4.9855976104736328,False,439
444,2026-09-30,301178,4.9853181838989258,False,440
445,2026-09-30,300500,4.9825782775878906,False,441
446,2026-09-30,002229,4.9767465591430664,False,442
447,2026-09-30,603439,4.9705381393432617,False,443
448,2026-09-30,600336,4.9663186073303223,False,444
449,2026-09-30,301235,4.9625840187072754,False,445
450,2026-09-30,000536,4.9577560424804688,False,446
451,2026-09-30,002535,4.9567098617553711,False,447
452,2026-09-30,600917,4.9334840774536133,False,448
453,2026-09-30,000952,4.9308524131774902,False,449
454,2026-09-30,688372,4.9241733551025391,False,450
455,2026-09-30,301013,4.9156622886657715,False,451
456,2026-09-30,300342,4.9145750999450684,False,452
457,2026-09-30,002977,4.9104905128479004,False,453
458,2026-09-30,002691,4.9042568206787109,False,454
459,2026-09-30,003012,4.903043270111084,False,455
460,2026-09-30,688020,4.9029660224914551,False,456
461,2026-09-30,300849,4.9021377563476562,False,457
462,2026-09-30,002712,4.9012084007263184,False,458
463,2026-09-30,603402,4.9002885818481445,False,459
464,2026-09-30,600855,4.8937540054321289,False,460
465,2026-09-30,000550,4.8859148025512695,False,461
466,2026-09-30,300700,4.8772764205932617,False,462
467,2026-09-30,603326,4.8734936714172363,False,463
468,2026-09-30,688135,4.8728876113891602,False,464
469,2026-09-30,688790,4.8726291656494141,False,465
470,2026-09-30,600310,4.8712530136108398,False,466
471,2026-09-30,600353,4.8705158233642578,False,467
472,2026-09-30,601568,4.8631291389465332,False,468
473,2026-09-30,301027,4.8517708778381348,False,469
474,2026-09-30,300624,4.8510432243347168,False,470
475,2026-09-30,000419,4.8477215766906738,False,471
476,2026-09-30,600568,4.839911937713623,False,472
477,2026-09-30,300663,4.8392219543457031,False,473
478,2026-09-30,002357,4.8312501907348633,False,474
479,2026-09-30,688536,4.8057575225830078,False,475
480,2026-09-30,002008,4.8037662506103516,False,476
481,2026-09-30,000421,4.7974386215209961,False,477
482,2026-09-30,002721,4.7812695503234863,False,478
483,2026-09-30,603558,4.7765049934387207,False,479
484,2026-09-30,300976,4.7709121704101562,False,480
485,2026-09-30,300978,4.7646231651306152,False,481
486,2026-09-30,301319,4.7635178565979004,False,482
487,2026-09-30,000026,4.7584929466247559,False,483
488,2026-09-30,603839,4.7538270950317383,False,484
489,2026-09-30,300025,4.7508201599121094,False,485
490,2026-09-30,300844,4.7507534027099609,False,486
491,2026-09-30,605598,4.7502355575561523,False,487
492,2026-09-30,000887,4.7363662719726562,False,488
493,2026-09-30,002599,4.7259573936462402,False,489
494,2026-09-30,301065,4.7236919403076172,False,490
495,2026-09-30,300547,4.7223520278930664,False,491
496,2026-09-30,300632,4.7162981033325195,False,492
497,2026-09-30,002353,4.7109355926513672,False,493
498,2026-09-30,605567,4.7095885276794434,False,494
499,2026-09-30,301052,4.6961159706115723,False,495
500,2026-09-30,605166,4.6864213943481445,False,496
501,2026-09-30,002677,4.6786956787109375,False,497
502,2026-09-30,301337,4.6768126487731934,False,498
503,2026-09-30,605339,4.6726469993591309,False,499
504,2026-09-30,301309,4.6714563369750977,False,500
505,2026-09-30,001322,4.6653356552124023,False,501
506,2026-09-30,002852,4.6533246040344238,False,502
507,2026-09-30,300030,4.6530561447143555,False,503
508,2026-09-30,301408,4.6465973854064941,False,504
509,2026-09-30,603517,4.6465415954589844,False,505
510,2026-09-30,603022,4.6436223983764648,False,506
511,2026-09-30,300400,4.6391596794128418,False,507
512,2026-09-30,688449,4.636049747467041,False,508
513,2026-09-30,001260,4.6333327293395996,False,509
514,2026-09-30,001366,4.6307206153869629,False,510
515,2026-09-30,002798,4.6211633682250977,False,511
516,2026-09-30,002613,4.6210699081420898,False,512
517,2026-09-30,601606,4.6205182075500488,False,513
518,2026-09-30,001202,4.6197571754455566,False,514
519,2026-09-30,002279,4.6184630393981934,False,515
520,2026-09-30,300271,4.6152348518371582,False,516
521,2026-09-30,301298,4.6130218505859375,False,517
522,2026-09-30,002258,4.6107177734375,False,518
523,2026-09-30,603896,4.6000356674194336,False,519
524,2026-09-30,001210,4.5992050170898438,False,520
525,2026-09-30,603929,4.5845060348510742,False,521
526,2026-09-30,300250,4.5820932388305664,False,522
527,2026-09-30,600792,4.5813994407653809,False,523
528,2026-09-30,300051,4.5792312622070312,False,524
529,2026-09-30,003011,4.5782666206359863,False,525
530,2026-09-30,300657,4.5709247589111328,False,526
531,2026-09-30,000912,4.5651435852050781,False,527
532,2026-09-30,301399,4.5620059967041016,False,528
533,2026-09-30,688698,4.5608839988708496,False,529
534,2026-09-30,603227,4.5578699111938477,False,530
535,2026-09-30,600530,4.5554351806640625,False,531
536,2026-09-30,600753,4.5548019409179688,False,532
537,2026-09-30,601333,4.554387092590332,False,533
538,2026-09-30,002574,4.5478525161743164,False,534
539,2026-09-30,301005,4.5391073226928711,False,535
540,2026-09-30,603151,4.5322341918945312,False,536
541,2026-09-30,000815,4.5309047698974609,False,537
542,2026-09-30,605337,4.5216031074523926,False,538
543,2026-09-30,301556,4.5167207717895508,False,539
544,2026-09-30,002017,4.5157914161682129,False,540
545,2026-09-30,301117,4.5156459808349609,False,541
546,2026-09-30,000301,4.5088973045349121,False,542
547,2026-09-30,688428,4.5007286071777344,False,543
548,2026-09-30,600774,4.4992990493774414,False,544
549,2026-09-30,001360,4.4982614517211914,False,545
550,2026-09-30,000590,4.4934177398681641,False,546
551,2026-09-30,300143,4.4920315742492676,False,547
552,2026-09-30,300131,4.4918069839477539,False,548
553,2026-09-30,300830,4.4878292083740234,False,549
554,2026-09-30,601975,4.4868316650390625,False,550
555,2026-09-30,600398,4.4831790924072266,False,551
556,2026-09-30,002022,4.4820394515991211,False,552
557,2026-09-30,301037,4.4820156097412109,False,553
558,2026-09-30,002824,4.4808778762817383,False,554
559,2026-09-30,002524,4.4764013290405273,False,555
560,2026-09-30,300789,4.4693632125854492,False,556
561,2026-09-30,002047,4.4664726257324219,False,557
562,2026-09-30,300561,4.4664478302001953,False,558
563,2026-09-30,605300,4.4646997451782227,False,559
564,2026-09-30,688013,4.453434944152832,False,560
565,2026-09-30,300591,4.4510135650634766,False,561
566,2026-09-30,600279,4.4505939483642578,False,562
567,2026-09-30,605009,4.4502801895141602,False,563
568,2026-09-30,603317,4.442903995513916,False,564
569,2026-09-30,600715,4.4402122497558594,False,565
570,2026-09-30,002795,4.438084602355957,False,566
571,2026-09-30,603121,4.43621826171875,False,567
572,2026-09-30,688191,4.4320764541625977,False,568
573,2026-09-30,300945,4.4297370910644531,False,569
574,2026-09-30,301185,4.4295315742492676,False,570
575,2026-09-30,000663,4.42913818359375,False,571
576,2026-09-30,002779,4.4286789894104004,False,572
577,2026-09-30,301073,4.4273133277893066,False,573
578,2026-09-30,000931,4.4236407279968262,False,574
579,2026-09-30,301446,4.4200496673583984,False,575
580,2026-09-30,300707,4.4189720153808594,False,576
581,2026-09-30,300812,4.4137964248657227,False,577
582,2026-09-30,301158,4.4120960235595703,False,578
583,2026-09-30,603255,4.4076480865478516,False,579
584,2026-09-30,601512,4.4067840576171875,False,580
585,2026-09-30,300721,4.404632568359375,False,581
586,2026-09-30,000626,4.3979864120483398,False,582
587,2026-09-30,688215,4.3934669494628906,False,583
588,2026-09-30,605289,4.391237735748291,False,584
589,2026-09-30,000816,4.3909568786621094,False,585
590,2026-09-30,603102,4.388463020324707,False,586
591,2026-09-30,300920,4.3874998092651367,False,587
592,2026-09-30,301413,4.3840937614440918,False,588
593,2026-09-30,300898,4.3838644027709961,False,589
594,2026-09-30,300745,4.3775534629821777,False,590
595,2026-09-30,001259,4.3639926910400391,False,591
596,2026-09-30,002206,4.361168384552002,False,592
597,2026-09-30,603386,4.3589725494384766,False,593
598,2026-09-30,600967,4.3575558662414551,False,594
599,2026-09-30,603132,4.3558492660522461,False,595
600,2026-09-30,300318,4.3547735214233398,False,596
601,2026-09-30,003020,4.3512473106384277,False,597
602,2026-09-30,301626,4.3510971069335938,False,598
603,2026-09-30,301555,4.3490991592407227,False,599
604,2026-09-30,002069,4.3433728218078613,False,600
605,2026-09-30,603129,4.3422832489013672,False,601
606,2026-09-30,600968,4.3371515274047852,False,602
607,2026-09-30,300097,4.334172248840332,False,603
608,2026-09-30,603936,4.3322973251342773,False,604
609,2026-09-30,002692,4.331873893737793,False,605
610,2026-09-30,688352,4.330894947052002,False,606
611,2026-09-30,000520,4.3280038833618164,False,607
612,2026-09-30,000411,4.3260612487792969,False,608
613,2026-09-30,603477,4.3259024620056152,False,609
614,2026-09-30,002657,4.3238744735717773,False,610
615,2026-09-30,000533,4.3233370780944824,False,611
616,2026-09-30,603903,4.3122406005859375,False,612
617,2026-09-30,603886,4.3119173049926758,False,613
618,2026-09-30,300316,4.3093900680541992,False,614
619,2026-09-30,688260,4.3075995445251465,False,615
620,2026-09-30,603787,4.3067159652709961,False,616
621,2026-09-30,301181,4.3059325218200684,False,617
622,2026-09-30,688598,4.3035421371459961,False,618
623,2026-09-30,603150,4.30218505859375,False,619
624,2026-09-30,600071,4.3021783828735352,False,620
625,2026-09-30,301032,4.3016190528869629,False,621
626,2026-09-30,300102,4.3009858131408691,False,622
627,2026-09-30,600860,4.3002848625183105,False,623
628,2026-09-30,688717,4.2994146347045898,False,624
629,2026-09-30,600986,4.2985515594482422,False,625
630,2026-09-30,002682,4.2937307357788086,False,626
631,2026-09-30,001231,4.2898130416870117,False,627
632,2026-09-30,600576,4.2863664627075195,False,628
633,2026-09-30,002154,4.2861990928649902,False,629
634,2026-09-30,002492,4.2829403877258301,False,630
635,2026-09-30,603279,4.2708878517150879,False,631
636,2026-09-30,002576,4.2682604789733887,False,632
637,2026-09-30,002597,4.2672948837280273,False,633
638,2026-09-30,002726,4.2623791694641113,False,634
639,2026-09-30,603551,4.2532267570495605,False,635
640,2026-09-30,001286,4.2512149810791016,False,636
641,2026-09-30,600676,4.2438116073608398,False,637
642,2026-09-30,600594,4.243682861328125,False,638
643,2026-09-30,300578,4.2385292053222656,False,639
644,2026-09-30,605580,4.2367205619812012,False,640
645,2026-09-30,301128,4.235929012298584,False,641
646,2026-09-30,605007,4.2322535514831543,False,642
647,2026-09-30,002950,4.2308082580566406,False,643
648,2026-09-30,002109,4.230527400970459,False,644
649,2026-09-30,300175,4.2271256446838379,False,645
650,2026-09-30,003009,4.2262392044067383,False,646
651,2026-09-30,301087,4.2245669364929199,False,647
652,2026-09-30,002198,4.2227554321289062,False,648
653,2026-09-30,300298,4.2219834327697754,False,649
654,2026-09-30,300679,4.2215685844421387,False,650
655,2026-09-30,603089,4.218111515045166,False,651
656,2026-09-30,600556,4.2175350189208984,False,652
657,2026-09-30,300227,4.2105116844177246,False,653
658,2026-09-30,601011,4.2051076889038086,False,654
659,2026-09-30,300371,4.2030014991760254,False,655
660,2026-09-30,301068,4.200657844543457,False,656
661,2026-09-30,603711,4.1975955963134766,False,657
662,2026-09-30,301429,4.1869053840637207,False,658
663,2026-09-30,000955,4.1844978332519531,False,659
664,2026-09-30,000751,4.1793107986450195,False,660
665,2026-09-30,603176,4.1756401062011719,False,661
666,2026-09-30,301598,4.1695041656494141,False,662
667,2026-09-30,605319,4.1671662330627441,False,663
668,2026-09-30,605122,4.1630463600158691,False,664
669,2026-09-30,300536,4.1623778343200684,False,665
670,2026-09-30,600257,4.1621508598327637,False,666
671,2026-09-30,600185,4.1613426208496094,False,667
672,2026-09-30,603895,4.1561737060546875,False,668
673,2026-09-30,688508,4.1557226181030273,False,669
674,2026-09-30,000428,4.1556072235107422,False,670
675,2026-09-30,600346,4.1517839431762695,False,671
676,2026-09-30,002491,4.1510777473449707,False,672
677,2026-09-30,000410,4.1460733413696289,False,673
678,2026-09-30,688485,4.1448960304260254,False,674
679,2026-09-30,600255,4.1438322067260742,False,675
680,2026-09-30,603918,4.1254367828369141,False,676
681,2026-09-30,603718,4.1250863075256348,False,677
682,2026-09-30,600965,4.1248188018798828,False,678
683,2026-09-30,301507,4.1247034072875977,False,679
684,2026-09-30,601126,4.1202316284179688,False,680
685,2026-09-30,600693,4.1184377670288086,False,681
686,2026-09-30,603967,4.1180801391601562,False,682
687,2026-09-30,300103,4.1136302947998047,False,683
688,2026-09-30,603103,4.1115241050720215,False,684
689,2026-09-30,002313,4.1104831695556641,False,685
690,2026-09-30,300645,4.1086783409118652,False,686
691,2026-09-30,000755,4.1062178611755371,False,687
692,2026-09-30,300120,4.1054105758666992,False,688
693,2026-09-30,600791,4.0944762229919434,False,689
694,2026-09-30,300132,4.0888233184814453,False,690
695,2026-09-30,300994,4.0841050148010254,False,691
696,2026-09-30,000705,4.071373462677002,False,692
697,2026-09-30,000863,4.0706634521484375,False,693
698,2026-09-30,688246,4.0693912506103516,False,694
699,2026-09-30,002329,4.0662784576416016,False,695
700,2026-09-30,002993,4.0641555786132812,False,696
701,2026-09-30,603406,4.0580835342407227,False,697
702,2026-09-30,000553,4.0578551292419434,False,698
703,2026-09-30,600626,4.0576839447021484,False,699
704,2026-09-30,603223,4.0568141937255859,False,700
705,2026-09-30,002496,4.0516819953918457,False,701
706,2026-09-30,600961,4.0505862236022949,False,702
707,2026-09-30,300780,4.0479335784912109,False,703
708,2026-09-30,600128,4.0448665618896484,False,704
709,2026-09-30,600222,4.0413293838500977,False,705
710,2026-09-30,002155,4.0392327308654785,False,706
711,2026-09-30,002215,4.0374741554260254,False,707
712,2026-09-30,688592,4.0367364883422852,False,708
713,2026-09-30,688110,4.0333280563354492,False,709
714,2026-09-30,300608,4.0326251983642578,False,710
715,2026-09-30,603076,4.0316452980041504,False,711
716,2026-09-30,603488,4.0286784172058105,False,712
717,2026-09-30,688373,4.0283417701721191,False,713
718,2026-09-30,002194,4.0250191688537598,False,714
719,2026-09-30,300996,4.0216937065124512,False,715
720,2026-09-30,000070,4.0201873779296875,False,716
721,2026-09-30,603565,4.0120530128479004,False,717
722,2026-09-30,000788,4.011775016784668,False,718
723,2026-09-30,000401,4.010371208190918,False,719
724,2026-09-30,300513,4.0067605972290039,False,720
725,2026-09-30,301261,4.0037679672241211,False,721
726,2026-09-30,603888,3.9986100196838379,False,722
727,2026-09-30,000888,3.9968371391296387,False,723
728,2026-09-30,002088,3.9952726364135742,False,724
729,2026-09-30,688661,3.9919600486755371,False,725
730,2026-09-30,002246,3.98447585105896,False,726
731,2026-09-30,002015,3.9821016788482666,False,727
732,2026-09-30,002588,3.9721436500549316,False,728
733,2026-09-30,688375,3.9717679023742676,False,729
734,2026-09-30,688610,3.9698290824890137,False,730
735,2026-09-30,301108,3.965165376663208,False,731
736,2026-09-30,002033,3.9634697437286377,False,732
737,2026-09-30,002493,3.9627892971038818,False,733
738,2026-09-30,603499,3.9465317726135254,False,734
739,2026-09-30,002644,3.9437575340270996,False,735
740,2026-09-30,002983,3.9418344497680664,False,736
741,2026-09-30,301339,3.940460205078125,False,737
742,2026-09-30,000526,3.9374463558197021,False,738
743,2026-09-30,002354,3.9370322227478027,False,739
744,2026-09-30,300407,3.9357867240905762,False,740
745,2026-09-30,300126,3.9355778694152832,False,741
746,2026-09-30,002965,3.9195210933685303,False,742
747,2026-09-30,603079,3.9178562164306641,False,743
748,2026-09-30,601898,3.9125030040740967,False,744
749,2026-09-30,001238,3.9112505912780762,False,745
750,2026-09-30,600590,3.9096546173095703,False,746
751,2026-09-30,605488,3.9080049991607666,False,747
752,2026-09-30,601588,3.9065687656402588,False,748
753,2026-09-30,002681,3.9055640697479248,False,749
754,2026-09-30,301300,3.9039175510406494,False,750
755,2026-09-30,300701,3.8973584175109863,False,751
756,2026-09-30,300123,3.8973205089569092,False,752
757,2026-09-30,001270,3.8937511444091797,False,753
758,2026-09-30,300194,3.8912129402160645,False,754
759,2026-09-30,300838,3.8870408535003662,False,755
760,2026-09-30,301322,3.886293888092041,False,756
761,2026-09-30,605500,3.8835494518280029,False,757
762,2026-09-30,300758,3.8818211555480957,False,758
763,2026-09-30,600158,3.8794629573822021,False,759
764,2026-09-30,300824,3.878650426864624,False,760
765,2026-09-30,603043,3.8780834674835205,False,761
766,2026-09-30,600408,3.8749971389770508,False,762
767,2026-09-30,001268,3.8748502731323242,False,763
768,2026-09-30,600800,3.8688030242919922,False,764
769,2026-09-30,002481,3.865154504776001,False,765
770,2026-09-30,000856,3.8613147735595703,False,766
771,2026-09-30,600433,3.8571491241455078,False,767
772,2026-09-30,688156,3.8566944599151611,False,768
773,2026-09-30,300517,3.8542389869689941,False,769
774,2026-09-30,688190,3.8526458740234375,False,770
775,2026-09-30,001255,3.8495848178863525,False,771
776,2026-09-30,000529,3.8476767539978027,False,772
777,2026-09-30,300145,3.8362789154052734,False,773
778,2026-09-30,301360,3.8353540897369385,False,774
779,2026-09-30,301072,3.8336172103881836,False,775
780,2026-09-30,601168,3.8314657211303711,False,776
781,2026-09-30,603061,3.8311433792114258,False,777
782,2026-09-30,300968,3.828310489654541,False,778
783,2026-09-30,301367,3.8271567821502686,False,779
784,2026-09-30,301279,3.8253288269042969,False,780
785,2026-09-30,002566,3.8232913017272949,False,781
786,2026-09-30,600496,3.8144493103027344,False,782
787,2026-09-30,601065,3.8124933242797852,False,783
788,2026-09-30,603899,3.8101353645324707,False,784
789,2026-09-30,000995,3.8056528568267822,False,785
790,2026-09-30,600886,3.8048207759857178,False,786
791,2026-09-30,600834,3.8035638332366943,False,787
792,2026-09-30,603398,3.8022675514221191,False,788
793,2026-09-30,600395,3.7994692325592041,False,789
794,2026-09-30,002476,3.794752836227417,False,790
795,2026-09-30,688686,3.7941567897796631,False,791
796,2026-09-30,002045,3.7937819957733154,False,792
797,2026-09-30,300583,3.7912538051605225,False,793
798,2026-09-30,003016,3.79001784324646,False,794
799,2026-09-30,300225,3.7836980819702148,False,795
800,2026-09-30,600052,3.7829680442810059,False,796
801,2026-09-30,600755,3.7825675010681152,False,797
802,2026-09-30,605089,3.7744598388671875,False,798
803,2026-09-30,301172,3.766035795211792,False,799
804,2026-09-30,300509,3.7634334564208984,False,800
805,2026-09-30,603866,3.7602367401123047,False,801
806,2026-09-30,601969,3.7562522888183594,False,802
807,2026-09-30,301469,3.7554264068603516,False,803
808,2026-09-30,600833,3.7514975070953369,False,804
809,2026-09-30,603098,3.7478775978088379,False,805
810,2026-09-30,688007,3.7467713356018066,False,806
811,2026-09-30,002659,3.745826244354248,False,807
812,2026-09-30,000820,3.745403528213501,False,808
813,2026-09-30,000822,3.7426860332489014,False,809
814,2026-09-30,688737,3.7386422157287598,False,810
815,2026-09-30,603007,3.7364814281463623,False,811
816,2026-09-30,002796,3.7338237762451172,False,812
817,2026-09-30,000059,3.7319018840789795,False,813
818,2026-09-30,300648,3.7297205924987793,False,814
819,2026-09-30,603338,3.7295737266540527,False,815
820,2026-09-30,603690,3.7250785827636719,False,816
821,2026-09-30,605555,3.7218127250671387,False,817
822,2026-09-30,688569,3.7180612087249756,False,818
823,2026-09-30,002725,3.7161569595336914,False,819
824,2026-09-30,603889,3.7157182693481445,False,820
825,2026-09-30,600996,3.7062182426452637,False,821
826,2026-09-30,002421,3.7055706977844238,False,822
827,2026-09-30,600819,3.7029685974121094,False,823
828,2026-09-30,301112,3.7017385959625244,False,824
829,2026-09-30,605299,3.7002882957458496,False,825
830,2026-09-30,603177,3.6976730823516846,False,826
831,2026-09-30,600793,3.6951751708984375,False,827
832,2026-09-30,600694,3.693413257598877,False,828
833,2026-09-30,301028,3.6920850276947021,False,829
834,2026-09-30,603616,3.6917014122009277,False,830
835,2026-09-30,600212,3.6797089576721191,False,831
836,2026-09-30,002096,3.6796584129333496,False,832
837,2026-09-30,603722,3.6712520122528076,False,833
838,2026-09-30,600678,3.6706290245056152,False,834
839,2026-09-30,300925,3.6682305335998535,False,835
840,2026-09-30,300894,3.6678628921508789,False,836
841,2026-09-30,600183,3.6659092903137207,False,837
842,2026-09-30,000908,3.6583857536315918,False,838
843,2026-09-30,002532,3.6556396484375,False,839
844,2026-09-30,603351,3.6553130149841309,False,840
845,2026-09-30,300086,3.6526618003845215,False,841
846,2026-09-30,300069,3.6492986679077148,False,842
847,2026-09-30,601326,3.6491563320159912,False,843
848,2026-09-30,688568,3.6490373611450195,False,844
849,2026-09-30,002376,3.6463723182678223,False,845
850,2026-09-30,301151,3.6463680267333984,False,846
851,2026-09-30,603639,3.6434428691864014,False,847
852,2026-09-30,603262,3.6428899765014648,False,848
853,2026-09-30,300875,3.6406533718109131,False,849
854,2026-09-30,300150,3.6346628665924072,False,850
855,2026-09-30,603021,3.6311702728271484,False,851
856,2026-09-30,002802,3.6300201416015625,False,852
857,2026-09-30,688366,3.6295583248138428,False,853
858,2026-09-30,300729,3.6289916038513184,False,854
859,2026-09-30,300535,3.6287364959716797,False,855
860,2026-09-30,002278,3.628199577331543,False,856
861,2026-09-30,600026,3.6256310939788818,False,857
862,2026-09-30,688389,3.6247634887695312,False,858
863,2026-09-30,603633,3.6221954822540283,False,859
864,2026-09-30,603310,3.6187167167663574,False,860
865,2026-09-30,600463,3.6159231662750244,False,861
866,2026-09-30,603057,3.61336350440979,False,862
867,2026-09-30,600543,3.6132874488830566,False,863
868,2026-09-30,688322,3.6122744083404541,False,864
869,2026-09-30,600963,3.6111421585083008,False,865
870,2026-09-30,601008,3.6095771789550781,False,866
871,2026-09-30,603111,3.6061289310455322,False,867
872,2026-09-30,002055,3.605597972869873,False,868
873,2026-09-30,300977,3.6042561531066895,False,869
874,2026-09-30,002362,3.6007966995239258,False,870
875,2026-09-30,000862,3.5989584922790527,False,871
876,2026-09-30,301078,3.5940682888031006,False,872
877,2026-09-30,002663,3.5925743579864502,False,873
878,2026-09-30,603320,3.5896108150482178,False,874
879,2026-09-30,300543,3.5873293876647949,False,875
880,2026-09-30,688579,3.584498405456543,False,876
881,2026-09-30,002585,3.5747137069702148,False,877
882,2026-09-30,600497,3.5742976665496826,False,878
883,2026-09-30,300625,3.5733685493469238,False,879
884,2026-09-30,001313,3.571803092956543,False,880
885,2026-09-30,002628,3.5711383819580078,False,881
886,2026-09-30,002528,3.5710811614990234,False,882
887,2026-09-30,688523,3.5652980804443359,False,883
888,2026-09-30,002343,3.5642814636230469,False,884
889,2026-09-30,603180,3.5561854839324951,False,885
890,2026-09-30,600399,3.5548462867736816,False,886
891,2026-09-30,603041,3.5496840476989746,False,887
892,2026-09-30,603587,3.5487103462219238,False,888
893,2026-09-30,301606,3.5453884601593018,False,889
894,2026-09-30,603283,3.5431067943572998,False,890
895,2026-09-30,002999,3.5419759750366211,False,891
896,2026-09-30,603385,3.5418765544891357,False,892
897,2026-09-30,002028,3.5392329692840576,False,893
898,2026-09-30,603818,3.5357224941253662,False,894
899,2026-09-30,603032,3.531724214553833,False,895
900,2026-09-30,301516,3.5293233394622803,False,896
901,2026-09-30,002114,3.5270805358886719,False,897
902,2026-09-30,603208,3.5265791416168213,False,898
903,2026-09-30,301302,3.5248079299926758,False,899
904,2026-09-30,000707,3.5228447914123535,False,900
905,2026-09-30,688533,3.5196635723114014,False,901
906,2026-09-30,603031,3.5188667774200439,False,902
907,2026-09-30,600775,3.5150103569030762,False,903
908,2026-09-30,600880,3.5136141777038574,False,904
909,2026-09-30,600785,3.5115034580230713,False,905
910,2026-09-30,600033,3.5109705924987793,False,906
911,2026-09-30,000548,3.506880521774292,False,907
912,2026-09-30,600239,3.5038313865661621,False,908
913,2026-09-30,600348,3.5010576248168945,False,909
914,2026-09-30,001319,3.499333381652832,False,910
915,2026-09-30,605599,3.4962868690490723,False,911
916,2026-09-30,603027,3.4948470592498779,False,912
917,2026-09-30,002826,3.4943375587463379,False,913
918,2026-09-30,300670,3.4942646026611328,False,914
919,2026-09-30,600871,3.4929003715515137,False,915
920,2026-09-30,301035,3.4906566143035889,False,916
921,2026-09-30,002697,3.4906439781188965,False,917
922,2026-09-30,600118,3.488048791885376,False,918
923,2026-09-30,002105,3.4830780029296875,False,919
924,2026-09-30,601107,3.4816112518310547,False,920
925,2026-09-30,002320,3.4809155464172363,False,921
926,2026-09-30,603235,3.4796237945556641,False,922
927,2026-09-30,600706,3.4790573120117188,False,923
928,2026-09-30,301588,3.4776542186737061,False,924
929,2026-09-30,000830,3.4731283187866211,False,925
930,2026-09-30,300013,3.4673981666564941,False,926
931,2026-09-30,603006,3.465846061706543,False,927
932,2026-09-30,600073,3.4540891647338867,False,928
933,2026-09-30,300516,3.4522876739501953,False,929
934,2026-09-30,688377,3.4453771114349365,False,930
935,2026-09-30,002700,3.4450829029083252,False,931
936,2026-09-30,300668,3.4439940452575684,False,932
937,2026-09-30,300519,3.4425857067108154,False,933
938,2026-09-30,603817,3.4396107196807861,False,934
939,2026-09-30,603607,3.4377663135528564,False,935
940,2026-09-30,002344,3.4351329803466797,False,936
941,2026-09-30,600537,3.4341411590576172,False,937
942,2026-09-30,000501,3.4332761764526367,False,938
943,2026-09-30,600053,3.4320070743560791,False,939
944,2026-09-30,601231,3.4318885803222656,False,940
945,2026-09-30,600125,3.4316840171813965,False,941
946,2026-09-30,603810,3.4315731525421143,False,942
947,2026-09-30,002878,3.4312703609466553,False,943
948,2026-09-30,002416,3.4294760227203369,False,944
949,2026-09-30,600872,3.4293577671051025,False,945
950,2026-09-30,603536,3.4277205467224121,False,946
951,2026-09-30,688357,3.4266982078552246,False,947
952,2026-09-30,300653,3.4226582050323486,False,948
953,2026-09-30,301133,3.4213759899139404,False,949
954,2026-09-30,600469,3.4172945022583008,False,950
955,2026-09-30,605268,3.4064755439758301,False,951
956,2026-09-30,601799,3.396064281463623,False,952
957,2026-09-30,603059,3.3943419456481934,False,953
958,2026-09-30,301126,3.3901481628417969,False,954
959,2026-09-30,301586,3.3880271911621094,False,955
960,2026-09-30,002648,3.3813567161560059,False,956
961,2026-09-30,000655,3.379770040512085,False,957
962,2026-09-30,000905,3.3792996406555176,False,958
963,2026-09-30,301141,3.3787612915039062,False,959
964,2026-09-30,000573,3.3760614395141602,False,960
965,2026-09-30,300846,3.3703298568725586,False,961
966,2026-09-30,688679,3.3694140911102295,False,962
967,2026-09-30,000683,3.3689103126525879,False,963
968,2026-09-30,603172,3.3680205345153809,False,964
969,2026-09-30,301213,3.3599371910095215,False,965
970,2026-09-30,001201,3.3595740795135498,False,966
971,2026-09-30,001380,3.3588316440582275,False,967
972,2026-09-30,300144,3.3520247936248779,False,968
973,2026-09-30,603307,3.3488707542419434,False,969
974,2026-09-30,002688,3.3416180610656738,False,970
975,2026-09-30,002752,3.3396651744842529,False,971
976,2026-09-30,301252,3.3349158763885498,False,972
977,2026-09-30,600746,3.3335583209991455,False,973
978,2026-09-30,000957,3.3265285491943359,False,974
979,2026-09-30,600718,3.3200421333312988,False,975
980,2026-09-30,300527,3.3193650245666504,False,976
981,2026-09-30,002390,3.3135581016540527,False,977
982,2026-09-30,603586,3.3120341300964355,False,978
983,2026-09-30,301136,3.3110268115997314,False,979
984,2026-09-30,003816,3.3106880187988281,False,980
985,2026-09-30,002144,3.3103446960449219,False,981
986,2026-09-30,301315,3.3097014427185059,False,982
987,2026-09-30,002059,3.3087992668151855,False,983
988,2026-09-30,600938,3.3079483509063721,False,984
989,2026-09-30,688693,3.3058836460113525,False,985
990,2026-09-30,603060,3.3034732341766357,False,986
991,2026-09-30,301321,3.3027944564819336,False,987
992,2026-09-30,600624,3.3002715110778809,False,988
993,2026-09-30,601598,3.2964389324188232,False,989
994,2026-09-30,301682,3.2956464290618896,False,990
995,2026-09-30,601882,3.2955081462860107,False,991
996,2026-09-30,301539,3.2945833206176758,False,992
997,2026-09-30,301688,3.2935795783996582,False,993
998,2026-09-30,002107,3.291938304901123,False,994
999,2026-09-30,601616,3.2913637161254883,False,995
1000,2026-09-30,002461,3.2900457382202148,False,996
1001,2026-09-30,301600,3.2897810935974121,False,997
1002,2026-09-30,002563,3.2869935035705566,False,998
1003,2026-09-30,000547,3.2867298126220703,False,999
1004,2026-09-30,300848,3.2865862846374512,False,1000
1005,2026-09-30,002420,3.2772231101989746,False,1001
1006,2026-09-30,301519,3.2758846282958984,False,1002
1007,2026-09-30,603015,3.2753386497497559,False,1003
1008,2026-09-30,003037,3.2741303443908691,False,1004
1009,2026-09-30,300299,3.272676944732666,False,1005
1010,2026-09-30,600149,3.2692289352416992,False,1006
1011,2026-09-30,688276,3.26812744140625,False,1007
1012,2026-09-30,301083,3.2662389278411865,False,1008
1013,2026-09-30,000988,3.2650971412658691,False,1009
1014,2026-09-30,603088,3.2629897594451904,False,1010
1015,2026-09-30,002643,3.2623515129089355,False,1011
1016,2026-09-30,600854,3.2614164352416992,False,1012
1017,2026-09-30,301200,3.2611398696899414,False,1013
1018,2026-09-30,600571,3.261110782623291,False,1014
1019,2026-09-30,300332,3.2589926719665527,False,1015
1020,2026-09-30,002705,3.2580380439758301,False,1016
1021,2026-09-30,605298,3.2578854560852051,False,1017
1022,2026-09-30,000570,3.2565557956695557,False,1018
1023,2026-09-30,301256,3.2535810470581055,False,1019
1024,2026-09-30,600104,3.2515625953674316,False,1020
1025,2026-09-30,002577,3.2509403228759766,False,1021
1026,2026-09-30,600287,3.2500758171081543,False,1022
1027,2026-09-30,601216,3.2498664855957031,False,1023
1028,2026-09-30,000619,3.2489621639251709,False,1024
1029,2026-09-30,600575,3.2483830451965332,False,1025
1030,2026-09-30,301468,3.248347282409668,False,1026
1031,2026-09-30,002038,3.2481348514556885,False,1027
1032,2026-09-30,603135,3.2480368614196777,False,1028
1033,2026-09-30,301318,3.246037483215332,False,1029
1034,2026-09-30,688305,3.2425937652587891,False,1030
1035,2026-09-30,300111,3.2402725219726562,False,1031
1036,2026-09-30,603880,3.2387371063232422,False,1032
1037,2026-09-30,600955,3.237346887588501,False,1033
1038,2026-09-30,002788,3.2354335784912109,False,1034
1039,2026-09-30,300430,3.2332110404968262,False,1035
1040,2026-09-30,601919,3.2322797775268555,False,1036
1041,2026-09-30,603078,3.2295303344726562,False,1037
1042,2026-09-30,600202,3.2289097309112549,False,1038
1043,2026-09-30,600508,3.2287044525146484,False,1039
1044,2026-09-30,300621,3.2260391712188721,False,1040
1045,2026-09-30,003008,3.225949764251709,False,1041
1046,2026-09-30,002865,3.2245140075683594,False,1042
1047,2026-09-30,600136,3.2212777137756348,False,1043
1048,2026-09-30,603516,3.2196595668792725,False,1044
1049,2026-09-30,000758,3.2194013595581055,False,1045
1050,2026-09-30,600219,3.2173793315887451,False,1046
1051,2026-09-30,001256,3.2140984535217285,False,1047
1052,2026-09-30,603868,3.2140688896179199,False,1048
1053,2026-09-30,600966,3.2129225730895996,False,1049
1054,2026-09-30,600711,3.2066731452941895,False,1050
1055,2026-09-30,600684,3.2065794467926025,False,1051
1056,2026-09-30,605003,3.2053203582763672,False,1052
1057,2026-09-30,300134,3.2039027214050293,False,1053
1058,2026-09-30,002177,3.2012252807617188,False,1054
1059,2026-09-30,600538,3.2002651691436768,False,1055
1060,2026-09-30,688588,3.2002546787261963,False,1056
1061,2026-09-30,600280,3.1969819068908691,False,1057
1062,2026-09-30,300585,3.196068286895752,False,1058
1063,2026-09-30,605056,3.1908097267150879,False,1059
1064,2026-09-30,002112,3.1887319087982178,False,1060
1065,2026-09-30,605177,3.1887288093566895,False,1061
1066,2026-09-30,600959,3.1865463256835938,False,1062
1067,2026-09-30,603557,3.1849074363708496,False,1063
1068,2026-09-30,000729,3.1830806732177734,False,1064
1069,2026-09-30,301370,3.182201623916626,False,1065
1070,2026-09-30,603958,3.1722321510314941,False,1066
1071,2026-09-30,300465,3.169661283493042,False,1067
1072,2026-09-30,688161,3.1686887741088867,False,1068
1073,2026-09-30,002330,3.1642255783081055,False,1069
1074,2026-09-30,002163,3.1581525802612305,False,1070
1075,2026-09-30,002391,3.1572380065917969,False,1071
1076,2026-09-30,600876,3.1562538146972656,False,1072
1077,2026-09-30,300822,3.1526339054107666,False,1073
1078,2026-09-30,688468,3.1521246433258057,False,1074
1079,2026-09-30,601956,3.1503551006317139,False,1075
1080,2026-09-30,603096,3.1491570472717285,False,1076
1081,2026-09-30,002729,3.1375689506530762,False,1077
1082,2026-09-30,002732,3.1350934505462646,False,1078
1083,2026-09-30,601595,3.134981632232666,False,1079
1084,2026-09-30,002843,3.132810115814209,False,1080
1085,2026-09-30,688459,3.132112979888916,False,1081
1086,2026-09-30,301157,3.1301889419555664,False,1082
1087,2026-09-30,600319,3.1281554698944092,False,1083
1088,2026-09-30,002098,3.1269142627716064,False,1084
1089,2026-09-30,301022,3.1241879463195801,False,1085
1090,2026-09-30,300597,3.1239778995513916,False,1086
1091,2026-09-30,301159,3.1235194206237793,False,1087
1092,2026-09-30,002016,3.1165368556976318,False,1088
1093,2026-09-30,688618,3.1157712936401367,False,1089
1094,2026-09-30,002269,3.114933967590332,False,1090
1095,2026-09-30,300374,3.107262134552002,False,1091
1096,2026-09-30,300165,3.1068286895751953,False,1092
1097,2026-09-30,600023,3.0988492965698242,False,1093
1098,2026-09-30,002120,3.0964484214782715,False,1094
1099,2026-09-30,300928,3.0939178466796875,False,1095
1100,2026-09-30,600328,3.0894584655761719,False,1096
1101,2026-09-30,002196,3.0871524810791016,False,1097
1102,2026-09-30,600419,3.0870175361633301,False,1098
1103,2026-09-30,002149,3.0842957496643066,False,1099
1104,2026-09-30,600783,3.0819463729858398,False,1100
1105,2026-09-30,603324,3.0817530155181885,False,1101
1106,2026-09-30,300820,3.078554630279541,False,1102
1107,2026-09-30,000731,3.076603889465332,False,1103
1108,2026-09-30,601096,3.0752861499786377,False,1104
1109,2026-09-30,002905,3.0749940872192383,False,1105
1110,2026-09-30,601728,3.0732486248016357,False,1106
1111,2026-09-30,300027,3.0721485614776611,False,1107
1112,2026-09-30,002363,3.0665061473846436,False,1108
1113,2026-09-30,600831,3.0664210319519043,False,1109
1114,2026-09-30,000010,3.0649533271789551,False,1110
1115,2026-09-30,600215,3.0648229122161865,False,1111
1116,2026-09-30,601518,3.061704158782959,False,1112
1117,2026-09-30,605033,3.0599784851074219,False,1113
1118,2026-09-30,688060,3.0576305389404297,False,1114
1119,2026-09-30,002960,3.0562751293182373,False,1115
1120,2026-09-30,688539,3.0548684597015381,False,1116
1121,2026-09-30,300767,3.0547928810119629,False,1117
1122,2026-09-30,300956,3.0534863471984863,False,1118
1123,2026-09-30,603878,3.0490512847900391,False,1119
1124,2026-09-30,301533,3.0483462810516357,False,1120
1125,2026-09-30,603609,3.0439627170562744,False,1121
1126,2026-09-30,688571,3.0417349338531494,False,1122
1127,2026-09-30,603309,3.0413398742675781,False,1123
1128,2026-09-30,300722,3.0411150455474854,False,1124
1129,2026-09-30,688211,3.0406169891357422,False,1125
1130,2026-09-30,002557,3.0355045795440674,False,1126
1131,2026-09-30,000612,3.0325436592102051,False,1127
1132,2026-09-30,600980,3.0306847095489502,False,1128
1133,2026-09-30,688528,3.0291774272918701,False,1129
1134,2026-09-30,001378,3.0285286903381348,False,1130
1135,2026-09-30,300933,3.0284323692321777,False,1131
1136,2026-09-30,600617,3.0265753269195557,False,1132
1137,2026-09-30,600217,3.0251545906066895,False,1133
1138,2026-09-30,605060,3.0249752998352051,False,1134
1139,2026-09-30,300884,3.0237405300140381,False,1135
1140,2026-09-30,000546,3.0212113857269287,False,1136
1141,2026-09-30,688102,3.0203580856323242,False,1137
1142,2026-09-30,605376,3.0199708938598633,False,1138
1143,2026-09-30,300855,3.0180015563964844,False,1139
1144,2026-09-30,002869,3.0123333930969238,False,1140
1145,2026-09-30,601121,3.0099306106567383,False,1141
1146,2026-09-30,000597,3.0056285858154297,False,1142
1147,2026-09-30,688565,3.004422664642334,False,1143
1148,2026-09-30,603660,3.0037262439727783,False,1144
1149,2026-09-30,600546,2.9997313022613525,False,1145
1150,2026-09-30,603506,2.9980659484863281,False,1146
1151,2026-09-30,603289,2.9952819347381592,False,1147
1152,2026-09-30,002166,2.9940047264099121,False,1148
1153,2026-09-30,603729,2.9897875785827637,False,1149
1154,2026-09-30,603677,2.9882948398590088,False,1150
1155,2026-09-30,605183,2.9877133369445801,False,1151
1156,2026-09-30,301299,2.9873387813568115,False,1152
1157,2026-09-30,601020,2.9872722625732422,False,1153
1158,2026-09-30,603489,2.9846971035003662,False,1154
1159,2026-09-30,300136,2.983464241027832,False,1155
1160,2026-09-30,002041,2.9807479381561279,True,
1161,2026-09-30,603332,2.9804234504699707,False,1156
1162,2026-09-30,001331,2.9784245491027832,False,1157
1163,2026-09-30,688526,2.9771766662597656,False,1158
1164,2026-09-30,603535,2.9760336875915527,False,1159
1165,2026-09-30,688239,2.9709312915802002,False,1160
1166,2026-09-30,688455,2.9707865715026855,False,1161
1167,2026-09-30,002861,2.9687509536743164,False,1162
1168,2026-09-30,600097,2.9686784744262695,False,1163
1169,2026-09-30,000407,2.9608602523803711,False,1164
1170,2026-09-30,000620,2.9600229263305664,False,1165
1171,2026-09-30,600444,2.9554150104522705,False,1166
1172,2026-09-30,000690,2.9553484916687012,False,1167
1173,2026-09-30,300887,2.9486660957336426,False,1168
1174,2026-09-30,688552,2.9448606967926025,False,1169
1175,2026-09-30,688590,2.9410371780395508,False,1170
1176,2026-09-30,600612,2.9395442008972168,False,1171
1177,2026-09-30,600151,2.9382889270782471,False,1172
1178,2026-09-30,002117,2.9376046657562256,False,1173
1179,2026-09-30,600138,2.9371037483215332,False,1174
1180,2026-09-30,600232,2.9367899894714355,False,1175
1181,2026-09-30,600586,2.9351515769958496,False,1176
1182,2026-09-30,002111,2.9338974952697754,False,1177
1183,2026-09-30,603339,2.9326426982879639,False,1178
1184,2026-09-30,002906,2.9317455291748047,False,1179
1185,2026-09-30,300486,2.925804615020752,False,1180
1186,2026-09-30,600486,2.9251894950866699,False,1181
1187,2026-09-30,300494,2.9248466491699219,False,1182
1188,2026-09-30,688793,2.9211792945861816,False,1183
1189,2026-09-30,002370,2.9206352233886719,False,1184
1190,2026-09-30,000665,2.9167547225952148,False,1185
1191,2026-09-30,603617,2.9152629375457764,False,1186
1192,2026-09-30,002707,2.9148602485656738,False,1187
1193,2026-09-30,002778,2.9148218631744385,False,1188
1194,2026-09-30,600273,2.9147298336029053,False,1189
1195,2026-09-30,002251,2.9137721061706543,False,1190
1196,2026-09-30,600470,2.9054622650146484,False,1191
1197,2026-09-30,301161,2.9028544425964355,False,1192
1198,2026-09-30,300993,2.9001083374023438,False,1193
1199,2026-09-30,603383,2.8972125053405762,False,1194
1200,2026-09-30,300230,2.8940134048461914,False,1195
1201,2026-09-30,002267,2.8936853408813477,False,1196
1202,2026-09-30,601113,2.8932356834411621,False,1197
1203,2026-09-30,600735,2.8920197486877441,False,1198
1204,2026-09-30,002573,2.8897907733917236,False,1199
1205,2026-09-30,002646,2.8874228000640869,False,1200
1206,2026-09-30,600769,2.8841261863708496,False,1201
1207,2026-09-30,603030,2.883969783782959,False,1202
1208,2026-09-30,301359,2.8839340209960938,False,1203
1209,2026-09-30,002365,2.8825173377990723,False,1204
1210,2026-09-30,002982,2.8802495002746582,False,1205
1211,2026-09-30,601599,2.8800556659698486,False,1206
1212,2026-09-30,002076,2.8786730766296387,False,1207
1213,2026-09-30,601330,2.8779299259185791,False,1208
1214,2026-09-30,603153,2.8736004829406738,False,1209
1215,2026-09-30,603466,2.8723485469818115,False,1210
1216,2026-09-30,301120,2.8721117973327637,False,1211
1217,2026-09-30,301288,2.8681282997131348,False,1212
1218,2026-09-30,301381,2.8655834197998047,False,1213
1219,2026-09-30,600035,2.8630020618438721,False,1214
1220,2026-09-30,300698,2.8567042350769043,False,1215
1221,2026-09-30,601600,2.854034423828125,False,1216
1222,2026-09-30,002668,2.8521101474761963,False,1217
1223,2026-09-30,300095,2.8518342971801758,False,1218
1224,2026-09-30,301488,2.8517704010009766,False,1219
1225,2026-09-30,605155,2.8459327220916748,False,1220
1226,2026-09-30,300006,2.8456902503967285,False,1221
1227,2026-09-30,300119,2.8452026844024658,False,1222
1228,2026-09-30,603919,2.8443961143493652,True,
1229,2026-09-30,300052,2.842268705368042,False,1223
1230,2026-09-30,688507,2.8415372371673584,False,1224
1231,2026-09-30,603316,2.8409860134124756,False,1225
1232,2026-09-30,002875,2.8394534587860107,False,1226
1233,2026-09-30,300784,2.8367271423339844,False,1227
1234,2026-09-30,301089,2.8341808319091797,False,1228
1235,2026-09-30,300452,2.8337597846984863,False,1229
1236,2026-09-30,301113,2.8305578231811523,False,1230
1237,2026-09-30,600824,2.8298783302307129,False,1231
1238,2026-09-30,603231,2.8296432495117188,False,1232
1239,2026-09-30,600415,2.8254342079162598,False,1233
1240,2026-09-30,600283,2.8253202438354492,False,1234
1241,2026-09-30,002623,2.8236374855041504,False,1235
1242,2026-09-30,300839,2.822354793548584,False,1236
1243,2026-09-30,300512,2.8222930431365967,False,1237
1244,2026-09-30,002462,2.8207528591156006,False,1238
1245,2026-09-30,600015,2.8204865455627441,False,1239
1246,2026-09-30,002917,2.8160543441772461,False,1240
1247,2026-09-30,002410,2.8136172294616699,False,1241
1248,2026-09-30,600882,2.8133323192596436,False,1242
1249,2026-09-30,600866,2.8101799488067627,False,1243
1250,2026-09-30,603511,2.8097150325775146,False,1244
1251,2026-09-30,002132,2.8094947338104248,False,1245
1252,2026-09-30,688203,2.8043789863586426,False,1246
1253,2026-09-30,300045,2.8043274879455566,False,1247
1254,2026-09-30,002140,2.8017396926879883,False,1248
1255,2026-09-30,688350,2.7915716171264648,False,1249
1256,2026-09-30,603341,2.7897396087646484,False,1250
1257,2026-09-30,603282,2.785581111907959,False,1251
1258,2026-09-30,301551,2.7834084033966064,False,1252
1259,2026-09-30,688365,2.783308744430542,False,1253
1260,2026-09-30,600191,2.7792439460754395,False,1254
1261,2026-09-30,688160,2.77774977684021,False,1255
1262,2026-09-30,300546,2.7761473655700684,False,1256
1263,2026-09-30,300459,2.7744841575622559,False,1257
1264,2026-09-30,300697,2.773859977722168,False,1258
1265,2026-09-30,600525,2.7731759548187256,False,1259
1266,2026-09-30,600391,2.7713780403137207,False,1260
1267,2026-09-30,000809,2.7709465026855469,False,1261
1268,2026-09-30,603689,2.7671961784362793,False,1262
1269,2026-09-30,300032,2.7658250331878662,False,1263
1270,2026-09-30,600794,2.7653172016143799,False,1264
1271,2026-09-30,300947,2.7643563747406006,False,1265
1272,2026-09-30,002616,2.7615039348602295,False,1266
1273,2026-09-30,002582,2.761439323425293,False,1267
1274,2026-09-30,300307,2.7610001564025879,False,1268
1275,2026-09-30,601985,2.7606251239776611,False,1269
1276,2026-09-30,603916,2.7588300704956055,False,1270
1277,2026-09-30,300636,2.7578070163726807,False,1271
1278,2026-09-30,301138,2.7576761245727539,False,1272
1279,2026-09-30,002544,2.75235915184021,False,1273
1280,2026-09-30,300078,2.7510957717895508,False,1274
1281,2026-09-30,605286,2.7502861022949219,False,1275
1282,2026-09-30,301590,2.7493355274200439,False,1276
1283,2026-09-30,688355,2.7468457221984863,False,1277
1284,2026-09-30,002748,2.7454051971435547,False,1278
1285,2026-09-30,605338,2.7451286315917969,False,1279
1286,2026-09-30,601500,2.7438356876373291,False,1280
1287,2026-09-30,300545,2.7403757572174072,False,1281
1288,2026-09-30,002247,2.7380461692810059,False,1282
1289,2026-09-30,603335,2.7378673553466797,False,1283
1290,2026-09-30,600738,2.7367186546325684,False,1284
1291,2026-09-30,001217,2.7327346801757812,False,1285
1292,2026-09-30,301378,2.7292165756225586,False,1286
1293,2026-09-30,300710,2.7287263870239258,False,1287
1294,2026-09-30,002722,2.7282562255859375,False,1288
1295,2026-09-30,301295,2.7253575325012207,False,1289
1296,2026-09-30,603709,2.7248435020446777,False,1290
1297,2026-09-30,002358,2.7218899726867676,False,1291
1298,2026-09-30,603618,2.7205660343170166,False,1292
1299,2026-09-30,600425,2.7199034690856934,False,1293
1300,2026-09-30,600429,2.7174534797668457,False,1294
1301,2026-09-30,002337,2.7173380851745605,False,1295
1302,2026-09-30,601007,2.7171127796173096,False,1296
1303,2026-09-30,301040,2.7169497013092041,False,1297
1304,2026-09-30,002324,2.7154674530029297,False,1298
1305,2026-09-30,300080,2.7149884700775146,False,1299
1306,2026-09-30,000701,2.7143750190734863,False,1300
1307,2026-09-30,002423,2.71295166015625,False,1301
1308,2026-09-30,300831,2.7101130485534668,False,1302
1309,2026-09-30,300662,2.7085328102111816,False,1303
1310,2026-09-30,605507,2.7077438831329346,False,1304
1311,2026-09-30,600309,2.7052366733551025,False,1305
1312,2026-09-30,601001,2.70233154296875,False,1306
1313,2026-09-30,600343,2.7016470432281494,False,1307
1314,2026-09-30,601169,2.7011106014251709,False,1308
1315,2026-09-30,300867,2.6976954936981201,False,1309
1316,2026-09-30,000551,2.6937904357910156,False,1310
1317,2026-09-30,688826,2.6937603950500488,False,1311
1318,2026-09-30,301098,2.6921191215515137,False,1312
1319,2026-09-30,688392,2.6916825771331787,False,1313
1320,2026-09-30,000852,2.6904540061950684,False,1314
1321,2026-09-30,600250,2.6883738040924072,False,1315
1322,2026-09-30,603091,2.6873817443847656,False,1316
1323,2026-09-30,000969,2.686870813369751,False,1317
1324,2026-09-30,603182,2.6827647686004639,False,1318
1325,2026-09-30,600017,2.6799869537353516,False,1319
1326,2026-09-30,002942,2.6762845516204834,False,1320
1327,2026-09-30,300503,2.6759986877441406,False,1321
1328,2026-09-30,000050,2.6747760772705078,False,1322
1329,2026-09-30,002174,2.6740155220031738,False,1323
1330,2026-09-30,002490,2.671461820602417,False,1324
1331,2026-09-30,301335,2.6709175109863281,False,1325
1332,2026-09-30,002920,2.6706891059875488,False,1326
1333,2026-09-30,001965,2.6677205562591553,False,1327
1334,2026-09-30,301067,2.6673333644866943,False,1328
1335,2026-09-30,300424,2.662501335144043,False,1329
1336,2026-09-30,301306,2.6622800827026367,False,1330
1337,2026-09-30,002760,2.6620526313781738,False,1331
1338,2026-09-30,000633,2.6587142944335938,False,1332
1339,2026-09-30,002713,2.656923770904541,False,1333
1340,2026-09-30,300949,2.6547012329101562,False,1334
1341,2026-09-30,600499,2.654109001159668,False,1335
1342,2026-09-30,300826,2.6510896682739258,False,1336
1343,2026-09-30,002404,2.6495590209960938,False,1337
1344,2026-09-30,300483,2.6493372917175293,False,1338
1345,2026-09-30,688616,2.649045467376709,False,1339
1346,2026-09-30,688633,2.648982048034668,False,1340
1347,2026-09-30,301059,2.6483626365661621,False,1341
1348,2026-09-30,600618,2.6477971076965332,False,1342
1349,2026-09-30,300306,2.6471953392028809,False,1343
1350,2026-09-30,688227,2.6470494270324707,False,1344
1351,2026-09-30,002409,2.6466646194458008,False,1345
1352,2026-09-30,301268,2.6458611488342285,False,1346
1353,2026-09-30,000906,2.6434264183044434,False,1347
1354,2026-09-30,002757,2.6433887481689453,False,1348
1355,2026-09-30,603238,2.6429908275604248,False,1349
1356,2026-09-30,603912,2.6409835815429688,False,1350
1357,2026-09-30,001395,2.6404240131378174,False,1351
1358,2026-09-30,600475,2.63741135597229,False,1352
1359,2026-09-30,301103,2.6361372470855713,False,1353
1360,2026-09-30,600299,2.6358909606933594,False,1354
1361,2026-09-30,688032,2.6350789070129395,False,1355
1362,2026-09-30,300532,2.6329855918884277,False,1356
1363,2026-09-30,601677,2.6306519508361816,False,1357
1364,2026-09-30,002227,2.6291542053222656,False,1358
1365,2026-09-30,300952,2.627415657043457,False,1359
1366,2026-09-30,002701,2.6266367435455322,False,1360
1367,2026-09-30,301148,2.6257376670837402,False,1361
1368,2026-09-30,002649,2.6154565811157227,False,1362
1369,2026-09-30,301198,2.6146061420440674,False,1363
1370,2026-09-30,603116,2.614213228225708,False,1364
1371,2026-09-30,301636,2.6108040809631348,False,1365
1372,2026-09-30,003038,2.6079757213592529,False,1366
1373,2026-09-30,002551,2.6064949035644531,False,1367
1374,2026-09-30,688127,2.6051015853881836,False,1368
1375,2026-09-30,002108,2.6049003601074219,False,1369
1376,2026-09-30,600153,2.6040115356445312,False,1370
1377,2026-09-30,002406,2.6010923385620117,False,1371
1378,2026-09-30,002948,2.5967416763305664,False,1372
1379,2026-09-30,000408,2.5952818393707275,False,1373
1380,2026-09-30,300421,2.5952165126800537,False,1374
1381,2026-09-30,605296,2.5933647155761719,False,1375
1382,2026-09-30,603117,2.5932352542877197,False,1376
1383,2026-09-30,603855,2.592883825302124,False,1377
1384,2026-09-30,600900,2.5918123722076416,False,1378
1385,2026-09-30,000333,2.5918002128601074,False,1379
1386,2026-09-30,301049,2.5915465354919434,False,1380
1387,2026-09-30,300790,2.5885176658630371,False,1381
1388,2026-09-30,301330,2.5860550403594971,False,1382
1389,2026-09-30,300912,2.584524393081665,False,1383
1390,2026-09-30,003017,2.5829033851623535,False,1384
1391,2026-09-30,688132,2.57975172996521,False,1385
1392,2026-09-30,301332,2.5791163444519043,False,1386
1393,2026-09-30,301042,2.5781152248382568,False,1387
1394,2026-09-30,300324,2.5773828029632568,False,1388
1395,2026-09-30,603169,2.5752260684967041,False,1389
1396,2026-09-30,301386,2.5745975971221924,False,1390
1397,2026-09-30,600731,2.5700314044952393,False,1391
1398,2026-09-30,300511,2.5652933120727539,False,1392
1399,2026-09-30,600875,2.564774751663208,False,1393
1400,2026-09-30,003035,2.564112663269043,False,1394
1401,2026-09-30,002214,2.5639669895172119,False,1395
1402,2026-09-30,601699,2.5602245330810547,False,1396
1403,2026-09-30,000697,2.558743953704834,False,1397
1404,2026-09-30,300278,2.557258129119873,False,1398
1405,2026-09-30,301630,2.5555646419525146,False,1399
1406,2026-09-30,000848,2.5552628040313721,False,1400
1407,2026-09-30,301048,2.5534741878509521,False,1401
1408,2026-09-30,603605,2.5531938076019287,False,1402
1409,2026-09-30,601827,2.5530533790588379,False,1403
1410,2026-09-30,601963,2.5523226261138916,False,1404
1411,2026-09-30,002216,2.5500316619873047,False,1405
1412,2026-09-30,600883,2.5497965812683105,False,1406
1413,2026-09-30,002765,2.5493969917297363,False,1407
1414,2026-09-30,000715,2.5487377643585205,False,1408
1415,2026-09-30,002284,2.5484106540679932,False,1409
1416,2026-09-30,301628,2.5442492961883545,False,1410
1417,2026-09-30,300689,2.5436408519744873,False,1411
1418,2026-09-30,300240,2.54364013671875,False,1412
1419,2026-09-30,002890,2.5426375865936279,False,1413
1420,2026-09-30,002547,2.5388147830963135,False,1414
1421,2026-09-30,603836,2.5375487804412842,False,1415
1422,2026-09-30,688671,2.5353889465332031,False,1416
1423,2026-09-30,301106,2.5353047847747803,False,1417
1424,2026-09-30,000555,2.5347325801849365,False,1418
1425,2026-09-30,600572,2.5339863300323486,False,1419
1426,2026-09-30,300479,2.5338461399078369,False,1420
1427,2026-09-30,600665,2.5288000106811523,False,1421
1428,2026-09-30,603518,2.527456521987915,False,1422
1429,2026-09-30,300616,2.5273110866546631,False,1423
1430,2026-09-30,000698,2.5270769596099854,False,1424
1431,2026-09-30,600177,2.5261955261230469,False,1425
1432,2026-09-30,001269,2.525907039642334,False,1426
1433,2026-09-30,600236,2.5247645378112793,False,1427
1434,2026-09-30,688015,2.5224258899688721,False,1428
1435,2026-09-30,601101,2.5215916633605957,False,1429
1436,2026-09-30,600246,2.5181875228881836,False,1430
1437,2026-09-30,300359,2.517939567565918,False,1431
1438,2026-09-30,002737,2.517728328704834,False,1432
1439,2026-09-30,603848,2.5174975395202637,False,1433
1440,2026-09-30,002364,2.5157337188720703,False,1434
1441,2026-09-30,600117,2.5152912139892578,False,1435
1442,2026-09-30,002444,2.5131599903106689,False,1436
1443,2026-09-30,002170,2.5083799362182617,False,1437
1444,2026-09-30,000089,2.5071988105773926,False,1438
1445,2026-09-30,600100,2.504206657409668,False,1439
1446,2026-09-30,300417,2.500124454498291,False,1440
1447,2026-09-30,603158,2.4994165897369385,False,1441
1448,2026-09-30,002671,2.4991438388824463,False,1442
1449,2026-09-30,603028,2.4906928539276123,False,1443
1450,2026-09-30,000425,2.4899628162384033,False,1444
1451,2026-09-30,300351,2.4898731708526611,False,1445
1452,2026-09-30,002609,2.4877450466156006,False,1446
1453,2026-09-30,301090,2.4830608367919922,False,1447
1454,2026-09-30,002322,2.4829778671264648,False,1448
1455,2026-09-30,000534,2.4798829555511475,False,1449
1456,2026-09-30,300715,2.4719624519348145,False,1450
1457,2026-09-30,002632,2.4718542098999023,False,1451
1458,2026-09-30,688121,2.4712796211242676,False,1452
1459,2026-09-30,300677,2.4700765609741211,False,1453
1460,2026-09-30,603938,2.4698948860168457,False,1454
1461,2026-09-30,000030,2.4677784442901611,False,1455
1462,2026-09-30,601921,2.4652397632598877,False,1456
1463,2026-09-30,605218,2.4607079029083252,False,1457
1464,2026-09-30,002338,2.4598448276519775,False,1458
1465,2026-09-30,688581,2.4593119621276855,False,1459
1466,2026-09-30,600150,2.4548153877258301,False,1460
1467,2026-09-30,601633,2.4547371864318848,False,1461
1468,2026-09-30,002182,2.4506840705871582,False,1462
1469,2026-09-30,300606,2.4505453109741211,False,1463
1470,2026-09-30,600692,2.4474573135375977,False,1464
1471,2026-09-30,600269,2.444882869720459,False,1465
1472,2026-09-30,600787,2.444735050201416,False,1466
1473,2026-09-30,000893,2.4442105293273926,False,1467
1474,2026-09-30,688003,2.4440739154815674,False,1468
1475,2026-09-30,600007,2.4418840408325195,False,1469
1476,2026-09-30,002184,2.4396734237670898,False,1470
1477,2026-09-30,603190,2.4359660148620605,False,1471
1478,2026-09-30,601019,2.4359476566314697,False,1472
1479,2026-09-30,000628,2.432750940322876,False,1473
1480,2026-09-30,600780,2.4309296607971191,False,1474
1481,2026-09-30,688466,2.4269788265228271,False,1475
1482,2026-09-30,002103,2.4264602661132812,False,1476
1483,2026-09-30,688411,2.4228801727294922,False,1477
1484,2026-09-30,300576,2.4208426475524902,False,1478
1485,2026-09-30,002375,2.4202909469604492,False,1479
1486,2026-09-30,300148,2.4195647239685059,False,1480
1487,2026-09-30,300712,2.4183011054992676,False,1481
1488,2026-09-30,003007,2.4180247783660889,False,1482
1489,2026-09-30,605138,2.417116641998291,False,1483
1490,2026-09-30,000572,2.4158098697662354,False,1484
1491,2026-09-30,300610,2.4152336120605469,False,1485
1492,2026-09-30,300559,2.4112944602966309,False,1486
1493,2026-09-30,688638,2.4098124504089355,False,1487
1494,2026-09-30,002209,2.4078495502471924,False,1488
1495,2026-09-30,300348,2.4051992893218994,False,1489
1496,2026-09-30,600710,2.4024202823638916,False,1490
1497,2026-09-30,002554,2.4018874168395996,False,1491
1498,2026-09-30,300510,2.4013667106628418,False,1492
1499,2026-09-30,300640,2.3990073204040527,False,1493
1500,2026-09-30,300797,2.3989026546478271,False,1494
1501,2026-09-30,002331,2.3987436294555664,False,1495
1502,2026-09-30,600379,2.3951380252838135,False,1496
1503,2026-09-30,300399,2.3948678970336914,False,1497
1504,2026-09-30,600449,2.3915266990661621,False,1498
1505,2026-09-30,300783,2.3913958072662354,False,1499
1506,2026-09-30,300950,2.3911597728729248,False,1500
1507,2026-09-30,001379,2.3906829357147217,False,1501
1508,2026-09-30,603556,2.390345573425293,False,1502
1509,2026-09-30,688695,2.3902792930603027,False,1503
1510,2026-09-30,300128,2.390019416809082,False,1504
1511,2026-09-30,002793,2.3849737644195557,False,1505
1512,2026-09-30,002332,2.384955883026123,False,1506
1513,2026-09-30,301290,2.3831770420074463,False,1507
1514,2026-09-30,300807,2.381932258605957,False,1508
1515,2026-09-30,300999,2.3813145160675049,False,1509
1516,2026-09-30,000651,2.3812391757965088,False,1510
1517,2026-09-30,000078,2.3803822994232178,False,1511
1518,2026-09-30,300172,2.3780946731567383,False,1512
1519,2026-09-30,000757,2.3763563632965088,False,1513
1520,2026-09-30,300075,2.3759086132049561,False,1514
1521,2026-09-30,688699,2.3752737045288086,False,1515
1522,2026-09-30,688677,2.3736696243286133,False,1516
1523,2026-09-30,301102,2.3725259304046631,False,1517
1524,2026-09-30,600601,2.3720715045928955,False,1518
1525,2026-09-30,688285,2.3713679313659668,False,1519
1526,2026-09-30,301131,2.369929313659668,False,1520
1527,2026-09-30,001215,2.3697304725646973,False,1521
1528,2026-09-30,001209,2.3687067031860352,False,1522
1529,2026-09-30,688558,2.367365837097168,False,1523
1530,2026-09-30,300755,2.3667659759521484,False,1524
1531,2026-09-30,600188,2.3611681461334229,False,1525
1532,2026-09-30,603360,2.3576157093048096,False,1526
1533,2026-09-30,600370,2.3562989234924316,False,1527
1534,2026-09-30,300842,2.356029748916626,False,1528
1535,2026-09-30,603220,2.3558673858642578,False,1529
1536,2026-09-30,600481,2.3535499572753906,False,1530
1537,2026-09-30,002848,2.3533151149749756,False,1531
1538,2026-09-30,301055,2.352893590927124,False,1532
1539,2026-09-30,603159,2.3526411056518555,False,1533
1540,2026-09-30,300813,2.3501725196838379,False,1534
1541,2026-09-30,688298,2.3483171463012695,False,1535
1542,2026-09-30,002102,2.3474926948547363,False,1536
1543,2026-09-30,300932,2.3469302654266357,False,1537
1544,2026-09-30,601018,2.3451752662658691,False,1538
1545,2026-09-30,301397,2.3439960479736328,False,1539
1546,2026-09-30,300168,2.3428027629852295,False,1540
1547,2026-09-30,000933,2.3427937030792236,False,1541
1548,2026-09-30,603325,2.3423564434051514,False,1542
1549,2026-09-30,300941,2.3408069610595703,False,1543
1550,2026-09-30,688282,2.3395354747772217,False,1544
1551,2026-09-30,002123,2.3393793106079102,False,1545
1552,2026-09-30,603608,2.336979866027832,False,1546
1553,2026-09-30,300393,2.3349299430847168,False,1547
1554,2026-09-30,000032,2.3301348686218262,False,1548
1555,2026-09-30,603676,2.3296663761138916,False,1549
1556,2026-09-30,688362,2.3274106979370117,False,1550
1557,2026-09-30,601939,2.3263828754425049,False,1551
1558,2026-09-30,300930,2.3262858390808105,False,1552
1559,2026-09-30,300375,2.3219583034515381,False,1553
1560,2026-09-30,002606,2.3193118572235107,False,1554
1561,2026-09-30,300908,2.3189725875854492,False,1555
1562,2026-09-30,001324,2.3189675807952881,False,1556
1563,2026-09-30,000151,2.3170714378356934,False,1557
1564,2026-09-30,002430,2.3165469169616699,False,1558
1565,2026-09-30,300021,2.3144521713256836,False,1559
1566,2026-09-30,002654,2.3143091201782227,False,1560
1567,2026-09-30,002398,2.3077414035797119,False,1561
1568,2026-09-30,002333,2.3041658401489258,False,1562
1569,2026-09-30,301023,2.3010058403015137,False,1563
1570,2026-09-30,000557,2.2987785339355469,False,1564
1571,2026-09-30,301012,2.298673152923584,False,1565
1572,2026-09-30,301508,2.2959537506103516,False,1566
1573,2026-09-30,300245,2.2944245338439941,False,1567
1574,2026-09-30,002850,2.2939765453338623,False,1568
1575,2026-09-30,301266,2.2933073043823242,False,1569
1576,2026-09-30,002723,2.2926464080810547,False,1570
1577,2026-09-30,600796,2.2922484874725342,False,1571
1578,2026-09-30,600339,2.2918632030487061,False,1572
1579,2026-09-30,300550,2.2878131866455078,False,1573
1580,2026-09-30,603329,2.2872092723846436,False,1574
1581,2026-09-30,688631,2.2805788516998291,False,1575
1582,2026-09-30,600829,2.2800014019012451,False,1576
1583,2026-09-30,688648,2.2769420146942139,False,1577
1584,2026-09-30,600305,2.2762043476104736,False,1578
1585,2026-09-30,300537,2.2739486694335938,False,1579
1586,2026-09-30,603528,2.2725362777709961,False,1580
1587,2026-09-30,000720,2.2723839282989502,False,1581
1588,2026-09-30,603090,2.2721312046051025,False,1582
1589,2026-09-30,600229,2.2709903717041016,False,1583
1590,2026-09-30,300683,2.2707958221435547,False,1584
1591,2026-09-30,000065,2.2703542709350586,False,1585
1592,2026-09-30,600080,2.2681314945220947,False,1586
1593,2026-09-30,000796,2.2649555206298828,False,1587
1594,2026-09-30,600973,2.262251615524292,False,1588
1595,2026-09-30,002006,2.2608911991119385,False,1589
1596,2026-09-30,603284,2.2595014572143555,False,1590
1597,2026-09-30,300384,2.2590293884277344,False,1591
1598,2026-09-30,603655,2.258530855178833,False,1592
1599,2026-09-30,300871,2.2579474449157715,False,1593
1600,2026-09-30,301011,2.2576849460601807,False,1594
1601,2026-09-30,002228,2.2568960189819336,False,1595
1602,2026-09-30,002506,2.2543809413909912,False,1596
1603,2026-09-30,002275,2.2538747787475586,False,1597
1604,2026-09-30,300798,2.253575325012207,False,1598
1605,2026-09-30,688766,2.253422737121582,False,1599
1606,2026-09-30,688701,2.2520706653594971,False,1600
1607,2026-09-30,300617,2.250727653503418,False,1601
1608,2026-09-30,002689,2.2465496063232422,False,1602
1609,2026-09-30,300743,2.2463374137878418,False,1603
1610,2026-09-30,300267,2.2457275390625,False,1604
1611,2026-09-30,002579,2.244748592376709,False,1605
1612,2026-09-30,000035,2.2446224689483643,False,1606
1613,2026-09-30,600814,2.2388718128204346,False,1607
1614,2026-09-30,688021,2.2380697727203369,False,1608
1615,2026-09-30,300451,2.2345433235168457,False,1609
1616,2026-09-30,603323,2.2331244945526123,False,1610
1617,2026-09-30,300274,2.2324669361114502,False,1611
1618,2026-09-30,301239,2.2291665077209473,False,1612
1619,2026-09-30,300937,2.2288951873779297,False,1613
1620,2026-09-30,688802,2.2274084091186523,False,1614
1621,2026-09-30,600784,2.2266435623168945,False,1615
1622,2026-09-30,605018,2.2244510650634766,False,1616
1623,2026-09-30,001205,2.2237265110015869,False,1617
1624,2026-09-30,600688,2.2224392890930176,False,1618
1625,2026-09-30,688529,2.222416877746582,False,1619
1626,2026-09-30,301596,2.2170925140380859,False,1620
1627,2026-09-30,300818,2.2153506278991699,False,1621
1628,2026-09-30,002255,2.2146353721618652,False,1622
1629,2026-09-30,300514,2.2121241092681885,False,1623
1630,2026-09-30,688158,2.2109808921813965,False,1624
1631,2026-09-30,605389,2.2099452018737793,False,1625
1632,2026-09-30,002847,2.2059283256530762,False,1626
1633,2026-09-30,603005,2.2043530941009521,False,1627
1634,2026-09-30,301371,2.2024178504943848,False,1628
1635,2026-09-30,603988,2.2016539573669434,False,1629
1636,2026-09-30,300498,2.2010955810546875,False,1630
1637,2026-09-30,301338,2.1998879909515381,False,1631
1638,2026-09-30,002900,2.1944575309753418,False,1632
1639,2026-09-30,600668,2.193173885345459,False,1633
1640,2026-09-30,300719,2.1908378601074219,False,1634
1641,2026-09-30,603299,2.1883907318115234,False,1635
1642,2026-09-30,688206,2.1882004737854004,False,1636
1643,2026-09-30,600027,2.1869437694549561,False,1637
1644,2026-09-30,001333,2.1869220733642578,False,1638
1645,2026-09-30,300042,2.1861703395843506,False,1639
1646,2026-09-30,300658,2.1850600242614746,False,1640
1647,2026-09-30,601002,2.1828088760375977,False,1641
1648,2026-09-30,002221,2.1810173988342285,False,1642
1649,2026-09-30,002530,2.1804358959197998,False,1643
1650,2026-09-30,603052,2.1783006191253662,False,1644
1651,2026-09-30,600805,2.1782393455505371,False,1645
1652,2026-09-30,600028,2.1782364845275879,False,1646
1653,2026-09-30,002248,2.1779005527496338,False,1647
1654,2026-09-30,601997,2.1778032779693604,False,1648
1655,2026-09-30,600354,2.1768231391906738,False,1649
1656,2026-09-30,300118,2.1745071411132812,False,1650
1657,2026-09-30,688369,2.1711881160736084,False,1651
1658,2026-09-30,300389,2.1707611083984375,False,1652
1659,2026-09-30,002153,2.170689582824707,False,1653
1660,2026-09-30,301036,2.1671605110168457,False,1654
1661,2026-09-30,300147,2.1667075157165527,False,1655
1662,2026-09-30,002380,2.1624047756195068,False,1656
1663,2026-09-30,002515,2.158672571182251,False,1657
1664,2026-09-30,002323,2.1579132080078125,False,1658
1665,2026-09-30,001219,2.1570608615875244,False,1659
1666,2026-09-30,603001,2.1567451953887939,False,1660
1667,2026-09-30,300673,2.1564514636993408,False,1661
1668,2026-09-30,605369,2.1535694599151611,False,1662
1669,2026-09-30,301499,2.1513631343841553,False,1663
1670,2026-09-30,002290,2.1485354900360107,False,1664
1671,2026-09-30,600295,2.1477258205413818,False,1665
1672,2026-09-30,600795,2.1432602405548096,False,1666
1673,2026-09-30,002126,2.1424729824066162,False,1667
1674,2026-09-30,002266,2.1417772769927979,False,1668
1675,2026-09-30,000813,2.1406478881835938,False,1669
1676,2026-09-30,301286,2.1396846771240234,False,1670
1677,2026-09-30,002243,2.1392288208007812,False,1671
1678,2026-09-30,600141,2.1390640735626221,False,1672
1679,2026-09-30,300552,2.1374695301055908,False,1673
1680,2026-09-30,688093,2.1362574100494385,False,1674
1681,2026-09-30,300971,2.1326761245727539,False,1675
1682,2026-09-30,600736,2.1316139698028564,False,1676
1683,2026-09-30,002004,2.1313221454620361,False,1677
1684,2026-09-30,603758,2.1254267692565918,False,1678
1685,2026-09-30,688787,2.1236624717712402,False,1679
1686,2026-09-30,601698,2.1217708587646484,False,1680
1687,2026-09-30,688310,2.1212594509124756,False,1681
1688,2026-09-30,002021,2.1209990978240967,False,1682
1689,2026-09-30,600637,2.1208772659301758,False,1683
1690,2026-09-30,300739,2.1195480823516846,False,1684
1691,2026-09-30,600560,2.1181178092956543,False,1685
1692,2026-09-30,605222,2.1170361042022705,False,1686
1693,2026-09-30,002620,2.1136972904205322,False,1687
1694,2026-09-30,603126,2.1128337383270264,False,1688
1695,2026-09-30,300600,2.1101474761962891,False,1689
1696,2026-09-30,300177,2.1098551750183105,False,1690
1697,2026-09-30,603869,2.1090514659881592,False,1691
1698,2026-09-30,301535,2.1067466735839844,False,1692
1699,2026-09-30,300560,2.1062064170837402,False,1693
1700,2026-09-30,300180,2.1060218811035156,False,1694
1701,2026-09-30,688797,2.1025381088256836,False,1695
1702,2026-09-30,605005,2.1016569137573242,False,1696
1703,2026-09-30,000899,2.1001091003417969,False,1697
1704,2026-09-30,002486,2.0940933227539062,False,1698
1705,2026-09-30,300441,2.091372013092041,False,1699
1706,2026-09-30,300686,2.0906007289886475,False,1700
1707,2026-09-30,603683,2.0894725322723389,False,1701
1708,2026-09-30,301289,2.0866646766662598,False,1702
1709,2026-09-30,003025,2.0821914672851562,False,1703
1710,2026-09-30,300354,2.0814037322998047,False,1704
1711,2026-09-30,688157,2.0774855613708496,False,1705
1712,2026-09-30,600127,2.0770106315612793,False,1706
1713,2026-09-30,002607,2.0758121013641357,False,1707
1714,2026-09-30,688519,2.0726542472839355,False,1708
1715,2026-09-30,600477,2.0670702457427979,False,1709
1716,2026-09-30,000886,2.0623931884765625,False,1710
1717,2026-09-30,689009,2.0604970455169678,False,1711
1718,2026-09-30,300942,2.0571482181549072,False,1712
1719,2026-09-30,300565,2.0566196441650391,False,1713
1720,2026-09-30,300972,2.0560159683227539,False,1714
1721,2026-09-30,300603,2.0553469657897949,False,1715
1722,2026-09-30,300445,2.0547723770141602,False,1716
1723,2026-09-30,300940,2.0537421703338623,False,1717
1724,2026-09-30,600307,2.0530529022216797,False,1718
1725,2026-09-30,603856,2.0521540641784668,False,1719
1726,2026-09-30,300740,2.0516455173492432,False,1720
1727,2026-09-30,688420,2.0487134456634521,False,1721
1728,2026-09-30,300771,2.0475666522979736,False,1722
1729,2026-09-30,600079,2.0456562042236328,False,1723
1730,2026-09-30,600935,2.0430285930633545,False,1724
1731,2026-09-30,002839,2.0405550003051758,False,1725
1732,2026-09-30,688058,2.0402803421020508,False,1726
1733,2026-09-30,601608,2.039797306060791,False,1727
1734,2026-09-30,300664,2.0392022132873535,False,1728
1735,2026-09-30,001391,2.0364487171173096,False,1729
1736,2026-09-30,300762,2.0359880924224854,False,1730
1737,2026-09-30,301388,2.035398006439209,False,1731
1738,2026-09-30,301331,2.030703067779541,False,1732
1739,2026-09-30,601890,2.0283920764923096,False,1733
1740,2026-09-30,002937,2.0268633365631104,False,1734
1741,2026-09-30,002442,2.0223822593688965,False,1735
1742,2026-09-30,600098,2.0213828086853027,False,1736
1743,2026-09-30,002183,2.0163338184356689,False,1737
1744,2026-09-30,002624,2.0159320831298828,False,1738
1745,2026-09-30,688545,2.0089242458343506,False,1739
1746,2026-09-30,002526,2.0076429843902588,False,1740
1747,2026-09-30,001390,2.0020072460174561,False,1741
1748,2026-09-30,002662,2.001849889755249,False,1742
1749,2026-09-30,603023,2.0005941390991211,False,1743
1750,2026-09-30,002401,2.0004546642303467,False,1744
1751,2026-09-30,001367,1.9995313882827759,False,1745
1752,2026-09-30,000959,1.9974848031997681,False,1746
1753,2026-09-30,300958,1.9962903261184692,False,1747
1754,2026-09-30,603931,1.9943182468414307,False,1748
1755,2026-09-30,300288,1.993708610534668,False,1749
1756,2026-09-30,688051,1.9907464981079102,False,1750
1757,2026-09-30,002495,1.9905387163162231,False,1751
1758,2026-09-30,603997,1.9883345365524292,False,1752
1759,2026-09-30,600887,1.9875698089599609,False,1753
1760,2026-09-30,301578,1.9869335889816284,False,1754
1761,2026-09-30,001230,1.9854166507720947,False,1755
1762,2026-09-30,603273,1.9850077629089355,False,1756
1763,2026-09-30,603380,1.9811418056488037,False,1757
1764,2026-09-30,002274,1.9799870252609253,False,1758
1765,2026-09-30,300152,1.9786876440048218,False,1759
1766,2026-09-30,002775,1.9783720970153809,False,1760
1767,2026-09-30,000518,1.9774894714355469,False,1761
1768,2026-09-30,600455,1.975372314453125,False,1762
1769,2026-09-30,001335,1.9707870483398438,False,1763
1770,2026-09-30,603585,1.9677002429962158,False,1764
1771,2026-09-30,301223,1.9676433801651001,False,1765
1772,2026-09-30,600446,1.9673128128051758,False,1766
1773,2026-09-30,301515,1.9634476900100708,False,1767
1774,2026-09-30,603759,1.963293194770813,False,1768
1775,2026-09-30,000915,1.9626950025558472,False,1769
1776,2026-09-30,300263,1.9624829292297363,False,1770
1777,2026-09-30,002292,1.9602766036987305,False,1771
1778,2026-09-30,300488,1.957186222076416,False,1772
1779,2026-09-30,002877,1.9563190937042236,False,1773
1780,2026-09-30,603567,1.9547271728515625,False,1774
1781,2026-09-30,301428,1.9521236419677734,False,1775
1782,2026-09-30,300268,1.9518258571624756,False,1776
1783,2026-09-30,601916,1.9493831396102905,False,1777
1784,2026-09-30,001223,1.9477869272232056,False,1778
1785,2026-09-30,688390,1.9455130100250244,False,1779
1786,2026-09-30,688387,1.9452143907546997,False,1780
1787,2026-09-30,688107,1.9435374736785889,False,1781
1788,2026-09-30,002282,1.9402813911437988,False,1782
1789,2026-09-30,603917,1.9401326179504395,False,1783
1790,2026-09-30,600058,1.9377135038375854,False,1784
1791,2026-09-30,002835,1.9366219043731689,False,1785
1792,2026-09-30,002315,1.9359681606292725,False,1786
1793,2026-09-30,600827,1.9277963638305664,False,1787
1794,2026-09-30,002858,1.9277215003967285,False,1788
1795,2026-09-30,300043,1.9234542846679688,False,1789
1796,2026-09-30,300341,1.9228163957595825,False,1790
1797,2026-09-30,600662,1.921116828918457,False,1791
1798,2026-09-30,600106,1.9194269180297852,False,1792
1799,2026-09-30,603199,1.9180715084075928,False,1793
1800,2026-09-30,002485,1.916884183883667,False,1794
1801,2026-09-30,300563,1.9143517017364502,False,1795
1802,2026-09-30,603613,1.914114236831665,False,1796
1803,2026-09-30,600322,1.9108362197875977,False,1797
1804,2026-09-30,600682,1.9094442129135132,False,1798
1805,2026-09-30,002334,1.9079325199127197,False,1799
1806,2026-09-30,000762,1.9078226089477539,False,1800
1807,2026-09-30,605199,1.9071712493896484,False,1801
1808,2026-09-30,301001,1.9065696001052856,False,1802
1809,2026-09-30,600717,1.9060866832733154,False,1803
1810,2026-09-30,000826,1.9039775133132935,False,1804
1811,2026-09-30,002030,1.9036176204681396,False,1805
1812,2026-09-30,001300,1.9030636548995972,False,1806
1813,2026-09-30,600691,1.9028047323226929,False,1807
1814,2026-09-30,300105,1.9026694297790527,False,1808
1815,2026-09-30,600727,1.9008173942565918,False,1809
1816,2026-09-30,300682,1.8962404727935791,False,1810
1817,2026-09-30,000631,1.8940211534500122,False,1811
1818,2026-09-30,603171,1.8933157920837402,False,1812
1819,2026-09-30,002753,1.8922429084777832,False,1813
1820,2026-09-30,603337,1.8915703296661377,False,1814
1821,2026-09-30,603202,1.889326810836792,False,1815
1822,2026-09-30,002360,1.8855657577514648,False,1816
1823,2026-09-30,600845,1.8830771446228027,False,1817
1824,2026-09-30,301292,1.8804683685302734,False,1818
1825,2026-09-30,300242,1.8803544044494629,False,1819
1826,2026-09-30,603055,1.8769435882568359,False,1820
1827,2026-09-30,002520,1.8754706382751465,False,1821
1828,2026-09-30,600583,1.8750015497207642,False,1822
1829,2026-09-30,688601,1.8749469518661499,False,1823
1830,2026-09-30,002538,1.8746296167373657,False,1824
1831,2026-09-30,603053,1.8743648529052734,False,1825
1832,2026-09-30,301153,1.8732831478118896,False,1826
1833,2026-09-30,000932,1.8717639446258545,False,1827
1834,2026-09-30,002374,1.8709871768951416,False,1828
1835,2026-09-30,300782,1.870606541633606,False,1829
1836,2026-09-30,688716,1.8698961734771729,False,1830
1837,2026-09-30,301212,1.8682386875152588,False,1831
1838,2026-09-30,301421,1.8656654357910156,False,1832
1839,2026-09-30,000652,1.8638184070587158,False,1833
1840,2026-09-30,300476,1.86307692527771,False,1834
1841,2026-09-30,601200,1.8589503765106201,False,1835
1842,2026-09-30,601666,1.8581876754760742,False,1836
1843,2026-09-30,002128,1.8562593460083008,False,1837
1844,2026-09-30,600643,1.8549885749816895,False,1838
1845,2026-09-30,002831,1.8538458347320557,False,1839
1846,2026-09-30,601528,1.8538421392440796,False,1840
1847,2026-09-30,000563,1.8531796932220459,False,1841
1848,2026-09-30,002158,1.8480973243713379,False,1842
1849,2026-09-30,300946,1.8458831310272217,False,1843
1850,2026-09-30,000598,1.8451157808303833,False,1844
1851,2026-09-30,600199,1.8444501161575317,False,1845
1852,2026-09-30,301387,1.8434816598892212,False,1846
1853,2026-09-30,603233,1.8405442237854004,False,1847
1854,2026-09-30,688383,1.8398334980010986,False,1848
1855,2026-09-30,600916,1.8370698690414429,False,1849
1856,2026-09-30,002054,1.8272008895874023,False,1850
1857,2026-09-30,001337,1.8265141248703003,False,1851
1858,2026-09-30,301669,1.8251703977584839,False,1852
1859,2026-09-30,002929,1.8232083320617676,False,1853
1860,2026-09-30,600261,1.8215889930725098,False,1854
1861,2026-09-30,603131,1.8175890445709229,False,1855
1862,2026-09-30,688408,1.8167803287506104,False,1856
1863,2026-09-30,002810,1.8160302639007568,False,1857
1864,2026-09-30,301336,1.8158018589019775,False,1858
1865,2026-09-30,002971,1.813018798828125,False,1859
1866,2026-09-30,600697,1.8122963905334473,False,1860
1867,2026-09-30,600859,1.8115494251251221,False,1861
1868,2026-09-30,600223,1.8114608526229858,False,1862
1869,2026-09-30,000738,1.8087637424468994,False,1863
1870,2026-09-30,300193,1.8052195310592651,False,1864
1871,2026-09-30,688210,1.8030078411102295,False,1865
1872,2026-09-30,301111,1.8028180599212646,False,1866
1873,2026-09-30,300918,1.8000962734222412,False,1867
1874,2026-09-30,300964,1.7987236976623535,False,1868
1875,2026-09-30,002529,1.7982349395751953,False,1869
1876,2026-09-30,000717,1.7907893657684326,False,1870
1877,2026-09-30,601226,1.7898815870285034,False,1871
1878,2026-09-30,301361,1.7889498472213745,False,1872
1879,2026-09-30,688670,1.7883256673812866,False,1873
1880,2026-09-30,002237,1.7852822542190552,False,1874
1881,2026-09-30,300195,1.7851880788803101,False,1875
1882,2026-09-30,001358,1.7841503620147705,False,1876
1883,2026-09-30,301086,1.7835123538970947,False,1877
1884,2026-09-30,003019,1.7813014984130859,False,1878
1885,2026-09-30,688075,1.7751150131225586,False,1879
1886,2026-09-30,603788,1.7740844488143921,False,1880
1887,2026-09-30,600605,1.7725962400436401,False,1881
1888,2026-09-30,601825,1.7717441320419312,False,1882
1889,2026-09-30,600683,1.7706426382064819,False,1883
1890,2026-09-30,300720,1.7682433128356934,False,1884
1891,2026-09-30,301177,1.7669551372528076,False,1885
1892,2026-09-30,600129,1.7669166326522827,False,1886
1893,2026-09-30,000429,1.7662062644958496,False,1887
1894,2026-09-30,000576,1.766016960144043,False,1888
1895,2026-09-30,300238,1.7653056383132935,False,1889
1896,2026-09-30,300335,1.7644302845001221,False,1890
1897,2026-09-30,301278,1.7642538547515869,False,1891
1898,2026-09-30,002399,1.7574894428253174,False,1892
1899,2026-09-30,600409,1.7567374706268311,False,1893
1900,2026-09-30,002841,1.7513474225997925,False,1894
1901,2026-09-30,600666,1.7449463605880737,False,1895
1902,2026-09-30,002345,1.7448835372924805,False,1896
1903,2026-09-30,000926,1.7438579797744751,False,1897
1904,2026-09-30,002032,1.7401512861251831,False,1898
1905,2026-09-30,002569,1.7397079467773438,False,1899
1906,2026-09-30,688531,1.7396073341369629,False,1900
1907,2026-09-30,002078,1.7369906902313232,False,1901
1908,2026-09-30,002402,1.7369731664657593,False,1902
1909,2026-09-30,301050,1.7336421012878418,False,1903
1910,2026-09-30,002946,1.7334984540939331,False,1904
1911,2026-09-30,002361,1.7330271005630493,False,1905
1912,2026-09-30,601865,1.7237390279769897,False,1906
1913,2026-09-30,603356,1.7212238311767578,False,1907
1914,2026-09-30,301062,1.721143364906311,False,1908
1915,2026-09-30,601225,1.7174863815307617,False,1909
1916,2026-09-30,002930,1.7150887250900269,False,1910
1917,2026-09-30,605588,1.7145326137542725,False,1911
1918,2026-09-30,603070,1.7142589092254639,False,1912
1919,2026-09-30,688334,1.7121589183807373,False,1913
1920,2026-09-30,000897,1.7060730457305908,False,1914
1921,2026-09-30,603297,1.7053489685058594,False,1915
1922,2026-09-30,300440,1.7030444145202637,False,1916
1923,2026-09-30,002872,1.7025847434997559,False,1917
1924,2026-09-30,300055,1.7018003463745117,False,1918
1925,2026-09-30,600479,1.7012465000152588,False,1919
1926,2026-09-30,000156,1.6994409561157227,False,1920
1927,2026-09-30,301363,1.6983084678649902,False,1921
1928,2026-09-30,600548,1.6978178024291992,False,1922
1929,2026-09-30,300628,1.6974296569824219,False,1923
1930,2026-09-30,301024,1.6929934024810791,False,1924
1931,2026-09-30,601077,1.691867470741272,False,1925
1932,2026-09-30,301567,1.6906743049621582,False,1926
1933,2026-09-30,600331,1.6893246173858643,False,1927
1934,2026-09-30,688231,1.6891953945159912,False,1928
1935,2026-09-30,600498,1.6880040168762207,False,1929
1936,2026-09-30,300275,1.6878681182861328,False,1930
1937,2026-09-30,300310,1.6873848438262939,False,1931
1938,2026-09-30,000571,1.6873027086257935,False,1932
1939,2026-09-30,301629,1.6872594356536865,False,1933
1940,2026-09-30,603016,1.6862540245056152,False,1934
1941,2026-09-30,002800,1.6859482526779175,False,1935
1942,2026-09-30,300865,1.6839145421981812,False,1936
1943,2026-09-30,002783,1.679182767868042,False,1937
1944,2026-09-30,300858,1.6791489124298096,False,1938
1945,2026-09-30,300160,1.6780626773834229,False,1939
1946,2026-09-30,002052,1.672727108001709,False,1940
1947,2026-09-30,603348,1.6709543466567993,False,1941
1948,2026-09-30,601388,1.6698049306869507,False,1942
1949,2026-09-30,300099,1.66911780834198,False,1943
1950,2026-09-30,000610,1.6668175458908081,False,1944
1951,2026-09-30,603382,1.6663267612457275,False,1945
1952,2026-09-30,603959,1.6660752296447754,False,1946
1953,2026-09-30,603211,1.6635676622390747,False,1947
1954,2026-09-30,688338,1.6630529165267944,False,1948
1955,2026-09-30,301210,1.6613593101501465,False,1949
1956,2026-09-30,603125,1.6600539684295654,False,1950
1957,2026-09-30,002718,1.6586097478866577,False,1951
1958,2026-09-30,601798,1.6530361175537109,False,1952
1959,2026-09-30,300270,1.6526585817337036,False,1953
1960,2026-09-30,600278,1.6519732475280762,False,1954
1961,2026-09-30,603026,1.6518044471740723,False,1955
1962,2026-09-30,600760,1.6517271995544434,False,1956
1963,2026-09-30,603165,1.650752067565918,False,1957
1964,2026-09-30,601857,1.6503016948699951,False,1958
1965,2026-09-30,688418,1.6470756530761719,False,1959
1966,2026-09-30,300222,1.646475076675415,False,1960
1967,2026-09-30,603018,1.6445598602294922,False,1961
1968,2026-09-30,688249,1.6434298753738403,False,1962
1969,2026-09-30,002369,1.6407434940338135,False,1963
1970,2026-09-30,002542,1.6386528015136719,False,1964
1971,2026-09-30,002690,1.6385334730148315,False,1965
1972,2026-09-30,300800,1.6383681297302246,False,1966
1973,2026-09-30,002352,1.6368805170059204,False,1967
1974,2026-09-30,688301,1.6362153291702271,False,1968
1975,2026-09-30,688269,1.6357988119125366,False,1969
1976,2026-09-30,600561,1.6319482326507568,False,1970
1977,2026-09-30,300191,1.6314573287963867,False,1971
1978,2026-09-30,000818,1.6312733888626099,False,1972
1979,2026-09-30,688198,1.6285390853881836,False,1973
1980,2026-09-30,000928,1.6272493600845337,False,1974
1981,2026-09-30,002687,1.6270096302032471,False,1975
1982,2026-09-30,000881,1.6266824007034302,False,1976
1983,2026-09-30,688118,1.6240355968475342,False,1977
1984,2026-09-30,688193,1.6216840744018555,False,1978
1985,2026-09-30,300329,1.6215170621871948,False,1979
1986,2026-09-30,301051,1.6199445724487305,False,1980
1987,2026-09-30,301101,1.612024188041687,False,1981
1988,2026-09-30,002350,1.611987829208374,False,1982
1989,2026-09-30,600396,1.6099250316619873,False,1983
1990,2026-09-30,001301,1.6066792011260986,False,1984
1991,2026-09-30,601368,1.6060858964920044,False,1985
1992,2026-09-30,600039,1.6037871837615967,False,1986
1993,2026-09-30,688667,1.6037580966949463,False,1987
1994,2026-09-30,601058,1.6019027233123779,False,1988
1995,2026-09-30,605365,1.6017065048217773,False,1989
1996,2026-09-30,688376,1.5998903512954712,False,1990
1997,2026-09-30,002488,1.5998474359512329,False,1991
1998,2026-09-30,600987,1.5984768867492676,False,1992
1999,2026-09-30,002591,1.5981141328811646,False,1993
2000,2026-09-30,688027,1.5891339778900146,False,1994
2001,2026-09-30,688575,1.587470531463623,False,1995
2002,2026-09-30,000789,1.5862199068069458,False,1996
2003,2026-09-30,605566,1.5860971212387085,False,1997
2004,2026-09-30,002562,1.5853252410888672,False,1998
2005,2026-09-30,000338,1.5845307111740112,False,1999
2006,2026-09-30,601808,1.5828585624694824,False,2000
2007,2026-09-30,601139,1.5817166566848755,False,2001
2008,2026-09-30,300439,1.5805728435516357,False,2002
2009,2026-09-30,688697,1.5797106027603149,False,2003
2010,2026-09-30,301019,1.5761665105819702,False,2004
2011,2026-09-30,002857,1.5732964277267456,False,2005
2012,2026-09-30,600195,1.5727609395980835,False,2006
2013,2026-09-30,300571,1.5725654363632202,False,2007
2014,2026-09-30,300693,1.5722453594207764,False,2008
2015,2026-09-30,688559,1.5718040466308594,False,2009
2016,2026-09-30,300138,1.5715634822845459,False,2010
2017,2026-09-30,300402,1.5695011615753174,False,2011
2018,2026-09-30,300935,1.5664095878601074,False,2012
2019,2026-09-30,002136,1.5631722211837769,False,2013
2020,2026-09-30,300650,1.5629203319549561,False,2014
2021,2026-09-30,600173,1.5626095533370972,False,2015
2022,2026-09-30,300567,1.5624251365661621,False,2016
2023,2026-09-30,002211,1.5621739625930786,False,2017
2024,2026-09-30,603706,1.5611441135406494,False,2018
2025,2026-09-30,003039,1.559483528137207,False,2019
2026,2026-09-30,002026,1.5592117309570312,False,2020
2027,2026-09-30,600515,1.5589637756347656,False,2021
2028,2026-09-30,605259,1.5589234828948975,False,2022
2029,2026-09-30,002351,1.5578681230545044,False,2023
2030,2026-09-30,601000,1.5575704574584961,False,2024
2031,2026-09-30,000936,1.5567517280578613,False,2025
2032,2026-09-30,603966,1.5562077760696411,False,2026
2033,2026-09-30,688360,1.5556850433349609,False,2027
2034,2026-09-30,300703,1.5550534725189209,False,2028
2035,2026-09-30,688511,1.5532526969909668,False,2029
2036,2026-09-30,301039,1.5531203746795654,False,2030
2037,2026-09-30,603977,1.5521888732910156,False,2031
2038,2026-09-30,002919,1.5484367609024048,False,2032
2039,2026-09-30,603322,1.5427228212356567,False,2033
2040,2026-09-30,300833,1.542396068572998,False,2034
2041,2026-09-30,601006,1.5358504056930542,False,2035
2042,2026-09-30,002459,1.5344903469085693,False,2036
2043,2026-09-30,001325,1.5344724655151367,False,2037
2044,2026-09-30,300157,1.5336015224456787,False,2038
2045,2026-09-30,002034,1.527958869934082,False,2039
2046,2026-09-30,300549,1.5261309146881104,False,2040
2047,2026-09-30,603697,1.5247802734375,False,2041
2048,2026-09-30,688329,1.5232630968093872,False,2042
2049,2026-09-30,000510,1.5187149047851562,False,2043
2050,2026-09-30,001277,1.5177068710327148,False,2044
2051,2026-09-30,603728,1.516899585723877,False,2045
2052,2026-09-30,601009,1.513124942779541,False,2046
2053,2026-09-30,688681,1.5129324197769165,False,2047
2054,2026-09-30,301121,1.5125545263290405,False,2048
2055,2026-09-30,002899,1.5116879940032959,False,2049
2056,2026-09-30,301548,1.5096204280853271,False,2050
2057,2026-09-30,688103,1.5065888166427612,False,2051
2058,2026-09-30,301222,1.5047194957733154,False,2052
2059,2026-09-30,600645,1.5017927885055542,False,2053
2060,2026-09-30,000810,1.4996858835220337,False,2054
2061,2026-09-30,600480,1.497968316078186,False,2055
2062,2026-09-30,002413,1.4979076385498047,False,2056
2063,2026-09-30,300596,1.4978216886520386,False,2057
2064,2026-09-30,600055,1.4973828792572021,False,2058
2065,2026-09-30,600265,1.495202898979187,False,2059
2066,2026-09-30,300284,1.4935539960861206,False,2060
2067,2026-09-30,300888,1.4932404756546021,False,2061
2068,2026-09-30,601615,1.4896974563598633,False,2062
2069,2026-09-30,600335,1.4883739948272705,False,2063
2070,2026-09-30,600979,1.482120156288147,False,2064
2071,2026-09-30,600510,1.482014536857605,False,2065
2072,2026-09-30,300048,1.4799009561538696,False,2066
2073,2026-09-30,002394,1.4794082641601562,False,2067
2074,2026-09-30,002427,1.4793632030487061,False,2068
2075,2026-09-30,600365,1.4790019989013672,False,2069
2076,2026-09-30,002003,1.4764814376831055,False,2070
2077,2026-09-30,300927,1.4747953414916992,False,2071
2078,2026-09-30,301258,1.4732884168624878,False,2072
2079,2026-09-30,688001,1.4728631973266602,False,2073
2080,2026-09-30,002759,1.471376895904541,False,2074
2081,2026-09-30,603648,1.46892249584198,False,2075
2082,2026-09-30,002523,1.4659974575042725,False,2076
2083,2026-09-30,300566,1.4636949300765991,False,2077
2084,2026-09-30,002100,1.4621737003326416,False,2078
2085,2026-09-30,300688,1.4614019393920898,False,2079
2086,2026-09-30,601996,1.4602682590484619,False,2080
2087,2026-09-30,301206,1.4599947929382324,False,2081
2088,2026-09-30,600623,1.4596724510192871,False,2082
2089,2026-09-30,600570,1.4592883586883545,False,2083
2090,2026-09-30,000561,1.4564093351364136,False,2084
2091,2026-09-30,000919,1.4563877582550049,False,2085
2092,2026-09-30,688233,1.4562913179397583,False,2086
2093,2026-09-30,002927,1.454625129699707,False,2087
2094,2026-09-30,600271,1.4544804096221924,False,2088
2095,2026-09-30,688665,1.4537644386291504,False,2089
2096,2026-09-30,000989,1.4517827033996582,False,2090
2097,2026-09-30,688251,1.4470493793487549,False,2091
2098,2026-09-30,688115,1.4470239877700806,False,2092
2099,2026-09-30,301097,1.4468568563461304,False,2093
2100,2026-09-30,603927,1.4455316066741943,False,2094
2101,2026-09-30,002853,1.4451252222061157,False,2095
2102,2026-09-30,300761,1.4432647228240967,False,2096
2103,2026-09-30,300063,1.4426002502441406,False,2097
2104,2026-09-30,300753,1.4425662755966187,False,2098
2105,2026-09-30,300084,1.441164493560791,False,2099
2106,2026-09-30,301517,1.4410831928253174,False,2100
2107,2026-09-30,688113,1.4395434856414795,False,2101
2108,2026-09-30,300425,1.4388654232025146,False,2102
2109,2026-09-30,600988,1.4377200603485107,False,2103
2110,2026-09-30,000709,1.4370946884155273,False,2104
2111,2026-09-30,301007,1.4359986782073975,False,2105
2112,2026-09-30,300508,1.4358518123626709,False,2106
2113,2026-09-30,600066,1.4349170923233032,False,2107
2114,2026-09-30,002400,1.433393120765686,False,2108
2115,2026-09-30,300793,1.4324300289154053,False,2109
2116,2026-09-30,002539,1.4323945045471191,False,2110
2117,2026-09-30,600258,1.4284628629684448,False,2111
2118,2026-09-30,605368,1.4236245155334473,False,2112
2119,2026-09-30,600405,1.4224793910980225,False,2113
2120,2026-09-30,000965,1.4219337701797485,False,2114
2121,2026-09-30,603191,1.4197695255279541,False,2115
2122,2026-09-30,002749,1.4182337522506714,False,2116
2123,2026-09-30,300639,1.418022632598877,False,2117
2124,2026-09-30,600547,1.416672945022583,False,2118
2125,2026-09-30,002441,1.4163812398910522,False,2119
2126,2026-09-30,300137,1.4144161939620972,False,2120
2127,2026-09-30,603680,1.4104832410812378,False,2121
2128,2026-09-30,300065,1.4050393104553223,False,2122
2129,2026-09-30,301439,1.4023474454879761,False,2123
2130,2026-09-30,300810,1.401485800743103,False,2124
2131,2026-09-30,603596,1.4005308151245117,False,2125
2132,2026-09-30,301170,1.4003554582595825,False,2126
2133,2026-09-30,300004,1.4000464677810669,False,2127
2134,2026-09-30,002160,1.3997498750686646,False,2128
2135,2026-09-30,600620,1.3992632627487183,False,2129
2136,2026-09-30,002036,1.3983019590377808,False,2130
2137,2026-09-30,688720,1.3982524871826172,False,2131
2138,2026-09-30,600467,1.3976417779922485,False,2132
2139,2026-09-30,002511,1.3973016738891602,False,2133
2140,2026-09-30,300763,1.3966952562332153,False,2134
2141,2026-09-30,600252,1.3963688611984253,False,2135
2142,2026-09-30,688358,1.3953559398651123,False,2136
2143,2026-09-30,600262,1.3940730094909668,False,2137
2144,2026-09-30,300869,1.3936052322387695,False,2138
2145,2026-09-30,600549,1.3930995464324951,False,2139
2146,2026-09-30,301018,1.3921173810958862,False,2140
2147,2026-09-30,301616,1.3884787559509277,False,2141
2148,2026-09-30,000923,1.387682318687439,False,2142
2149,2026-09-30,300355,1.3845183849334717,False,2143
2150,2026-09-30,301129,1.384042501449585,False,2144
2151,2026-09-30,600863,1.3806006908416748,False,2145
2152,2026-09-30,300525,1.3802926540374756,False,2146
2153,2026-09-30,300295,1.379840612411499,False,2147
2154,2026-09-30,002010,1.3762890100479126,False,2148
2155,2026-09-30,301192,1.374754786491394,False,2149
2156,2026-09-30,601111,1.3746823072433472,False,2150
2157,2026-09-30,300750,1.3733872175216675,False,2151
2158,2026-09-30,688813,1.3731334209442139,False,2152
2159,2026-09-30,000719,1.3718453645706177,False,2153
2160,2026-09-30,002549,1.3709782361984253,False,2154
2161,2026-09-30,001218,1.369971752166748,False,2155
2162,2026-09-30,300502,1.3684819936752319,False,2156
2163,2026-09-30,601998,1.368166446685791,False,2157
2164,2026-09-30,000037,1.367820143699646,False,2158
2165,2026-09-30,600167,1.366916298866272,False,2159
2166,2026-09-30,002641,1.3668334484100342,False,2160
2167,2026-09-30,000917,1.3651027679443359,False,2161
2168,2026-09-30,601339,1.3648662567138672,False,2162
2169,2026-09-30,002133,1.3645269870758057,False,2163
2170,2026-09-30,001288,1.3639545440673828,False,2164
2171,2026-09-30,300635,1.3629410266876221,False,2165
2172,2026-09-30,300444,1.3626230955123901,False,2166
2173,2026-09-30,688219,1.3615145683288574,False,2167
2174,2026-09-30,600960,1.3590540885925293,False,2168
2175,2026-09-30,300036,1.3586292266845703,False,2169
2176,2026-09-30,301066,1.356730580329895,False,2170
2177,2026-09-30,600361,1.3531932830810547,False,2171
2178,2026-09-30,600089,1.3500581979751587,False,2172
2179,2026-09-30,301328,1.3494491577148438,False,2173
2180,2026-09-30,688619,1.3478991985321045,False,2174
2181,2026-09-30,300540,1.3470098972320557,False,2175
2182,2026-09-30,002110,1.3468201160430908,False,2176
2183,2026-09-30,688510,1.3426332473754883,False,2177
2184,2026-09-30,688307,1.3421201705932617,False,2178
2185,2026-09-30,000930,1.3377985954284668,False,2179
2186,2026-09-30,600782,1.3366858959197998,False,2180
2187,2026-09-30,688067,1.3347712755203247,False,2181
2188,2026-09-30,688017,1.3337900638580322,False,2182
2189,2026-09-30,600019,1.3333477973937988,False,2183
2190,2026-09-30,688348,1.3295203447341919,False,2184
2191,2026-09-30,002867,1.3274300098419189,False,2185
2192,2026-09-30,300403,1.3253662586212158,False,2186
2193,2026-09-30,002253,1.3251899480819702,False,2187
2194,2026-09-30,301003,1.3222365379333496,False,2188
2195,2026-09-30,605016,1.3207559585571289,False,2189
2196,2026-09-30,301251,1.3207147121429443,False,2190
2197,2026-09-30,600901,1.3194699287414551,False,2191
2198,2026-09-30,300272,1.3183066844940186,False,2192
2199,2026-09-30,601010,1.3180485963821411,False,2193
2200,2026-09-30,600603,1.3167411088943481,False,2194
2201,2026-09-30,600230,1.3157520294189453,False,2195
2202,2026-09-30,600004,1.3155606985092163,False,2196
2203,2026-09-30,002356,1.314885139465332,False,2197
2204,2026-09-30,002540,1.3143104314804077,False,2198
2205,2026-09-30,601033,1.3137550354003906,False,2199
2206,2026-09-30,300446,1.3127497434616089,False,2200
2207,2026-09-30,002475,1.3090635538101196,False,2201
2208,2026-09-30,002572,1.3085873126983643,False,2202
2209,2026-09-30,600179,1.30762779712677,False,2203
2210,2026-09-30,300228,1.3067585229873657,False,2204
2211,2026-09-30,600713,1.3056871891021729,False,2205
2212,2026-09-30,300247,1.3050609827041626,False,2206
2213,2026-09-30,300246,1.3044720888137817,False,2207
2214,2026-09-30,301175,1.3010746240615845,False,2208
2215,2026-09-30,000672,1.2994723320007324,False,2209
2216,2026-09-30,603081,1.2954056262969971,False,2210
2217,2026-09-30,002676,1.2936582565307617,False,2211
2218,2026-09-30,688129,1.2929351329803467,False,2212
2219,2026-09-30,600267,1.290310263633728,False,2213
2220,2026-09-30,600302,1.2900497913360596,False,2214
2221,2026-09-30,002645,1.2881717681884766,False,2215
2222,2026-09-30,603991,1.2879936695098877,False,2216
2223,2026-09-30,002452,1.2872353792190552,False,2217
2224,2026-09-30,000545,1.28657066822052,False,2218
2225,2026-09-30,603790,1.2842727899551392,False,2219
2226,2026-09-30,300899,1.283174991607666,False,2220
2227,2026-09-30,300906,1.2831028699874878,False,2221
2228,2026-09-30,603786,1.2816336154937744,False,2222
2229,2026-09-30,002940,1.2795661687850952,False,2223
2230,2026-09-30,603986,1.2789742946624756,False,2224
2231,2026-09-30,300614,1.2768597602844238,False,2225
2232,2026-09-30,603291,1.2763397693634033,False,2226
2233,2026-09-30,002833,1.274553656578064,False,2227
2234,2026-09-30,603312,1.2724357843399048,False,2228
2235,2026-09-30,000615,1.2703081369400024,False,2229
2236,2026-09-30,300915,1.2655477523803711,False,2230
2237,2026-09-30,603568,1.264926552772522,False,2231
2238,2026-09-30,601188,1.2636514902114868,False,2232
2239,2026-09-30,002116,1.2632200717926025,False,2233
2240,2026-09-30,688535,1.2630449533462524,False,2234
2241,2026-09-30,002884,1.2616114616394043,False,2235
2242,2026-09-30,002310,1.2596769332885742,False,2236
2243,2026-09-30,002200,1.258944034576416,False,2237
2244,2026-09-30,300973,1.2580399513244629,False,2238
2245,2026-09-30,002870,1.2573777437210083,False,2239
2246,2026-09-30,000825,1.2524552345275879,False,2240
2247,2026-09-30,603214,1.2521965503692627,False,2241
2248,2026-09-30,301182,1.2520194053649902,False,2242
2249,2026-09-30,003028,1.2516560554504395,False,2243
2250,2026-09-30,002842,1.2507897615432739,False,2244
2251,2026-09-30,688139,1.2490298748016357,False,2245
2252,2026-09-30,300235,1.2477803230285645,False,2246
2253,2026-09-30,300429,1.244306206703186,False,2247
2254,2026-09-30,300988,1.2439029216766357,False,2248
2255,2026-09-30,300289,1.2409346103668213,False,2249
2256,2026-09-30,301320,1.2400621175765991,False,2250
2257,2026-09-30,603416,1.2386419773101807,False,2251
2258,2026-09-30,688236,1.2365479469299316,False,2252
2259,2026-09-30,600084,1.2328622341156006,False,2253
2260,2026-09-30,300724,1.2327181100845337,False,2254
2261,2026-09-30,300130,1.2298110723495483,False,2255
2262,2026-09-30,300582,1.2285206317901611,False,2256
2263,2026-09-30,301276,1.2284672260284424,False,2257
2264,2026-09-30,605318,1.2271187305450439,False,2258
2265,2026-09-30,002972,1.2251105308532715,False,2259
2266,2026-09-30,600658,1.2250740528106689,False,2260
2267,2026-09-30,600773,1.2237867116928101,False,2261
2268,2026-09-30,600622,1.2233754396438599,False,2262
2269,2026-09-30,300775,1.2222200632095337,False,2263
2270,2026-09-30,301076,1.2190920114517212,False,2264
2271,2026-09-30,300067,1.2171241044998169,False,2265
2272,2026-09-30,600197,1.2135933637619019,False,2266
2273,2026-09-30,688153,1.2130541801452637,False,2267
2274,2026-09-30,603659,1.2084875106811523,False,2268
2275,2026-09-30,300412,1.2082588672637939,False,2269
2276,2026-09-30,300579,1.2046400308609009,False,2270
2277,2026-09-30,000058,1.2031561136245728,False,2271
2278,2026-09-30,002747,1.2009706497192383,False,2272
2279,2026-09-30,002479,1.199514627456665,False,2273
2280,2026-09-30,002075,1.1964716911315918,False,2274
2281,2026-09-30,301100,1.1955292224884033,False,2275
2282,2026-09-30,000402,1.1941254138946533,False,2276
2283,2026-09-30,002876,1.1919620037078857,False,2277
2284,2026-09-30,600025,1.188246488571167,False,2278
2285,2026-09-30,601988,1.187508225440979,False,2279
2286,2026-09-30,300141,1.1874549388885498,False,2280
2287,2026-09-30,300008,1.1856458187103271,False,2281
2288,2026-09-30,600099,1.1853339672088623,False,2282
2289,2026-09-30,301272,1.1836435794830322,False,2283
2290,2026-09-30,301368,1.1814950704574585,False,2284
2291,2026-09-30,600604,1.1810529232025146,False,2285
2292,2026-09-30,300460,1.1808713674545288,False,2286
2293,2026-09-30,600272,1.180432915687561,False,2287
2294,2026-09-30,002101,1.1754515171051025,False,2288
2295,2026-09-30,000025,1.1749458312988281,False,2289
2296,2026-09-30,301163,1.1724951267242432,False,2290
2297,2026-09-30,603210,1.172327995300293,False,2291
2298,2026-09-30,603225,1.1685338020324707,False,2292
2299,2026-09-30,300986,1.1677254438400269,False,2293
2300,2026-09-30,300667,1.1669900417327881,False,2294
2301,2026-09-30,600203,1.1661711931228638,False,2295
2302,2026-09-30,600288,1.1650199890136719,False,2296
2303,2026-09-30,603933,1.1637581586837769,False,2297
2304,2026-09-30,301029,1.1585870981216431,False,2298
2305,2026-09-30,300219,1.1571533679962158,False,2299
2306,2026-09-30,688567,1.1570056676864624,False,2300
2307,2026-09-30,688151,1.1534895896911621,False,2301
2308,2026-09-30,603002,1.1530632972717285,False,2302
2309,2026-09-30,301107,1.1517292261123657,False,2303
2310,2026-09-30,301559,1.1514699459075928,False,2304
2311,2026-09-30,000837,1.1493352651596069,False,2305
2312,2026-09-30,300897,1.1465349197387695,False,2306
2313,2026-09-30,300727,1.1445087194442749,False,2307
2314,2026-09-30,603897,1.1417653560638428,False,2308
2315,2026-09-30,603876,1.1406840085983276,False,2309
2316,2026-09-30,000096,1.1383625268936157,False,2310
2317,2026-09-30,603601,1.1382761001586914,False,2311
2318,2026-09-30,300995,1.1349241733551025,False,2312
2319,2026-09-30,000403,1.1341080665588379,False,2313
2320,2026-09-30,605055,1.1335376501083374,False,2314
2321,2026-09-30,001396,1.1323268413543701,False,2315
2322,2026-09-30,601665,1.1322579383850098,False,2316
2323,2026-09-30,688295,1.1311450004577637,False,2317
2324,2026-09-30,688133,1.1296769380569458,False,2318
2325,2026-09-30,300891,1.1290707588195801,False,2319
2326,2026-09-30,300796,1.1284440755844116,False,2320
2327,2026-09-30,603100,1.1274324655532837,False,2321
2328,2026-09-30,000589,1.1250958442687988,False,2322
2329,2026-09-30,300902,1.1246705055236816,False,2323
2330,2026-09-30,603662,1.1214302778244019,False,2324
2331,2026-09-30,300781,1.1201790571212769,False,2325
2332,2026-09-30,301314,1.1199057102203369,False,2326
2333,2026-09-30,001236,1.1198852062225342,False,2327
2334,2026-09-30,002437,1.119159460067749,False,2328
2335,2026-09-30,600970,1.1190659999847412,False,2329
2336,2026-09-30,601928,1.1169393062591553,False,2330
2337,2026-09-30,002432,1.1158943176269531,False,2331
2338,2026-09-30,300598,1.1128919124603271,False,2332
2339,2026-09-30,600526,1.1122565269470215,False,2333
2340,2026-09-30,002951,1.1118954420089722,False,2334
2341,2026-09-30,000797,1.1117480993270874,False,2335
2342,2026-09-30,000803,1.1101560592651367,False,2336
2343,2026-09-30,605028,1.1090587377548218,False,2337
2344,2026-09-30,688335,1.1081396341323853,False,2338
2345,2026-09-30,300293,1.1065691709518433,False,2339
2346,2026-09-30,002863,1.1015758514404297,False,2340
2347,2026-09-30,603206,1.0990252494812012,False,2341
2348,2026-09-30,301449,1.0980021953582764,False,2342
2349,2026-09-30,002115,1.0955723524093628,False,2343
2350,2026-09-30,601005,1.095536470413208,False,2344
2351,2026-09-30,300879,1.0927722454071045,False,2345
2352,2026-09-30,600850,1.092416524887085,False,2346
2353,2026-09-30,300963,1.0910401344299316,False,2347
2354,2026-09-30,002822,1.088146448135376,False,2348
2355,2026-09-30,600716,1.0881245136260986,False,2349
2356,2026-09-30,300346,1.0877665281295776,False,2350
2357,2026-09-30,301260,1.0837311744689941,False,2351
2358,2026-09-30,301135,1.0830374956130981,False,2352
2359,2026-09-30,601222,1.0809524059295654,False,2353
2360,2026-09-30,300466,1.0781587362289429,False,2354
2361,2026-09-30,603583,1.0767006874084473,False,2355
2362,2026-09-30,300327,1.0758901834487915,False,2356
2363,2026-09-30,002587,1.0756056308746338,False,2357
2364,2026-09-30,002131,1.0735146999359131,False,2358
2365,2026-09-30,000088,1.072932243347168,False,2359
2366,2026-09-30,301215,1.0717010498046875,False,2360
2367,2026-09-30,301197,1.0651981830596924,False,2361
2368,2026-09-30,600712,1.064311146736145,False,2362
2369,2026-09-30,688676,1.0582852363586426,False,2363
2370,2026-09-30,688472,1.0570304393768311,False,2364
2371,2026-09-30,000869,1.0562002658843994,False,2365
2372,2026-09-30,300406,1.0548485517501831,False,2366
2373,2026-09-30,300281,1.0519251823425293,False,2367
2374,2026-09-30,600493,1.0511525869369507,False,2368
2375,2026-09-30,301270,1.0489382743835449,False,2369
2376,2026-09-30,600873,1.0471516847610474,False,2370
2377,2026-09-30,603838,1.0470105409622192,False,2371
2378,2026-09-30,601717,1.0421234369277954,False,2372
2379,2026-09-30,601880,1.0396071672439575,False,2373
2380,2026-09-30,605228,1.0384626388549805,False,2374
2381,2026-09-30,000042,1.0363755226135254,False,2375
2382,2026-09-30,688232,1.033576488494873,False,2376
2383,2026-09-30,002009,1.0329362154006958,False,2377
2384,2026-09-30,600536,1.0320241451263428,False,2378
2385,2026-09-30,600877,1.0313093662261963,False,2379
2386,2026-09-30,688106,1.0306122303009033,False,2380
2387,2026-09-30,300856,1.0252528190612793,False,2381
2388,2026-09-30,601022,1.0248489379882812,False,2382
2389,2026-09-30,603237,1.0241234302520752,False,2383
2390,2026-09-30,301538,1.0233621597290039,False,2384
2391,2026-09-30,600057,1.0226258039474487,False,2385
2392,2026-09-30,300286,1.021939754486084,False,2386
2393,2026-09-30,600597,1.0211691856384277,False,2387
2394,2026-09-30,600238,1.020405650138855,False,2388
2395,2026-09-30,000559,1.0199601650238037,False,2389
2396,2026-09-30,002381,1.0193912982940674,False,2390
2397,2026-09-30,603239,1.0167262554168701,False,2391
2398,2026-09-30,603136,1.0155000686645508,False,2392
2399,2026-09-30,002593,1.0132540464401245,False,2393
2400,2026-09-30,605116,1.0129762887954712,False,2394
2401,2026-09-30,605151,1.0125679969787598,False,2395
2402,2026-09-30,001222,1.0117881298065186,False,2396
2403,2026-09-30,300107,1.0110205411911011,False,2397
2404,2026-09-30,600751,1.0106569528579712,False,2398
2405,2026-09-30,600476,1.0100862979888916,False,2399
2406,2026-09-30,605136,1.0091738700866699,False,2400
2407,2026-09-30,000726,1.0084340572357178,False,2401
2408,2026-09-30,300730,1.0044757127761841,False,2402
2409,2026-09-30,300507,1.0018304586410522,False,2403
2410,2026-09-30,603333,1.0016673803329468,False,2404
2411,2026-09-30,001285,0.99989211559295654,False,2405
2412,2026-09-30,003005,0.9983755350112915,False,2406
2413,2026-09-30,603829,0.99739217758178711,False,2407
2414,2026-09-30,603072,0.99642336368560791,False,2408
2415,2026-09-30,601186,0.9957268238067627,False,2409
2416,2026-09-30,301595,0.99443775415420532,False,2410
2417,2026-09-30,000677,0.99373352527618408,False,2411
2418,2026-09-30,300279,0.99310189485549927,False,2412
2419,2026-09-30,601968,0.99187415838241577,False,2413
2420,2026-09-30,300121,0.99096924066543579,False,2414
2421,2026-09-30,301109,0.99094033241271973,False,2415
2422,2026-09-30,001278,0.99082767963409424,False,2416
2423,2026-09-30,300022,0.99030613899230957,False,2417
2424,2026-09-30,002445,0.98946690559387207,False,2418
2425,2026-09-30,603776,0.98937296867370605,False,2419
2426,2026-09-30,600981,0.98878437280654907,False,2420
2427,2026-09-30,600928,0.98844373226165771,False,2421
2428,2026-09-30,000800,0.98781889677047729,False,2422
2429,2026-09-30,002992,0.98472118377685547,False,2423
2430,2026-09-30,002785,0.98457622528076172,False,2424
2431,2026-09-30,600439,0.98417174816131592,False,2425
2432,2026-09-30,600660,0.98231333494186401,False,2426
2433,2026-09-30,603369,0.98158347606658936,False,2427
2434,2026-09-30,301531,0.98157650232315063,False,2428
2435,2026-09-30,688582,0.97909939289093018,False,2429
2436,2026-09-30,002152,0.9777071475982666,False,2430
2437,2026-09-30,300109,0.97609090805053711,False,2431
2438,2026-09-30,300453,0.97567963600158691,False,2432
2439,2026-09-30,600853,0.97114455699920654,False,2433
2440,2026-09-30,600120,0.96941655874252319,False,2434
2441,2026-09-30,300232,0.9679904580116272,False,2435
2442,2026-09-30,603195,0.96792256832122803,False,2436
2443,2026-09-30,002777,0.96044021844863892,False,2437
2444,2026-09-30,300218,0.95655953884124756,False,2438
2445,2026-09-30,688109,0.9548991322517395,False,2439
2446,2026-09-30,002025,0.95326519012451172,False,2440
2447,2026-09-30,688503,0.94978660345077515,False,2441
2448,2026-09-30,301505,0.94888085126876831,False,2442
2449,2026-09-30,600808,0.94829583168029785,False,2443
2450,2026-09-30,300401,0.94774192571640015,False,2444
2451,2026-09-30,002675,0.94340437650680542,False,2445
2452,2026-09-30,301267,0.94191408157348633,False,2446
2453,2026-09-30,600998,0.94157832860946655,False,2447
2454,2026-09-30,601288,0.93727791309356689,False,2448
2455,2026-09-30,000507,0.9349365234375,False,2449
2456,2026-09-30,601766,0.93150931596755981,False,2450
2457,2026-09-30,300851,0.93009555339813232,False,2451
2458,2026-09-30,002745,0.92977690696716309,False,2452
2459,2026-09-30,600569,0.92915934324264526,False,2453
2460,2026-09-30,301658,0.92886769771575928,False,2454
2461,2026-09-30,688509,0.92838001251220703,False,2455
2462,2026-09-30,601828,0.92597866058349609,False,2456
2463,2026-09-30,688622,0.92455375194549561,False,2457
2464,2026-09-30,300601,0.924521803855896,False,2458
2465,2026-09-30,600573,0.92440056800842285,False,2459
2466,2026-09-30,000531,0.92395877838134766,False,2460
2467,2026-09-30,000909,0.92290925979614258,False,2461
2468,2026-09-30,300258,0.92009711265563965,False,2462
2469,2026-09-30,300019,0.91997390985488892,False,2463
2470,2026-09-30,688172,0.91947305202484131,False,2464
2471,2026-09-30,300900,0.91601717472076416,False,2465
2472,2026-09-30,600426,0.91570544242858887,False,2466
2473,2026-09-30,603118,0.91482526063919067,False,2467
2474,2026-09-30,301581,0.9142003059387207,False,2468
2475,2026-09-30,688652,0.91395288705825806,False,2469
2476,2026-09-30,002346,0.91385084390640259,False,2470
2477,2026-09-30,000785,0.91255480051040649,False,2471
2478,2026-09-30,002254,0.91230952739715576,False,2472
2479,2026-09-30,688401,0.91208380460739136,False,2473
2480,2026-09-30,603086,0.9117739200592041,False,2474
2481,2026-09-30,002201,0.91005730628967285,False,2475
2482,2026-09-30,301296,0.90980136394500732,False,2476
2483,2026-09-30,603319,0.90924739837646484,False,2477
2484,2026-09-30,300611,0.90769898891448975,False,2478
2485,2026-09-30,600011,0.90767484903335571,False,2479
2486,2026-09-30,002085,0.90513116121292114,False,2480
2487,2026-09-30,300533,0.90488123893737793,False,2481
2488,2026-09-30,000650,0.90484714508056641,False,2482
2489,2026-09-30,301501,0.90475296974182129,False,2483
2490,2026-09-30,600085,0.90349245071411133,False,2484
2491,2026-09-30,603260,0.90134286880493164,False,2485
2492,2026-09-30,300455,0.90077286958694458,False,2486
2493,2026-09-30,002064,0.89729523658752441,False,2487
2494,2026-09-30,300955,0.89724451303482056,False,2488
2495,2026-09-30,000517,0.89718794822692871,False,2489
2496,2026-09-30,301459,0.89557087421417236,False,2490
2497,2026-09-30,003015,0.89464700222015381,False,2491
2498,2026-09-30,600927,0.88588094711303711,False,2492
2499,2026-09-30,688653,0.88270783424377441,False,2493
2500,2026-09-30,600635,0.87921255826950073,False,2494
2501,2026-09-30,300661,0.87900698184967041,False,2495
2502,2026-09-30,002305,0.87730103731155396,False,2496
2503,2026-09-30,300542,0.87454557418823242,False,2497
2504,2026-09-30,688691,0.87426775693893433,False,2498
2505,2026-09-30,601137,0.87365204095840454,False,2499
2506,2026-09-30,301667,0.86815637350082397,False,2500
2507,2026-09-30,603166,0.86506932973861694,False,2501
2508,2026-09-30,605333,0.86280447244644165,False,2502
2509,2026-09-30,002991,0.86229801177978516,False,2503
2510,2026-09-30,300581,0.86188757419586182,False,2504
2511,2026-09-30,300197,0.85990291833877563,False,2505
2512,2026-09-30,300534,0.85972023010253906,False,2506
2513,2026-09-30,002664,0.85765153169631958,False,2507
2514,2026-09-30,300637,0.85695421695709229,False,2508
2515,2026-09-30,001386,0.85410475730895996,False,2509
2516,2026-09-30,002387,0.85324162244796753,False,2510
2517,2026-09-30,000821,0.85320925712585449,False,2511
2518,2026-09-30,002001,0.85296726226806641,False,2512
2519,2026-09-30,300231,0.85207217931747437,False,2513
2520,2026-09-30,688626,0.85011482238769531,False,2514
2521,2026-09-30,301353,0.84870409965515137,False,2515
2522,2026-09-30,300435,0.84869694709777832,False,2516
2523,2026-09-30,300594,0.84855133295059204,False,2517
2524,2026-09-30,600848,0.84831094741821289,False,2518
2525,2026-09-30,603276,0.84666323661804199,False,2519
2526,2026-09-30,300041,0.84612786769866943,False,2520
2527,2026-09-30,002386,0.84599936008453369,False,2521
2528,2026-09-30,002302,0.84221196174621582,False,2522
2529,2026-09-30,002083,0.84205186367034912,False,2523
2530,2026-09-30,301149,0.84149348735809326,False,2524
2531,2026-09-30,300666,0.83965897560119629,False,2525
2532,2026-09-30,301053,0.83741086721420288,False,2526
2533,2026-09-30,301323,0.83731544017791748,False,2527
2534,2026-09-30,688229,0.83602511882781982,False,2528
2535,2026-09-30,301293,0.83372211456298828,False,2529
2536,2026-09-30,000711,0.83270072937011719,False,2530
2537,2026-09-30,001389,0.83162283897399902,False,2531
2538,2026-09-30,601515,0.82682991027832031,False,2532
2539,2026-09-30,600638,0.82641977071762085,False,2533
2540,2026-09-30,002738,0.8257136344909668,False,2534
2541,2026-09-30,600550,0.82417857646942139,False,2535
2542,2026-09-30,603698,0.81831538677215576,False,2536
2543,2026-09-30,605162,0.81668448448181152,False,2537
2544,2026-09-30,603321,0.81458389759063721,False,2538
2545,2026-09-30,000860,0.81112730503082275,False,2539
2546,2026-09-30,300206,0.81028032302856445,False,2540
2547,2026-09-30,000001,0.80722200870513916,False,2541
2548,2026-09-30,600137,0.80507993698120117,False,2542
2549,2026-09-30,688584,0.79702794551849365,False,2543
2550,2026-09-30,002656,0.79587030410766602,False,2544
2551,2026-09-30,601163,0.79440569877624512,False,2545
2552,2026-09-30,300805,0.792022705078125,False,2546
2553,2026-09-30,688557,0.78962641954421997,False,2547
2554,2026-09-30,600020,0.78793853521347046,False,2548
2555,2026-09-30,002327,0.78759860992431641,False,2549
2556,2026-09-30,600436,0.78719991445541382,False,2550
2557,2026-09-30,600724,0.78696721792221069,False,2551
2558,2026-09-30,600116,0.78666037321090698,False,2552
2559,2026-09-30,601003,0.7864723801612854,False,2553
2560,2026-09-30,002787,0.78513145446777344,False,2554
2561,2026-09-30,002658,0.78441774845123291,False,2555
2562,2026-09-30,603811,0.78339654207229614,False,2556
2563,2026-09-30,603882,0.7830883264541626,False,2557
2564,2026-09-30,603992,0.78256100416183472,False,2558
2565,2026-09-30,300539,0.78147554397583008,False,2559
2566,2026-09-30,301683,0.78030717372894287,False,2560
2567,2026-09-30,600029,0.77965271472930908,False,2561
2568,2026-09-30,688818,0.7782294750213623,False,2562
2569,2026-09-30,002349,0.77506208419799805,False,2563
2570,2026-09-30,000528,0.77288138866424561,False,2564
2571,2026-09-30,300161,0.77005612850189209,False,2565
2572,2026-09-30,603036,0.77002245187759399,False,2566
2573,2026-09-30,002393,0.76783764362335205,False,2567
2574,2026-09-30,000723,0.76492977142333984,False,2568
2575,2026-09-30,603110,0.76447665691375732,False,2569
2576,2026-09-30,300287,0.76161617040634155,False,2570
2577,2026-09-30,600740,0.75916290283203125,False,2571
2578,2026-09-30,688291,0.75869327783584595,False,2572
2579,2026-09-30,600461,0.75763654708862305,False,2573
2580,2026-09-30,601577,0.75693649053573608,False,2574
2581,2026-09-30,002887,0.75446903705596924,False,2575
2582,2026-09-30,688728,0.75204133987426758,False,2576
2583,2026-09-30,600558,0.75067341327667236,False,2577
2584,2026-09-30,002829,0.74921983480453491,False,2578
2585,2026-09-30,600984,0.74788403511047363,False,2579
2586,2026-09-30,002739,0.74710661172866821,False,2580
2587,2026-09-30,301707,0.74241185188293457,False,2581
2588,2026-09-30,301607,0.74096077680587769,False,2582
2589,2026-09-30,688347,0.74054574966430664,False,2583
2590,2026-09-30,688410,0.73930478096008301,False,2584
2591,2026-09-30,301491,0.73876380920410156,False,2585
2592,2026-09-30,601318,0.73809593915939331,False,2586
2593,2026-09-30,002270,0.73643594980239868,False,2587
2594,2026-09-30,301631,0.73634946346282959,False,2588
2595,2026-09-30,300140,0.73464727401733398,False,2589
2596,2026-09-30,002007,0.72621035575866699,False,2590
2597,2026-09-30,300357,0.72478902339935303,False,2591
2598,2026-09-30,301000,0.72389888763427734,False,2592
2599,2026-09-30,002695,0.72356671094894409,False,2593
2600,2026-09-30,002660,0.71757245063781738,False,2594
2601,2026-09-30,601089,0.71734100580215454,False,2595
2602,2026-09-30,300792,0.71613067388534546,False,2596
2603,2026-09-30,300770,0.71480923891067505,False,2597
2604,2026-09-30,601298,0.71464776992797852,False,2598
2605,2026-09-30,301277,0.71333587169647217,False,2599
2606,2026-09-30,603955,0.71160578727722168,False,2600
2607,2026-09-30,301202,0.71145033836364746,False,2601
2608,2026-09-30,600630,0.71127724647521973,False,2602
2609,2026-09-30,300174,0.71083992719650269,False,2603
2610,2026-09-30,002809,0.70948123931884766,False,2604
2611,2026-09-30,002471,0.70916581153869629,False,2605
2612,2026-09-30,002967,0.70911389589309692,False,2606
2613,2026-09-30,000935,0.70903348922729492,False,2607
2614,2026-09-30,300066,0.70817124843597412,False,2608
2615,2026-09-30,002727,0.7074427604675293,False,2609
2616,2026-09-30,300604,0.70572221279144287,False,2610
2617,2026-09-30,688117,0.70372939109802246,False,2611
2618,2026-09-30,000708,0.70250421762466431,False,2612
2619,2026-09-30,688085,0.69946551322937012,False,2613
2620,2026-09-30,688072,0.69886338710784912,False,2614
2621,2026-09-30,688327,0.69824415445327759,False,2615
2622,2026-09-30,600801,0.69638729095458984,False,2616
2623,2026-09-30,603387,0.69551217555999756,False,2617
2624,2026-09-30,000900,0.69504785537719727,False,2618
2625,2026-09-30,301231,0.69499915838241577,False,2619
2626,2026-09-30,002067,0.68890166282653809,False,2620
2627,2026-09-30,002397,0.68875932693481445,False,2621
2628,2026-09-30,603062,0.68815648555755615,False,2622
2629,2026-09-30,600281,0.68532836437225342,False,2623
2630,2026-09-30,002037,0.68486917018890381,False,2624
2631,2026-09-30,300411,0.68430089950561523,False,2625
2632,2026-09-30,000681,0.68183553218841553,False,2626
2633,2026-09-30,600628,0.67856287956237793,False,2627
2634,2026-09-30,301082,0.67761540412902832,False,2628
2635,2026-09-30,002099,0.6773524284362793,False,2629
2636,2026-09-30,300962,0.6757848858833313,False,2630
2637,2026-09-30,603987,0.67552876472473145,False,2631
2638,2026-09-30,300026,0.67518842220306396,False,2632
2639,2026-09-30,688209,0.67421960830688477,False,2633
2640,2026-09-30,301285,0.67374163866043091,False,2634
2641,2026-09-30,000921,0.66929614543914795,False,2635
2642,2026-09-30,600754,0.66571879386901855,False,2636
2643,2026-09-30,000538,0.66549503803253174,False,2637
2644,2026-09-30,688176,0.66392964124679565,False,2638
2645,2026-09-30,300795,0.66388845443725586,False,2639
2646,2026-09-30,603219,0.66354149580001831,False,2640
2647,2026-09-30,002186,0.66348564624786377,False,2641
2648,2026-09-30,002020,0.66133105754852295,False,2642
2649,2026-09-30,001311,0.66126513481140137,False,2643
2650,2026-09-30,300989,0.66008871793746948,False,2644
2651,2026-09-30,601992,0.65681064128875732,False,2645
2652,2026-09-30,300010,0.65640676021575928,False,2646
2653,2026-09-30,000828,0.65490400791168213,False,2647
2654,2026-09-30,300447,0.65451115369796753,False,2648
2655,2026-09-30,000859,0.65273463726043701,False,2649
2656,2026-09-30,002150,0.65120285749435425,False,2650
2657,2026-09-30,300388,0.65078139305114746,False,2651
2658,2026-09-30,605123,0.64947867393493652,False,2652
2659,2026-09-30,603768,0.64760506153106689,False,2653
2660,2026-09-30,002138,0.64449936151504517,False,2654
2661,2026-09-30,603969,0.6434485912322998,False,2655
2662,2026-09-30,600861,0.64153683185577393,False,2656
2663,2026-09-30,300652,0.640625,False,2657
2664,2026-09-30,603828,0.63641190528869629,False,2658
2665,2026-09-30,002287,0.63375115394592285,False,2659
2666,2026-09-30,603887,0.63330137729644775,False,2660
2667,2026-09-30,000608,0.63283610343933105,False,2661
2668,2026-09-30,605169,0.63149404525756836,False,2662
2669,2026-09-30,600216,0.6314321756362915,False,2663
2670,2026-09-30,002424,0.63021868467330933,False,2664
2671,2026-09-30,601155,0.62989449501037598,False,2665
2672,2026-09-30,600523,0.62982642650604248,False,2666
2673,2026-09-30,688047,0.62980347871780396,False,2667
2674,2026-09-30,603901,0.62190186977386475,False,2668
2675,2026-09-30,600512,0.62055116891860962,False,2669
2676,2026-09-30,300326,0.62048733234405518,False,2670
2677,2026-09-30,301503,0.62004363536834717,False,2671
2678,2026-09-30,002040,0.61554521322250366,False,2672
2679,2026-09-30,001239,0.61416482925415039,False,2673
2680,2026-09-30,603956,0.61336469650268555,False,2674
2681,2026-09-30,605066,0.61157530546188354,False,2675
2682,2026-09-30,603193,0.60852289199829102,False,2676
2683,2026-09-30,688776,0.60766130685806274,False,2677
2684,2026-09-30,301665,0.60644340515136719,False,2678
2685,2026-09-30,300821,0.60631716251373291,False,2679
2686,2026-09-30,601179,0.60562765598297119,False,2680
2687,2026-09-30,300071,0.60377752780914307,False,2681
2688,2026-09-30,601088,0.60236442089080811,False,2682
2689,2026-09-30,600420,0.60200238227844238,False,2683
2690,2026-09-30,688147,0.59736299514770508,False,2684
2691,2026-09-30,688299,0.59529244899749756,False,2685
2692,2026-09-30,600529,0.59275662899017334,False,2686
2693,2026-09-30,600797,0.59211909770965576,False,2687
2694,2026-09-30,603867,0.5919603705406189,False,2688
2695,2026-09-30,600757,0.59153151512145996,False,2689
2696,2026-09-30,002651,0.59062385559082031,False,2690
2697,2026-09-30,600495,0.58489847183227539,False,2691
2698,2026-09-30,002595,0.583670973777771,False,2692
2699,2026-09-30,301512,0.58347886800765991,False,2693
2700,2026-09-30,002189,0.58320742845535278,False,2694
2701,2026-09-30,603505,0.58044600486755371,False,2695
2702,2026-09-30,000876,0.57860219478607178,False,2696
2703,2026-09-30,601106,0.57602560520172119,False,2697
2704,2026-09-30,688609,0.57468032836914062,False,2698
2705,2026-09-30,605133,0.57394105195999146,False,2699
2706,2026-09-30,002449,0.57078731060028076,False,2700
2707,2026-09-30,002090,0.57026839256286621,False,2701
2708,2026-09-30,002168,0.56968170404434204,False,2702
2709,2026-09-30,300463,0.56850504875183105,False,2703
2710,2026-09-30,002911,0.56836855411529541,False,2704
2711,2026-09-30,603040,0.56830799579620361,False,2705
2712,2026-09-30,002634,0.56777000427246094,False,2706
2713,2026-09-30,300641,0.56651020050048828,False,2707
2714,2026-09-30,600790,0.56363922357559204,False,2708
2715,2026-09-30,300382,0.56210291385650635,False,2709
2716,2026-09-30,002590,0.56068533658981323,False,2710
2717,2026-09-30,688580,0.55623269081115723,False,2711
2718,2026-09-30,688290,0.55579072237014771,False,2712
2719,2026-09-30,301016,0.5547020435333252,False,2713
2720,2026-09-30,001339,0.5530848503112793,False,2714
2721,2026-09-30,301125,0.55126595497131348,False,2715
2722,2026-09-30,300957,0.55010503530502319,False,2716
2723,2026-09-30,603789,0.54790115356445312,False,2717
2724,2026-09-30,600655,0.54553580284118652,False,2718
2725,2026-09-30,000567,0.54527401924133301,False,2719
2726,2026-09-30,600490,0.54358398914337158,False,2720
2727,2026-09-30,600133,0.54348647594451904,False,2721
2728,2026-09-30,603075,0.5420987606048584,False,2722
2729,2026-09-30,600589,0.53920090198516846,False,2723
2730,2026-09-30,002122,0.53911423683166504,False,2724
2731,2026-09-30,600728,0.53494822978973389,False,2725
2732,2026-09-30,688316,0.52729076147079468,False,2726
2733,2026-09-30,601156,0.52137929201126099,False,2727
2734,2026-09-30,000895,0.51743358373641968,False,2728
2735,2026-09-30,002372,0.51589357852935791,False,2729
2736,2026-09-30,600377,0.51481318473815918,False,2730
2737,2026-09-30,603367,0.51370722055435181,False,2731
2738,2026-09-30,688270,0.51113808155059814,False,2732
2739,2026-09-30,300139,0.50916814804077148,False,2733
2740,2026-09-30,300188,0.50827515125274658,False,2734
2741,2026-09-30,603085,0.50802934169769287,False,2735
2742,2026-09-30,600812,0.50659000873565674,False,2736
2743,2026-09-30,603173,0.50620937347412109,False,2737
2744,2026-09-30,688258,0.50620591640472412,False,2738
2745,2026-09-30,300214,0.50509220361709595,False,2739
2746,2026-09-30,600380,0.50091499090194702,False,2740
2747,2026-09-30,603883,0.49824655055999756,False,2741
2748,2026-09-30,600580,0.49768128991127014,False,2742
2749,2026-09-30,600602,0.49071282148361206,False,2743
2750,2026-09-30,300320,0.4895593523979187,False,2744
2751,2026-09-30,301095,0.48856168985366821,False,2745
2752,2026-09-30,688419,0.4884154200553894,False,2746
2753,2026-09-30,002806,0.48775699734687805,False,2747
2754,2026-09-30,600315,0.48620486259460449,False,2748
2755,2026-09-30,603203,0.48363614082336426,False,2749
2756,2026-09-30,002578,0.4812113344669342,False,2750
2757,2026-09-30,688595,0.48070472478866577,False,2751
2758,2026-09-30,600841,0.47848069667816162,False,2752
2759,2026-09-30,000950,0.4754142165184021,False,2753
2760,2026-09-30,603155,0.47512784600257874,False,2754
2761,2026-09-30,000712,0.47297585010528564,False,2755
2762,2026-09-30,600375,0.46990343928337097,False,2756
2763,2026-09-30,300595,0.46976375579833984,False,2757
2764,2026-09-30,601869,0.46956956386566162,False,2758
2765,2026-09-30,301246,0.46784874796867371,False,2759
2766,2026-09-30,600679,0.46571528911590576,False,2760
2767,2026-09-30,605196,0.46555030345916748,False,2761
2768,2026-09-30,603486,0.46500784158706665,False,2762
2769,2026-09-30,001213,0.46001386642456055,False,2763
2770,2026-09-30,002683,0.45938593149185181,False,2764
2771,2026-09-30,001203,0.45892065763473511,False,2765
2772,2026-09-30,600729,0.45823800563812256,False,2766
2773,2026-09-30,300405,0.45763188600540161,False,2767
2774,2026-09-30,002685,0.45620322227478027,False,2768
2775,2026-09-30,603209,0.45546483993530273,False,2769
2776,2026-09-30,603071,0.45544135570526123,False,2770
2777,2026-09-30,002217,0.45136070251464844,False,2771
2778,2026-09-30,301069,0.45120221376419067,False,2772
2779,2026-09-30,603229,0.44725713133811951,False,2773
2780,2026-09-30,300553,0.44703555107116699,False,2774
2781,2026-09-30,300254,0.44639289379119873,False,2775
2782,2026-09-30,600169,0.44441056251525879,False,2776
2783,2026-09-30,000422,0.44428515434265137,False,2777
2784,2026-09-30,002895,0.44292092323303223,False,2778
2785,2026-09-30,600502,0.44052708148956299,False,2779
2786,2026-09-30,600527,0.43953865766525269,False,2780
2787,2026-09-30,601068,0.43703508377075195,False,2781
2788,2026-09-30,000009,0.4364020824432373,False,2782
2789,2026-09-30,601966,0.43600130081176758,False,2783
2790,2026-09-30,301558,0.43274086713790894,False,2784
2791,2026-09-30,603201,0.4320833683013916,False,2785
2792,2026-09-30,002019,0.43036293983459473,False,2786
2793,2026-09-30,600422,0.42898190021514893,False,2787
2794,2026-09-30,600756,0.42877072095870972,False,2788
2795,2026-09-30,301152,0.42461204528808594,False,2789
2796,2026-09-30,603186,0.42021167278289795,False,2790
2797,2026-09-30,601778,0.42018583416938782,False,2791
2798,2026-09-30,300883,0.42010205984115601,False,2792
2799,2026-09-30,000617,0.41973301768302917,False,2793
2800,2026-09-30,600037,0.41972088813781738,False,2794
2801,2026-09-30,688095,0.41897869110107422,False,2795
2802,2026-09-30,300233,0.41844293475151062,False,2796
2803,2026-09-30,300158,0.41229230165481567,False,2797
2804,2026-09-30,601702,0.41004243493080139,False,2798
2805,2026-09-30,301179,0.40886801481246948,False,2799
2806,2026-09-30,301383,0.40632659196853638,False,2800
2807,2026-09-30,600621,0.40582758188247681,False,2801
2808,2026-09-30,688828,0.40409398078918457,False,2802
2809,2026-09-30,301038,0.40349107980728149,False,2803
2810,2026-09-30,002666,0.40211296081542969,False,2804
2811,2026-09-30,688267,0.40209722518920898,False,2805
2812,2026-09-30,300350,0.40074914693832397,False,2806
2813,2026-09-30,300752,0.39930802583694458,False,2807
2814,2026-09-30,603658,0.39875516295433044,False,2808
2815,2026-09-30,301609,0.39859211444854736,False,2809
2816,2026-09-30,300778,0.39643877744674683,False,2810
2817,2026-09-30,301287,0.39536792039871216,False,2811
2818,2026-09-30,300471,0.39523470401763916,False,2812
2819,2026-09-30,603598,0.39240181446075439,False,2813
2820,2026-09-30,688070,0.39172115921974182,False,2814
2821,2026-09-30,300541,0.38752776384353638,False,2815
2822,2026-09-30,688273,0.38655358552932739,False,2816
2823,2026-09-30,002187,0.38531661033630371,False,2817
2824,2026-09-30,002605,0.38359898328781128,False,2818
2825,2026-09-30,300921,0.38329493999481201,False,2819
2826,2026-09-30,002909,0.38280189037322998,False,2820
2827,2026-09-30,600654,0.37563145160675049,False,2821
2828,2026-09-30,301130,0.37520515918731689,False,2822
2829,2026-09-30,002581,0.37492930889129639,False,2823
2830,2026-09-30,300481,0.37370279431343079,False,2824
2831,2026-09-30,002598,0.37114834785461426,False,2825
2832,2026-09-30,600563,0.3696078360080719,False,2826
2833,2026-09-30,002277,0.36948621273040771,False,2827
2834,2026-09-30,000927,0.36751425266265869,False,2828
2835,2026-09-30,301208,0.3666306734085083,False,2829
2836,2026-09-30,688255,0.36388441920280457,False,2830
2837,2026-09-30,002448,0.36218774318695068,False,2831
2838,2026-09-30,600234,0.36079549789428711,False,2832
2839,2026-09-30,300475,0.35956442356109619,False,2833
2840,2026-09-30,603700,0.35867714881896973,False,2834
2841,2026-09-30,300046,0.35852628946304321,False,2835
2842,2026-09-30,300366,0.35846257209777832,False,2836
2843,2026-09-30,688605,0.35834002494812012,False,2837
2844,2026-09-30,002079,0.3572680652141571,False,2838
2845,2026-09-30,002057,0.35552588105201721,False,2839
2846,2026-09-30,688577,0.35317417979240417,False,2840
2847,2026-09-30,000404,0.35258889198303223,False,2841
2848,2026-09-30,688201,0.35227501392364502,False,2842
2849,2026-09-30,600615,0.35038971900939941,False,2843
2850,2026-09-30,601187,0.34961682558059692,False,2844
2851,2026-09-30,600130,0.34949696063995361,False,2845
2852,2026-09-30,002823,0.34878551959991455,False,2846
2853,2026-09-30,600650,0.34141284227371216,False,2847
2854,2026-09-30,002603,0.34004580974578857,False,2848
2855,2026-09-30,300699,0.33817809820175171,False,2849
2856,2026-09-30,688283,0.33731460571289062,False,2850
2857,2026-09-30,002807,0.3363802433013916,False,2851
2858,2026-09-30,000983,0.33522585034370422,False,2852
2859,2026-09-30,301622,0.33417356014251709,False,2853
2860,2026-09-30,300633,0.33315348625183105,False,2854
2861,2026-09-30,688556,0.33284729719161987,False,2855
2862,2026-09-30,301118,0.33259254693984985,False,2856
2863,2026-09-30,688332,0.33021336793899536,False,2857
2864,2026-09-30,688055,0.33012107014656067,False,2858
2865,2026-09-30,301137,0.32863813638687134,False,2859
2866,2026-09-30,300735,0.32646238803863525,False,2860
2867,2026-09-30,301587,0.3264315128326416,False,2861
2868,2026-09-30,300315,0.32600545883178711,False,2862
2869,2026-09-30,603858,0.32344889640808105,False,2863
2870,2026-09-30,600557,0.32299363613128662,False,2864
2871,2026-09-30,600559,0.32079702615737915,False,2865
2872,2026-09-30,603863,0.31378132104873657,False,2866
2873,2026-09-30,300885,0.31366994976997375,False,2867
2874,2026-09-30,003003,0.31264364719390869,False,2868
2875,2026-09-30,688811,0.31173598766326904,False,2869
2876,2026-09-30,600741,0.31004345417022705,False,2870
2877,2026-09-30,301632,0.30951586365699768,False,2871
2878,2026-09-30,600438,0.30942612886428833,False,2872
2879,2026-09-30,301203,0.30812835693359375,False,2873
2880,2026-09-30,300248,0.30752646923065186,False,2874
2881,2026-09-30,300241,0.30746769905090332,False,2875
2882,2026-09-30,601908,0.30609965324401855,False,2876
2883,2026-09-30,300705,0.30503219366073608,False,2877
2884,2026-09-30,603656,0.3049919605255127,False,2878
2885,2026-09-30,300074,0.30319154262542725,False,2879
2886,2026-09-30,002892,0.29641425609588623,False,2880
2887,2026-09-30,002724,0.29549628496170044,False,2881
2888,2026-09-30,301522,0.2952117919921875,False,2882
2889,2026-09-30,002263,0.29493406414985657,False,2883
2890,2026-09-30,002608,0.29304337501525879,False,2884
2891,2026-09-30,002941,0.2873997688293457,False,2885
2892,2026-09-30,688576,0.28712940216064453,False,2886
2893,2026-09-30,000609,0.28641438484191895,False,2887
2894,2026-09-30,000045,0.28440582752227783,False,2888
2895,2026-09-30,601668,0.2815057635307312,False,2889
2896,2026-09-30,688798,0.28073263168334961,False,2890
2897,2026-09-30,300176,0.2807157039642334,False,2891
2898,2026-09-30,000922,0.27435413002967834,False,2892
2899,2026-09-30,000100,0.27325880527496338,False,2893
2900,2026-09-30,603409,0.27291345596313477,False,2894
2901,2026-09-30,300777,0.27230095863342285,False,2895
2902,2026-09-30,002938,0.27094101905822754,False,2896
2903,2026-09-30,300808,0.26785898208618164,False,2897
2904,2026-09-30,688475,0.26672959327697754,False,2898
2905,2026-09-30,300349,0.26547551155090332,False,2899
2906,2026-09-30,688597,0.2651517391204834,False,2900
2907,2026-09-30,300861,0.26446717977523804,False,2901
2908,2026-09-30,600382,0.26155495643615723,False,2902
2909,2026-09-30,605589,0.26143074035644531,False,2903
2910,2026-09-30,603566,0.26011180877685547,False,2904
2911,2026-09-30,600435,0.25940698385238647,False,2905
2912,2026-09-30,300695,0.25895231962203979,False,2906
2913,2026-09-30,688711,0.25649088621139526,False,2907
2914,2026-09-30,300146,0.25000095367431641,False,2908
2915,2026-09-30,600990,0.2480941116809845,False,2909
2916,2026-09-30,688680,0.24591976404190063,False,2910
2917,2026-09-30,688033,0.24481818079948425,False,2911
2918,2026-09-30,301349,0.24479532241821289,False,2912
2919,2026-09-30,603037,0.23727411031723022,False,2913
2920,2026-09-30,002395,0.23604917526245117,False,2914
2921,2026-09-30,600810,0.23058903217315674,False,2915
2922,2026-09-30,600452,0.22819098830223083,False,2916
2923,2026-09-30,002060,0.22814297676086426,False,2917
2924,2026-09-30,300047,0.22730207443237305,False,2918
2925,2026-09-30,688560,0.22576642036437988,False,2919
2926,2026-09-30,600817,0.22556853294372559,False,2920
2927,2026-09-30,603515,0.22530549764633179,False,2921
2928,2026-09-30,000990,0.22449064254760742,False,2922
2929,2026-09-30,605080,0.22031092643737793,False,2923
2930,2026-09-30,603727,0.21930265426635742,False,2924
2931,2026-09-30,688767,0.21541213989257812,False,2925
2932,2026-09-30,300634,0.21269908547401428,False,2926
2933,2026-09-30,600606,0.21048367023468018,False,2927
2934,2026-09-30,300801,0.21003037691116333,False,2928
2935,2026-09-30,002097,0.20962691307067871,False,2929
2936,2026-09-30,601933,0.20846450328826904,False,2930
2937,2026-09-30,601965,0.20770376920700073,False,2931
2938,2026-09-30,603881,0.20595374703407288,False,2932
2939,2026-09-30,300213,0.20095130801200867,False,2933
2940,2026-09-30,688409,0.20061171054840088,False,2934
2941,2026-09-30,000883,0.19289183616638184,False,2935
2942,2026-09-30,300303,0.19288617372512817,False,2936
2943,2026-09-30,688159,0.18986964225769043,False,2937
2944,2026-09-30,688612,0.1875,False,2938
2945,2026-09-30,688130,0.18323934078216553,False,2939
2946,2026-09-30,688098,0.17788815498352051,False,2940
2947,2026-09-30,002378,0.17738848924636841,False,2941
2948,2026-09-30,300948,0.17737042903900146,False,2942
2949,2026-09-30,600332,0.17590939998626709,False,2943
2950,2026-09-30,600329,0.17228960990905762,False,2944
2951,2026-09-30,002626,0.17169463634490967,False,2945
2952,2026-09-30,301301,0.17045259475708008,False,2946
2953,2026-09-30,603998,0.16925573348999023,False,2947
2954,2026-09-30,300832,0.1680259108543396,False,2948
2955,2026-09-30,603197,0.16698408126831055,False,2949
2956,2026-09-30,300815,0.16423559188842773,False,2950
2957,2026-09-30,600284,0.16303747892379761,False,2951
2958,2026-09-30,002151,0.15943348407745361,False,2952
2959,2026-09-30,600489,0.15773600339889526,False,2953
2960,2026-09-30,002191,0.15727102756500244,False,2954
2961,2026-09-30,600585,0.15665723383426666,False,2955
2962,2026-09-30,600187,0.15469673275947571,False,2956
2963,2026-09-30,301191,0.15425491333007812,False,2957
2964,2026-09-30,600926,0.1530759334564209,False,2958
2965,2026-09-30,300605,0.1521604061126709,False,2959
2966,2026-09-30,001279,0.14883768558502197,False,2960
2967,2026-09-30,600351,0.14791023731231689,False,2961
2968,2026-09-30,002180,0.14766854047775269,False,2962
2969,2026-09-30,603808,0.14440226554870605,False,2963
2970,2026-09-30,003018,0.14043140411376953,False,2964
2971,2026-09-30,688351,0.14025419950485229,False,2965
2972,2026-09-30,601800,0.13874155282974243,False,2966
2973,2026-09-30,688795,0.13767826557159424,False,2967
2974,2026-09-30,002250,0.13527119159698486,False,2968
2975,2026-09-30,603357,0.13415634632110596,False,2969
2976,2026-09-30,600779,0.13308060169219971,False,2970
2977,2026-09-30,000761,0.13117852807044983,False,2971
2978,2026-09-30,301552,0.12863588333129883,False,2972
2979,2026-09-30,688729,0.12832486629486084,False,2973
2980,2026-09-30,002167,0.12827372550964355,False,2974
2981,2026-09-30,002966,0.12788975238800049,False,2975
2982,2026-09-30,300881,0.12421810626983643,False,2976
2983,2026-09-30,002377,0.12397259473800659,False,2977
2984,2026-09-30,600350,0.12268185615539551,False,2978
2985,2026-09-30,603712,0.12260505557060242,False,2979
2986,2026-09-30,600897,0.1224900484085083,False,2980
2987,2026-09-30,600862,0.11648888885974884,False,2981
2988,2026-09-30,000055,0.11530467867851257,False,2982
2989,2026-09-30,002483,0.11457278579473495,False,2983
2990,2026-09-30,603000,0.11083847284317017,False,2984
2991,2026-09-30,300416,0.11081679165363312,False,2985
2992,2026-09-30,688562,0.11037863045930862,False,2986
2993,2026-09-30,300220,0.1097337007522583,False,2987
2994,2026-09-30,300458,0.10683578252792358,False,2988
2995,2026-09-30,601311,0.10562443733215332,False,2989
2996,2026-09-30,603049,0.10431134700775146,False,2990
2997,2026-09-30,002903,0.09592735767364502,False,2991
2998,2026-09-30,688386,0.09458470344543457,False,2992
2999,2026-09-30,002864,0.094502687454223633,False,2993
3000,2026-09-30,001914,0.094235450029373169,False,2994
3001,2026-09-30,301589,0.092436313629150391,False,2995
3002,2026-09-30,605305,0.088225245475769043,False,2996
3003,2026-09-30,000782,0.088130861520767212,False,2997
3004,2026-09-30,600750,0.086012959480285645,False,2998
3005,2026-09-30,688320,0.085857361555099487,False,2999
3006,2026-09-30,603305,0.084708273410797119,False,3000
3007,2026-09-30,688019,0.078872084617614746,False,3001
3008,2026-09-30,300713,0.078715860843658447,False,3002
3009,2026-09-30,300966,0.077463626861572266,False,3003
3010,2026-09-30,002283,0.077195942401885986,False,3004
3011,2026-09-30,601328,0.073650479316711426,False,3005
3012,2026-09-30,605099,0.068396806716918945,False,3006
3013,2026-09-30,688128,0.067991912364959717,False,3007
3014,2026-09-30,002145,0.063235104084014893,False,3008
3015,2026-09-30,603703,0.063178777694702148,False,3009
3016,2026-09-30,688786,0.060094594955444336,False,3010
3017,2026-09-30,000591,0.058577299118041992,False,3011
3018,2026-09-30,300135,0.056349664926528931,False,3012
3019,2026-09-30,002988,0.055099785327911377,False,3013
3020,2026-09-30,600210,0.054763436317443848,False,3014
3021,2026-09-30,688062,0.054672777652740479,False,3015
3022,2026-09-30,300410,0.053665518760681152,False,3016
3023,2026-09-30,300018,0.053047239780426025,False,3017
3024,2026-09-30,688981,0.052103757858276367,False,3018
3025,2026-09-30,605188,0.05148780345916748,False,3019
3026,2026-09-30,300334,0.050920546054840088,False,3020
3027,2026-09-30,300823,0.049286842346191406,False,3021
3028,2026-09-30,301075,0.048260807991027832,False,3022
3029,2026-09-30,000415,0.04749375581741333,False,3023
3030,2026-09-30,600114,0.04610365629196167,False,3024
3031,2026-09-30,301026,0.045632719993591309,False,3025
3032,2026-09-30,600894,0.044000387191772461,False,3026
3033,2026-09-30,300092,0.03850090503692627,False,3027
3034,2026-09-30,600298,0.029678583145141602,False,3028
3035,2026-09-30,688223,0.027775019407272339,False,3029
3036,2026-09-30,000791,0.027500510215759277,False,3030
3037,2026-09-30,002063,0.026429414749145508,False,3031
3038,2026-09-30,688518,0.024178579449653625,False,3032
3039,2026-09-30,603800,0.022876083850860596,False,3033
3040,2026-09-30,603816,0.022518336772918701,False,3034
3041,2026-09-30,000790,0.020792961120605469,False,3035
3042,2026-09-30,300398,0.020195364952087402,False,3036
3043,2026-09-30,603185,0.019990205764770508,True,
3044,2026-09-30,301611,0.018445134162902832,False,3037
3045,2026-09-30,300872,0.012178659439086914,False,3038
3046,2026-09-30,688038,0.011672258377075195,False,3039
3047,2026-09-30,600373,0.0089420080184936523,False,3040
3048,2026-09-30,603306,0.0074805021286010742,False,3041
3049,2026-09-30,300256,0.0045075416564941406,False,3042
3050,2026-09-30,000544,0.0031142234802246094,False,3043
3051,2026-09-30,002219,0.0019704997539520264,False,3044
3052,2026-09-30,002203,-0.00077795982360839844,False,3045
3053,2026-09-30,688195,-0.0012226104736328125,False,3046
3054,2026-09-30,600704,-0.0020859241485595703,False,3047
3055,2026-09-30,688550,-0.0035636425018310547,False,3048
3056,2026-09-30,600051,-0.0040504932403564453,False,3049
3057,2026-09-30,600681,-0.0052903890609741211,False,3050
3058,2026-09-30,300626,-0.0083266422152519226,False,3051
3059,2026-09-30,002271,-0.010374546051025391,False,3052
3060,2026-09-30,003041,-0.011909604072570801,False,3053
3061,2026-09-30,301696,-0.012093156576156616,False,3054
3062,2026-09-30,301601,-0.015357136726379395,False,3055
3063,2026-09-30,600983,-0.018548965454101562,False,3056
3064,2026-09-30,600143,-0.020529091358184814,False,3057
3065,2026-09-30,688010,-0.022094249725341797,False,3058
3066,2026-09-30,300396,-0.022607326507568359,False,3059
3067,2026-09-30,300314,-0.022866100072860718,False,3060
3068,2026-09-30,301188,-0.024697542190551758,False,3061
3069,2026-09-30,601233,-0.030381321907043457,False,3062
3070,2026-09-30,300766,-0.032357096672058105,False,3063
3071,2026-09-30,688330,-0.033317446708679199,False,3064
3072,2026-09-30,600308,-0.033859491348266602,False,3065
3073,2026-09-30,300127,-0.036277651786804199,False,3066
3074,2026-09-30,300237,-0.03862309455871582,False,3067
3075,2026-09-30,688314,-0.038854122161865234,False,3068
3076,2026-09-30,600995,-0.039055228233337402,False,3069
3077,2026-09-30,300260,-0.039253473281860352,False,3070
3078,2026-09-30,300062,-0.040942847728729248,False,3071
3079,2026-09-30,600113,-0.041906952857971191,False,3072
3080,2026-09-30,600690,-0.042650580406188965,False,3073
3081,2026-09-30,000568,-0.043455123901367188,False,3074
3082,2026-09-30,603063,-0.048368930816650391,False,3075
3083,2026-09-30,688083,-0.048509836196899414,False,3076
3084,2026-09-30,688586,-0.049778848886489868,False,3077
3085,2026-09-30,600507,-0.052168756723403931,False,3078
3086,2026-09-30,601816,-0.056689918041229248,False,3079
3087,2026-09-30,688165,-0.05762520432472229,False,3080
3088,2026-09-30,600726,-0.057871341705322266,False,3081
3089,2026-09-30,000975,-0.058235049247741699,False,3082
3090,2026-09-30,002239,-0.059762358665466309,False,3083
3091,2026-09-30,301199,-0.06006467342376709,False,3084
3092,2026-09-30,000069,-0.061811208724975586,False,3085
3093,2026-09-30,301377,-0.062125086784362793,False,3086
3094,2026-09-30,301186,-0.064044058322906494,False,3087
3095,2026-09-30,300768,-0.065881162881851196,False,3088
3096,2026-09-30,000659,-0.067297816276550293,False,3089
3097,2026-09-30,603163,-0.06904911994934082,False,3090
3098,2026-09-30,688719,-0.069483041763305664,False,3091
3099,2026-09-30,002979,-0.071397155523300171,False,3092
3100,2026-09-30,688081,-0.074045896530151367,False,3093
3101,2026-09-30,300631,-0.076991960406303406,False,3094
3102,2026-09-30,300397,-0.077945470809936523,False,3095
3103,2026-09-30,600956,-0.0794677734375,False,3096
3104,2026-09-30,600918,-0.082585930824279785,False,3097
3105,2026-09-30,000581,-0.083458185195922852,False,3098
3106,2026-09-30,688023,-0.084074079990386963,False,3099
3107,2026-09-30,000767,-0.085517376661300659,False,3100
3108,2026-09-30,300557,-0.087089478969573975,False,3101
3109,2026-09-30,300873,-0.092682123184204102,False,3102
3110,2026-09-30,600054,-0.096704244613647461,False,3103
3111,2026-09-30,688280,-0.099079892039299011,False,3104
3112,2026-09-30,688002,-0.10513031482696533,False,3105
3113,2026-09-30,300294,-0.10576868057250977,False,3106
3114,2026-09-30,601236,-0.10970282554626465,False,3107
3115,2026-09-30,000423,-0.11385607719421387,False,3108
3116,2026-09-30,688162,-0.11777031421661377,False,3109
3117,2026-09-30,301518,-0.11777497828006744,False,3110
3118,2026-09-30,000062,-0.11810672283172607,False,3111
3119,2026-09-30,000776,-0.11824968457221985,False,3112
3120,2026-09-30,300360,-0.12091898918151855,False,3113
3121,2026-09-30,002889,-0.1223137378692627,False,3114
3122,2026-09-30,600522,-0.12262582778930664,False,3115
3123,2026-09-30,002507,-0.1330646276473999,False,3116
3124,2026-09-30,000807,-0.13645040988922119,False,3117
3125,2026-09-30,300380,-0.1378689706325531,False,3118
3126,2026-09-30,688036,-0.13788987696170807,False,3119
3127,2026-09-30,000008,-0.1387675404548645,False,3120
3128,2026-09-30,301528,-0.13953348994255066,False,3121
3129,2026-09-30,300919,-0.14125984907150269,False,3122
3130,2026-09-30,600708,-0.14236664772033691,False,3123
3131,2026-09-30,688189,-0.1440126895904541,False,3124
3132,2026-09-30,688516,-0.14438939094543457,False,3125
3133,2026-09-30,688343,-0.14778608083724976,False,3126
3134,2026-09-30,002415,-0.15025913715362549,False,3127
3135,2026-09-30,301045,-0.1526075005531311,False,3128
3136,2026-09-30,601069,-0.15315108001232147,False,3129
3137,2026-09-30,600178,-0.15357136726379395,False,3130
3138,2026-09-30,600416,-0.15474420785903931,False,3131
3139,2026-09-30,300377,-0.15635418891906738,False,3132
3140,2026-09-30,603212,-0.15650263428688049,False,3133
3141,2026-09-30,300124,-0.15714573860168457,False,3134
3142,2026-09-30,688395,-0.16297817230224609,False,3135
3143,2026-09-30,002985,-0.16310745477676392,False,3136
3144,2026-09-30,605050,-0.16381072998046875,False,3137
3145,2026-09-30,601901,-0.16424733400344849,False,3138
3146,2026-09-30,603738,-0.16690587997436523,False,3139
3147,2026-09-30,000036,-0.16742610931396484,False,3140
3148,2026-09-30,601838,-0.16766095161437988,False,3141
3149,2026-09-30,600282,-0.17004096508026123,False,3142
3150,2026-09-30,688216,-0.17118442058563232,False,3143
3151,2026-09-30,603035,-0.17352616786956787,False,3144
3152,2026-09-30,002412,-0.18037009239196777,False,3145
3153,2026-09-30,688692,-0.18242764472961426,False,3146
3154,2026-09-30,000155,-0.1870231032371521,False,3147
3155,2026-09-30,300101,-0.18731239438056946,False,3148
3156,2026-09-30,603298,-0.1873772144317627,False,3149
3157,2026-09-30,688479,-0.18864986300468445,False,3150
3158,2026-09-30,000801,-0.19418489933013916,False,3151
3159,2026-09-30,600535,-0.19620734453201294,False,3152
3160,2026-09-30,600108,-0.19733613729476929,False,3153
3161,2026-09-30,301221,-0.19748881459236145,False,3154
3162,2026-09-30,301348,-0.19756832718849182,False,3155
3163,2026-09-30,300521,-0.19768261909484863,False,3156
3164,2026-09-30,000898,-0.19928508996963501,False,3157
3165,2026-09-30,000892,-0.20018231868743896,False,3158
3166,2026-09-30,002061,-0.20070326328277588,False,3159
3167,2026-09-30,688281,-0.20204970240592957,False,3160
3168,2026-09-30,600285,-0.20266497135162354,False,3161
3169,2026-09-30,688076,-0.20312705636024475,False,3162
3170,2026-09-30,002564,-0.20398628711700439,False,3163
3171,2026-09-30,600266,-0.20516929030418396,False,3164
3172,2026-09-30,300692,-0.20776259899139404,False,3165
3173,2026-09-30,603194,-0.2131577730178833,False,3166
3174,2026-09-30,003033,-0.21394383907318115,False,3167
3175,2026-09-30,002805,-0.21464574337005615,False,3168
3176,2026-09-30,000565,-0.21480464935302734,False,3169
3177,2026-09-30,301162,-0.21737578511238098,False,3170
3178,2026-09-30,600566,-0.21984148025512695,False,3171
3179,2026-09-30,600259,-0.22032475471496582,False,3172
3180,2026-09-30,003032,-0.22183957695960999,False,3173
3181,2026-09-30,000637,-0.22407162189483643,False,3174
3182,2026-09-30,600076,-0.22498774528503418,False,3175
3183,2026-09-30,688687,-0.22630923986434937,False,3176
3184,2026-09-30,301329,-0.22812598943710327,False,3177
3185,2026-09-30,002845,-0.23062530159950256,False,3178
3186,2026-09-30,601177,-0.23068535327911377,False,3179
3187,2026-09-30,688683,-0.23361814022064209,False,3180
3188,2026-09-30,300551,-0.23578184843063354,False,3181
3189,2026-09-30,603217,-0.23934555053710938,False,3182
3190,2026-09-30,002933,-0.24029284715652466,False,3183
3191,2026-09-30,688259,-0.24044036865234375,False,3184
3192,2026-09-30,603275,-0.24493253231048584,False,3185
3193,2026-09-30,601199,-0.24555742740631104,False,3186
3194,2026-09-30,000521,-0.24619856476783752,False,3187
3195,2026-09-30,601818,-0.24736610054969788,False,3188
3196,2026-09-30,300983,-0.24866318702697754,False,3189
3197,2026-09-30,603909,-0.25086721777915955,False,3190
3198,2026-09-30,300910,-0.25320732593536377,False,3191
3199,2026-09-30,300622,-0.25514459609985352,False,3192
3200,2026-09-30,300564,-0.25693225860595703,False,3193
3201,2026-09-30,002405,-0.25823169946670532,False,3194
3202,2026-09-30,002014,-0.26171958446502686,False,3195
3203,2026-09-30,000882,-0.26280218362808228,False,3196
3204,2026-09-30,688363,-0.26335775852203369,False,3197
3205,2026-09-30,603630,-0.27089309692382812,False,3198
3206,2026-09-30,688119,-0.27389061450958252,False,3199
3207,2026-09-30,002392,-0.27431577444076538,False,3200
3208,2026-09-30,301070,-0.27806630730628967,False,3201
3209,2026-09-30,002225,-0.28699833154678345,False,3202
3210,2026-09-30,688522,-0.29042065143585205,False,3203
3211,2026-09-30,002056,-0.2929079532623291,False,3204
3212,2026-09-30,300629,-0.29358771443367004,False,3205
3213,2026-09-30,300619,-0.29478532075881958,False,3206
3214,2026-09-30,603267,-0.29718458652496338,False,3207
3215,2026-09-30,600123,-0.29801112413406372,False,3208
3216,2026-09-30,000514,-0.29974991083145142,False,3209
3217,2026-09-30,002883,-0.30815386772155762,False,3210
3218,2026-09-30,000048,-0.30819582939147949,False,3211
3219,2026-09-30,301326,-0.31205093860626221,False,3212
3220,2026-09-30,603345,-0.31851315498352051,False,3213
3221,2026-09-30,605086,-0.32491248846054077,False,3214
3222,2026-09-30,688321,-0.3305017352104187,False,3215
3223,2026-09-30,300774,-0.33101928234100342,False,3216
3224,2026-09-30,603650,-0.33189284801483154,False,3217
3225,2026-09-30,688696,-0.33371379971504211,False,3218
3226,2026-09-30,001306,-0.34120789170265198,False,3219
3227,2026-09-30,600517,-0.34444212913513184,False,3220
3228,2026-09-30,603389,-0.34694492816925049,False,3221
3229,2026-09-30,601555,-0.34824192523956299,False,3222
3230,2026-09-30,000875,-0.34975188970565796,False,3223
3231,2026-09-30,600155,-0.35144534707069397,False,3224
3232,2026-09-30,688659,-0.35541796684265137,False,3225
3233,2026-09-30,300965,-0.35735106468200684,False,3226
3234,2026-09-30,688722,-0.35847616195678711,False,3227
3235,2026-09-30,002832,-0.35912030935287476,False,3228
3236,2026-09-30,301046,-0.3614959716796875,False,3229
3237,2026-09-30,601696,-0.36332592368125916,False,3230
3238,2026-09-30,300556,-0.36362791061401367,False,3231
3239,2026-09-30,600653,-0.36387002468109131,False,3232
3240,2026-09-30,301255,-0.36934399604797363,False,3233
3241,2026-09-30,001308,-0.37002038955688477,False,3234
3242,2026-09-30,688030,-0.3739238977432251,False,3235
3243,2026-09-30,301668,-0.37567079067230225,False,3236
3244,2026-09-30,603393,-0.38282996416091919,False,3237
3245,2026-09-30,688820,-0.38522776961326599,False,3238
3246,2026-09-30,605189,-0.38544583320617676,False,3239
3247,2026-09-30,000530,-0.38774019479751587,False,3240
3248,2026-09-30,002252,-0.38800144195556641,False,3241
3249,2026-09-30,002091,-0.39098000526428223,False,3242
3250,2026-09-30,603156,-0.391090989112854,False,3243
3251,2026-09-30,000599,-0.39260852336883545,False,3244
3252,2026-09-30,603995,-0.39268457889556885,False,3245
3253,2026-09-30,688184,-0.39465689659118652,False,3246
3254,2026-09-30,603890,-0.39472979307174683,False,3247
3255,2026-09-30,600640,-0.39521843194961548,False,3248
3256,2026-09-30,002728,-0.39828357100486755,False,3249
3257,2026-09-30,300493,-0.39848491549491882,False,3250
3258,2026-09-30,603381,-0.39994025230407715,False,3251
3259,2026-09-30,002901,-0.40036401152610779,False,3252
3260,2026-09-30,300523,-0.40295642614364624,False,3253
3261,2026-09-30,603107,-0.40310445427894592,False,3254
3262,2026-09-30,002223,-0.40403366088867188,False,3255
3263,2026-09-30,603755,-0.40725621581077576,False,3256
3264,2026-09-30,002451,-0.41062694787979126,False,3257
3265,2026-09-30,603344,-0.41494899988174438,False,3258
3266,2026-09-30,600182,-0.41553103923797607,False,3259
3267,2026-09-30,300485,-0.41826534271240234,False,3260
3268,2026-09-30,605008,-0.41967993974685669,False,3261
3269,2026-09-30,688309,-0.42033064365386963,False,3262
3270,2026-09-30,603520,-0.42572194337844849,False,3263
3271,2026-09-30,601669,-0.42713582515716553,False,3264
3272,2026-09-30,002173,-0.42797911167144775,False,3265
3273,2026-09-30,600588,-0.43027594685554504,False,3266
3274,2026-09-30,688150,-0.4304383397102356,False,3267
3275,2026-09-30,603530,-0.43110167980194092,False,3268
3276,2026-09-30,600993,-0.43426370620727539,False,3269
3277,2026-09-30,601607,-0.44145846366882324,False,3270
3278,2026-09-30,601098,-0.4472661018371582,False,3271
3279,2026-09-30,603717,-0.45171213150024414,False,3272
3280,2026-09-30,601619,-0.45276826620101929,False,3273
3281,2026-09-30,600520,-0.45288962125778198,False,3274
3282,2026-09-30,600231,-0.45543879270553589,False,3275
3283,2026-09-30,300748,-0.45570534467697144,False,3276
3284,2026-09-30,300373,-0.45618200302124023,False,3277
3285,2026-09-30,688400,-0.46122640371322632,False,3278
3286,2026-09-30,600874,-0.46380233764648438,False,3279
3287,2026-09-30,688636,-0.46649664640426636,False,3280
3288,2026-09-30,603666,-0.47084540128707886,False,3281
3289,2026-09-30,002801,-0.4714503288269043,False,3282
3290,2026-09-30,000593,-0.47160995006561279,False,3283
3291,2026-09-30,300732,-0.47235441207885742,False,3284
3292,2026-09-30,600985,-0.47424528002738953,False,3285
3293,2026-09-30,301077,-0.48186802864074707,False,3286
3294,2026-09-30,605377,-0.48245501518249512,False,3287
3295,2026-09-30,000566,-0.48372924327850342,False,3288
3296,2026-09-30,000543,-0.48448824882507324,False,3289
3297,2026-09-30,603290,-0.4860605001449585,False,3290
3298,2026-09-30,300882,-0.48683953285217285,False,3291
3299,2026-09-30,605499,-0.49030202627182007,False,3292
3300,2026-09-30,600633,-0.49248754978179932,False,3293
3301,2026-09-30,000958,-0.49363654851913452,False,3294
3302,2026-09-30,688059,-0.49364805221557617,False,3295
3303,2026-09-30,000736,-0.49634432792663574,False,3296
3304,2026-09-30,000028,-0.49677741527557373,False,3297
3305,2026-09-30,002256,-0.49975171685218811,False,3298
3306,2026-09-30,688050,-0.50290167331695557,False,3299
3307,2026-09-30,688120,-0.50590777397155762,False,3300
3308,2026-09-30,688599,-0.50591802597045898,False,3301
3309,2026-09-30,300426,-0.50823366641998291,False,3302
3310,2026-09-30,300809,-0.50831508636474609,False,3303
3311,2026-09-30,300125,-0.51055526733398438,False,3304
3312,2026-09-30,300261,-0.51057499647140503,False,3305
3313,2026-09-30,300184,-0.51059126853942871,False,3306
3314,2026-09-30,600119,-0.51088476181030273,False,3307
3315,2026-09-30,600925,-0.51172393560409546,False,3308
3316,2026-09-30,300217,-0.51386815309524536,False,3309
3317,2026-09-30,600879,-0.51510214805603027,False,3310
3318,2026-09-30,600157,-0.51579415798187256,False,3311
3319,2026-09-30,002382,-0.51982897520065308,False,3312
3320,2026-09-30,301173,-0.52446913719177246,False,3313
3321,2026-09-30,600941,-0.53561139106750488,False,3314
3322,2026-09-30,300863,-0.54636061191558838,False,3315
3323,2026-09-30,600062,-0.54648208618164062,False,3316
3324,2026-09-30,002368,-0.54724931716918945,False,3317
3325,2026-09-30,688501,-0.54775106906890869,False,3318
3326,2026-09-30,603025,-0.5504070520401001,False,3319
3327,2026-09-30,688515,-0.55119270086288452,False,3320
3328,2026-09-30,300133,-0.55393320322036743,False,3321
3329,2026-09-30,603421,-0.55672544240951538,False,3322
3330,2026-09-30,301618,-0.55687665939331055,False,3323
3331,2026-09-30,300323,-0.55723202228546143,False,3324
3332,2026-09-30,003022,-0.56047415733337402,False,3325
3333,2026-09-30,000027,-0.56270217895507812,False,3326
3334,2026-09-30,600110,-0.5644385814666748,False,3327
3335,2026-09-30,600031,-0.5646432638168335,False,3328
3336,2026-09-30,600176,-0.5661473274230957,False,3329
3337,2026-09-30,600639,-0.56629055738449097,False,3330
3338,2026-09-30,603861,-0.56644988059997559,False,3331
3339,2026-09-30,600528,-0.56707632541656494,False,3332
3340,2026-09-30,300057,-0.56889170408248901,False,3333
3341,2026-09-30,605208,-0.57615107297897339,False,3334
3342,2026-09-30,603508,-0.57912230491638184,False,3335
3343,2026-09-30,300236,-0.57955831289291382,False,3336
3344,2026-09-30,000159,-0.58154088258743286,False,3337
3345,2026-09-30,300678,-0.58358466625213623,False,3338
3346,2026-09-30,002129,-0.58379757404327393,False,3339
3347,2026-09-30,002780,-0.58478331565856934,False,3340
3348,2026-09-30,003021,-0.58687615394592285,False,3341
3349,2026-09-30,300785,-0.59290134906768799,False,3342
3350,2026-09-30,002714,-0.59367573261260986,False,3343
3351,2026-09-30,002053,-0.5970454216003418,False,3344
3352,2026-09-30,600107,-0.59913331270217896,False,3345
3353,2026-09-30,002207,-0.60192334651947021,False,3346
3354,2026-09-30,688018,-0.60354220867156982,False,3347
3355,2026-09-30,002767,-0.6051255464553833,False,3348
3356,2026-09-30,603288,-0.6058419942855835,False,3349
3357,2026-09-30,603985,-0.60811156034469604,False,3350
3358,2026-09-30,300070,-0.60870867967605591,False,3351
3359,2026-09-30,002880,-0.60874485969543457,False,3352
3360,2026-09-30,002533,-0.61185586452484131,False,3353
3361,2026-09-30,002162,-0.61389565467834473,False,3354
3362,2026-09-30,600050,-0.6158134937286377,False,3355
3363,2026-09-30,301345,-0.61934036016464233,False,3356
3364,2026-09-30,000750,-0.61962151527404785,False,3357
3365,2026-09-30,688450,-0.62080472707748413,False,3358
3366,2026-09-30,301613,-0.62180972099304199,False,3359
3367,2026-09-30,603825,-0.62191957235336304,False,3360
3368,2026-09-30,600208,-0.6232222318649292,False,3361
3369,2026-09-30,000999,-0.62390279769897461,False,3362
3370,2026-09-30,688718,-0.62908029556274414,False,3363
3371,2026-09-30,601579,-0.63053083419799805,False,3364
3372,2026-09-30,002984,-0.6312253475189209,False,3365
3373,2026-09-30,688726,-0.6339840292930603,False,3366
3374,2026-09-30,688089,-0.6343877911567688,False,3367
3375,2026-09-30,300834,-0.63540053367614746,False,3368
3376,2026-09-30,688825,-0.63550698757171631,False,3369
3377,2026-09-30,300210,-0.63562804460525513,False,3370
3378,2026-09-30,300467,-0.63644492626190186,False,3371
3379,2026-09-30,600803,-0.63773250579833984,False,3372
3380,2026-09-30,301167,-0.63854444026947021,False,3373
3381,2026-09-30,600009,-0.63905143737792969,False,3374
3382,2026-09-30,002371,-0.63912057876586914,False,3375
3383,2026-09-30,002425,-0.64748263359069824,False,3376
3384,2026-09-30,300979,-0.64860421419143677,False,3377
3385,2026-09-30,002527,-0.64907479286193848,False,3378
3386,2026-09-30,600268,-0.65196418762207031,False,3379
3387,2026-09-30,600830,-0.6541450023651123,False,3380
3388,2026-09-30,600172,-0.65564507246017456,False,3381
3389,2026-09-30,600078,-0.65929889678955078,False,3382
3390,2026-09-30,600905,-0.66304290294647217,False,3383
3391,2026-09-30,603725,-0.66878557205200195,False,3384
3392,2026-09-30,002429,-0.67603296041488647,False,3385
3393,2026-09-30,002840,-0.67768228054046631,False,3386
3394,2026-09-30,688623,-0.68009889125823975,False,3387
3395,2026-09-30,300110,-0.68030595779418945,False,3388
3396,2026-09-30,001387,-0.68212777376174927,False,3389
3397,2026-09-30,300462,-0.68248200416564941,False,3390
3398,2026-09-30,688596,-0.68356096744537354,False,3391
3399,2026-09-30,600338,-0.68368542194366455,False,3392
3400,2026-09-30,002190,-0.68492668867111206,False,3393
3401,2026-09-30,600977,-0.68794345855712891,False,3394
3402,2026-09-30,002304,-0.69158345460891724,False,3395
3403,2026-09-30,002218,-0.69632947444915771,False,3396
3404,2026-09-30,301638,-0.69642603397369385,False,3397
3405,2026-09-30,002066,-0.69696199893951416,False,3398
3406,2026-09-30,600371,-0.69719314575195312,False,3399
3407,2026-09-30,688530,-0.69885265827178955,False,3400
3408,2026-09-30,300655,-0.70041525363922119,False,3401
3409,2026-09-30,603429,-0.70179665088653564,False,3402
3410,2026-09-30,688836,-0.70207870006561279,False,3403
3411,2026-09-30,002498,-0.70490479469299316,False,3404
3412,2026-09-30,002482,-0.70536494255065918,False,3405
3413,2026-09-30,300706,-0.70544195175170898,False,3406
3414,2026-09-30,600730,-0.70626014471054077,False,3407
3415,2026-09-30,603080,-0.71186268329620361,False,3408
3416,2026-09-30,002693,-0.71308565139770508,False,3409
3417,2026-09-30,300651,-0.71439415216445923,False,3410
3418,2026-09-30,688071,-0.71523815393447876,False,3411
3419,2026-09-30,300077,-0.72528254985809326,False,3412
3420,2026-09-30,301105,-0.72576642036437988,False,3413
3421,2026-09-30,002975,-0.72717678546905518,False,3414
3422,2026-09-30,688262,-0.73247843980789185,False,3415
3423,2026-09-30,300044,-0.73520189523696899,False,3416
3424,2026-09-30,002508,-0.7374688982963562,False,3417
3425,2026-09-30,600061,-0.74113988876342773,False,3418
3426,2026-09-30,688278,-0.74250870943069458,False,3419
3427,2026-09-30,301391,-0.7453160285949707,False,3420
3428,2026-09-30,603877,-0.74601113796234131,False,3421
3429,2026-09-30,000426,-0.74628543853759766,False,3422
3430,2026-09-30,688505,-0.7477104663848877,False,3423
3431,2026-09-30,688063,-0.75192737579345703,False,3424
3432,2026-09-30,300529,-0.75380712747573853,False,3425
3433,2026-09-30,688775,-0.7542189359664917,False,3426
3434,2026-09-30,688111,-0.75471216440200806,False,3427
3435,2026-09-30,688088,-0.75823885202407837,False,3428
3436,2026-09-30,300733,-0.75846278667449951,False,3429
3437,2026-09-30,003000,-0.76018011569976807,False,3430
3438,2026-09-30,000056,-0.76053911447525024,False,3431
3439,2026-09-30,002202,-0.76224488019943237,False,3432
3440,2026-09-30,600962,-0.76435565948486328,False,3433
3441,2026-09-30,600056,-0.76624155044555664,False,3434
3442,2026-09-30,002403,-0.76708126068115234,False,3435
3443,2026-09-30,688520,-0.76806390285491943,False,3436
3444,2026-09-30,601686,-0.76836013793945312,False,3437
3445,2026-09-30,600649,-0.77237319946289062,False,3438
3446,2026-09-30,002923,-0.77415817975997925,False,3439
3447,2026-09-30,300337,-0.77895873785018921,False,3440
3448,2026-09-30,601688,-0.78101074695587158,False,3441
3449,2026-09-30,301398,-0.78172558546066284,False,3442
3450,2026-09-30,002602,-0.78357559442520142,False,3443
3451,2026-09-30,000516,-0.7838255763053894,False,3444
3452,2026-09-30,002469,-0.78399330377578735,False,3445
3453,2026-09-30,600168,-0.78799748420715332,False,3446
3454,2026-09-30,688439,-0.790763258934021,False,3447
3455,2026-09-30,600372,-0.79081177711486816,False,3448
3456,2026-09-30,002642,-0.79444986581802368,False,3449
3457,2026-09-30,300418,-0.79735016822814941,False,3450
3458,2026-09-30,603187,-0.79982554912567139,False,3451
3459,2026-09-30,603610,-0.80436253547668457,False,3452
3460,2026-09-30,300669,-0.80851054191589355,False,3453
3461,2026-09-30,603303,-0.8085864782333374,False,3454
3462,2026-09-30,300769,-0.80955958366394043,False,3455
3463,2026-09-30,601727,-0.81144070625305176,False,3456
3464,2026-09-30,300819,-0.81207585334777832,False,3457
3465,2026-09-30,002106,-0.81277167797088623,False,3458
3466,2026-09-30,002178,-0.81416821479797363,False,3459
3467,2026-09-30,603379,-0.81592148542404175,False,3460
3468,2026-09-30,002625,-0.81945538520812988,False,3461
3469,2026-09-30,002706,-0.82087254524230957,False,3462
3470,2026-09-30,300694,-0.8221200704574585,False,3463
3471,2026-09-30,002791,-0.8294975757598877,False,3464
3472,2026-09-30,688279,-0.83251452445983887,False,3465
3473,2026-09-30,002176,-0.83430051803588867,False,3466
3474,2026-09-30,000420,-0.83545863628387451,False,3467
3475,2026-09-30,300586,-0.83775949478149414,False,3468
3476,2026-09-30,300938,-0.83896917104721069,False,3469
3477,2026-09-30,000157,-0.83961349725723267,False,3470
3478,2026-09-30,600159,-0.83985996246337891,False,3471
3479,2026-09-30,301021,-0.8417656421661377,False,3472
3480,2026-09-30,300169,-0.84842932224273682,False,3473
3481,2026-09-30,300034,-0.84900748729705811,False,3474
3482,2026-09-30,300760,-0.85100287199020386,False,3475
3483,2026-09-30,002307,-0.85432034730911255,False,3476
3484,2026-09-30,600582,-0.85479563474655151,False,3477
3485,2026-09-30,600063,-0.85480672121047974,False,3478
3486,2026-09-30,001332,-0.85529011487960815,False,3479
3487,2026-09-30,000901,-0.85639065504074097,False,3480
3488,2026-09-30,000913,-0.85712665319442749,False,3481
3489,2026-09-30,600930,-0.85871315002441406,False,3482
3490,2026-09-30,601229,-0.86200445890426636,False,3483
3491,2026-09-30,600456,-0.86324584484100342,False,3484
3492,2026-09-30,301372,-0.86962050199508667,False,3485
3493,2026-09-30,300215,-0.87265980243682861,False,3486
3494,2026-09-30,601100,-0.87283825874328613,False,3487
3495,2026-09-30,300201,-0.8742409348487854,False,3488
3496,2026-09-30,688478,-0.87527847290039062,False,3489
3497,2026-09-30,688589,-0.87649750709533691,False,3490
3498,2026-09-30,600982,-0.87833571434020996,False,3491
3499,2026-09-30,002048,-0.8852311372756958,False,3492
3500,2026-09-30,301608,-0.88665658235549927,False,3493
3501,2026-09-30,601860,-0.90050685405731201,False,3494
3502,2026-09-30,600016,-0.90093934535980225,False,3495
3503,2026-09-30,002790,-0.9014015793800354,False,3496
3504,2026-09-30,300321,-0.9017823338508606,False,3497
3505,2026-09-30,002268,-0.90317672491073608,False,3498
3506,2026-09-30,603716,-0.90955781936645508,False,3499
3507,2026-09-30,301536,-0.91065573692321777,False,3500
3508,2026-09-30,300343,-0.91629409790039062,False,3501
3509,2026-09-30,000601,-0.91743546724319458,False,3502
3510,2026-09-30,002541,-0.91768515110015869,False,3503
3511,2026-09-30,603170,-0.91951197385787964,False,3504
3512,2026-09-30,600939,-0.9199059009552002,False,3505
3513,2026-09-30,002996,-0.92171561717987061,False,3506
3514,2026-09-30,600509,-0.92472082376480103,False,3507
3515,2026-09-30,601628,-0.926105797290802,False,3508
3516,2026-09-30,603801,-0.92774063348770142,False,3509
3517,2026-09-30,688039,-0.92813348770141602,False,3510
3518,2026-09-30,600460,-0.9289240837097168,False,3511
3519,2026-09-30,002161,-0.93000185489654541,False,3512
3520,2026-09-30,301187,-0.93245881795883179,False,3513
3521,2026-09-30,688022,-0.93654721975326538,False,3514
3522,2026-09-30,603993,-0.93897831439971924,False,3515
3523,2026-09-30,000509,-0.94058781862258911,False,3516
3524,2026-09-30,600166,-0.94113343954086304,False,3517
3525,2026-09-30,600423,-0.94235515594482422,False,3518
3526,2026-09-30,000951,-0.94348657131195068,False,3519
3527,2026-09-30,001298,-0.94361984729766846,False,3520
3528,2026-09-30,603051,-0.94759625196456909,False,3521
3529,2026-09-30,603138,-0.94949579238891602,False,3522
3530,2026-09-30,300959,-0.95204979181289673,False,3523
3531,2026-09-30,603077,-0.95208251476287842,False,3524
3532,2026-09-30,002546,-0.95438629388809204,False,3525
3533,2026-09-30,300587,-0.95541948080062866,False,3526
3534,2026-09-30,600777,-0.958343505859375,False,3527
3535,2026-09-30,603501,-0.96169370412826538,False,3528
3536,2026-09-30,002233,-0.96271145343780518,False,3529
3537,2026-09-30,001289,-0.96335756778717041,False,3530
3538,2026-09-30,300644,-0.9646727442741394,False,3531
3539,2026-09-30,000920,-0.96899682283401489,False,3532
3540,2026-09-30,300961,-0.96919560432434082,False,3533
3541,2026-09-30,002179,-0.96980780363082886,False,3534
3542,2026-09-30,300226,-0.9700164794921875,False,3535
3543,2026-09-30,002414,-0.97061818838119507,False,3536
3544,2026-09-30,600742,-0.97305482625961304,False,3537
3545,2026-09-30,300151,-0.97408610582351685,False,3538
3546,2026-09-30,000657,-0.97436338663101196,False,3539
3547,2026-09-30,300857,-0.97683918476104736,False,3540
3548,2026-09-30,002702,-0.97791707515716553,False,3541
3549,2026-09-30,600919,-0.97886389493942261,False,3542
3550,2026-09-30,000679,-0.98567140102386475,False,3543
3551,2026-09-30,600661,-0.98734009265899658,False,3544
3552,2026-09-30,300480,-0.98874688148498535,False,3545
3553,2026-09-30,603181,-0.99240177869796753,False,3546
3554,2026-09-30,002592,-0.99258279800415039,False,3547
3555,2026-09-30,603315,-0.99270343780517578,False,3548
3556,2026-09-30,301602,-0.9930720329284668,False,3549
3557,2026-09-30,002891,-0.99567639827728271,False,3550
3558,2026-09-30,002373,-0.99829947948455811,False,3551
3559,2026-09-30,300223,-0.99854063987731934,False,3552
3560,2026-09-30,688733,-1.0000846385955811,False,3553
3561,2026-09-30,001232,-1.0012663602828979,False,3554
3562,2026-09-30,002293,-1.0060888528823853,False,3555
3563,2026-09-30,300654,-1.0063610076904297,False,3556
3564,2026-09-30,000819,-1.0107147693634033,False,3557
3565,2026-09-30,600807,-1.0107296705245972,False,3558
3566,2026-09-30,000777,-1.0112782716751099,False,3559
3567,2026-09-30,301308,-1.0147025585174561,False,3560
3568,2026-09-30,002005,-1.0169610977172852,False,3561
3569,2026-09-30,600761,-1.0180583000183105,False,3562
3570,2026-09-30,300428,-1.021151065826416,False,3563
3571,2026-09-30,600180,-1.0219769477844238,False,3564
3572,2026-09-30,001280,-1.0238226652145386,False,3565
3573,2026-09-30,002314,-1.0255270004272461,False,3566
3574,2026-09-30,600734,-1.0266382694244385,False,3567
3575,2026-09-30,603097,-1.0313721895217896,False,3568
3576,2026-09-30,001267,-1.0348942279815674,False,3569
3577,2026-09-30,300173,-1.0451040267944336,False,3570
3578,2026-09-30,000099,-1.0472993850708008,False,3571
3579,2026-09-30,601228,-1.0477569103240967,False,3572
3580,2026-09-30,300203,-1.0494468212127686,False,3573
3581,2026-09-30,600198,-1.05058753490448,False,3574
3582,2026-09-30,600958,-1.0514805316925049,False,3575
3583,2026-09-30,301195,-1.0527292490005493,False,3576
3584,2026-09-30,688385,-1.0559501647949219,False,3577
3585,2026-09-30,002455,-1.0561001300811768,False,3578
3586,2026-09-30,300847,-1.0619182586669922,False,3579
3587,2026-09-30,002633,-1.0632436275482178,False,3580
3588,2026-09-30,001287,-1.0671216249465942,False,3581
3589,2026-09-30,301281,-1.0687050819396973,False,3582
3590,2026-09-30,688097,-1.0709630250930786,False,3583
3591,2026-09-30,301565,-1.0738651752471924,False,3584
3592,2026-09-30,601319,-1.0746331214904785,False,3585
3593,2026-09-30,300528,-1.0771902799606323,False,3586
3594,2026-09-30,603119,-1.078016996383667,False,3587
3595,2026-09-30,002936,-1.0795056819915771,False,3588
3596,2026-09-30,300680,-1.0821239948272705,False,3589
3597,2026-09-30,688272,-1.0842435359954834,False,3590
3598,2026-09-30,000966,-1.0851614475250244,False,3591
3599,2026-09-30,600885,-1.0915343761444092,False,3592
3600,2026-09-30,000661,-1.0968823432922363,False,3593
3601,2026-09-30,688380,-1.1004942655563354,False,3594
3602,2026-09-30,600109,-1.1009546518325806,False,3595
3603,2026-09-30,002130,-1.1029461622238159,False,3596
3604,2026-09-30,605020,-1.1031290292739868,False,3597
3605,2026-09-30,688543,-1.1033074855804443,False,3598
3606,2026-09-30,300187,-1.1043548583984375,False,3599
3607,2026-09-30,688182,-1.1071603298187256,False,3600
3608,2026-09-30,605117,-1.1099207401275635,False,3601
3609,2026-09-30,600060,-1.114093542098999,False,3602
3610,2026-09-30,688801,-1.1191370487213135,False,3603
3611,2026-09-30,002958,-1.1193675994873047,False,3604
3612,2026-09-30,300255,-1.1197640895843506,False,3605
3613,2026-09-30,603050,-1.1211031675338745,False,3606
3614,2026-09-30,300505,-1.1262600421905518,False,3607
3615,2026-09-30,002419,-1.1282694339752197,True,
3616,2026-09-30,300432,-1.1289423704147339,False,3608
3617,2026-09-30,002434,-1.1290096044540405,False,3609
3618,2026-09-30,300802,-1.1301066875457764,False,3610
3619,2026-09-30,601336,-1.1317857503890991,False,3611
3620,2026-09-30,688100,-1.1411670446395874,False,3612
3621,2026-09-30,300205,-1.1416796445846558,False,3613
3622,2026-09-30,603392,-1.1475586891174316,False,3614
3623,2026-09-30,603871,-1.1483869552612305,False,3615
3624,2026-09-30,688178,-1.1510632038116455,False,3616
3625,2026-09-30,002830,-1.1512067317962646,False,3617
3626,2026-09-30,605287,-1.1524183750152588,True,
3627,2026-09-30,603707,-1.1531018018722534,False,3618
3628,2026-09-30,001356,-1.1540954113006592,False,3619
3629,2026-09-30,300083,-1.1548820734024048,False,3620
3630,2026-09-30,301033,-1.1614742279052734,False,3621
3631,2026-09-30,600323,-1.1646463871002197,False,3622
3632,2026-09-30,002932,-1.1658167839050293,False,3623
3633,2026-09-30,603368,-1.1681649684906006,False,3624
3634,2026-09-30,603579,-1.1688485145568848,False,3625
3635,2026-09-30,301020,-1.1693931818008423,False,3626
3636,2026-09-30,002647,-1.1748394966125488,False,3627
3637,2026-09-30,002208,-1.1760128736495972,False,3628
3638,2026-09-30,000783,-1.1760828495025635,False,3629
3639,2026-09-30,002273,-1.176327109336853,False,3630
3640,2026-09-30,301327,-1.1767761707305908,False,3631
3641,2026-09-30,603327,-1.1769483089447021,False,3632
3642,2026-09-30,600789,-1.1778932809829712,False,3633
3643,2026-09-30,300259,-1.1841332912445068,False,3634
3644,2026-09-30,601138,-1.1887515783309937,False,3635
3645,2026-09-30,300751,-1.1893093585968018,False,3636
3646,2026-09-30,600235,-1.189504861831665,False,3637
3647,2026-09-30,000987,-1.1914000511169434,False,3638
3648,2026-09-30,603815,-1.1919528245925903,False,3639
3649,2026-09-30,301510,-1.1972304582595825,False,3640
3650,2026-09-30,603232,-1.2008497714996338,False,3641
3651,2026-09-30,600651,-1.2043286561965942,False,3642
3652,2026-09-30,603803,-1.2091975212097168,False,3643
3653,2026-09-30,600976,-1.213042140007019,False,3644
3654,2026-09-30,300229,-1.2151461839675903,False,3645
3655,2026-09-30,002786,-1.219721794128418,False,3646
3656,2026-09-30,688009,-1.2247445583343506,False,3647
3657,2026-09-30,601166,-1.2254279851913452,False,3648
3658,2026-09-30,688080,-1.2293713092803955,False,3649
3659,2026-09-30,300613,-1.2318640947341919,False,3650
3660,2026-09-30,000953,-1.2319619655609131,False,3651
3661,2026-09-30,603688,-1.2396929264068604,False,3652
3662,2026-09-30,688057,-1.2413551807403564,False,3653
3663,2026-09-30,688739,-1.241635799407959,False,3654
3664,2026-09-30,600292,-1.2442020177841187,False,3655
3665,2026-09-30,300302,-1.2479206323623657,False,3656
3666,2026-09-30,300305,-1.2505311965942383,False,3657
3667,2026-09-30,601066,-1.2507838010787964,False,3658
3668,2026-09-30,002586,-1.2508060932159424,False,3659
3669,2026-09-30,301259,-1.2520459890365601,False,3660
3670,2026-09-30,600376,-1.2522565126419067,False,3661
3671,2026-09-30,002559,-1.2575677633285522,False,3662
3672,2026-09-30,300773,-1.2583801746368408,False,3663
3673,2026-09-30,603205,-1.2617933750152588,False,3664
3674,2026-09-30,002311,-1.2638111114501953,False,3665
3675,2026-09-30,601398,-1.2661609649658203,False,3666
3676,2026-09-30,002193,-1.2725021839141846,False,3667
3677,2026-09-30,000031,-1.2761967182159424,False,3668
3678,2026-09-30,605090,-1.2807538509368896,False,3669
3679,2026-09-30,688230,-1.2855023145675659,False,3670
3680,2026-09-30,300490,-1.2858476638793945,False,3671
3681,2026-09-30,600867,-1.2866590023040771,False,3672
3682,2026-09-30,603014,-1.290357232093811,False,3673
3683,2026-09-30,300002,-1.2906566858291626,False,3674
3684,2026-09-30,601999,-1.2906712293624878,False,3675
3685,2026-09-30,301283,-1.2948215007781982,False,3676
3686,2026-09-30,600500,-1.2953532934188843,False,3677
3687,2026-09-30,300484,-1.2982232570648193,False,3678
3688,2026-09-30,002175,-1.2997174263000488,False,3679
3689,2026-09-30,301365,-1.3063433170318604,False,3680
3690,2026-09-30,300053,-1.3091574907302856,False,3681
3691,2026-09-30,600758,-1.3095933198928833,False,3682
3692,2026-09-30,300011,-1.3124361038208008,False,3683
3693,2026-09-30,600161,-1.3206162452697754,False,3684
3694,2026-09-30,002916,-1.3218419551849365,False,3685
3695,2026-09-30,600211,-1.322108268737793,False,3686
3696,2026-09-30,600519,-1.3225502967834473,False,3687
3697,2026-09-30,000623,-1.3230487108230591,False,3688
3698,2026-09-30,002955,-1.3236334323883057,False,3689
3699,2026-09-30,000778,-1.3261306285858154,False,3690
3700,2026-09-30,600030,-1.3272494077682495,False,3691
3701,2026-09-30,603012,-1.3274641036987305,False,3692
3702,2026-09-30,603350,-1.3292958736419678,False,3693
3703,2026-09-30,002635,-1.3294569253921509,False,3694
3704,2026-09-30,300916,-1.330141544342041,False,3695
3705,2026-09-30,300982,-1.3314266204833984,False,3696
3706,2026-09-30,603271,-1.3330785036087036,False,3697
3707,2026-09-30,600352,-1.3337001800537109,False,3698
3708,2026-09-30,603069,-1.3371177911758423,False,3699
3709,2026-09-30,000885,-1.3377690315246582,False,3700
3710,2026-09-30,002042,-1.3378818035125732,False,3701
3711,2026-09-30,603352,-1.3402953147888184,False,3702
3712,2026-09-30,600148,-1.3429340124130249,False,3703
3713,2026-09-30,301263,-1.3449211120605469,False,3704
3714,2026-09-30,300200,-1.3456393480300903,False,3705
3715,2026-09-30,688563,-1.3471343517303467,False,3706
3716,2026-09-30,600749,-1.3482487201690674,False,3707
3717,2026-09-30,688345,-1.3523919582366943,False,3708
3718,2026-09-30,600609,-1.3549042940139771,False,3709
3719,2026-09-30,001872,-1.3574562072753906,False,3710
3720,2026-09-30,603013,-1.3655670881271362,False,3711
3721,2026-09-30,603108,-1.3682147264480591,False,3712
3722,2026-09-30,300482,-1.3686940670013428,False,3713
3723,2026-09-30,600115,-1.3695821762084961,False,3714
3724,2026-09-30,001336,-1.3696503639221191,False,3715
3725,2026-09-30,600587,-1.3705987930297852,False,3716
3726,2026-09-30,001312,-1.3709126710891724,False,3717
3727,2026-09-30,001282,-1.3719671964645386,False,3718
3728,2026-09-30,000688,-1.3736679553985596,False,3719
3729,2026-09-30,688549,-1.3742660284042358,False,3720
3730,2026-09-30,688721,-1.3814210891723633,False,3721
3731,2026-09-30,000948,-1.3859380483627319,False,3722
3732,2026-09-30,688469,-1.390528678894043,False,3723
3733,2026-09-30,688657,-1.400708794593811,False,3724
3734,2026-09-30,600798,-1.4096720218658447,False,3725
3735,2026-09-30,600392,-1.4114868640899658,False,3726
3736,2026-09-30,603908,-1.4151256084442139,False,3727
3737,2026-09-30,000960,-1.4209754467010498,False,3728
3738,2026-09-30,600908,-1.4222455024719238,False,3729
3739,2026-09-30,603589,-1.4231276512145996,False,3730
3740,2026-09-30,002978,-1.4271074533462524,False,3731
3741,2026-09-30,000541,-1.4289610385894775,False,3732
3742,2026-09-30,600458,-1.4316555261611938,False,3733
3743,2026-09-30,688303,-1.4348636865615845,False,3734
3744,2026-09-30,600036,-1.4396568536758423,False,3735
3745,2026-09-30,300923,-1.4406996965408325,False,3736
3746,2026-09-30,301211,-1.4436603784561157,False,3737
3747,2026-09-30,688682,-1.4467705488204956,False,3738
3748,2026-09-30,301229,-1.4480808973312378,False,3739
3749,2026-09-30,002769,-1.4481254816055298,False,3740
3750,2026-09-30,603990,-1.4481313228607178,False,3741
3751,2026-09-30,603611,-1.4502086639404297,False,3742
3752,2026-09-30,601958,-1.4505932331085205,False,3743
3753,2026-09-30,600674,-1.4515480995178223,False,3744
3754,2026-09-30,002142,-1.4554529190063477,False,3745
3755,2026-09-30,000600,-1.4573781490325928,False,3746
3756,2026-09-30,002035,-1.4578510522842407,False,3747
3757,2026-09-30,600478,-1.45831298828125,False,3748
3758,2026-09-30,002879,-1.4588469266891479,False,3749
3759,2026-09-30,300896,-1.4629898071289062,False,3750
3760,2026-09-30,603766,-1.4640750885009766,False,3751
3761,2026-09-30,301369,-1.468173623085022,False,3752
3762,2026-09-30,600201,-1.4690762758255005,False,3753
3763,2026-09-30,000786,-1.4696952104568481,False,3754
3764,2026-09-30,002733,-1.4716837406158447,False,3755
3765,2026-09-30,603215,-1.4740551710128784,False,3756
3766,2026-09-30,300472,-1.4747711420059204,False,3757
3767,2026-09-30,600821,-1.4769999980926514,False,3758
3768,2026-09-30,002135,-1.4816515445709229,False,3759
3769,2026-09-30,300234,-1.4820783138275146,False,3760
3770,2026-09-30,002027,-1.4831843376159668,False,3761
3771,2026-09-30,688750,-1.4855554103851318,False,3762
3772,2026-09-30,600397,-1.4875435829162598,False,3763
3773,2026-09-30,601618,-1.4899361133575439,False,3764
3774,2026-09-30,600226,-1.4982030391693115,False,3765
3775,2026-09-30,603277,-1.4983268976211548,False,3766
3776,2026-09-30,300791,-1.498997688293457,False,3767
3777,2026-09-30,300091,-1.5013456344604492,False,3768
3778,2026-09-30,601399,-1.5104255676269531,False,3769
3779,2026-09-30,688708,-1.5104579925537109,False,3770
3780,2026-09-30,600516,-1.5118799209594727,False,3771
3781,2026-09-30,301498,-1.5123636722564697,False,3772
3782,2026-09-30,600000,-1.5128251314163208,False,3773
3783,2026-09-30,600096,-1.515683650970459,False,3774
3784,2026-09-30,001382,-1.5160554647445679,False,3775
3785,2026-09-30,688138,-1.5184197425842285,False,3776
3786,2026-09-30,600997,-1.5211572647094727,False,3777
3787,2026-09-30,600359,-1.521777868270874,False,3778
3788,2026-09-30,300487,-1.5223023891448975,False,3779
3789,2026-09-30,601789,-1.5273606777191162,False,3780
3790,2026-09-30,605358,-1.5365526676177979,False,3781
3791,2026-09-30,600737,-1.5382468700408936,False,3782
3792,2026-09-30,002771,-1.5382677316665649,False,3783
3793,2026-09-30,300304,-1.5393472909927368,False,3784
3794,2026-09-30,600326,-1.5393812656402588,False,3785
3795,2026-09-30,603898,-1.542384147644043,False,3786
3796,2026-09-30,301362,-1.5467605590820312,False,3787
3797,2026-09-30,688391,-1.5469375848770142,False,3788
3798,2026-09-30,002818,-1.5474498271942139,False,3789
3799,2026-09-30,603099,-1.5506422519683838,False,3790
3800,2026-09-30,000607,-1.5609211921691895,False,3791
3801,2026-09-30,300001,-1.5619215965270996,False,3792
3802,2026-09-30,603301,-1.5634102821350098,False,3793
3803,2026-09-30,000554,-1.5663447380065918,False,3794
3804,2026-09-30,601868,-1.5665873289108276,False,3795
3805,2026-09-30,601117,-1.5668883323669434,False,3796
3806,2026-09-30,300841,-1.5685451030731201,False,3797
3807,2026-09-30,600864,-1.5781549215316772,False,3798
3808,2026-09-30,300296,-1.5789079666137695,False,3799
3809,2026-09-30,603726,-1.5790802240371704,False,3800
3810,2026-09-30,688382,-1.5794441699981689,False,3801
3811,2026-09-30,603296,-1.5860985517501831,False,3802
3812,2026-09-30,300155,-1.5874567031860352,False,3803
3813,2026-09-30,002312,-1.5886166095733643,False,3804
3814,2026-09-30,600511,-1.5897397994995117,False,3805
3815,2026-09-30,688325,-1.5899654626846313,False,3806
3816,2026-09-30,301237,-1.5919818878173828,False,3807
3817,2026-09-30,300907,-1.5938074588775635,False,3808
3818,2026-09-30,600170,-1.5946096181869507,False,3809
3819,2026-09-30,603533,-1.5955920219421387,False,3810
3820,2026-09-30,603612,-1.5993549823760986,False,3811
3821,2026-09-30,688052,-1.600231409072876,False,3812
3822,2026-09-30,300931,-1.6051690578460693,False,3813
3823,2026-09-30,688011,-1.607068657875061,False,3814
3824,2026-09-30,002044,-1.6109573841094971,False,3815
3825,2026-09-30,600703,-1.6132755279541016,False,3816
3826,2026-09-30,688192,-1.6151078939437866,False,3817
3827,2026-09-30,300291,-1.6167552471160889,False,3818
3828,2026-09-30,301687,-1.6225515604019165,False,3819
3829,2026-09-30,300747,-1.6239001750946045,False,3820
3830,2026-09-30,601866,-1.6242115497589111,False,3821
3831,2026-09-30,600483,-1.630615234375,False,3822
3832,2026-09-30,600667,-1.6313364505767822,False,3823
3833,2026-09-30,688253,-1.6377396583557129,False,3824
3834,2026-09-30,688378,-1.6417258977890015,False,3825
3835,2026-09-30,301091,-1.6424968242645264,False,3826
3836,2026-09-30,600820,-1.643208384513855,False,3827
3837,2026-09-30,002921,-1.6451541185379028,False,3828
3838,2026-09-30,601878,-1.6515333652496338,False,3829
3839,2026-09-30,603813,-1.6521248817443848,False,3830
3840,2026-09-30,601390,-1.6533777713775635,False,3831
3841,2026-09-30,001296,-1.6562001705169678,False,3832
3842,2026-09-30,603377,-1.6567652225494385,False,3833
3843,2026-09-30,688252,-1.6581019163131714,False,3834
3844,2026-09-30,300039,-1.6628060340881348,False,3835
3845,2026-09-30,600725,-1.664250373840332,False,3836
3846,2026-09-30,605128,-1.6663377285003662,False,3837
3847,2026-09-30,301557,-1.6672990322113037,False,3838
3848,2026-09-30,002240,-1.6705656051635742,False,3839
3849,2026-09-30,300033,-1.6733245849609375,False,3840
3850,2026-09-30,002615,-1.6776168346405029,False,3841
3851,2026-09-30,300787,-1.6779170036315918,False,3842
3852,2026-09-30,600389,-1.6787303686141968,False,3843
3853,2026-09-30,000727,-1.6820833683013916,False,3844
3854,2026-09-30,600362,-1.6828678846359253,False,3845
3855,2026-09-30,603130,-1.6836209297180176,False,3846
3856,2026-09-30,300555,-1.6891660690307617,False,3847
3857,2026-09-30,601609,-1.6906267404556274,False,3848
3858,2026-09-30,600358,-1.6948599815368652,False,3849
3859,2026-09-30,688323,-1.6955842971801758,False,3850
3860,2026-09-30,603192,-1.6973090171813965,False,3851
3861,2026-09-30,600316,-1.6976190805435181,False,3852
3862,2026-09-30,002235,-1.6976827383041382,False,3853
3863,2026-09-30,002550,-1.7002377510070801,False,3854
3864,2026-09-30,603713,-1.7009252309799194,False,3855
3865,2026-09-30,301584,-1.7020223140716553,False,3856
3866,2026-09-30,600468,-1.7023618221282959,False,3857
3867,2026-09-30,688443,-1.7070580720901489,False,3858
3868,2026-09-30,603809,-1.7073531150817871,False,3859
3869,2026-09-30,600545,-1.7090476751327515,False,3860
3870,2026-09-30,300423,-1.710962176322937,False,3861
3871,2026-09-30,688289,-1.7117676734924316,False,3862
3872,2026-09-30,603915,-1.7192646265029907,False,3863
3873,2026-09-30,600771,-1.7193953990936279,False,3864
3874,2026-09-30,002594,-1.7261298894882202,False,3865
3875,2026-09-30,603196,-1.7274754047393799,False,3866
3876,2026-09-30,688602,-1.7340177297592163,False,3867
3877,2026-09-30,605001,-1.7358682155609131,False,3868
3878,2026-09-30,600248,-1.7368981838226318,False,3869
3879,2026-09-30,688053,-1.7396019697189331,False,3870
3880,2026-09-30,000695,-1.7433698177337646,False,3871
3881,2026-09-30,603213,-1.7461180686950684,False,3872
3882,2026-09-30,002438,-1.7494726181030273,False,3873
3883,2026-09-30,002601,-1.756780743598938,False,3874
3884,2026-09-30,600243,-1.7570821046829224,False,3875
3885,2026-09-30,688651,-1.7578530311584473,False,3876
3886,2026-09-30,301379,-1.7592438459396362,False,3877
3887,2026-09-30,603806,-1.7640285491943359,False,3878
3888,2026-09-30,000728,-1.764177680015564,False,3879
3889,2026-09-30,300886,-1.7641973495483398,False,3880
3890,2026-09-30,600763,-1.7644023895263672,False,3881
3891,2026-09-30,600595,-1.7652655839920044,False,3882
3892,2026-09-30,002480,-1.7709317207336426,False,3883
3893,2026-09-30,603590,-1.773722767829895,True,
3894,2026-09-30,600008,-1.7740817070007324,False,3884
3895,2026-09-30,601995,-1.7761569023132324,False,3885
3896,2026-09-30,001314,-1.7773969173431396,False,3886
3897,2026-09-30,688319,-1.7781703472137451,False,3887
3898,2026-09-30,601886,-1.7817027568817139,False,3888
3899,2026-09-30,002811,-1.782374382019043,False,3889
3900,2026-09-30,300926,-1.7837352752685547,False,3890
3901,2026-09-30,002264,-1.7917499542236328,False,3891
3902,2026-09-30,603120,-1.7919875383377075,False,3892
3903,2026-09-30,301096,-1.7940773963928223,False,3893
3904,2026-09-30,688388,-1.7984088659286499,False,3894
3905,2026-09-30,002281,-1.8007615804672241,False,3895
3906,2026-09-30,600888,-1.8049333095550537,False,3896
3907,2026-09-30,603602,-1.8051834106445312,False,3897
3908,2026-09-30,002465,-1.8064217567443848,False,3898
3909,2026-09-30,688758,-1.808428168296814,False,3899
3910,2026-09-30,000721,-1.8087567090988159,False,3900
3911,2026-09-30,000792,-1.8095805644989014,False,3901
3912,2026-09-30,603893,-1.8168034553527832,False,3902
3913,2026-09-30,300592,-1.8199057579040527,False,3903
3914,2026-09-30,000014,-1.8236494064331055,False,3904
3915,2026-09-30,300181,-1.8271114826202393,False,3905
3916,2026-09-30,300985,-1.8335174322128296,False,3906
3917,2026-09-30,601127,-1.8359705209732056,False,3907
3918,2026-09-30,688148,-1.8374075889587402,False,3908
3919,2026-09-30,000552,-1.8379762172698975,False,3909
3920,2026-09-30,603300,-1.842423677444458,False,3910
3921,2026-09-30,002148,-1.8436037302017212,False,3911
3922,2026-09-30,600720,-1.8436126708984375,False,3912
3923,2026-09-30,688275,-1.8442356586456299,False,3913
3924,2026-09-30,688247,-1.8452551364898682,False,3914
3925,2026-09-30,601377,-1.8455559015274048,False,3915
3926,2026-09-30,002709,-1.8465758562088013,False,3916
3927,2026-09-30,688077,-1.851475715637207,False,3917
3928,2026-09-30,000519,-1.8522055149078369,False,3918
3929,2026-09-30,301168,-1.8527776002883911,False,3919
3930,2026-09-30,002755,-1.8591022491455078,True,
3931,2026-09-30,002456,-1.8606466054916382,False,3920
3932,2026-09-30,300590,-1.8609883785247803,False,3921
3933,2026-09-30,600600,-1.8622580766677856,False,3922
3934,2026-09-30,600067,-1.8670865297317505,False,3923
3935,2026-09-30,000582,-1.8721795082092285,False,3924
3936,2026-09-30,002210,-1.8795783519744873,False,3925
3937,2026-09-30,001896,-1.8822445869445801,False,3926
3938,2026-09-30,600909,-1.8835501670837402,False,3927
3939,2026-09-30,601991,-1.885118842124939,False,3928
3940,2026-09-30,688170,-1.8868269920349121,False,3929
3941,2026-09-30,688146,-1.8916170597076416,False,3930
3942,2026-09-30,000977,-1.8968336582183838,False,3931
3943,2026-09-30,300317,-1.8975045680999756,False,3932
3944,2026-09-30,603033,-1.901188850402832,False,3933
3945,2026-09-30,688553,-1.9016225337982178,False,3934
3946,2026-09-30,300929,-1.9033588171005249,False,3935
3947,2026-09-30,600642,-1.9083366394042969,False,3936
3948,2026-09-30,300584,-1.9087280035018921,False,3937
3949,2026-09-30,600501,-1.9224820137023926,False,3938
3950,2026-09-30,300903,-1.9227685928344727,False,3939
3951,2026-09-30,603066,-1.9277956485748291,False,3940
3952,2026-09-30,301563,-1.9280672073364258,False,3941
3953,2026-09-30,688779,-1.9320610761642456,False,3942
3954,2026-09-30,600320,-1.9328622817993164,False,3943
3955,2026-09-30,603167,-1.9335215091705322,False,3944
3956,2026-09-30,301189,-1.9412641525268555,False,3945
3957,2026-09-30,603226,-1.9414911270141602,False,3946
3958,2026-09-30,603256,-1.9417383670806885,False,3947
3959,2026-09-30,001369,-1.9426655769348145,False,3948
3960,2026-09-30,600578,-1.9431411027908325,False,3949
3961,2026-09-30,002276,-1.9440015554428101,False,3950
3962,2026-09-30,600868,-1.9473297595977783,False,3951
3963,2026-09-30,002517,-1.9473423957824707,False,3952
3964,2026-09-30,002065,-1.9495079517364502,False,3953
3965,2026-09-30,300159,-1.9503006935119629,False,3954
3966,2026-09-30,688318,-1.9524393081665039,False,3955
3967,2026-09-30,002474,-1.9553220272064209,False,3956
3968,2026-09-30,002319,-1.9561902284622192,False,3957
3969,2026-09-30,002565,-1.9589269161224365,False,3958
3970,2026-09-30,001228,-1.9626092910766602,False,3959
3971,2026-09-30,300531,-1.9658048152923584,False,3960
3972,2026-09-30,300554,-1.9698230028152466,False,3961
3973,2026-09-30,000680,-1.9717694520950317,False,3962
3974,2026-09-30,601877,-1.9761881828308105,False,3963
3975,2026-09-30,002137,-1.9845080375671387,False,3964
3976,2026-09-30,603885,-1.9859093427658081,False,3965
3977,2026-09-30,688425,-1.9877928495407104,False,3966
3978,2026-09-30,688484,-1.9880204200744629,False,3967
3979,2026-09-30,601099,-1.9903945922851562,False,3968
3980,2026-09-30,300665,-1.990595817565918,False,3969
3981,2026-09-30,002384,-1.991018533706665,False,3970
3982,2026-09-30,688166,-1.9944490194320679,False,3971
3983,2026-09-30,301010,-1.994490385055542,False,3972
3984,2026-09-30,600531,-1.9953863620758057,False,3973
3985,2026-09-30,688517,-1.9963382482528687,False,3974
3986,2026-09-30,000049,-1.997549295425415,False,3975
3987,2026-09-30,601128,-2.0001373291015625,False,3976
3988,2026-09-30,603843,-2.0027098655700684,False,3977
3989,2026-09-30,002463,-2.002753734588623,False,3978
3990,2026-09-30,002612,-2.0031108856201172,False,3979
3991,2026-09-30,688700,-2.0052406787872314,False,3980
3992,2026-09-30,688116,-2.0055527687072754,False,3981
3993,2026-09-30,000997,-2.0320382118225098,False,3982
3994,2026-09-30,002446,-2.03304123878479,False,3983
3995,2026-09-30,603701,-2.0335855484008789,False,3984
3996,2026-09-30,002730,-2.0339295864105225,False,3985
3997,2026-09-30,688302,-2.0390639305114746,False,3986
3998,2026-09-30,688570,-2.0425553321838379,False,3987
3999,2026-09-30,688257,-2.0485262870788574,False,3988
4000,2026-09-30,002851,-2.0553231239318848,False,3989
4001,2026-09-30,301307,-2.0564286708831787,False,3990
4002,2026-09-30,300520,-2.0582373142242432,False,3991
4003,2026-09-30,300253,-2.0623714923858643,False,3992
4004,2026-09-30,603093,-2.0636498928070068,False,3993
4005,2026-09-30,300365,-2.0637388229370117,False,3994
4006,2026-09-30,002039,-2.0682146549224854,False,3995
4007,2026-09-30,002838,-2.0701003074645996,False,3996
4008,2026-09-30,300518,-2.0701942443847656,False,3997
4009,2026-09-30,002674,-2.0702486038208008,False,3998
4010,2026-09-30,003001,-2.0730991363525391,False,3999
4011,2026-09-30,002029,-2.07662034034729,False,4000
4012,2026-09-30,605068,-2.0797867774963379,False,4001
4013,2026-09-30,601456,-2.0798499584197998,False,4002
4014,2026-09-30,603730,-2.0811483860015869,False,4003
4015,2026-09-30,688065,-2.0897407531738281,False,4004
4016,2026-09-30,300434,-2.0932717323303223,False,4005
4017,2026-09-30,601136,-2.0955286026000977,False,4006
4018,2026-09-30,301509,-2.0958151817321777,False,4007
4019,2026-09-30,002379,-2.1054496765136719,False,4008
4020,2026-09-30,300185,-2.1070184707641602,False,4009
4021,2026-09-30,603124,-2.107088565826416,False,4010
4022,2026-09-30,600533,-2.107170581817627,False,4011
4023,2026-09-30,002460,-2.1126952171325684,False,4012
4024,2026-09-30,000833,-2.1153230667114258,False,4013
4025,2026-09-30,300757,-2.1288037300109863,False,4014
4026,2026-09-30,603577,-2.1313118934631348,False,4015
4027,2026-09-30,600132,-2.1320273876190186,False,4016
4028,2026-09-30,301063,-2.1321620941162109,False,4017
4029,2026-09-30,000021,-2.1345720291137695,False,4018
4030,2026-09-30,601375,-2.1355319023132324,False,4019
4031,2026-09-30,300696,-2.1372909545898438,False,4020
4032,2026-09-30,002294,-2.1384565830230713,False,4021
4033,2026-09-30,688237,-2.1393334865570068,False,4022
4034,2026-09-30,001229,-2.1396732330322266,False,4023
4035,2026-09-30,603418,-2.1409664154052734,False,4024
4036,2026-09-30,001393,-2.1453206539154053,False,4025
4037,2026-09-30,603767,-2.1495139598846436,False,4026
4038,2026-09-30,300340,-2.1505827903747559,False,4027
4039,2026-09-30,600366,-2.1556260585784912,False,4028
4040,2026-09-30,688611,-2.155637264251709,False,4029
4041,2026-09-30,688268,-2.1608734130859375,False,4030
4042,2026-09-30,300264,-2.1618063449859619,False,4031
4043,2026-09-30,605077,-2.1628553867340088,False,4032
4044,2026-09-30,688169,-2.1629400253295898,False,4033
4045,2026-09-30,600381,-2.1636278629302979,False,4034
4046,2026-09-30,600567,-2.1683385372161865,False,4035
4047,2026-09-30,688012,-2.1715507507324219,False,4036
4048,2026-09-30,688639,-2.1737446784973145,False,4037
4049,2026-09-30,002289,-2.1778421401977539,False,4038
4050,2026-09-30,688317,-2.1823060512542725,False,4039
4051,2026-09-30,688091,-2.1852819919586182,False,4040
4052,2026-09-30,000166,-2.1853101253509521,False,4041
4053,2026-09-30,301165,-2.1873140335083008,False,4042
4054,2026-09-30,000967,-2.1892449855804443,False,4043
4055,2026-09-30,002125,-2.1893260478973389,False,4044
4056,2026-09-30,688805,-2.1980071067810059,False,4045
4057,2026-09-30,600171,-2.1992731094360352,False,4046
4058,2026-09-30,601658,-2.1993019580841064,False,4047
4059,2026-09-30,001283,-2.2009522914886475,False,4048
4060,2026-09-30,688177,-2.2033286094665527,False,4049
4061,2026-09-30,601881,-2.2041289806365967,False,4050
4062,2026-09-30,002521,-2.2073917388916016,False,4051
4063,2026-09-30,300660,-2.2084884643554688,False,4052
4064,2026-09-30,688079,-2.211308479309082,False,4053
4065,2026-09-30,688005,-2.2152860164642334,False,4054
4066,2026-09-30,688101,-2.2169346809387207,False,4055
4067,2026-09-30,688658,-2.219989538192749,False,4056
4068,2026-09-30,002686,-2.2232880592346191,False,4057
4069,2026-09-30,002043,-2.2262544631958008,False,4058
4070,2026-09-30,002077,-2.2296390533447266,False,4059
4071,2026-09-30,688370,-2.2362170219421387,False,4060
4072,2026-09-30,301355,-2.2365670204162598,False,4061
4073,2026-09-30,603366,-2.2369110584259033,False,4062
4074,2026-09-30,000629,-2.2430667877197266,False,4063
4075,2026-09-30,301585,-2.24375319480896,False,4064
4076,2026-09-30,603334,-2.248347282409668,False,4065
4077,2026-09-30,300568,-2.2501740455627441,False,4066
4078,2026-09-30,688171,-2.2567763328552246,False,4067
4079,2026-09-30,000970,-2.2570247650146484,False,4068
4080,2026-09-30,600685,-2.2658646106719971,False,4069
4081,2026-09-30,001227,-2.2726473808288574,False,4070
4082,2026-09-30,300058,-2.2772297859191895,False,4071
4083,2026-09-30,688349,-2.2818903923034668,False,4072
4084,2026-09-30,301180,-2.2819609642028809,False,4073
4085,2026-09-30,002241,-2.2827820777893066,False,4074
4086,2026-09-30,688669,-2.2845416069030762,False,4075
4087,2026-09-30,300072,-2.2849717140197754,False,4076
4088,2026-09-30,688606,-2.3021888732910156,False,4077
4089,2026-09-30,605118,-2.3037891387939453,False,4078
4090,2026-09-30,603281,-2.3042647838592529,False,4079
4091,2026-09-30,688173,-2.3148424625396729,False,4080
4092,2026-09-30,000733,-2.3174219131469727,False,4081
4093,2026-09-30,688217,-2.3242695331573486,False,4082
4094,2026-09-30,000795,-2.3294343948364258,False,4083
4095,2026-09-30,688221,-2.3306922912597656,False,4084
4096,2026-09-30,300277,-2.3315334320068359,False,4085
4097,2026-09-30,688583,-2.3315343856811523,False,4086
4098,2026-09-30,002326,-2.3317034244537354,False,4087
4099,2026-09-30,688041,-2.3334035873413086,False,4088
4100,2026-09-30,002915,-2.3336694240570068,False,4089
4101,2026-09-30,300003,-2.3377723693847656,False,4090
4102,2026-09-30,002348,-2.3385698795318604,False,4091
4103,2026-09-30,002816,-2.3389143943786621,False,4092
4104,2026-09-30,300623,-2.3390803337097168,False,4093
4105,2026-09-30,603859,-2.348198413848877,False,4094
4106,2026-09-30,601636,-2.3507688045501709,False,4095
4107,2026-09-30,605168,-2.3598763942718506,False,4096
4108,2026-09-30,000063,-2.3693840503692627,False,4097
4109,2026-09-30,002537,-2.3712120056152344,False,4098
4110,2026-09-30,600611,-2.3778254985809326,False,4099
4111,2026-09-30,603269,-2.3792812824249268,False,4100
4112,2026-09-30,300438,-2.3818206787109375,False,4101
4113,2026-09-30,688772,-2.393596887588501,False,4102
4114,2026-09-30,603048,-2.3944780826568604,False,4103
4115,2026-09-30,688525,-2.4012415409088135,False,4104
4116,2026-09-30,603065,-2.401256799697876,False,4105
4117,2026-09-30,002222,-2.4034585952758789,False,4106
4118,2026-09-30,002827,-2.4072906970977783,False,4107
4119,2026-09-30,600673,-2.4094233512878418,False,4108
4120,2026-09-30,002907,-2.4111690521240234,False,4109
4121,2026-09-30,603039,-2.4157023429870605,False,4110
4122,2026-09-30,603365,-2.4163134098052979,False,4111
4123,2026-09-30,600459,-2.4313943386077881,False,4112
4124,2026-09-30,600889,-2.4329078197479248,False,4113
4125,2026-09-30,002347,-2.4374444484710693,False,4114
4126,2026-09-30,603496,-2.446685791015625,False,4115
4127,2026-09-30,002124,-2.4469470977783203,False,4116
4128,2026-09-30,301139,-2.4470186233520508,False,4117
4129,2026-09-30,603045,-2.4504506587982178,False,4118
4130,2026-09-30,002756,-2.4568896293640137,False,4119
4131,2026-09-30,600906,-2.459205150604248,False,4120
4132,2026-09-30,603983,-2.4607865810394287,False,4121
4133,2026-09-30,603459,-2.4608838558197021,False,4122
4134,2026-09-30,300449,-2.4630477428436279,False,4123
4135,2026-09-30,301575,-2.4649627208709717,False,4124
4136,2026-09-30,000858,-2.4671783447265625,False,4125
4137,2026-09-30,300415,-2.470820426940918,False,4126
4138,2026-09-30,000737,-2.473139762878418,False,4127
4139,2026-09-30,000877,-2.4752359390258789,False,4128
4140,2026-09-30,688613,-2.4757795333862305,False,4129
4141,2026-09-30,002968,-2.4833633899688721,False,4130
4142,2026-09-30,688090,-2.485607385635376,False,4131
4143,2026-09-30,300845,-2.4858388900756836,False,4132
4144,2026-09-30,300096,-2.4939067363739014,False,4133
4145,2026-09-30,600686,-2.4941065311431885,False,4134
4146,2026-09-30,002296,-2.4950525760650635,False,4135
4147,2026-09-30,300061,-2.5027496814727783,False,4136
4148,2026-09-30,301502,-2.5063591003417969,False,4137
4149,2026-09-30,300580,-2.5098371505737305,False,4138
4150,2026-09-30,002466,-2.5135123729705811,False,4139
4151,2026-09-30,300456,-2.5165834426879883,False,4140
4152,2026-09-30,300496,-2.5205593109130859,False,4141
4153,2026-09-30,688131,-2.5241758823394775,False,4142
4154,2026-09-30,688367,-2.5255091190338135,False,4143
4155,2026-09-30,688234,-2.5313498973846436,False,4144
4156,2026-09-30,600521,-2.5321915149688721,False,4145
4157,2026-09-30,002080,-2.5324993133544922,False,4146
4158,2026-09-30,600826,-2.5343978404998779,False,4147
4159,2026-09-30,603982,-2.5401284694671631,False,4148
4160,2026-09-30,601012,-2.5437517166137695,False,4149
4161,2026-09-30,603008,-2.5471453666687012,False,4150
4162,2026-09-30,002497,-2.5480918884277344,False,4151
4163,2026-09-30,688819,-2.5569479465484619,False,4152
4164,2026-09-30,002295,-2.560234546661377,False,4153
4165,2026-09-30,002051,-2.5604031085968018,False,4154
4166,2026-09-30,688591,-2.5626411437988281,False,4155
4167,2026-09-30,600390,-2.5626516342163086,False,4156
4168,2026-09-30,688709,-2.5716493129730225,False,4157
4169,2026-09-30,603527,-2.5761783123016357,False,4158
4170,2026-09-30,601899,-2.5802040100097656,False,4159
4171,2026-09-30,601112,-2.5831649303436279,False,4160
4172,2026-09-30,301031,-2.5842061042785645,False,4161
4173,2026-09-30,000060,-2.5846376419067383,False,4162
4174,2026-09-30,601601,-2.5847487449645996,False,4163
4175,2026-09-30,603665,-2.5904772281646729,False,4164
4176,2026-09-30,000718,-2.5912830829620361,False,4165
4177,2026-09-30,600739,-2.6047854423522949,False,4166
4178,2026-09-30,603663,-2.6097540855407715,False,4167
4179,2026-09-30,601788,-2.6139740943908691,False,4168
4180,2026-09-30,301280,-2.6148209571838379,False,4169
4181,2026-09-30,688087,-2.6165881156921387,False,4170
4182,2026-09-30,600064,-2.6168651580810547,False,4171
4183,2026-09-30,601133,-2.6173436641693115,False,4172
4184,2026-09-30,603733,-2.6251673698425293,False,4173
4185,2026-09-30,002422,-2.6271653175354004,False,4174
4186,2026-09-30,688759,-2.6328389644622803,False,4175
4187,2026-09-30,688456,-2.6342928409576416,False,4176
4188,2026-09-30,002049,-2.6368818283081055,False,4177
4189,2026-09-30,600518,-2.6443326473236084,False,4178
4190,2026-09-30,601369,-2.6468958854675293,False,4179
4191,2026-09-30,002670,-2.6622328758239746,False,4180
4192,2026-09-30,000963,-2.6623754501342773,False,4181
4193,2026-09-30,300014,-2.664517879486084,False,4182
4194,2026-09-30,688777,-2.6649417877197266,False,4183
4195,2026-09-30,300012,-2.6712887287139893,False,4184
4196,2026-09-30,300024,-2.6736297607421875,False,4185
4197,2026-09-30,600233,-2.6736712455749512,False,4186
4198,2026-09-30,000766,-2.6774132251739502,False,4187
4199,2026-09-30,688727,-2.6787440776824951,False,4188
4200,2026-09-30,301380,-2.6813733577728271,False,4189
4201,2026-09-30,600221,-2.6898112297058105,False,4190
4202,2026-09-30,301591,-2.6923112869262695,False,4191
4203,2026-09-30,688220,-2.6962134838104248,False,4192
4204,2026-09-30,603355,-2.6981210708618164,False,4193
4205,2026-09-30,003030,-2.698514461517334,False,4194
4206,2026-09-30,001234,-2.6985328197479248,False,4195
4207,2026-09-30,002195,-2.6991410255432129,False,4196
4208,2026-09-30,601888,-2.7003295421600342,False,4197
4209,2026-09-30,002318,-2.7003624439239502,False,4198
4210,2026-09-30,002204,-2.7062325477600098,False,4199
4211,2026-09-30,001359,-2.7119715213775635,False,4200
4212,2026-09-30,601158,-2.717963695526123,False,4201
4213,2026-09-30,002902,-2.7184216976165771,False,4202
4214,2026-09-30,000539,-2.7189648151397705,False,4203
4215,2026-09-30,688006,-2.7191758155822754,False,4204
4216,2026-09-30,603979,-2.7198166847229004,False,4205
4217,2026-09-30,002997,-2.7208614349365234,False,4206
4218,2026-09-30,603112,-2.7238724231719971,False,4207
4219,2026-09-30,600513,-2.7265748977661133,False,4208
4220,2026-09-30,002050,-2.7274665832519531,False,4209
4221,2026-09-30,601162,-2.7278985977172852,False,4210
4222,2026-09-30,688271,-2.7333981990814209,False,4211
4223,2026-09-30,300209,-2.7352504730224609,False,4212
4224,2026-09-30,002024,-2.7376370429992676,False,4213
4225,2026-09-30,688396,-2.7437663078308105,False,4214
4226,2026-09-30,603222,-2.7455213069915771,False,4215
4227,2026-09-30,600400,-2.7458906173706055,False,4216
4228,2026-09-30,600022,-2.7460386753082275,False,4217
4229,2026-09-30,300643,-2.7494301795959473,False,4218
4230,2026-09-30,603109,-2.7714247703552246,False,4219
4231,2026-09-30,002926,-2.7762181758880615,False,4220
4232,2026-09-30,301092,-2.7797520160675049,False,4221
4233,2026-09-30,300005,-2.7858197689056396,False,4222
4234,2026-09-30,688663,-2.79075026512146,False,4223
4235,2026-09-30,688500,-2.7917702198028564,False,4224
4236,2026-09-30,300656,-2.7933580875396729,False,4225
4237,2026-09-30,688136,-2.7936427593231201,False,4226
4238,2026-09-30,688105,-2.797041654586792,False,4227
4239,2026-09-30,002715,-2.8001549243927002,False,4228
4240,2026-09-30,000686,-2.801762580871582,False,4229
4241,2026-09-30,300007,-2.8154187202453613,False,4230
4242,2026-09-30,688035,-2.821880578994751,False,4231
4243,2026-09-30,603444,-2.83170485496521,False,4232
4244,2026-09-30,688506,-2.8410181999206543,False,4233
4245,2026-09-30,688398,-2.8501410484313965,False,4234
4246,2026-09-30,002317,-2.8552837371826172,False,4235
4247,2026-09-30,603578,-2.8566498756408691,False,4236
4248,2026-09-30,300040,-2.8603975772857666,False,4237
4249,2026-09-30,300779,-2.8607892990112305,False,4238
4250,2026-09-30,688573,-2.861691951751709,False,4239
4251,2026-09-30,600933,-2.8636875152587891,False,4240
4252,2026-09-30,600152,-2.8718249797821045,False,4241
4253,2026-09-30,002698,-2.8742289543151855,False,4242
4254,2026-09-30,300827,-2.8763041496276855,False,4243
4255,2026-09-30,300470,-2.8817424774169922,False,4244
4256,2026-09-30,300009,-2.8883488178253174,False,4245
4257,2026-09-30,600551,-2.8895912170410156,False,4246
4258,2026-09-30,300548,-2.8918001651763916,False,4247
4259,2026-09-30,600196,-2.891850471496582,False,4248
4260,2026-09-30,688306,-2.8921287059783936,False,4249
4261,2026-09-30,300204,-2.8983721733093262,False,4250
4262,2026-09-30,600276,-2.902440071105957,False,4251
4263,2026-09-30,688261,-2.909407377243042,False,4252
4264,2026-09-30,300113,-2.9101502895355225,False,4253
4265,2026-09-30,688208,-2.9107491970062256,False,4254
4266,2026-09-30,600012,-2.9142525196075439,False,4255
4267,2026-09-30,002011,-2.9196510314941406,False,4256
4268,2026-09-30,300352,-2.9233899116516113,False,4257
4269,2026-09-30,688502,-2.9291660785675049,False,4258
4270,2026-09-30,601777,-2.929621696472168,False,4259
4271,2026-09-30,300708,-2.9299092292785645,False,4260
4272,2026-09-30,603236,-2.9423151016235352,False,4261
4273,2026-09-30,300093,-2.9425544738769531,False,4262
4274,2026-09-30,301390,-2.9498870372772217,False,4263
4275,2026-09-30,300244,-2.9670600891113281,False,4264
4276,2026-09-30,688187,-2.972318172454834,False,4265
4277,2026-09-30,301238,-2.9728198051452637,False,4266
4278,2026-09-30,688566,-2.9871361255645752,False,4267
4279,2026-09-30,600999,-2.9951510429382324,False,4268
4280,2026-09-30,002236,-2.9963278770446777,False,4269
4281,2026-09-30,688656,-2.9985065460205078,False,4270
4282,2026-09-30,002736,-3.0060560703277588,False,4271
4283,2026-09-30,002939,-3.0064032077789307,False,4272
4284,2026-09-30,301269,-3.0099434852600098,False,4273
4285,2026-09-30,300817,-3.0113461017608643,False,4274
4286,2026-09-30,688799,-3.0165524482727051,False,4275
4287,2026-09-30,300098,-3.0195803642272949,False,4276
4288,2026-09-30,600048,-3.0260465145111084,False,4277
4289,2026-09-30,000713,-3.0266308784484863,False,4278
4290,2026-09-30,600312,-3.0272717475891113,False,4279
4291,2026-09-30,300627,-3.0285089015960693,False,4280
4292,2026-09-30,300163,-3.0385870933532715,False,4281
4293,2026-09-30,600893,-3.0436873435974121,False,4282
4294,2026-09-30,300037,-3.0446820259094238,False,4283
4295,2026-09-30,600218,-3.0540194511413574,False,4284
4296,2026-09-30,688197,-3.0540256500244141,False,4285
4297,2026-09-30,000725,-3.0564131736755371,False,4286
4298,2026-09-30,001258,-3.0663714408874512,False,4287
4299,2026-09-30,300115,-3.0682177543640137,False,4288
4300,2026-09-30,002156,-3.0697546005249023,False,4289
4301,2026-09-30,002945,-3.0704677104949951,False,4290
4302,2026-09-30,603699,-3.0715410709381104,False,4291
4303,2026-09-30,600406,-3.0715899467468262,False,4292
4304,2026-09-30,603922,-3.075676441192627,False,4293
4305,2026-09-30,603370,-3.0790009498596191,False,4294
4306,2026-09-30,603010,-3.0986037254333496,False,4295
4307,2026-09-30,301617,-3.1033127307891846,False,4296
4308,2026-09-30,002514,-3.1047592163085938,False,4297
4309,2026-09-30,603638,-3.1068129539489746,False,4298
4310,2026-09-30,002837,-3.1082749366760254,False,4299
4311,2026-09-30,603207,-3.1082806587219238,False,4300
4312,2026-09-30,002226,-3.1104271411895752,True,
4313,2026-09-30,002673,-3.1135001182556152,False,4301
4314,2026-09-30,001237,-3.1150107383728027,False,4302
4315,2026-09-30,601519,-3.132662296295166,False,4303
4316,2026-09-30,603667,-3.1426448822021484,False,4304
4317,2026-09-30,688199,-3.1447060108184814,False,4305
4318,2026-09-30,001220,-3.144711971282959,False,4306
4319,2026-09-30,002956,-3.1464192867279053,False,4307
4320,2026-09-30,688180,-3.1490797996520996,False,4308
4321,2026-09-30,600809,-3.1549568176269531,False,4309
4322,2026-09-30,688521,-3.1579792499542236,False,4310
4323,2026-09-30,301680,-3.1595587730407715,False,4311
4324,2026-09-30,301201,-3.1598026752471924,False,4312
4325,2026-09-30,002169,-3.1685812473297119,False,4313
4326,2026-09-30,002630,-3.1715283393859863,False,4314
4327,2026-09-30,301303,-3.174901008605957,False,4315
4328,2026-09-30,300085,-3.1959195137023926,False,4316
4329,2026-09-30,002600,-3.209925651550293,False,4317
4330,2026-09-30,301015,-3.2187299728393555,False,4318
4331,2026-09-30,603286,-3.2192060947418213,False,4319
4332,2026-09-30,603095,-3.2256851196289062,False,4320
4333,2026-09-30,300190,-3.2256946563720703,False,4321
4334,2026-09-30,600764,-3.2364480495452881,False,4322
4335,2026-09-30,600010,-3.2390048503875732,False,4323
4336,2026-09-30,688689,-3.2419443130493164,False,4324
4337,2026-09-30,688816,-3.2459394931793213,False,4325
4338,2026-09-30,002812,-3.248682975769043,False,4326
4339,2026-09-30,603615,-3.2571895122528076,False,4327
4340,2026-09-30,688328,-3.2654390335083008,False,4328
4341,2026-09-30,300088,-3.2716989517211914,False,4329
4342,2026-09-30,001328,-3.2768194675445557,False,4330
4343,2026-09-30,300685,-3.2882058620452881,False,4331
4344,2026-09-30,605399,-3.2923612594604492,False,4332
4345,2026-09-30,002925,-3.2989439964294434,False,4333
4346,2026-09-30,002367,-3.3020534515380859,False,4334
4347,2026-09-30,603678,-3.3191404342651367,False,4335
4348,2026-09-30,601990,-3.3286278247833252,False,4336
4349,2026-09-30,600111,-3.343951940536499,False,4337
4350,2026-09-30,000635,-3.3481986522674561,False,4338
4351,2026-09-30,300717,-3.3487071990966797,False,4339
4352,2026-09-30,300015,-3.3501973152160645,False,4340
4353,2026-09-30,688308,-3.3525800704956055,False,4341
4354,2026-09-30,300376,-3.3583526611328125,False,4342
4355,2026-09-30,300718,-3.3603000640869141,False,4343
4356,2026-09-30,000682,-3.366713285446167,False,4344
4357,2026-09-30,688126,-3.3667752742767334,False,4345
4358,2026-09-30,301081,-3.3670198917388916,False,4346
4359,2026-09-30,300166,-3.3671703338623047,False,4347
4360,2026-09-30,601718,-3.3677957057952881,False,4348
4361,2026-09-30,688788,-3.3708348274230957,False,4349
4362,2026-09-30,603285,-3.3720223903656006,False,4350
4363,2026-09-30,301002,-3.3774323463439941,False,4351
4364,2026-09-30,688078,-3.3812942504882812,False,4352
4365,2026-09-30,301656,-3.3826875686645508,False,4353
4366,2026-09-30,603939,-3.3857564926147461,False,4354
4367,2026-09-30,603435,-3.3940002918243408,False,4355
4368,2026-09-30,688620,-3.3985092639923096,False,4356
4369,2026-09-30,301093,-3.4025099277496338,False,4357
4370,2026-09-30,688226,-3.4073235988616943,False,4358
4371,2026-09-30,600038,-3.4129672050476074,False,4359
4372,2026-09-30,002309,-3.4215681552886963,False,4360
4373,2026-09-30,301717,-3.4268460273742676,False,4361
4374,2026-09-30,600768,-3.4316353797912598,False,4362
4375,2026-09-30,302132,-3.4394965171813965,False,4363
4376,2026-09-30,300269,-3.4651308059692383,False,4364
4377,2026-09-30,301418,-3.4718227386474609,False,4365
4378,2026-09-30,002426,-3.4728555679321289,False,4366
4379,2026-09-30,603020,-3.4738399982452393,False,4367
4380,2026-09-30,603160,-3.4795291423797607,False,4368
4381,2026-09-30,603797,-3.4813206195831299,False,4369
4382,2026-09-30,300469,-3.483259916305542,False,4370
4383,2026-09-30,688266,-3.4846282005310059,False,4371
4384,2026-09-30,003002,-3.486598014831543,False,4372
4385,2026-09-30,603681,-3.4882268905639648,False,4373
4386,2026-09-30,000676,-3.4963016510009766,False,4374
4387,2026-09-30,002335,-3.4965453147888184,False,4375
4388,2026-09-30,300408,-3.50162672996521,False,4376
4389,2026-09-30,300059,-3.5035543441772461,False,4377
4390,2026-09-30,600818,-3.504117488861084,False,4378
4391,2026-09-30,603198,-3.5106863975524902,False,4379
4392,2026-09-30,002340,-3.520331859588623,False,4380
4393,2026-09-30,003010,-3.5231356620788574,False,4381
4394,2026-09-30,301273,-3.5242230892181396,False,4382
4395,2026-09-30,688108,-3.5288667678833008,False,4383
4396,2026-09-30,603559,-3.5366091728210449,False,4384
4397,2026-09-30,002431,-3.5409026145935059,False,4385
4398,2026-09-30,002534,-3.5418224334716797,False,4386
4399,2026-09-30,000768,-3.542248010635376,False,4387
4400,2026-09-30,605111,-3.5480399131774902,False,4388
4401,2026-09-30,301448,-3.5529835224151611,False,4389
4402,2026-09-30,600816,-3.556011438369751,False,4390
4403,2026-09-30,000012,-3.5640347003936768,False,4391
4404,2026-09-30,603777,-3.5657806396484375,False,4392
4405,2026-09-30,688186,-3.5694584846496582,False,4393
4406,2026-09-30,301325,-3.5706403255462646,False,4394
4407,2026-09-30,002073,-3.5909175872802734,False,4395
4408,2026-09-30,603280,-3.6017007827758789,False,4396
4409,2026-09-30,300491,-3.6018862724304199,False,4397
4410,2026-09-30,601872,-3.6203343868255615,False,4398
4411,2026-09-30,301312,-3.6232059001922607,False,4399
4412,2026-09-30,601360,-3.6285462379455566,False,4400
4413,2026-09-30,601016,-3.6397547721862793,False,4401
4414,2026-09-30,603336,-3.6427710056304932,False,4402
4415,2026-09-30,600765,-3.6469063758850098,False,4403
4416,2026-09-30,300224,-3.6622245311737061,False,4404
4417,2026-09-30,301160,-3.6646096706390381,False,4405
4418,2026-09-30,300170,-3.6658394336700439,False,4406
4419,2026-09-30,301041,-3.6757621765136719,False,4407
4420,2026-09-30,688202,-3.6788196563720703,False,4408
4421,2026-09-30,300980,-3.6871798038482666,False,4409
4422,2026-09-30,300076,-3.6922142505645752,False,4410
4423,2026-09-30,601678,-3.7077932357788086,False,4411
4424,2026-09-30,688028,-3.7135491371154785,False,4412
4425,2026-09-30,688399,-3.7163200378417969,False,4413
4426,2026-09-30,000625,-3.7224569320678711,False,4414
4427,2026-09-30,002440,-3.7264151573181152,False,4415
4428,2026-09-30,002856,-3.7301549911499023,True,
4429,2026-09-30,301677,-3.7303881645202637,False,4416
4430,2026-09-30,300573,-3.731532096862793,False,4417
4431,2026-09-30,688092,-3.7345767021179199,False,4418
4432,2026-09-30,000656,-3.735936164855957,False,4419
4433,2026-09-30,300249,-3.7361466884613037,False,4420
4434,2026-09-30,600702,-3.7422871589660645,False,4421
4435,2026-09-30,600101,-3.7446887493133545,False,4422
4436,2026-09-30,603175,-3.7613742351531982,False,4423
4437,2026-09-30,603113,-3.7640070915222168,False,4424
4438,2026-09-30,300609,-3.7665596008300781,False,4425
4439,2026-09-30,300154,-3.7717461585998535,False,4426
4440,2026-09-30,300422,-3.7855441570281982,False,4427
4441,2026-09-30,300618,-3.8055610656738281,False,4428
4442,2026-09-30,000811,-3.8093855381011963,False,4429
4443,2026-09-30,002989,-3.8236033916473389,False,4430
4444,2026-09-30,688488,-3.8295822143554688,False,4431
4445,2026-09-30,300266,-3.8358149528503418,False,4432
4446,2026-09-30,300437,-3.8392801284790039,False,4433
4447,2026-09-30,600745,-3.8448586463928223,False,4434
4448,2026-09-30,300478,-3.8448660373687744,False,4435
4449,2026-09-30,600562,-3.8449690341949463,False,4436
4450,2026-09-30,300860,-3.8461441993713379,False,4437
4451,2026-09-30,300939,-3.8500256538391113,False,4438
4452,2026-09-30,300990,-3.8503966331481934,False,4439
4453,2026-09-30,603826,-3.8544011116027832,False,4440
4454,2026-09-30,300049,-3.854426383972168,False,4441
4455,2026-09-30,301166,-3.8578932285308838,False,4442
4456,2026-09-30,603799,-3.8597006797790527,False,4443
4457,2026-09-30,600929,-3.8630061149597168,False,4444
4458,2026-09-30,688045,-3.8724014759063721,False,4445
4459,2026-09-30,300969,-3.8735718727111816,False,4446
4460,2026-09-30,600369,-3.8814182281494141,False,4447
4461,2026-09-30,603396,-3.8965966701507568,False,4448
4462,2026-09-30,002062,-3.8982138633728027,False,4449
4463,2026-09-30,688486,-3.9007067680358887,False,4450
4464,2026-09-30,002935,-3.9046630859375,False,4451
4465,2026-09-30,688712,-3.9054396152496338,False,4452
4466,2026-09-30,002896,-3.9079313278198242,False,4453
4467,2026-09-30,000503,-3.9190330505371094,False,4454
4468,2026-09-30,600160,-3.9237701892852783,False,4455
4469,2026-09-30,688300,-3.9248647689819336,False,4456
4470,2026-09-30,300843,-3.9307355880737305,False,4457
4471,2026-09-30,002881,-3.9335169792175293,False,4458
4472,2026-09-30,605186,-3.93465256690979,False,4459
4473,2026-09-30,688600,-3.9417366981506348,False,4460
4474,2026-09-30,688183,-3.9433178901672363,False,4461
4475,2026-09-30,001207,-3.9585990905761719,False,4462
4476,2026-09-30,301110,-3.9614663124084473,False,4463
4477,2026-09-30,688311,-3.9690985679626465,False,4464
4478,2026-09-30,300558,-3.9693396091461182,False,4465
4479,2026-09-30,688353,-3.9762673377990723,False,4466
4480,2026-09-30,301358,-3.9780516624450684,False,4467
4481,2026-09-30,300020,-3.9876937866210938,False,4468
4482,2026-09-30,301236,-3.9934349060058594,False,4469
4483,2026-09-30,600619,-4.0125865936279297,False,4470
4484,2026-09-30,601918,-4.0138225555419922,False,4471
4485,2026-09-30,600577,-4.0154666900634766,False,4472
4486,2026-09-30,603679,-4.0161914825439453,False,4473
4487,2026-09-30,300383,-4.0179643630981445,False,4474
4488,2026-09-30,300681,-4.0195455551147461,False,4475
4489,2026-09-30,601021,-4.0254011154174805,False,4476
4490,2026-09-30,688489,-4.0278987884521484,False,4477
4491,2026-09-30,600131,-4.0332846641540527,True,
4492,2026-09-30,301171,-4.0401058197021484,False,4478
4493,2026-09-30,300292,-4.0414104461669922,False,4479
4494,2026-09-30,001979,-4.0432395935058594,False,4480
4495,2026-09-30,688778,-4.0453691482543945,False,4481
4496,2026-09-30,002457,-4.0527944564819336,False,4482
4497,2026-09-30,003026,-4.0532975196838379,False,4483
4498,2026-09-30,688277,-4.0554289817810059,False,4484
4499,2026-09-30,003031,-4.0625782012939453,False,4485
4500,2026-09-30,002928,-4.0705528259277344,False,4486
4501,2026-09-30,688181,-4.0707988739013672,False,4487
4502,2026-09-30,600482,-4.0714716911315918,False,4488
4503,2026-09-30,301526,-4.083888053894043,False,4489
4504,2026-09-30,301060,-4.0846776962280273,False,4490
4505,2026-09-30,003023,-4.0946197509765625,False,4491
4506,2026-09-30,001257,-4.1045188903808594,False,4492
4507,2026-09-30,301123,-4.1062793731689453,False,4493
4508,2026-09-30,605336,-4.1080827713012695,False,4494
4509,2026-09-30,300852,-4.1107158660888672,False,4495
4510,2026-09-30,301666,-4.1155085563659668,False,4496
4511,2026-09-30,000595,-4.1282129287719727,False,4497
4512,2026-09-30,688112,-4.1293792724609375,False,4498
4513,2026-09-30,600648,-4.1361479759216309,False,4499
4514,2026-09-30,688337,-4.1436982154846191,False,4500
4515,2026-09-30,603661,-4.1439824104309082,False,4501
4516,2026-09-30,688498,-4.1469120979309082,False,4502
4517,2026-09-30,300035,-4.1642389297485352,False,4503
4518,2026-09-30,688513,-4.1743755340576172,False,4504
4519,2026-09-30,002568,-4.1756649017333984,False,4505
4520,2026-09-30,300149,-4.1861886978149414,False,4506
4521,2026-09-30,603228,-4.1903915405273438,False,4507
4522,2026-09-30,000632,-4.1914186477661133,False,4508
4523,2026-09-30,002095,-4.1923165321350098,False,4509
4524,2026-09-30,600584,-4.1940722465515137,False,4510
4525,2026-09-30,688548,-4.2011470794677734,False,4511
4526,2026-09-30,000880,-4.2022275924682617,False,4512
4527,2026-09-30,002611,-4.2048296928405762,False,4513
4528,2026-09-30,688538,-4.2115697860717773,False,4514
4529,2026-09-30,300506,-4.2157101631164551,False,4515
4530,2026-09-30,002285,-4.2236928939819336,False,4516
4531,2026-09-30,603178,-4.2263727188110352,False,4517
4532,2026-09-30,688393,-4.2290439605712891,False,4518
4533,2026-09-30,300895,-4.2295560836791992,False,4519
4534,2026-09-30,600851,-4.2303237915039062,False,4520
4535,2026-09-30,600383,-4.2370896339416504,False,4521
4536,2026-09-30,688296,-4.2425260543823242,False,4522
4537,2026-09-30,688379,-4.249427318572998,False,4523
4538,2026-09-30,688416,-4.2501068115234375,False,4524
4539,2026-09-30,301071,-4.2512674331665039,False,4525
4540,2026-09-30,603980,-4.2594537734985352,False,4526
4541,2026-09-30,002518,-4.263117790222168,False,4527
4542,2026-09-30,600895,-4.2782669067382812,False,4528
4543,2026-09-30,002366,-4.2820053100585938,False,4529
4544,2026-09-30,001221,-4.2906694412231445,False,4530
4545,2026-09-30,601279,-4.2927021980285645,False,4531
4546,2026-09-30,603391,-4.2943263053894043,False,4532
4547,2026-09-30,002797,-4.2969202995300293,False,4533
4548,2026-09-30,300378,-4.2980194091796875,False,4534
4549,2026-09-30,603456,-4.3058171272277832,False,4535
4550,2026-09-30,300333,-4.3059191703796387,False,4536
4551,2026-09-30,688200,-4.3208827972412109,False,4537
4552,2026-09-30,688617,-4.3213696479797363,False,4538
4553,2026-09-30,601567,-4.3346009254455566,False,4539
4554,2026-09-30,688458,-4.3359208106994629,False,4540
4555,2026-09-30,688448,-4.3403263092041016,False,4541
4556,2026-09-30,603179,-4.3413362503051758,False,4542
4557,2026-09-30,002981,-4.3441381454467773,False,4543
4558,2026-09-30,603468,-4.3442192077636719,False,4544
4559,2026-09-30,600675,-4.3457784652709961,False,4545
4560,2026-09-30,300811,-4.3619256019592285,False,4546
4561,2026-09-30,688768,-4.3725800514221191,False,4547
4562,2026-09-30,600126,-4.3907632827758789,False,4548
4563,2026-09-30,000090,-4.4000096321105957,False,4549
4564,2026-09-30,000685,-4.4013633728027344,False,4550
4565,2026-09-30,301265,-4.409332275390625,False,4551
4566,2026-09-30,600671,-4.4131765365600586,False,4552
4567,2026-09-30,688016,-4.437495231628418,False,4553
4568,2026-09-30,600095,-4.4397897720336914,False,4554
4569,2026-09-30,300671,-4.4423327445983887,False,4555
4570,2026-09-30,002261,-4.447077751159668,False,4556
4571,2026-09-30,300477,-4.4499669075012207,False,4557
4572,2026-09-30,000691,-4.4529757499694824,False,4558
4573,2026-09-30,601211,-4.4574713706970215,False,4559
4574,2026-09-30,600846,-4.4617538452148438,False,4560
4575,2026-09-30,688603,-4.4648189544677734,False,4561
4576,2026-09-30,688049,-4.4706192016601562,False,4562
4577,2026-09-30,300433,-4.4764485359191895,False,4563
4578,2026-09-30,301226,-4.4800329208374023,False,4564
4579,2026-09-30,002963,-4.4849672317504883,False,4565
4580,2026-09-30,600330,-4.495668888092041,False,4566
4581,2026-09-30,002396,-4.4977812767028809,False,4567
4582,2026-09-30,603375,-4.4987130165100098,False,4568
4583,2026-09-30,002501,-4.5038251876831055,False,4569
4584,2026-09-30,603313,-4.5104646682739258,False,4570
4585,2026-09-30,601949,-4.5141134262084961,False,4571
4586,2026-09-30,002943,-4.514406681060791,False,4572
4587,2026-09-30,000007,-4.5170207023620605,False,4573
4588,2026-09-30,002472,-4.5203142166137695,False,4574
4589,2026-09-30,600345,-4.5231289863586426,False,4575
4590,2026-09-30,002185,-4.5240249633789062,False,4576
4591,2026-09-30,300515,-4.5248355865478516,False,4577
4592,2026-09-30,000829,-4.5290460586547852,False,4578
4593,2026-09-30,300991,-4.5395188331604004,False,4579
4594,2026-09-30,000938,-4.5527119636535645,False,4580
4595,2026-09-30,002513,-4.5565042495727539,False,4581
4596,2026-09-30,603822,-4.5649266242980957,False,4582
4597,2026-09-30,001365,-4.5696988105773926,False,4583
4598,2026-09-30,300738,-4.5699028968811035,False,4584
4599,2026-09-30,688561,-4.5896511077880859,False,4585
4600,2026-09-30,688179,-4.5925412178039551,False,4586
4601,2026-09-30,603011,-4.5970869064331055,False,4587
4602,2026-09-30,688621,-4.5987462997436523,False,4588
4603,2026-09-30,600839,-4.6019649505615234,False,4589
4604,2026-09-30,688205,-4.6288337707519531,False,4590
4605,2026-09-30,300031,-4.6421756744384766,False,4591
4606,2026-09-30,688037,-4.6464085578918457,False,4592
4607,2026-09-30,601611,-4.6469860076904297,False,4593
4608,2026-09-30,605277,-4.6523633003234863,False,4594
4609,2026-09-30,002694,-4.6560764312744141,True,
4610,2026-09-30,000793,-4.6588411331176758,False,4595
4611,2026-09-30,002383,-4.6704039573669434,False,4596
4612,2026-09-30,605577,-4.6727542877197266,True,
4613,2026-09-30,300221,-4.677762508392334,False,4597
4614,2026-09-30,688114,-4.6779947280883789,False,4598
4615,2026-09-30,600698,-4.6840577125549316,False,4599
4616,2026-09-30,300364,-4.6939897537231445,False,4600
4617,2026-09-30,301592,-4.6996407508850098,False,4601
4618,2026-09-30,600189,-4.7026119232177734,False,4602
4619,2026-09-30,300198,-4.7044334411621094,False,4603
4620,2026-09-30,600289,-4.7087297439575195,False,4604
4621,2026-09-30,002249,-4.7102937698364258,False,4605
4622,2026-09-30,300390,-4.7122783660888672,False,4606
4623,2026-09-30,002259,-4.7384519577026367,False,4607
4624,2026-09-30,301219,-4.7506074905395508,False,4608
4625,2026-09-30,002510,-4.7566614151000977,False,4609
4626,2026-09-30,000158,-4.7598171234130859,False,4610
4627,2026-09-30,600491,-4.7598309516906738,False,4611
4628,2026-09-30,603798,-4.7714223861694336,False,4612
4629,2026-09-30,300828,-4.7820682525634766,False,4613
4630,2026-09-30,000752,-4.7821793556213379,False,4614
4631,2026-09-30,002631,-4.7855749130249023,False,4615
4632,2026-09-30,300736,-4.7894449234008789,False,4616
4633,2026-09-30,688635,-4.798863410949707,False,4617
4634,2026-09-30,000831,-4.803192138671875,False,4618
4635,2026-09-30,000839,-4.8109149932861328,False,4619
4636,2026-09-30,301580,-4.8173542022705078,False,4620
4637,2026-09-30,002639,-4.8195137977600098,False,4621
4638,2026-09-30,688029,-4.8203926086425781,False,4622
4639,2026-09-30,300122,-4.8221354484558105,False,4623
4640,2026-09-30,300276,-4.825873851776123,False,4624
4641,2026-09-30,300835,-4.8265981674194336,False,4625
4642,2026-09-30,300461,-4.8282074928283691,False,4626
4643,2026-09-30,000417,-4.8301806449890137,False,4627
4644,2026-09-30,601108,-4.8409147262573242,False,4628
4645,2026-09-30,600881,-4.8417377471923828,False,4629
4646,2026-09-30,301393,-4.8419227600097656,False,4630
4647,2026-09-30,603019,-4.8536410331726074,False,4631
4648,2026-09-30,603937,-4.8560667037963867,False,4632
4649,2026-09-30,600337,-4.865778923034668,False,4633
4650,2026-09-30,300723,-4.8986129760742188,False,4634
4651,2026-09-30,603087,-4.9065279960632324,False,4635
4652,2026-09-30,600748,-4.9156451225280762,False,4636
4653,2026-09-30,605198,-4.9163103103637695,False,4637
4654,2026-09-30,603293,-4.9182167053222656,False,4638
4655,2026-09-30,300691,-4.9282636642456055,False,4639
4656,2026-09-30,688048,-4.9361982345581055,False,4640
4657,2026-09-30,688235,-4.9399466514587402,False,4641
4658,2026-09-30,300840,-4.9420080184936523,False,4642
4659,2026-09-30,001212,-4.9561214447021484,False,4643
4660,2026-09-30,002453,-4.9708414077758789,False,4644
4661,2026-09-30,002583,-4.9826827049255371,False,4645
4662,2026-09-30,002230,-4.9885220527648926,False,4646
4663,2026-09-30,603739,-4.9932765960693359,True,
4664,2026-09-30,301599,-4.9982585906982422,False,4647
4665,2026-09-30,600552,-5.0002021789550781,False,4648
4666,2026-09-30,002819,-5.0091772079467773,False,4649
4667,2026-09-30,002893,-5.0092563629150391,False,4650
4668,2026-09-30,688207,-5.0095176696777344,False,4651
4669,2026-09-30,300464,-5.0171995162963867,False,4652
4670,2026-09-30,002407,-5.0196657180786133,False,4653
4671,2026-09-30,688213,-5.0281810760498047,False,4654
4672,2026-09-30,688168,-5.0491294860839844,False,4655
4673,2026-09-30,600579,-5.0593404769897461,False,4656
4674,2026-09-30,000034,-5.0612196922302246,False,4657
4675,2026-09-30,001233,-5.0735149383544922,False,4658
4676,2026-09-30,688578,-5.0910673141479492,False,4659
4677,2026-09-30,000669,-5.102813720703125,False,4660
4678,2026-09-30,688248,-5.1058921813964844,False,4661
4679,2026-09-30,688068,-5.106135368347168,False,4662
4680,2026-09-30,000889,-5.1118688583374023,False,4663
4681,2026-09-30,002719,-5.1170864105224609,False,4664
4682,2026-09-30,605100,-5.1220283508300781,False,4665
4683,2026-09-30,605255,-5.1234540939331055,False,4666
4684,2026-09-30,600165,-5.1474018096923828,False,4667
4685,2026-09-30,603948,-5.1568355560302734,True,
4686,2026-09-30,603507,-5.157261848449707,False,4668
4687,2026-09-30,301458,-5.1678361892700195,False,4669
4688,2026-09-30,300866,-5.1777453422546387,False,4670
4689,2026-09-30,001318,-5.1866588592529297,True,
4690,2026-09-30,603529,-5.1920995712280273,False,4671
4691,2026-09-30,300167,-5.1991157531738281,False,4672
4692,2026-09-30,600616,-5.2048850059509277,False,4673
4693,2026-09-30,603268,-5.2086992263793945,False,4674
4694,2026-09-30,600539,-5.2136521339416504,False,4675
4695,2026-09-30,603218,-5.2198963165283203,False,4676
4696,2026-09-30,600629,-5.220128059387207,False,4677
4697,2026-09-30,600094,-5.2336230278015137,False,4678
4698,2026-09-30,688361,-5.237398624420166,False,4679
4699,2026-09-30,600835,-5.2414064407348633,False,4680
4700,2026-09-30,600759,-5.2610292434692383,False,4681
4701,2026-09-30,301662,-5.2684803009033203,False,4682
4702,2026-09-30,001248,-5.2707815170288086,False,4683
4703,2026-09-30,300442,-5.2913951873779297,False,4684
4704,2026-09-30,002046,-5.2917494773864746,False,4685
4705,2026-09-30,300589,-5.2965092658996582,False,4686
4706,2026-09-30,300112,-5.3036479949951172,False,4687
4707,2026-09-30,300436,-5.3258466720581055,False,4688
4708,2026-09-30,002342,-5.3679847717285156,False,4689
4709,2026-09-30,001225,-5.3728728294372559,False,4690
4710,2026-09-30,002389,-5.3779106140136719,False,4691
4711,2026-09-30,301655,-5.3872814178466797,False,4692
4712,2026-09-30,002638,-5.3890514373779297,False,4693
4713,2026-09-30,000962,-5.3964061737060547,False,4694
4714,2026-09-30,603127,-5.3965511322021484,True,
4715,2026-09-30,002512,-5.4063835144042969,False,4695
4716,2026-09-30,002768,-5.4065918922424316,False,4696
4717,2026-09-30,603737,-5.4102287292480469,False,4697
4718,2026-09-30,300017,-5.4173822402954102,False,4698
4719,2026-09-30,002139,-5.4183483123779297,False,4699
4720,2026-09-30,301079,-5.4188218116760254,False,4700
4721,2026-09-30,300522,-5.4470510482788086,False,4701
4722,2026-09-30,300746,-5.4564266204833984,False,4702
4723,2026-09-30,301356,-5.4576416015625,False,4703
4724,2026-09-30,688835,-5.4667577743530273,False,4704
4725,2026-09-30,000537,-5.4671168327331543,False,4705
4726,2026-09-30,688313,-5.4673223495483398,False,4706
4727,2026-09-30,002141,-5.4701604843139648,False,4707
4728,2026-09-30,002468,-5.4957742691040039,False,4708
4729,2026-09-30,300716,-5.5097475051879883,False,4709
4730,2026-09-30,300877,-5.514930248260498,False,4710
4731,2026-09-30,300395,-5.5168066024780273,False,4711
4732,2026-09-30,688256,-5.5246152877807617,False,4712
4733,2026-09-30,600505,-5.5275359153747559,False,4713
4734,2026-09-30,688785,-5.5475912094116211,False,4714
4735,2026-09-30,688167,-5.5606050491333008,False,4715
4736,2026-09-30,688783,-5.5611162185668945,False,4716
4737,2026-09-30,688339,-5.5948166847229004,False,4717
4738,2026-09-30,688212,-5.602363109588623,False,4718
4739,2026-09-30,300599,-5.6098647117614746,False,4719
4740,2026-09-30,002653,-5.6158323287963867,False,4720
4741,2026-09-30,000753,-5.6278152465820312,False,4721
4742,2026-09-30,600732,-5.6438288688659668,False,4722
4743,2026-09-30,301291,-5.6460962295532227,False,4723
4744,2026-09-30,688381,-5.6463718414306641,False,4724
4745,2026-09-30,300068,-5.6610703468322754,False,4725
4746,2026-09-30,603311,-5.6669673919677734,False,4726
4747,2026-09-30,003004,-5.6804585456848145,False,4727
4748,2026-09-30,300836,-5.6852169036865234,False,4728
4749,2026-09-30,301486,-5.6892552375793457,False,4729
4750,2026-09-30,002245,-5.6934242248535156,False,4730
4751,2026-09-30,002734,-5.6959109306335449,False,4731
4752,2026-09-30,300960,-5.6968693733215332,False,4732
4753,2026-09-30,688690,-5.6980791091918945,False,4733
4754,2026-09-30,003043,-5.7016324996948242,False,4734
4755,2026-09-30,000066,-5.7372393608093262,False,4735
4756,2026-09-30,002500,-5.7375936508178711,False,4736
4757,2026-09-30,000799,-5.7387218475341797,False,4737
4758,2026-09-30,603068,-5.7456469535827637,False,4738
4759,2026-09-30,000639,-5.7644720077514648,False,4739
4760,2026-09-30,300283,-5.774235725402832,False,4740
4761,2026-09-30,000068,-5.7912087440490723,False,4741
4762,2026-09-30,688297,-5.7952194213867188,False,4742
4763,2026-09-30,001696,-5.79864501953125,False,4743
4764,2026-09-30,688551,-5.8039689064025879,False,4744
4765,2026-09-30,300100,-5.8116364479064941,False,4745
4766,2026-09-30,688368,-5.8179917335510254,False,4746
4767,2026-09-30,301183,-5.8316001892089844,False,4747
4768,2026-09-30,603376,-5.8378705978393555,False,4748
4769,2026-09-30,300358,-5.853919506072998,False,4749
4770,2026-09-30,300251,-5.871708869934082,False,4750
4771,2026-09-30,300620,-5.8777041435241699,False,4751
4772,2026-09-30,688225,-5.8778586387634277,False,4752
4773,2026-09-30,600192,-5.8817481994628906,False,4753
4774,2026-09-30,688155,-5.9105730056762695,False,4754
4775,2026-09-30,300171,-5.9141855239868164,False,4755
4776,2026-09-30,300474,-5.9318242073059082,False,4756
4777,2026-09-30,002192,-5.9342479705810547,False,4757
4778,2026-09-30,002789,-5.9545793533325195,False,4758
4779,2026-09-30,000756,-5.9551048278808594,False,4759
4780,2026-09-30,603606,-5.9740238189697266,False,4760
4781,2026-09-30,002467,-5.9770183563232422,False,4761
4782,2026-09-30,601689,-5.9835710525512695,False,4762
4783,2026-09-30,688359,-5.9908051490783691,False,4763
4784,2026-09-30,301196,-5.9911012649536133,False,4764
4785,2026-09-30,600021,-5.9938945770263672,False,4765
4786,2026-09-30,002262,-6.0182209014892578,False,4766
4787,2026-09-30,300353,-6.0232653617858887,False,4767
4788,2026-09-30,001368,-6.0338068008422852,False,4768
4789,2026-09-30,002244,-6.0547280311584473,False,4769
4790,2026-09-30,301225,-6.0549697875976562,False,4770
4791,2026-09-30,603669,-6.0593795776367188,False,4771
4792,2026-09-30,605178,-6.0726461410522461,False,4772
4793,2026-09-30,688662,-6.0747098922729492,False,4773
4794,2026-09-30,300419,-6.108332633972168,False,4774
4795,2026-09-30,002339,-6.1206960678100586,False,4775
4796,2026-09-30,300737,-6.121650218963623,False,4776
4797,2026-09-30,000532,-6.129335880279541,False,4777
4798,2026-09-30,688123,-6.1545495986938477,False,4778
4799,2026-09-30,301061,-6.1577520370483398,False,4779
4800,2026-09-30,002773,-6.1677455902099609,False,4780
4801,2026-09-30,688630,-6.182100772857666,False,4781
4802,2026-09-30,600857,-6.1942710876464844,False,4782
4803,2026-09-30,600733,-6.1952424049377441,False,4783
4804,2026-09-30,301257,-6.2017560005187988,False,4784
4805,2026-09-30,688066,-6.2083883285522461,False,4785
4806,2026-09-30,300339,-6.21563720703125,False,4786
4807,2026-09-30,300054,-6.2279162406921387,False,4787
4808,2026-09-30,688188,-6.2442378997802734,False,4788
4809,2026-09-30,300765,-6.253326416015625,False,4789
4810,2026-09-30,300454,-6.2572484016418457,False,4790
4811,2026-09-30,002799,-6.258549690246582,False,4791
4812,2026-09-30,688008,-6.2629313468933105,False,4792
4813,2026-09-30,301207,-6.2657465934753418,False,4793
4814,2026-09-30,000630,-6.2766623497009277,False,4794
4815,2026-09-30,002846,-6.3336162567138672,False,4795
4816,2026-09-30,000002,-6.3453493118286133,False,4796
4817,2026-09-30,301233,-6.3546152114868164,False,4797
4818,2026-09-30,300876,-6.3638229370117188,False,4798
4819,2026-09-30,688292,-6.3734846115112305,False,4799
4820,2026-09-30,688426,-6.3754034042358398,False,4800
4821,2026-09-30,301333,-6.3809280395507812,False,4801
4822,2026-09-30,600186,-6.3874430656433105,False,4802
4823,2026-09-30,300853,-6.3948941230773926,False,4803
4824,2026-09-30,300984,-6.4178194999694824,False,4804
4825,2026-09-30,300409,-6.4312944412231445,False,4805
4826,2026-09-30,603038,-6.4563512802124023,False,4806
4827,2026-09-30,688608,-6.4618682861328125,False,4807
4828,2026-09-30,002735,-6.4844851493835449,False,4808
4829,2026-09-30,603122,-6.4904336929321289,False,4809
4830,2026-09-30,600403,-6.4941678047180176,False,4810
4831,2026-09-30,301228,-6.494624137878418,False,4811
4832,2026-09-30,603399,-6.5082440376281738,False,4812
4833,2026-09-30,300638,-6.5253772735595703,False,4813
4834,2026-09-30,603083,-6.5307803153991699,False,4814
4835,2026-09-30,300878,-6.5326805114746094,False,4815
4836,2026-09-30,002961,-6.5369424819946289,False,4816
4837,2026-09-30,688796,-6.5408387184143066,False,4817
4838,2026-09-30,600301,-6.5432548522949219,False,4818
4839,2026-09-30,301275,-6.546968936920166,False,4819
4840,2026-09-30,300772,-6.5569400787353516,False,4820
4841,2026-09-30,000506,-6.571678638458252,False,4821
4842,2026-09-30,603580,-6.5773453712463379,False,4822
4843,2026-09-30,688781,-6.5958757400512695,False,4823
4844,2026-09-30,002959,-6.5968475341796875,False,4824
4845,2026-09-30,603009,-6.6235041618347168,False,4825
4846,2026-09-30,002650,-6.6238298416137695,False,4826
4847,2026-09-30,600593,-6.6303520202636719,False,4827
4848,2026-09-30,300649,-6.6595840454101562,False,4828
4849,2026-09-30,603588,-6.6802544593811035,False,4829
4850,2026-09-30,002555,-6.7025346755981445,False,4830
4851,2026-09-30,000973,-6.7169718742370605,False,4831
4852,2026-09-30,688096,-6.7249240875244141,False,4832
4853,2026-09-30,300676,-6.7358055114746094,False,4833
4854,2026-09-30,002171,-6.7411022186279297,False,4834
4855,2026-09-30,300687,-6.7448153495788574,False,4835
4856,2026-09-30,300385,-6.7529067993164062,False,4836
4857,2026-09-30,301085,-6.7925434112548828,False,4837
4858,2026-09-30,300975,-6.7959613800048828,False,4838
4859,2026-09-30,301008,-6.8117685317993164,False,4839
4860,2026-09-30,002558,-6.8743295669555664,False,4840
4861,2026-09-30,300192,-6.895850658416748,False,4841
4862,2026-09-30,002761,-6.8971424102783203,False,4842
4863,2026-09-30,300951,-6.9072279930114746,False,4843
4864,2026-09-30,301382,-6.917971134185791,False,4844
4865,2026-09-30,002552,-6.9271974563598633,False,4845
4866,2026-09-30,301487,-6.9400415420532227,False,4846
4867,2026-09-30,601900,-6.9716577529907227,False,4847
4868,2026-09-30,603978,-6.9751267433166504,False,4848
4869,2026-09-30,002213,-7.0490450859069824,False,4849
4870,2026-09-30,301115,-7.0562067031860352,False,4850
4871,2026-09-30,300953,-7.0638027191162109,False,4851
4872,2026-09-30,603538,-7.0951695442199707,True,
4873,2026-09-30,688625,-7.1045856475830078,False,4852
4874,2026-09-30,688331,-7.142615795135498,False,4853
4875,2026-09-30,301550,-7.1534085273742676,False,4854
4876,2026-09-30,300073,-7.1571087837219238,False,4855
4877,2026-09-30,002703,-7.1731233596801758,False,4856
4878,2026-09-30,301396,-7.1952219009399414,False,4857
4879,2026-09-30,002300,-7.2170372009277344,False,4858
4880,2026-09-30,300016,-7.2235503196716309,False,4859
4881,2026-09-30,001323,-7.2556500434875488,False,4860
4882,2026-09-30,688702,-7.2564811706542969,False,4861
4883,2026-09-30,603407,-7.2610273361206055,False,4862
4884,2026-09-30,688678,-7.297210693359375,False,4863
4885,2026-09-30,301205,-7.3113336563110352,False,4864
4886,2026-09-30,300501,-7.3115568161010742,False,4865
4887,2026-09-30,300806,-7.3260583877563477,False,4866
4888,2026-09-30,300803,-7.3445653915405273,False,4867
4889,2026-09-30,300602,-7.3507862091064453,False,4868
4890,2026-09-30,600847,-7.364966869354248,False,4869
4891,2026-09-30,001376,-7.3736176490783691,False,4870
4892,2026-09-30,000400,-7.4392461776733398,False,4871
4893,2026-09-30,605088,-7.4463281631469727,False,4872
4894,2026-09-30,300473,-7.4505844116210938,False,4873
4895,2026-09-30,688099,-7.4650154113769531,False,4874
4896,2026-09-30,000668,-7.4692940711975098,False,4875
4897,2026-09-30,001399,-7.4699368476867676,False,4876
4898,2026-09-30,000692,-7.4780240058898926,True,
4899,2026-09-30,000700,-7.519556999206543,False,4877
4900,2026-09-30,301282,-7.5257062911987305,False,4878
4901,2026-09-30,002859,-7.5332489013671875,False,4879
4902,2026-09-30,600903,-7.5481224060058594,False,4880
4903,2026-09-30,600778,-7.5575242042541504,False,4881
4904,2026-09-30,000670,-7.5990281105041504,False,4882
4905,2026-09-30,603390,-7.6083507537841797,False,4883
4906,2026-09-30,600657,-7.6134257316589355,False,4884
4907,2026-09-30,600744,-7.6139621734619141,False,4885
4908,2026-09-30,603519,-7.6348361968994141,False,4886
4909,2026-09-30,002146,-7.6378097534179688,False,4887
4910,2026-09-30,600644,-7.6794705390930176,False,4888
4911,2026-09-30,688315,-7.6879849433898926,False,4889
4912,2026-09-30,001317,-7.7031292915344238,False,4890
4913,2026-09-30,300347,-7.7034749984741211,False,4891
4914,2026-09-30,002774,-7.746185302734375,False,4892
4915,2026-09-30,603259,-7.7658143043518066,False,4893
4916,2026-09-30,603920,-7.7732224464416504,False,4894
4917,2026-09-30,301678,-7.7867417335510254,False,4895
4918,2026-09-30,688026,-7.7951469421386719,False,4896
4919,2026-09-30,603004,-7.8185896873474121,False,4897
4920,2026-09-30,601015,-7.8235468864440918,False,4898
4921,2026-09-30,605069,-7.829033374786377,False,4899
4922,2026-09-30,688707,-7.838292121887207,False,4900
4923,2026-09-30,002741,-7.8495235443115234,False,4901
4924,2026-09-30,002669,-7.9141864776611328,False,4902
4925,2026-09-30,301373,-7.9424090385437012,False,4903
4926,2026-09-30,600770,-7.9490842819213867,False,4904
4927,2026-09-30,300572,-7.9517917633056641,False,4905
4928,2026-09-30,300363,-7.9606246948242188,False,4906
4929,2026-09-30,605398,-7.970125675201416,False,4907
4930,2026-09-30,300672,-7.9968771934509277,False,4908
4931,2026-09-30,000006,-8.0029869079589844,False,4909
4932,2026-09-30,688435,-8.0824146270751953,False,4910
4933,2026-09-30,300457,-8.0855331420898438,False,4911
4934,2026-09-30,301017,-8.1304531097412109,False,4912
4935,2026-09-30,688336,-8.1408824920654297,False,4913
4936,2026-09-30,301004,-8.1427459716796875,False,4914
4937,2026-09-30,000596,-8.1599254608154297,False,4915
4938,2026-09-30,301316,-8.1940193176269531,False,4916
4939,2026-09-30,688808,-8.195648193359375,False,4917
4940,2026-09-30,301119,-8.2054672241210938,False,4918
4941,2026-09-30,300212,-8.2151889801025391,False,4919
4942,2026-09-30,002543,-8.2279930114746094,False,4920
4943,2026-09-30,603833,-8.2354307174682617,False,4921
4944,2026-09-30,002082,-8.2554874420166016,False,4922
4945,2026-09-30,603629,-8.2563953399658203,False,4923
4946,2026-09-30,002708,-8.3300790786743164,False,4924
4947,2026-09-30,300369,-8.3615579605102539,False,4925
4948,2026-09-30,601026,-8.3667125701904297,False,4926
4949,2026-09-30,603278,-8.367884635925293,False,4927
4950,2026-09-30,002238,-8.3732242584228516,False,4928
4951,2026-09-30,600815,-8.3830909729003906,False,4929
4952,2026-09-30,600843,-8.3975381851196289,False,4930
4953,2026-09-30,688685,-8.4008140563964844,False,4931
4954,2026-09-30,688809,-8.4143590927124023,False,4932
4955,2026-09-30,000981,-8.4238338470458984,False,4933
4956,2026-09-30,300311,-8.4862804412841797,False,4934
4957,2026-09-30,300142,-8.4989471435546875,False,4935
4958,2026-09-30,300056,-8.5048389434814453,False,4936
4959,2026-09-30,600340,-8.5894393920898438,False,4937
4960,2026-09-30,688222,-8.5921087265014648,False,4938
4961,2026-09-30,600448,-8.6236495971679688,False,4939
4962,2026-09-30,301297,-8.6317110061645508,False,4940
4963,2026-09-30,301583,-8.6814632415771484,False,4941
4964,2026-09-30,300129,-8.6871623992919922,False,4942
4965,2026-09-30,688628,-8.6901140213012695,False,4943
4966,2026-09-30,000498,-8.7403898239135742,False,4944
4967,2026-09-30,002443,-8.7518672943115234,False,4945
4968,2026-09-30,688512,-8.7797794342041016,False,4946
4969,2026-09-30,002990,-8.8032264709472656,False,4947
4970,2026-09-30,603105,-8.8276042938232422,False,4948
4971,2026-09-30,603500,-8.8494119644165039,False,4949
4972,2026-09-30,002584,-8.8530197143554688,False,4950
4973,2026-09-30,301633,-8.8797016143798828,False,4951
4974,2026-09-30,688218,-8.9242820739746094,False,4952
4975,2026-09-30,001211,-8.9243850708007812,False,4953
4976,2026-09-30,600059,-8.9307136535644531,True,
4977,2026-09-30,600884,-8.9570713043212891,False,4954
4978,2026-09-30,002553,-8.9589920043945312,False,4955
4979,2026-09-30,000838,-9.0202083587646484,True,
4980,2026-09-30,301525,-9.0675334930419922,False,4956
4981,2026-09-30,002815,-9.068272590637207,False,4957
4982,2026-09-30,300905,-9.1030368804931641,False,4958
4983,2026-09-30,001388,-9.1150884628295898,False,4959
4984,2026-09-30,002913,-9.1361923217773438,False,4960
4985,2026-09-30,600663,-9.1555004119873047,True,
4986,2026-09-30,603328,-9.1971969604492188,False,4961
4987,2026-09-30,300368,-9.1980667114257812,False,4962
4988,2026-09-30,688789,-9.1985416412353516,False,4963
4989,2026-09-30,301217,-9.2752208709716797,False,4964
4990,2026-09-30,300909,-9.2759838104248047,False,4965
4991,2026-09-30,603999,-9.308100700378418,False,4966
4992,2026-09-30,300675,-9.3384113311767578,False,4967
4993,2026-09-30,688046,-9.3813352584838867,False,4968
4994,2026-09-30,003006,-9.4222469329833984,False,4969
4995,2026-09-30,000910,-9.4751739501953125,False,4970
4996,2026-09-30,603042,-9.4808130264282227,False,4971
4997,2026-09-30,301456,-9.5189790725708008,False,4972
4998,2026-09-30,300570,-9.5361099243164062,False,4973
4999,2026-09-30,300243,-9.5402698516845703,False,4974
5000,2026-09-30,688765,-9.6140899658203125,False,4975
5001,2026-09-30,301389,-9.6178722381591797,False,4976
5002,2026-09-30,002232,-9.6342830657958984,False,4977
5003,2026-09-30,301030,-9.664158821105957,False,4978
5004,2026-09-30,300890,-9.6724777221679688,False,4979
5005,2026-09-30,002068,-9.676091194152832,False,4980
5006,2026-09-30,000029,-9.6957120895385742,False,4981
5007,2026-09-30,603358,-9.6963129043579102,False,4982
5008,2026-09-30,688228,-9.7175827026367188,False,4983
5009,2026-09-30,688122,-9.7610969543457031,False,4984
5010,2026-09-30,002388,-9.7744274139404297,True,
5011,2026-09-30,002454,-9.7762374877929688,True,
5012,2026-09-30,688152,-9.8650226593017578,False,4985
5013,2026-09-30,301209,-9.9000778198242188,False,4986
5014,2026-09-30,300450,-9.9035415649414062,False,4987
5015,2026-09-30,688163,-9.9160251617431641,False,4988
5016,2026-09-30,601238,-9.9555950164794922,False,4989
5017,2026-09-30,603906,-9.9727516174316406,True,
5018,2026-09-30,600360,-9.9792881011962891,False,4990
5019,2026-09-30,603773,-10.002517700195312,False,4991
5020,2026-09-30,001206,-10.003835678100586,True,
5021,2026-09-30,688025,-10.010079383850098,False,4992
5022,2026-09-30,002074,-10.065960884094238,False,4993
5023,2026-09-30,002436,-10.106163024902344,False,4994
5024,2026-09-30,301150,-10.18341064453125,False,4995
5025,2026-09-30,002298,-10.188692092895508,False,4996
5026,2026-09-30,688660,-10.362056732177734,False,4997
5027,2026-09-30,300911,-10.365177154541016,False,4998
5028,2026-09-30,600325,-10.372150421142578,False,4999
5029,2026-09-30,300290,-10.392911911010742,False,5000
5030,2026-09-30,002821,-10.40705394744873,False,5001
5031,2026-09-30,688286,-10.415020942687988,False,5002
5032,2026-09-30,301132,-10.426690101623535,False,5003
5033,2026-09-30,600743,-10.443386077880859,False,5004
5034,2026-09-30,301099,-10.460474967956543,False,5005
5035,2026-09-30,600006,-10.517809867858887,False,5006
5036,2026-09-30,600641,-10.523007392883301,False,5007
5037,2026-09-30,600206,-10.523019790649414,False,5008
5038,2026-09-30,300489,-10.527194023132324,False,5009
5039,2026-09-30,002058,-10.538891792297363,True,
5040,2026-09-30,002093,-10.565144538879395,False,5010
5041,2026-09-30,603373,-10.587764739990234,False,5011
5042,2026-09-30,688755,-10.60084342956543,False,5012
5043,2026-09-30,000850,-10.6622314453125,False,5013
5044,2026-09-30,002164,-10.66346263885498,True,
5045,2026-09-30,002428,-10.663969039916992,False,5014
5046,2026-09-30,300199,-10.692193984985352,False,5015
5047,2026-09-30,603067,-10.714085578918457,False,5016
5048,2026-09-30,000020,-10.727127075195312,False,5017
5049,2026-09-30,603686,-10.853402137756348,False,5018
5050,2026-09-30,688593,-10.853998184204102,False,5019
5051,2026-09-30,002031,-10.892520904541016,False,5020
5052,2026-09-30,002439,-10.899415016174316,False,5021
5053,2026-09-30,300394,-10.934173583984375,False,5022
5054,2026-09-30,300182,-10.953423500061035,False,5023
5055,2026-09-30,300179,-10.956792831420898,False,5024
5056,2026-09-30,603928,-10.962503433227539,True,
5057,2026-09-30,688143,-10.965888023376465,False,5025
5058,2026-09-30,301511,-11.014432907104492,False,5026
5059,2026-09-30,001266,-11.078203201293945,True,
5060,2026-09-30,300759,-11.08155345916748,False,5027
5061,2026-09-30,688837,-11.190947532653809,False,5028
5062,2026-09-30,300569,-11.209360122680664,False,5029
5063,2026-09-30,605011,-11.258909225463867,True,
5064,2026-09-30,301529,-11.311830520629883,False,5030
5065,2026-09-30,688056,-11.385893821716309,False,5031
5066,2026-09-30,300659,-11.420967102050781,False,5032
5067,2026-09-30,600072,-11.431266784667969,True,
5068,2026-09-30,603636,-11.449725151062012,False,5033
5069,2026-09-30,688499,-11.468685150146484,False,5034
5070,2026-09-30,002849,-11.495904922485352,False,5035
5071,2026-09-30,603266,-11.504385948181152,False,5036
5072,2026-09-30,301419,-11.765412330627441,False,5037
5073,2026-09-30,002119,-11.768862724304199,False,5038
5074,2026-09-30,603693,-11.81294059753418,False,5039
5075,2026-09-30,001330,-11.930576324462891,False,5040
5076,2026-09-30,001400,-11.956530570983887,False,5041
5077,2026-09-30,688238,-11.963150024414062,False,5042
5078,2026-09-30,300702,-12.041837692260742,False,5043
5079,2026-09-30,688710,-12.046361923217773,False,5044
5080,2026-09-30,301230,-12.090595245361328,False,5045
5081,2026-09-30,300530,-12.105853080749512,False,5046
5082,2026-09-30,001326,-12.244325637817383,False,5047
5083,2026-09-30,301366,-12.332341194152832,False,5048
5084,2026-09-30,603968,-12.35834789276123,False,5049
5085,2026-09-30,300776,-12.406906127929688,False,5050
5086,2026-09-30,600121,-12.432744026184082,False,5051
5087,2026-09-30,688432,-12.476943016052246,False,5052
5088,2026-09-30,688655,-12.600439071655273,False,5053
5089,2026-09-30,002494,-12.617186546325684,False,5054
5090,2026-09-30,002617,-12.631158828735352,False,5055
5091,2026-09-30,600699,-12.638556480407715,False,5056
5092,2026-09-30,688082,-12.652750968933105,False,5057
5093,2026-09-30,000868,-12.713668823242188,False,5058
5094,2026-09-30,688073,-12.720497131347656,False,5059
5095,2026-09-30,300725,-12.77813720703125,False,5060
5096,2026-09-30,002303,-12.824029922485352,False,5061
5097,2026-09-30,001246,-12.912763595581055,False,5062
5098,2026-09-30,600721,-12.924057006835938,False,5063
5099,2026-09-30,300211,-12.927671432495117,False,5064
5100,2026-09-30,002205,-12.954931259155273,False,5065
5101,2026-09-30,300829,-12.973054885864258,False,5066
5102,2026-09-30,601208,-13.002899169921875,False,5067
5103,2026-09-30,688293,-13.016256332397461,False,5068
5104,2026-09-30,605378,-13.047246932983398,False,5069
5105,2026-09-30,600367,-13.061567306518555,False,5070
5106,2026-09-30,301262,-13.084304809570312,False,5071
5107,2026-09-30,600207,-13.17705249786377,False,5072
5108,2026-09-30,000513,-13.374616622924805,False,5073
5109,2026-09-30,603230,-13.384690284729004,False,5074
5110,2026-09-30,300741,-13.397143363952637,False,5075
5111,2026-09-30,603657,-13.464067459106445,False,5076
5112,2026-09-30,002636,-13.478782653808594,False,5077
5113,2026-09-30,300893,-13.545164108276367,True,
5114,2026-09-30,300301,-13.548770904541016,False,5078
5115,2026-09-30,000993,-13.557705879211426,False,5079
5116,2026-09-30,300404,-13.596124649047852,False,5080
5117,2026-09-30,300285,-13.609806060791016,False,5081
5118,2026-09-30,605388,-13.625483512878418,True,
5119,2026-09-30,301122,-13.638927459716797,False,5082
5120,2026-09-30,002316,-13.731016159057617,True,
5121,2026-09-30,600418,-13.740602493286133,False,5083
5122,2026-09-30,002803,-13.79576301574707,False,5084
5123,2026-09-30,605288,-13.822385787963867,True,
5124,2026-09-30,300862,-13.891403198242188,False,5085
5125,2026-09-30,002188,-14.029069900512695,True,
5126,2026-09-30,600719,-14.048060417175293,False,5086
5127,2026-09-30,603400,-14.058462142944336,False,5087
5128,2026-09-30,300642,-14.178460121154785,False,5088
5129,2026-09-30,603757,-14.221542358398438,False,5089
5130,2026-09-30,301310,-14.272895812988281,False,5090
5131,2026-09-30,688004,-14.354172706604004,False,5091
5132,2026-09-30,603248,-14.492687225341797,False,5092
5133,2026-09-30,002172,-14.700145721435547,False,5093
5134,2026-09-30,600488,-14.700332641601562,False,5094
5135,2026-09-30,603626,-14.741098403930664,False,5095
5136,2026-09-30,600241,-14.780696868896484,True,
5137,2026-09-30,688175,-14.792886734008789,False,5096
5138,2026-09-30,688806,-14.860804557800293,True,
5139,2026-09-30,000823,-14.871071815490723,False,5097
5140,2026-09-30,002212,-15.01179027557373,False,5098
5141,2026-09-30,601091,-15.059122085571289,False,5099
5142,2026-09-30,000980,-15.34514331817627,False,5100
5143,2026-09-30,600032,-15.403525352478027,False,5101
5144,2026-09-30,300981,-15.449213027954102,False,5102
5145,2026-09-30,600592,-15.489437103271484,True,
5146,2026-09-30,301560,-15.530970573425293,False,5103
5147,2026-09-30,002640,-15.54316520690918,False,5104
5148,2026-09-30,688356,-15.822769165039062,False,5105
5149,2026-09-30,688265,-16.230949401855469,False,5106
5150,2026-09-30,300443,-16.346477508544922,False,5107
5151,2026-09-30,301520,-16.449684143066406,False,5108
5152,2026-09-30,000739,-16.542533874511719,False,5109
5153,2026-09-30,002866,-16.780544281005859,True,
5154,2026-09-30,301218,-16.925497055053711,False,5110
5155,2026-09-30,300917,-16.943572998046875,False,5111
5156,2026-09-30,600503,-17.034252166748047,False,5112
5157,2026-09-30,301699,-17.255298614501953,False,5113
5158,2026-09-30,000710,-17.422506332397461,True,
5159,2026-09-30,605258,-17.503320693969727,False,5114
5160,2026-09-30,603200,-17.534891128540039,True,
5161,2026-09-30,300413,-17.629245758056641,False,5115
5162,2026-09-30,002882,-17.830205917358398,False,5116
5163,2026-09-30,600356,-17.971920013427734,True,
5164,2026-09-30,301689,-18.156423568725586,False,5117
5165,2026-09-30,605058,-18.187061309814453,False,5118
5166,2026-09-30,300162,-18.261861801147461,False,5119
5167,2026-09-30,000592,-18.289823532104492,False,5120
5168,2026-09-30,002242,-18.489076614379883,True,
5169,2026-09-30,600081,-18.575675964355469,True,
5170,2026-09-30,603188,-18.646450042724609,True,
5171,2026-09-30,600707,-18.659934997558594,False,5121
5172,2026-09-30,002580,-18.917636871337891,False,5122
5173,2026-09-30,002836,-19.51982307434082,False,5123
5174,2026-09-30,002679,-19.726482391357422,False,5124
5175,2026-09-30,300684,-20.164102554321289,False,5125
5176,2026-09-30,603949,-20.346494674682617,False,5126
5177,2026-09-30,301155,-20.596160888671875,False,5127
5178,2026-09-30,300207,-20.71348762512207,False,5128
5179,2026-09-30,300804,-20.788619995117188,False,5129
5180,2026-09-30,301716,-20.803579330444336,False,5130
5181,2026-09-30,600363,-21.07342529296875,False,5131
5182,2026-09-30,301080,-21.556615829467773,False,5132
5183,2026-09-30,002962,-21.598714828491211,True,
5184,2026-09-30,300850,-22.066997528076172,False,5133
5185,2026-09-30,002912,-22.236003875732422,False,5134
5186,2026-09-30,603092,-22.707374572753906,False,5135
5187,2026-09-30,301047,-23.168712615966797,False,5136
5188,2026-09-30,300300,-23.324058532714844,False,5137
5189,2026-09-30,601086,-23.35047721862793,False,5138
5190,2026-09-30,300690,-23.564239501953125,False,5139
5191,2026-09-30,301311,-23.778221130371094,False,5140
5192,2026-09-30,300904,-23.82200813293457,False,5141
5193,2026-09-30,603073,-23.999000549316406,False,5142
5194,2026-09-30,000560,-24.052196502685547,False,5143
5195,2026-09-30,300647,-24.069908142089844,False,5144
5196,2026-09-30,000678,-24.205093383789062,True,
5197,2026-09-30,002531,-24.238849639892578,False,5145
5198,2026-09-30,301234,-24.733890533447266,False,5146
5199,2026-09-30,688185,-25.459384918212891,True,
5200,2026-09-30,002614,-25.545482635498047,False,5147
5201,2026-09-30,601811,-25.972402572631836,False,5148
5202,2026-09-30,301513,-26.315095901489258,False,5149
5203,2026-09-30,301190,-26.622529983520508,True,
5204,2026-09-30,688244,-27.913738250732422,False,5150
5205,2026-09-30,001216,-30.394638061523438,False,5151
5206,2026-09-30,601218,-31.16752815246582,False,5152
5207,2026-09-30,000504,-31.976160049438477,True,
5208,2026-09-30,000011,-31.980106353759766,True,
5209,2026-09-30,605366,-32.126380920410156,False,5153
5210,2026-09-30,600802,-32.825714111328125,False,5154
5211,2026-09-30,002717,-33.105949401855469,False,5155
5212,2026-09-30,002487,-33.280990600585938,False,5156
5213,2026-09-30,688137,-34.016407012939453,False,5157
