rank_all,date,code,signal,close_limit_up,rank_ex_limit_up
1,2026-09-24,000019,17.643412170915006,False,1
2,2026-09-24,600251,15.564843235532189,False,2
3,2026-09-24,002855,15.197910390673618,False,3
4,2026-09-24,000523,15.128017136718066,False,4
5,2026-09-24,000911,14.686684328659965,False,5
6,2026-09-24,601118,14.67087611795418,False,6
7,2026-09-24,000017,14.133712453128114,False,7
8,2026-09-24,600313,13.971507328791702,False,8
9,2026-09-24,000505,13.867041643897666,False,9
10,2026-09-24,000430,13.591441601919023,False,10
11,2026-09-24,002852,13.445131556709679,False,11
12,2026-09-24,002470,13.398089461035759,False,12
13,2026-09-24,000972,13.365098702446833,False,13
14,2026-09-24,603123,13.292240090849727,False,14
15,2026-09-24,002637,13.065676434172442,False,15
16,2026-09-24,002041,12.585867240910309,False,16
17,2026-09-24,301058,12.417561784296026,False,17
18,2026-09-24,000735,12.291455333525928,False,18
19,2026-09-24,002286,12.1249032334979,False,19
20,2026-09-24,000812,12.069572115108311,False,20
21,2026-09-24,601366,12.001098423343866,False,21
22,2026-09-24,603721,11.860906990933755,False,22
23,2026-09-24,002548,11.808921299760044,False,23
24,2026-09-24,300189,11.807308503368141,False,24
25,2026-09-24,002481,11.672588597545918,False,25
26,2026-09-24,600825,11.501333542177564,True,
27,2026-09-24,600540,11.446445881193707,False,26
28,2026-09-24,603113,11.32753691737957,False,27
29,2026-09-24,600865,11.127643691311587,False,28
30,2026-09-24,300381,11.067855548833839,False,29
31,2026-09-24,000716,11.055150012460503,False,30
32,2026-09-24,600610,11.019607346080724,False,31
33,2026-09-24,002561,10.960748884382015,False,32
34,2026-09-24,300106,10.860561628202142,False,33
35,2026-09-24,300387,10.855867693333963,False,34
36,2026-09-24,002982,10.81498587262254,False,35
37,2026-09-24,002412,10.605679219225848,False,36
38,2026-09-24,001366,10.558710539144494,False,37
39,2026-09-24,603132,10.555026087884608,False,38
40,2026-09-24,000931,10.456873552148211,False,39
41,2026-09-24,002820,10.454093657022449,False,40
42,2026-09-24,600318,10.376247031591532,False,41
43,2026-09-24,600272,10.370699010860079,False,42
44,2026-09-24,600969,10.361477223620078,False,43
45,2026-09-24,000998,10.359500133043419,False,44
46,2026-09-24,603161,10.282717661067746,False,45
47,2026-09-24,002952,10.24464453977493,False,46
48,2026-09-24,300922,10.21915663009379,False,47
49,2026-09-24,002224,10.13881982379173,False,48
50,2026-09-24,003040,10.125385203224543,False,49
51,2026-09-24,603318,10.048633561045413,False,50
52,2026-09-24,002910,10.027315194596365,False,51
53,2026-09-24,600892,9.9915543365715109,False,52
54,2026-09-24,603188,9.9338178861446504,False,53
55,2026-09-24,300970,9.8115821027178463,False,54
56,2026-09-24,688152,9.7954516486549927,False,55
57,2026-09-24,600613,9.7517167533951561,False,56
58,2026-09-24,301539,9.7124505911493451,False,57
59,2026-09-24,600844,9.6890073493686586,False,58
60,2026-09-24,300788,9.6884022200229971,False,59
61,2026-09-24,001299,9.6162252037622444,False,60
62,2026-09-24,000626,9.6072996153987731,False,61
63,2026-09-24,000702,9.6030873343604775,False,62
64,2026-09-24,000985,9.5358691238996673,False,63
65,2026-09-24,001201,9.5293211939352993,False,64
66,2026-09-24,600508,9.5231938232896418,False,65
67,2026-09-24,002772,9.4969742133787598,False,66
68,2026-09-24,002458,9.4534095462208327,False,67
69,2026-09-24,603395,9.399850204483652,False,68
70,2026-09-24,002385,9.2777433117647838,False,69
71,2026-09-24,605108,9.2684581399586694,False,70
72,2026-09-24,600598,9.2437163937264124,False,71
73,2026-09-24,002159,9.1544808728956077,False,72
74,2026-09-24,300094,9.0970814050302664,False,73
75,2026-09-24,300709,9.0864072230648461,False,74
76,2026-09-24,000779,9.073993456722075,False,75
77,2026-09-24,603976,9.0509193047476302,False,76
78,2026-09-24,300313,9.0369087819453888,False,77
79,2026-09-24,002828,9.0197055842125895,False,78
80,2026-09-24,600227,8.9897405266613681,False,79
81,2026-09-24,000061,8.9836920802895861,False,80
82,2026-09-24,002888,8.969598285205123,False,81
83,2026-09-24,605567,8.9530562629252977,False,82
84,2026-09-24,600785,8.9512845394133294,False,83
85,2026-09-24,003013,8.9327364787595993,False,84
86,2026-09-24,001318,8.9093155498946466,False,85
87,2026-09-24,300898,8.8493870154960241,False,86
88,2026-09-24,601083,8.8380512940566085,False,87
89,2026-09-24,603778,8.8284035204203946,False,88
90,2026-09-24,300830,8.8213405317882412,False,89
91,2026-09-24,002567,8.8147288012842324,False,90
92,2026-09-24,000949,8.7846637034167756,False,91
93,2026-09-24,002743,8.7765800803023897,False,92
94,2026-09-24,300889,8.7369536850399481,False,93
95,2026-09-24,600097,8.7218456115858949,False,94
96,2026-09-24,301156,8.7096694839774749,False,95
97,2026-09-24,601929,8.6915691837623505,False,96
98,2026-09-24,600828,8.6785074969039542,False,97
99,2026-09-24,603880,8.667114063230251,False,98
100,2026-09-24,002556,8.6555213199747509,False,99
101,2026-09-24,002418,8.6545703692288996,False,100
102,2026-09-24,300640,8.5895500165802812,False,101
103,2026-09-24,688629,8.580142077295541,False,102
104,2026-09-24,300583,8.5521031784509987,False,103
105,2026-09-24,002186,8.5377044324781295,False,104
106,2026-09-24,002107,8.514596207360281,False,105
107,2026-09-24,000798,8.4936230760064895,False,106
108,2026-09-24,603390,8.4761609632509032,False,107
109,2026-09-24,300335,8.4574460683741801,False,108
110,2026-09-24,002234,8.425985540972615,False,109
111,2026-09-24,301337,8.4255614578858236,False,110
112,2026-09-24,000888,8.4159755545553345,False,111
113,2026-09-24,002995,8.4091123383943245,False,112
114,2026-09-24,002291,8.406976781046902,False,113
115,2026-09-24,002691,8.3650859683293053,False,114
116,2026-09-24,002856,8.3524142881130423,False,115
117,2026-09-24,603101,8.3521571050010834,False,116
118,2026-09-24,600249,8.3486202356099355,False,117
119,2026-09-24,000929,8.3256140488529127,False,118
120,2026-09-24,002742,8.3225171929579531,False,119
121,2026-09-24,601952,8.3190434105034665,False,120
122,2026-09-24,603860,8.3166165504726131,False,121
123,2026-09-24,000759,8.3069042944548439,False,122
124,2026-09-24,601858,8.3065818038329553,False,123
125,2026-09-24,600327,8.2999175604729984,False,124
126,2026-09-24,300892,8.2702369360433572,False,125
127,2026-09-24,300997,8.261424238447276,False,126
128,2026-09-24,000890,8.2235955595862649,False,127
129,2026-09-24,600838,8.2233110405848446,False,128
130,2026-09-24,003011,8.2215642397936843,False,129
131,2026-09-24,603106,8.2070971374105994,False,130
132,2026-09-24,300875,8.176119607370584,False,131
133,2026-09-24,600975,8.1675714819096275,False,132
134,2026-09-24,603406,8.1229683232493208,False,133
135,2026-09-24,300987,8.122515496811106,False,134
136,2026-09-24,002613,8.1193521667728472,False,135
137,2026-09-24,600992,8.1160365311244096,False,136
138,2026-09-24,002571,8.0891298457325824,False,137
139,2026-09-24,605179,8.0722104336126694,False,138
140,2026-09-24,002652,8.0475521259297214,False,139
141,2026-09-24,000952,8.0428664209976191,False,140
142,2026-09-24,000878,8.031481826534133,False,141
143,2026-09-24,002661,8.0210553401598936,False,142
144,2026-09-24,603729,8.0191211042903667,False,143
145,2026-09-24,002265,8.0067530678026078,False,144
146,2026-09-24,002437,7.9963077471349946,False,145
147,2026-09-24,688087,7.9946857794907018,False,146
148,2026-09-24,603536,7.9842644112231476,False,147
149,2026-09-24,600543,7.9612073345298713,False,148
150,2026-09-24,600692,7.9388641015353301,False,149
151,2026-09-24,600965,7.90984352470125,False,150
152,2026-09-24,003042,7.8690552271408443,False,151
153,2026-09-24,300967,7.8519726744249105,False,152
154,2026-09-24,300824,7.849339486537783,False,153
155,2026-09-24,000558,7.8187616310974697,False,154
156,2026-09-24,300707,7.8072775381122677,False,155
157,2026-09-24,002778,7.8048916368137302,False,156
158,2026-09-24,601007,7.7912476540355282,False,157
159,2026-09-24,300854,7.7856449935837277,False,158
160,2026-09-24,001338,7.7421324188916421,False,159
161,2026-09-24,002258,7.7304615728025343,False,160
162,2026-09-24,603879,7.7265305182549104,False,161
163,2026-09-24,301062,7.6897198230074357,False,162
164,2026-09-24,301006,7.6887095310223286,False,163
165,2026-09-24,002660,7.6550243221291563,False,164
166,2026-09-24,002746,7.6530372905946313,False,165
167,2026-09-24,600936,7.6511857895363686,False,166
168,2026-09-24,300175,7.641617098461535,False,167
169,2026-09-24,301025,7.6413237558104061,False,168
170,2026-09-24,301043,7.6396490502233965,False,169
171,2026-09-24,603022,7.6306737958248094,False,170
172,2026-09-24,301399,7.57694416463805,False,171
173,2026-09-24,600257,7.5620312193385821,False,172
174,2026-09-24,002306,7.5474913656668612,False,173
175,2026-09-24,600824,7.5273996285473803,False,174
176,2026-09-24,002543,7.5249843504510334,False,175
177,2026-09-24,603739,7.4975663238247474,False,176
178,2026-09-24,300722,7.4956619242329872,False,177
179,2026-09-24,603869,7.4796877860708264,False,178
180,2026-09-24,600547,7.4642550155093979,False,179
181,2026-09-24,002942,7.4384560801760085,False,180
182,2026-09-24,603095,7.4300612179617822,False,181
183,2026-09-24,600354,7.4154229577152435,False,182
184,2026-09-24,002868,7.4117770632141866,False,183
185,2026-09-24,603779,7.4115436874201386,False,184
186,2026-09-24,600714,7.4037385167029512,False,185
187,2026-09-24,000813,7.3994384855465354,False,186
188,2026-09-24,600463,7.3988114487077823,False,187
189,2026-09-24,000816,7.3980188121173374,False,188
190,2026-09-24,603102,7.3959335754024664,False,189
191,2026-09-24,600467,7.393605440260977,False,190
192,2026-09-24,000968,7.3646325525109564,False,191
193,2026-09-24,002629,7.3316778570826582,False,192
194,2026-09-24,301288,7.3186745811699634,False,193
195,2026-09-24,688338,7.3114676067295603,False,194
196,2026-09-24,002700,7.3055365016283229,False,195
197,2026-09-24,601700,7.3031943412144225,False,196
198,2026-09-24,600858,7.2672373054495605,False,197
199,2026-09-24,301257,7.2413163721529425,False,198
200,2026-09-24,688565,7.2393580398621182,False,199
201,2026-09-24,000856,7.2326537853919257,False,200
202,2026-09-24,300577,7.2286100914754314,False,201
203,2026-09-24,002165,7.226969379994971,False,202
204,2026-09-24,603322,7.2093719869899164,False,203
205,2026-09-24,603059,7.2030010395567254,False,204
206,2026-09-24,603982,7.2002859185178236,False,205
207,2026-09-24,002072,7.1916080146840882,False,206
208,2026-09-24,600594,7.1895184471373224,False,207
209,2026-09-24,600333,7.1847339462533384,False,208
210,2026-09-24,603980,7.1844891494583356,False,209
211,2026-09-24,603079,7.1782269436776414,False,210
212,2026-09-24,301298,7.1327140519367509,False,211
213,2026-09-24,603616,7.1163376179770621,False,212
214,2026-09-24,002166,7.1002708911703394,False,213
215,2026-09-24,300612,7.0988571988001095,False,214
216,2026-09-24,300268,7.0908744261419114,False,215
217,2026-09-24,600706,7.0898277598015342,False,216
218,2026-09-24,002644,7.0888345057426694,False,217
219,2026-09-24,000632,7.0866441776114666,False,218
220,2026-09-24,603727,7.0833898737926368,False,219
221,2026-09-24,600280,7.0761702488656235,False,220
222,2026-09-24,603477,7.0649418061164759,False,221
223,2026-09-24,001231,7.0543713969664417,False,222
224,2026-09-24,603331,7.052797490374898,False,223
225,2026-09-24,600419,7.0479933856025152,False,224
226,2026-09-24,603359,7.0383841708535737,False,225
227,2026-09-24,603258,7.0370325504852644,False,226
228,2026-09-24,603696,7.035256981533732,False,227
229,2026-09-24,301552,7.0325597950600347,False,228
230,2026-09-24,000902,7.0308491962109549,False,229
231,2026-09-24,600989,6.9767525494938676,False,230
232,2026-09-24,300254,6.9698477336001021,False,231
233,2026-09-24,300578,6.9456595620150781,False,232
234,2026-09-24,003029,6.9427476186878838,False,233
235,2026-09-24,603089,6.9341544692037127,False,234
236,2026-09-24,002094,6.9319983428896483,False,235
237,2026-09-24,002329,6.9298796788128056,False,236
238,2026-09-24,688701,6.9235296243813247,False,237
239,2026-09-24,301206,6.9083615211091045,False,238
240,2026-09-24,688039,6.8984553306756844,False,239
241,2026-09-24,000722,6.8980217404170894,False,240
242,2026-09-24,605033,6.8849175819489661,False,241
243,2026-09-24,001222,6.8821415740210066,False,242
244,2026-09-24,301533,6.8746035340585836,False,243
245,2026-09-24,688022,6.8642016555322876,False,244
246,2026-09-24,002105,6.8585442598487916,False,245
247,2026-09-24,002357,6.8360158628472902,False,246
248,2026-09-24,300448,6.8346286532972949,False,247
249,2026-09-24,000014,6.8296938431693235,False,248
250,2026-09-24,002278,6.825877287857204,False,249
251,2026-09-24,002081,6.8236662285708052,False,250
252,2026-09-24,301116,6.8177084054878421,False,251
253,2026-09-24,603668,6.7873090775906508,False,252
254,2026-09-24,002547,6.7826916761287599,False,253
255,2026-09-24,002686,6.7754805927662014,False,254
256,2026-09-24,001278,6.7733976397735693,False,255
257,2026-09-24,605388,6.7687177448795985,False,256
258,2026-09-24,603506,6.7594441157304423,False,257
259,2026-09-24,002355,6.7490838327834028,False,258
260,2026-09-24,603719,6.7474067875310819,False,259
261,2026-09-24,301158,6.7435679308622447,False,260
262,2026-09-24,000526,6.7377103287372346,False,261
263,2026-09-24,000712,6.7360033957672254,False,262
264,2026-09-24,002986,6.7303905324361022,False,263
265,2026-09-24,000153,6.7303246000632235,False,264
266,2026-09-24,000698,6.7244157389846482,False,265
267,2026-09-24,300079,6.7209193778361556,False,266
268,2026-09-24,000788,6.7207120444926414,False,267
269,2026-09-24,603030,6.6973512821483858,False,268
270,2026-09-24,001325,6.6973111280439657,False,269
271,2026-09-24,002817,6.6956116718952225,False,270
272,2026-09-24,603886,6.6859953470045053,False,271
273,2026-09-24,002188,6.6798454094239688,False,272
274,2026-09-24,301027,6.6788320314803711,False,273
275,2026-09-24,000995,6.6702888489544181,False,274
276,2026-09-24,300781,6.669961913999801,False,275
277,2026-09-24,603968,6.6526216329627745,False,276
278,2026-09-24,301159,6.6503399711465807,False,277
279,2026-09-24,300992,6.6502871191671939,False,278
280,2026-09-24,600075,6.6468828570710334,False,279
281,2026-09-24,002873,6.6459000381706188,False,280
282,2026-09-24,002923,6.6403917774682242,False,281
283,2026-09-24,300500,6.6388727737719213,False,282
284,2026-09-24,603619,6.6385199776387083,False,283
285,2026-09-24,600073,6.6375112620800545,False,284
286,2026-09-24,002627,6.6345537623483324,False,285
287,2026-09-24,002157,6.6342893480611771,False,286
288,2026-09-24,002121,6.6331533888079033,False,287
289,2026-09-24,605337,6.6311777061592601,False,288
290,2026-09-24,002570,6.6227561034353828,False,289
291,2026-09-24,002758,6.6059716225553471,False,290
292,2026-09-24,000903,6.6052646529817949,False,291
293,2026-09-24,000586,6.6030505734041416,False,292
294,2026-09-24,300653,6.5990308078822926,False,293
295,2026-09-24,605007,6.5984277383308596,False,294
296,2026-09-24,002596,6.597040844283109,False,295
297,2026-09-24,002719,6.5897711587076282,False,296
298,2026-09-24,300588,6.5827621110399628,False,297
299,2026-09-24,002857,6.5822544692356502,False,298
300,2026-09-24,603128,6.5782719697088385,False,299
301,2026-09-24,603338,6.5725705985022138,False,300
302,2026-09-24,002880,6.5689117715576089,False,301
303,2026-09-24,300546,6.5655526546231187,False,302
304,2026-09-24,002114,6.5633569776388985,False,303
305,2026-09-24,603016,6.559608872860287,False,304
306,2026-09-24,002347,6.5544485890696151,False,305
307,2026-09-24,603895,6.5439510028530838,False,306
308,2026-09-24,301239,6.5254093701041285,False,307
309,2026-09-24,301009,6.5222491692226541,False,308
310,2026-09-24,002215,6.5129961641087455,False,309
311,2026-09-24,603385,6.5023201909467172,False,310
312,2026-09-24,603600,6.5003256145201318,False,311
313,2026-09-24,002953,6.4922313605042072,False,312
314,2026-09-24,000421,6.4688842990431148,False,313
315,2026-09-24,300941,6.4687561481874889,False,314
316,2026-09-24,002908,6.4639690693592646,False,315
317,2026-09-24,601168,6.4585468645711925,False,316
318,2026-09-24,301037,6.4526117046991542,False,317
319,2026-09-24,002227,6.4436587976214001,False,318
320,2026-09-24,002330,6.4365374879286605,False,319
321,2026-09-24,002538,6.4353574957034994,False,320
322,2026-09-24,605339,6.4277604207416035,False,321
323,2026-09-24,603797,6.4215092303765697,False,322
324,2026-09-24,600657,6.4172849402494858,False,323
325,2026-09-24,301040,6.4144198878797836,False,324
326,2026-09-24,002390,6.4091933429331949,False,325
327,2026-09-24,000683,6.3998383608884017,False,326
328,2026-09-24,300753,6.3958955632799368,False,327
329,2026-09-24,001965,6.3953469508797003,False,328
330,2026-09-24,603730,6.3822707065277688,False,329
331,2026-09-24,002229,6.3760438748305992,False,330
332,2026-09-24,300152,6.3737422861612094,False,331
333,2026-09-24,002012,6.3721596251941124,False,332
334,2026-09-24,600310,6.3718964303159611,False,333
335,2026-09-24,002732,6.3540339044809366,False,334
336,2026-09-24,301556,6.3438874145160593,False,335
337,2026-09-24,603448,6.341946211777354,False,336
338,2026-09-24,301052,6.3302158575011633,False,337
339,2026-09-24,002862,6.3266372937306885,False,338
340,2026-09-24,301591,6.3196289161827295,False,339
341,2026-09-24,300565,6.3129171226718022,False,340
342,2026-09-24,600774,6.3097913279122908,False,341
343,2026-09-24,600300,6.3085338272782323,False,342
344,2026-09-24,600860,6.3071339396952686,False,343
345,2026-09-24,300859,6.2951339211545028,False,344
346,2026-09-24,300837,6.2831467940589105,False,345
347,2026-09-24,300884,6.2416925604732016,False,346
348,2026-09-24,300250,6.224757470374616,False,347
349,2026-09-24,603789,6.2160480721369851,False,348
350,2026-09-24,002133,6.1954192509865234,False,349
351,2026-09-24,002211,6.1904591070795743,False,350
352,2026-09-24,000572,6.1790371858966324,False,351
353,2026-09-24,600103,6.1612352283801499,False,352
354,2026-09-24,300030,6.1587768244992596,False,353
355,2026-09-24,600423,6.156725353902762,False,354
356,2026-09-24,002575,6.1510653917861333,False,355
357,2026-09-24,600883,6.1491023360226951,False,356
358,2026-09-24,601061,6.1454311545363032,False,357
359,2026-09-24,300880,6.1324002076265653,False,358
360,2026-09-24,603758,6.1274047677995842,False,359
361,2026-09-24,301429,6.1215389915455738,False,360
362,2026-09-24,603189,6.0967631123440054,False,361
363,2026-09-24,688075,6.0635126671545514,False,362
364,2026-09-24,000037,6.054047399754765,False,363
365,2026-09-24,301089,6.0353675868680607,False,364
366,2026-09-24,300807,6.0318488318637318,False,365
367,2026-09-24,300386,6.028975579227736,False,366
368,2026-09-24,002696,6.0229461774983122,False,367
369,2026-09-24,300838,5.9992770196533796,False,368
370,2026-09-24,300945,5.9962353770197252,False,369
371,2026-09-24,002209,5.9899827134305088,False,370
372,2026-09-24,301103,5.9785851179566096,False,371
373,2026-09-24,300813,5.9702461421858732,False,372
374,2026-09-24,603255,5.9653753743980689,False,373
375,2026-09-24,002766,5.961912105228893,False,374
376,2026-09-24,603017,5.9525228872615203,False,375
377,2026-09-24,603327,5.9476830804397487,False,376
378,2026-09-24,603378,5.9384646729052148,False,377
379,2026-09-24,300871,5.9360695030479285,False,378
380,2026-09-24,300214,5.9314871571628593,False,379
381,2026-09-24,603351,5.9117007243101698,False,380
382,2026-09-24,300783,5.9097609499063513,False,381
383,2026-09-24,600800,5.9023222287705837,False,382
384,2026-09-24,000590,5.8851113634464305,False,383
385,2026-09-24,300605,5.883224938591054,False,384
386,2026-09-24,600018,5.8783643894075723,False,385
387,2026-09-24,300535,5.8673435481794343,False,386
388,2026-09-24,603682,5.8672191391236428,False,387
389,2026-09-24,000533,5.8610319405558844,False,388
390,2026-09-24,000705,5.8603854284178105,False,389
391,2026-09-24,603043,5.8443319637041196,False,390
392,2026-09-24,300468,5.8352466821045219,False,391
393,2026-09-24,000529,5.8307073506694156,False,392
394,2026-09-24,002825,5.8264893355866638,False,393
395,2026-09-24,002930,5.8211990914755782,False,394
396,2026-09-24,300865,5.8204202988958986,False,395
397,2026-09-24,603168,5.8194679427370399,False,396
398,2026-09-24,603096,5.8104053598859675,False,397
399,2026-09-24,688612,5.804511162308966,False,398
400,2026-09-24,301098,5.8009296299301152,False,399
401,2026-09-24,001208,5.7976969484953527,False,400
402,2026-09-24,301309,5.7891324629530097,False,401
403,2026-09-24,000524,5.7819178954442583,False,402
404,2026-09-24,300194,5.7807662838558516,False,403
405,2026-09-24,605089,5.7789916040957952,False,404
406,2026-09-24,002512,5.7730224544192481,False,405
407,2026-09-24,603585,5.764822266201965,False,406
408,2026-09-24,300452,5.7576390547444696,False,407
409,2026-09-24,601116,5.7486076130843617,False,408
410,2026-09-24,300858,5.7443539485409554,False,409
411,2026-09-24,603029,5.7380628732510708,False,410
412,2026-09-24,001395,5.7254682858489385,False,411
413,2026-09-24,000919,5.7198315677083666,False,412
414,2026-09-24,600128,5.7139351700620526,False,413
415,2026-09-24,002688,5.7122120776503582,False,414
416,2026-09-24,603466,5.6868505400580425,False,415
417,2026-09-24,002092,5.6858694037956869,False,416
418,2026-09-24,600346,5.6847779998366139,False,417
419,2026-09-24,300994,5.6725240541740511,False,418
420,2026-09-24,600386,5.6693490644655009,False,419
421,2026-09-24,603182,5.6666959898136735,False,420
422,2026-09-24,605136,5.6633187121042683,False,421
423,2026-09-24,301395,5.6632676086956693,False,422
424,2026-09-24,301231,5.6623384551041784,False,423
425,2026-09-24,002545,5.6590858462468399,False,424
426,2026-09-24,601038,5.6443470400900448,False,425
427,2026-09-24,601212,5.6286195162908452,False,426
428,2026-09-24,600617,5.6281967691601462,False,427
429,2026-09-24,600388,5.6200136478764318,False,428
430,2026-09-24,301208,5.6143499124767313,False,429
431,2026-09-24,603708,5.613227919136806,False,430
432,2026-09-24,000955,5.6116487099426289,False,431
433,2026-09-24,002976,5.6093172700563212,False,432
434,2026-09-24,300483,5.6082770067101055,False,433
435,2026-09-24,001277,5.5970887499732918,False,434
436,2026-09-24,300371,5.5968067059010913,False,435
437,2026-09-24,603137,5.5960236473565059,False,436
438,2026-09-24,603919,5.5939691881827489,False,437
439,2026-09-24,000822,5.5909752023568533,False,438
440,2026-09-24,002597,5.5903793003758366,False,439
441,2026-09-24,301126,5.5881146949268139,False,440
442,2026-09-24,301131,5.5869819451748377,False,441
443,2026-09-24,600255,5.5853531775799903,False,442
444,2026-09-24,603810,5.5802018387767269,False,443
445,2026-09-24,002109,5.5744057372653391,False,444
446,2026-09-24,002918,5.5697086322640814,False,445
447,2026-09-24,001218,5.567909633487039,False,446
448,2026-09-24,600793,5.5669787931958741,False,447
449,2026-09-24,002875,5.5663787032610523,False,448
450,2026-09-24,300968,5.562919561770542,False,449
451,2026-09-24,301065,5.5611817968306996,False,450
452,2026-09-24,300497,5.5605925389140554,False,451
453,2026-09-24,002365,5.5583475889082017,False,452
454,2026-09-24,603162,5.5581879649340831,False,453
455,2026-09-24,000895,5.5540866611431907,False,454
456,2026-09-24,601827,5.5372976264701412,False,455
457,2026-09-24,002524,5.5372359930972825,False,456
458,2026-09-24,301019,5.5352750237708621,False,457
459,2026-09-24,002721,5.5352743989847468,False,458
460,2026-09-24,002033,5.5346695553990539,False,459
461,2026-09-24,603408,5.5334655506341868,False,460
462,2026-09-24,000419,5.5251777523931027,False,461
463,2026-09-24,300591,5.5247055330611756,False,462
464,2026-09-24,002716,5.5232006545423058,False,463
465,2026-09-24,300564,5.5212462139310974,False,464
466,2026-09-24,000655,5.5159574876223978,False,465
467,2026-09-24,000407,5.5154007357962334,False,466
468,2026-09-24,600665,5.5115076435445847,False,467
469,2026-09-24,002678,5.5112044410922314,False,468
470,2026-09-24,002940,5.5070677288714647,False,469
471,2026-09-24,600303,5.5033937330009444,False,470
472,2026-09-24,002155,5.4978582002259966,False,471
473,2026-09-24,600684,5.4736949586904062,False,472
474,2026-09-24,300519,5.4731319556377933,False,473
475,2026-09-24,600872,5.4711880860736315,False,474
476,2026-09-24,603630,5.4680603691021945,False,475
477,2026-09-24,600678,5.4636941522786957,False,476
478,2026-09-24,300677,5.456293399881587,False,477
479,2026-09-24,600573,5.4484853060806042,False,478
480,2026-09-24,603488,5.4361066243627931,False,479
481,2026-09-24,601330,5.4335691901253886,False,480
482,2026-09-24,603058,5.4250359939812487,False,481
483,2026-09-24,002332,5.4187501847810928,False,482
484,2026-09-24,603565,5.4170305462078074,False,483
485,2026-09-24,603628,5.4137597583415928,False,484
486,2026-09-24,002969,5.4084119375290625,False,485
487,2026-09-24,600135,5.4008264438500877,False,486
488,2026-09-24,301138,5.3952337446581229,False,487
489,2026-09-24,002362,5.3893124190857309,False,488
490,2026-09-24,605300,5.3842444008063062,False,489
491,2026-09-24,301507,5.3815125932963852,False,490
492,2026-09-24,603711,5.3747952189221397,False,491
493,2026-09-24,002419,5.3716416375361629,False,492
494,2026-09-24,600581,5.3709892084260478,False,493
495,2026-09-24,600408,5.3692703966185018,False,494
496,2026-09-24,300844,5.3644018794510906,False,495
497,2026-09-24,301287,5.3624353694284643,False,496
498,2026-09-24,603896,5.3616629388228514,False,497
499,2026-09-24,688466,5.3610957037459395,False,498
500,2026-09-24,300348,5.3599084559831134,False,499
501,2026-09-24,300345,5.3598470594664338,False,500
502,2026-09-24,300675,5.3379109277276706,False,501
503,2026-09-24,002370,5.3321762384003826,False,502
504,2026-09-24,603383,5.3310665270033635,False,503
505,2026-09-24,600760,5.3265914319430419,False,504
506,2026-09-24,603677,5.323089680318855,False,505
507,2026-09-24,300624,5.3226388612688833,False,506
508,2026-09-24,603701,5.3220810377814303,False,507
509,2026-09-24,000965,5.3189786616618608,False,508
510,2026-09-24,002574,5.318008696691594,False,509
511,2026-09-24,603012,5.3168678716445648,False,510
512,2026-09-24,600241,5.310843955028961,False,511
513,2026-09-24,002237,5.3092776383840121,False,512
514,2026-09-24,601999,5.3073015476553245,False,513
515,2026-09-24,300164,5.3045947725251397,False,514
516,2026-09-24,300703,5.3010934409690726,False,515
517,2026-09-24,600882,5.2969698946701547,False,516
518,2026-09-24,002038,5.2930476344153927,False,517
519,2026-09-24,603326,5.2896264293217365,False,518
520,2026-09-24,301088,5.2864054673925853,False,519
521,2026-09-24,301378,5.2858978540009787,False,520
522,2026-09-24,002369,5.2815871546275321,False,521
523,2026-09-24,601599,5.2746069260237833,False,522
524,2026-09-24,002793,5.2715345005354539,False,523
525,2026-09-24,000576,5.2694247265831766,False,524
526,2026-09-24,300683,5.2674244478490442,False,525
527,2026-09-24,600833,5.2629619774067242,False,526
528,2026-09-24,301688,5.2444240965087179,False,527
529,2026-09-24,001333,5.2404754083124434,False,528
530,2026-09-24,002476,5.2344161733621348,False,529
531,2026-09-24,002749,5.2295153557665692,False,530
532,2026-09-24,002581,5.2188148554931679,False,531
533,2026-09-24,300123,5.215456128619925,False,532
534,2026-09-24,301277,5.2148783624029775,False,533
535,2026-09-24,600986,5.214738873100103,False,534
536,2026-09-24,601969,5.2125702362954547,False,535
537,2026-09-24,603639,5.1993553207389507,False,536
538,2026-09-24,300332,5.1993101945084046,False,537
539,2026-09-24,600971,5.1944731262382788,False,538
540,2026-09-24,300479,5.1936776487451706,False,539
541,2026-09-24,300713,5.1907073099506835,False,540
542,2026-09-24,603676,5.1860054656534125,False,541
543,2026-09-24,603718,5.185941208973067,False,542
544,2026-09-24,688196,5.1785152568169259,False,543
545,2026-09-24,603586,5.1742221325250632,False,544
546,2026-09-24,001316,5.1728395304870585,False,545
547,2026-09-24,002193,5.1704110423499472,False,546
548,2026-09-24,000550,5.1700122911360022,False,547
549,2026-09-24,601298,5.1690521616960723,False,548
550,2026-09-24,300615,5.1649406461786862,False,549
551,2026-09-24,601011,5.1607914139127606,False,550
552,2026-09-24,300407,5.1564828828991427,False,551
553,2026-09-24,300740,5.153427283286069,False,552
554,2026-09-24,002900,5.1522687946686894,False,553
555,2026-09-24,600985,5.1495684456017203,False,554
556,2026-09-24,603208,5.1369281548091896,False,555
557,2026-09-24,002197,5.1298926085958332,False,556
558,2026-09-24,603689,5.1268470041800311,False,557
559,2026-09-24,603402,5.12273941538818,False,558
560,2026-09-24,003816,5.1154727095770278,False,559
561,2026-09-24,002004,5.1138433348813672,False,560
562,2026-09-24,300887,5.1137154191676331,False,561
563,2026-09-24,603317,5.1069584273893032,False,562
564,2026-09-24,003012,5.1054135490544139,False,563
565,2026-09-24,002349,5.1049165544526911,False,564
566,2026-09-24,688459,5.099366324346331,False,565
567,2026-09-24,300126,5.0985413819514953,False,566
568,2026-09-24,000333,5.0927224748876521,False,567
569,2026-09-24,603325,5.0838057006157449,False,568
570,2026-09-24,600239,5.0806801010951386,False,569
571,2026-09-24,300052,5.071721883949639,False,570
572,2026-09-24,688118,5.0675444519695674,False,571
573,2026-09-24,688366,5.0658037284378397,False,572
574,2026-09-24,600697,5.0569935119196554,False,573
575,2026-09-24,300399,5.0529444102552175,False,574
576,2026-09-24,688429,5.0513685898220881,False,575
577,2026-09-24,300937,5.0457952553200727,False,576
578,2026-09-24,603279,5.041366462608158,False,577
579,2026-09-24,301056,5.0310174009051112,False,578
580,2026-09-24,603273,5.0234467416852917,False,579
581,2026-09-24,600429,5.0227402767549805,False,580
582,2026-09-24,600556,5.0147295422776521,False,581
583,2026-09-24,002689,5.0089536609008007,False,582
584,2026-09-24,603257,5.0008081300074023,False,583
585,2026-09-24,002800,4.9990890401690802,False,584
586,2026-09-24,300825,4.9964305241983,False,585
587,2026-09-24,603076,4.9962037605507819,False,586
588,2026-09-24,603926,4.9950493837888903,False,587
589,2026-09-24,002104,4.9930284516675867,False,588
590,2026-09-24,002421,4.988340038957122,False,589
591,2026-09-24,000651,4.9796676702753349,False,590
592,2026-09-24,300318,4.9743401134925627,False,591
593,2026-09-24,002551,4.9724654411743785,False,592
594,2026-09-24,300021,4.9677252500059694,False,593
595,2026-09-24,603899,4.9637523727945441,False,594
596,2026-09-24,600236,4.9620523115225925,False,595
597,2026-09-24,603823,4.9584052726947316,False,596
598,2026-09-24,002199,4.9502593684088092,False,597
599,2026-09-24,300961,4.9406142198746137,False,598
600,2026-09-24,300414,4.9344789276443333,False,599
601,2026-09-24,002519,4.9342241814807979,False,600
602,2026-09-24,300087,4.9327590790149731,False,601
603,2026-09-24,002451,4.9307445220445718,False,602
604,2026-09-24,601065,4.9299802389415026,False,603
605,2026-09-24,002015,4.9260451887641175,False,604
606,2026-09-24,600988,4.9235281760102669,False,605
607,2026-09-24,300509,4.9205539431937924,False,606
608,2026-09-24,600149,4.9200765998219254,False,607
609,2026-09-24,600136,4.9195264013740827,False,608
610,2026-09-24,301509,4.9176458181637788,False,609
611,2026-09-24,000957,4.9151511753031887,False,610
612,2026-09-24,603071,4.9065480623916011,False,611
613,2026-09-24,600230,4.9024060644174323,False,612
614,2026-09-24,002878,4.90165178607048,False,613
615,2026-09-24,300006,4.8960699390320936,False,614
616,2026-09-24,300771,4.8937407057146931,False,615
617,2026-09-24,000828,4.8863099318558891,False,616
618,2026-09-24,600834,4.885309677323729,False,617
619,2026-09-24,688433,4.884582335971583,False,618
620,2026-09-24,000573,4.8833101110855601,False,619
621,2026-09-24,002692,4.8768899043555995,False,620
622,2026-09-24,002279,4.875252164085933,False,621
623,2026-09-24,002973,4.871713607949701,False,622
624,2026-09-24,002802,4.8699402150817743,False,623
625,2026-09-24,300700,4.86259331329269,False,624
626,2026-09-24,300697,4.8625687536391373,False,625
627,2026-09-24,300063,4.8606880199434697,False,626
628,2026-09-24,300161,4.8567149398148652,False,627
629,2026-09-24,301180,4.854570215947259,False,628
630,2026-09-24,300517,4.8541191339756224,False,629
631,2026-09-24,000633,4.8540670700113839,False,630
632,2026-09-24,300828,4.8524193738873489,False,631
633,2026-09-24,600319,4.8516080600706175,False,632
634,2026-09-24,000802,4.8506758495269189,False,633
635,2026-09-24,301111,4.8502447235384487,False,634
636,2026-09-24,300958,4.8480115230688217,False,635
637,2026-09-24,601606,4.845280800169121,False,636
638,2026-09-24,301151,4.8436636546042653,False,637
639,2026-09-24,603216,4.8422930890767564,False,638
640,2026-09-24,002485,4.842209145323376,False,639
641,2026-09-24,002127,4.841561156449492,False,640
642,2026-09-24,002977,4.8410157101244948,False,641
643,2026-09-24,301335,4.8309222250113208,False,642
644,2026-09-24,603177,4.8307470752627282,False,643
645,2026-09-24,600548,4.8288297931675253,False,644
646,2026-09-24,300310,4.8225353885899587,False,645
647,2026-09-24,002016,4.8069228424853829,False,646
648,2026-09-24,301112,4.8058354688797991,False,647
649,2026-09-24,301087,4.8053979024423423,False,648
650,2026-09-24,000751,4.7947987408134614,False,649
651,2026-09-24,002833,4.7927056590399078,False,650
652,2026-09-24,600566,4.792207224646444,False,651
653,2026-09-24,300315,4.7890172694557167,False,652
654,2026-09-24,301216,4.7844485397638241,False,653
655,2026-09-24,603836,4.7792194495489522,False,654
656,2026-09-24,600968,4.7781456283894101,False,655
657,2026-09-24,002748,4.7734074067860917,False,656
658,2026-09-24,002112,4.772485941323092,False,657
659,2026-09-24,301357,4.7696914747707506,False,658
660,2026-09-24,301106,4.7680889686377368,False,659
661,2026-09-24,688162,4.7643511792242847,False,660
662,2026-09-24,001256,4.7599341398038728,False,661
663,2026-09-24,603129,4.7587554956612559,False,662
664,2026-09-24,002798,4.7568757146964007,False,663
665,2026-09-24,002126,4.7561675555336986,False,664
666,2026-09-24,300238,4.7560107191967775,False,665
667,2026-09-24,600822,4.7553139964201803,False,666
668,2026-09-24,000423,4.7542478434324575,False,667
669,2026-09-24,301376,4.7491251920918174,False,668
670,2026-09-24,300575,4.7470955582123437,False,669
671,2026-09-24,600876,4.7400164251636436,False,670
672,2026-09-24,603866,4.7395059635341585,False,671
673,2026-09-24,002535,4.7358591358500739,False,672
674,2026-09-24,600138,4.7352793569768306,False,673
675,2026-09-24,003009,4.7336619693075646,False,674
676,2026-09-24,603330,4.7310880461975904,False,675
677,2026-09-24,603231,4.7287505891545534,False,676
678,2026-09-24,300662,4.7275358580278883,False,677
679,2026-09-24,300810,4.7275121527708768,False,678
680,2026-09-24,002656,4.7215558821512769,False,679
681,2026-09-24,002648,4.7098797285890495,False,680
682,2026-09-24,600648,4.7021943881500281,False,681
683,2026-09-24,600398,4.7017511647437029,False,682
684,2026-09-24,002682,4.7004482432301211,False,683
685,2026-09-24,002816,4.6932619670893718,False,684
686,2026-09-24,002578,4.6929852356918316,False,685
687,2026-09-24,603533,4.6870874410598464,False,686
688,2026-09-24,300148,4.6846670245977053,False,687
689,2026-09-24,000926,4.6807732158691202,False,688
690,2026-09-24,300996,4.6740869986477156,False,689
691,2026-09-24,600716,4.6706697926312408,False,690
692,2026-09-24,002207,4.666968654993731,False,691
693,2026-09-24,300822,4.6635472247692604,False,692
694,2026-09-24,603237,4.6587874119976123,False,693
695,2026-09-24,688355,4.6586686766386869,False,694
696,2026-09-24,300329,4.6528295953487646,False,695
697,2026-09-24,301266,4.6461239951856088,False,696
698,2026-09-24,301186,4.6446725602593313,False,697
699,2026-09-24,000707,4.6405629983679182,False,698
700,2026-09-24,301367,4.6360232541712314,False,699
701,2026-09-24,600279,4.6332533092739787,False,700
702,2026-09-24,603329,4.6324038615180338,False,701
703,2026-09-24,600791,4.6235836501133409,False,702
704,2026-09-24,300932,4.6233626171327664,False,703
705,2026-09-24,300240,4.6202612600767372,False,704
706,2026-09-24,000692,4.619827617034634,False,705
707,2026-09-24,300552,4.6135287576861117,False,706
708,2026-09-24,603722,4.6126545175645663,False,707
709,2026-09-24,603918,4.6083869510813873,False,708
710,2026-09-24,301078,4.6039951218478858,False,709
711,2026-09-24,002576,4.6021286379133359,False,710
712,2026-09-24,002537,4.5925668842851941,False,711
713,2026-09-24,000597,4.5834610080076503,False,712
714,2026-09-24,603238,4.5818932180415626,False,713
715,2026-09-24,002998,4.5735199923248455,False,714
716,2026-09-24,300150,4.5615516584387166,False,715
717,2026-09-24,688314,4.5546088127216464,False,716
718,2026-09-24,300107,4.5530471110952853,False,717
719,2026-09-24,000912,4.5475451201446973,False,718
720,2026-09-24,300013,4.5422334062239518,False,719
721,2026-09-24,688410,4.5408704197240972,False,720
722,2026-09-24,002599,4.5393926774187392,False,721
723,2026-09-24,605196,4.5356898436626887,False,722
724,2026-09-24,002649,4.5349550858237677,False,723
725,2026-09-24,002242,4.5340168524771318,False,724
726,2026-09-24,688031,4.5327090615692747,False,725
727,2026-09-24,301102,4.5286920025766229,False,726
728,2026-09-24,600538,4.5281377657586539,False,727
729,2026-09-24,301129,4.5265927999730282,False,728
730,2026-09-24,601728,4.5250539031401988,False,729
731,2026-09-24,002922,4.51664480806883,False,730
732,2026-09-24,002890,4.51504331484049,False,731
733,2026-09-24,301503,4.5118112632703085,False,732
734,2026-09-24,002376,4.5084512597756214,False,733
735,2026-09-24,603227,4.5072143201941994,False,734
736,2026-09-24,002931,4.5030360949915123,False,735
737,2026-09-24,003041,4.5017428522989986,False,736
738,2026-09-24,002272,4.5015895849183689,False,737
739,2026-09-24,603348,4.4988677497129776,False,738
740,2026-09-24,688468,4.4968175429628214,False,739
741,2026-09-24,603284,4.4965296578414886,False,740
742,2026-09-24,300299,4.4936874961398035,False,741
743,2026-09-24,002959,4.4920649388868661,False,742
744,2026-09-24,002905,4.4897097846948082,False,743
745,2026-09-24,301318,4.4823118043096448,False,744
746,2026-09-24,605286,4.4800471922683522,False,745
747,2026-09-24,688793,4.4759540701467522,False,746
748,2026-09-24,601600,4.4759435181061074,False,747
749,2026-09-24,002950,4.4699981947959593,False,748
750,2026-09-24,001337,4.4575694776741459,False,749
751,2026-09-24,603369,4.4543276175371309,False,750
752,2026-09-24,300719,4.4472877246684428,False,751
753,2026-09-24,603878,4.4450248960118453,False,752
754,2026-09-24,002327,4.4396361417825592,False,753
755,2026-09-24,600017,4.4368008031674533,False,754
756,2026-09-24,300645,4.4366652298827658,False,755
757,2026-09-24,603825,4.4287994718864727,False,756
758,2026-09-24,000520,4.4256995466487146,False,757
759,2026-09-24,600351,4.4204003520535604,False,758
760,2026-09-24,688251,4.4198659723903333,False,759
761,2026-09-24,301331,4.4183166988093339,False,760
762,2026-09-24,300940,4.4181459749577288,False,761
763,2026-09-24,600025,4.416646900323645,False,762
764,2026-09-24,002017,4.4150835421158376,False,763
765,2026-09-24,603320,4.4142108161282776,False,764
766,2026-09-24,002196,4.4131410978161236,False,765
767,2026-09-24,603391,4.4103512988160478,False,766
768,2026-09-24,603159,4.4034814442964487,False,767
769,2026-09-24,301428,4.3994508098489611,False,768
770,2026-09-24,301469,4.3993388737202439,False,769
771,2026-09-24,000933,4.3954212341438303,False,770
772,2026-09-24,300270,4.391286764539017,False,771
773,2026-09-24,301181,4.3883245256331307,False,772
774,2026-09-24,301371,4.383231049454503,False,773
775,2026-09-24,688221,4.3814978701406311,False,774
776,2026-09-24,002343,4.3806098708098471,False,775
777,2026-09-24,002886,4.3800983222713619,False,776
778,2026-09-24,300459,4.3771237914691241,False,777
779,2026-09-24,001324,4.3743577715675208,False,778
780,2026-09-24,688215,4.3736715938666526,False,779
781,2026-09-24,301261,4.3702374925633674,False,780
782,2026-09-24,300579,4.3693343198878729,False,781
783,2026-09-24,000564,4.3666061950152653,False,782
784,2026-09-24,688557,4.363535432341056,False,783
785,2026-09-24,003027,4.3599760383939339,False,784
786,2026-09-24,688389,4.3595204467793991,False,785
787,2026-09-24,002822,4.3556065371536299,False,786
788,2026-09-24,605098,4.3546756646533016,False,787
789,2026-09-24,300132,4.3540791808198813,False,788
790,2026-09-24,300839,4.3538184337821697,False,789
791,2026-09-24,001360,4.3475378238793025,False,790
792,2026-09-24,603006,4.3461766886168682,False,791
793,2026-09-24,600711,4.3438336879754216,False,792
794,2026-09-24,603558,4.3435171738393068,False,793
795,2026-09-24,603551,4.3415931844544851,False,794
796,2026-09-24,300978,4.3386046159069114,False,795
797,2026-09-24,688575,4.3382759897802288,False,796
798,2026-09-24,000755,4.3372392344280906,False,797
799,2026-09-24,603235,4.3210103026273172,False,798
800,2026-09-24,002116,4.309364358254645,False,799
801,2026-09-24,002423,4.3067835373264733,False,800
802,2026-09-24,002763,4.3009848573091727,False,801
803,2026-09-24,002999,4.2979649897550303,False,802
804,2026-09-24,688369,4.297405808501658,False,803
805,2026-09-24,600571,4.2916094948290402,False,804
806,2026-09-24,300295,4.2904948335225042,False,805
807,2026-09-24,002841,4.2844069388760442,False,806
808,2026-09-24,600490,4.2830859489089743,False,807
809,2026-09-24,688345,4.2807847227612195,False,808
810,2026-09-24,300227,4.27974890852553,False,809
811,2026-09-24,300784,4.2790760025864518,False,810
812,2026-09-24,000862,4.2758183540310704,False,811
813,2026-09-24,601568,4.2718694391448597,False,812
814,2026-09-24,688156,4.2687586576570364,False,813
815,2026-09-24,603075,4.2660714408728113,False,814
816,2026-09-24,300929,4.2630091157056142,False,815
817,2026-09-24,000650,4.2629032475633828,False,816
818,2026-09-24,300912,4.2520323254869972,False,817
819,2026-09-24,002513,4.2446176816180898,False,818
820,2026-09-24,603211,4.2378739605865627,False,819
821,2026-09-24,300597,4.2293556572035165,False,820
822,2026-09-24,002714,4.2260775798001022,False,821
823,2026-09-24,001319,4.2245665378171315,False,822
824,2026-09-24,002722,4.2221143649911683,False,823
825,2026-09-24,002668,4.2204297051578941,False,824
826,2026-09-24,601528,4.2182176657157608,False,825
827,2026-09-24,002626,4.2149752692448441,False,826
828,2026-09-24,605122,4.2137782699085085,False,827
829,2026-09-24,603429,4.2094731257468911,False,828
830,2026-09-24,000068,4.2094224157994962,False,829
831,2026-09-24,002206,4.2091247072759979,False,830
832,2026-09-24,002589,4.2080743618078058,False,831
833,2026-09-24,002069,4.1989041481212963,False,832
834,2026-09-24,003017,4.1938486589125201,False,833
835,2026-09-24,301668,4.1929546827177191,False,834
836,2026-09-24,300233,4.1844576270416312,False,835
837,2026-09-24,001209,4.1822739525856649,False,836
838,2026-09-24,002694,4.180889375676422,False,837
839,2026-09-24,603165,4.1808712145093265,False,838
840,2026-09-24,600624,4.1804823236082225,False,839
841,2026-09-24,301449,4.1787962523018791,False,840
842,2026-09-24,003028,4.178424191026533,False,841
843,2026-09-24,600338,4.1694205865259431,False,842
844,2026-09-24,600368,4.1689175008910837,False,843
845,2026-09-24,301152,4.167991397182865,False,844
846,2026-09-24,301036,4.1660235551540836,False,845
847,2026-09-24,600998,4.164448687580184,False,846
848,2026-09-24,601577,4.1635160711143726,False,847
849,2026-09-24,600322,4.156708506288072,False,848
850,2026-09-24,600315,4.1564303879929163,False,849
851,2026-09-24,605555,4.1543441457880137,False,850
852,2026-09-24,600750,4.1541412631466628,False,851
853,2026-09-24,002864,4.1506839742371842,False,852
854,2026-09-24,000603,4.1493763021987586,False,853
855,2026-09-24,300798,4.1451054321351473,False,854
856,2026-09-24,688658,4.1446185411602148,False,855
857,2026-09-24,003015,4.1445572144132523,False,856
858,2026-09-24,688021,4.1421128568988337,False,857
859,2026-09-24,003043,4.1409778753206599,False,858
860,2026-09-24,300949,4.1371618754905004,False,859
861,2026-09-24,300498,4.1360737345046594,False,860
862,2026-09-24,600775,4.1348903410741418,False,861
863,2026-09-24,300766,4.1336567346073165,False,862
864,2026-09-24,600731,4.1324167226315351,False,863
865,2026-09-24,300901,4.1297502614631991,False,864
866,2026-09-24,000428,4.128220244540195,False,865
867,2026-09-24,603270,4.1281518699529327,False,866
868,2026-09-24,301068,4.1246075572309842,False,867
869,2026-09-24,000488,4.1221785484714193,False,868
870,2026-09-24,301073,4.1195209124169256,False,869
871,2026-09-24,300717,4.1176978913750242,False,870
872,2026-09-24,301629,4.1154444705103508,False,871
873,2026-09-24,300891,4.111743077699435,False,872
874,2026-09-24,605199,4.1107878121827728,False,873
875,2026-09-24,300004,4.1098948448230637,False,874
876,2026-09-24,603458,4.1088323366371595,False,875
877,2026-09-24,688510,4.1062630454822404,False,876
878,2026-09-24,300543,4.1056586207221804,False,877
879,2026-09-24,002554,4.1006654161044063,False,878
880,2026-09-24,300494,4.1003945154791426,False,879
881,2026-09-24,002871,4.1002661481314195,False,880
882,2026-09-24,002360,4.0967687571287632,False,881
883,2026-09-24,000088,4.0927914296496501,False,882
884,2026-09-24,601882,4.0912313567712886,False,883
885,2026-09-24,300608,4.0879276071479982,False,884
886,2026-09-24,002144,4.0873154891329762,False,885
887,2026-09-24,300589,4.0859755965020597,False,886
888,2026-09-24,600052,4.0845414048861244,False,887
889,2026-09-24,605268,4.0785960377655686,False,888
890,2026-09-24,002160,4.0771179287526884,False,889
891,2026-09-24,300071,4.0756526152774439,False,890
892,2026-09-24,603081,4.07562492960193,False,891
893,2026-09-24,603023,4.0703811961809215,False,892
894,2026-09-24,301117,4.0695322578057196,False,893
895,2026-09-24,000930,4.0677791856435466,False,894
896,2026-09-24,002474,4.0665980696191371,False,895
897,2026-09-24,605009,4.0608759882335432,False,896
898,2026-09-24,600299,4.0596394784749705,False,897
899,2026-09-24,600287,4.0554647925741261,False,898
900,2026-09-24,601368,4.0534633395604942,False,899
901,2026-09-24,603180,4.0523867904013517,False,900
902,2026-09-24,002054,4.0501225561158662,False,901
903,2026-09-24,300542,4.0487566214086108,False,902
904,2026-09-24,002493,4.0482513443972357,False,903
905,2026-09-24,300533,4.0467541675537149,False,904
906,2026-09-24,600007,4.0439628766118405,False,905
907,2026-09-24,605028,4.0396234631629619,False,906
908,2026-09-24,002333,4.0379224292065414,False,907
909,2026-09-24,002243,4.0359483856244296,False,908
910,2026-09-24,603685,4.0336302529542341,False,909
911,2026-09-24,301278,4.031483862049047,False,910
912,2026-09-24,688051,4.018917106289992,False,911
913,2026-09-24,300072,4.018202579134206,False,912
914,2026-09-24,002813,4.0171688189967085,False,913
915,2026-09-24,605338,4.0171246431247747,False,914
916,2026-09-24,603607,4.007877103368509,False,915
917,2026-09-24,300119,4.007736398603666,False,916
918,2026-09-24,002925,4.0065172525685551,False,917
919,2026-09-24,300513,4.0064649537544668,False,918
920,2026-09-24,002788,4.0048556070367702,False,919
921,2026-09-24,002399,4.0017059261798096,False,920
922,2026-09-24,300230,3.9954210178926441,False,921
923,2026-09-24,688533,3.9852657855333868,False,922
924,2026-09-24,001367,3.9848132462838439,False,923
925,2026-09-24,603633,3.9842713020932035,False,924
926,2026-09-24,002059,3.9762994976596135,False,925
927,2026-09-24,600900,3.9697765939602254,False,926
928,2026-09-24,300621,3.9677401008328568,False,927
929,2026-09-24,688189,3.9671157837301543,False,928
930,2026-09-24,688638,3.9665225330971392,False,929
931,2026-09-24,301212,3.9639107037704466,False,930
932,2026-09-24,600572,3.962518316150561,False,931
933,2026-09-24,300069,3.9618754279697441,False,932
934,2026-09-24,001323,3.9583675938641791,False,933
935,2026-09-24,301603,3.955146418038634,False,934
936,2026-09-24,688552,3.9538531429471169,False,935
937,2026-09-24,003025,3.9538428995470127,False,936
938,2026-09-24,300664,3.9528051919092935,False,937
939,2026-09-24,000925,3.9509335484251338,False,938
940,2026-09-24,605296,3.9482904311860878,False,939
941,2026-09-24,300928,3.9480673367576991,False,940
942,2026-09-24,000548,3.9455630182720185,False,941
943,2026-09-24,000408,3.9429034246281947,False,942
944,2026-09-24,002991,3.9405165133592002,False,943
945,2026-09-24,301049,3.9348870032288081,False,944
946,2026-09-24,600486,3.9344754281656087,False,945
947,2026-09-24,603193,3.9316554827496093,False,946
948,2026-09-24,601010,3.9307432578033081,False,947
949,2026-09-24,600694,3.9302669775382073,False,948
950,2026-09-24,002021,3.9252581233130761,False,949
951,2026-09-24,000001,3.9241059722361888,False,950
952,2026-09-24,301022,3.923161720123745,False,951
953,2026-09-24,301004,3.9220301683493295,False,952
954,2026-09-24,301035,3.9106956724455273,False,953
955,2026-09-24,002442,3.9104820474000808,False,954
956,2026-09-24,688161,3.9080830524304964,False,955
957,2026-09-24,600039,3.902495267524285,False,956
958,2026-09-24,300925,3.9014348276854656,False,957
959,2026-09-24,002516,3.8986232287690807,False,958
960,2026-09-24,605500,3.8973321450512968,False,959
961,2026-09-24,300234,3.8955575563430793,False,960
962,2026-09-24,600444,3.8951276546229492,False,961
963,2026-09-24,600713,3.8943024016164296,False,962
964,2026-09-24,002987,3.894055766393949,False,963
965,2026-09-24,002292,3.8935943322861317,False,964
966,2026-09-24,000501,3.8896450039115624,False,965
967,2026-09-24,002693,3.8894375000344565,False,966
968,2026-09-24,688588,3.8873824058299515,False,967
969,2026-09-24,600917,3.8860319245280124,False,968
970,2026-09-24,605598,3.8852977156050477,False,969
971,2026-09-24,300370,3.8798769401725419,False,970
972,2026-09-24,600305,3.875388611841009,False,971
973,2026-09-24,002096,3.8727350153935829,False,972
974,2026-09-24,301033,3.8683936301002815,False,973
975,2026-09-24,601916,3.867797941122332,False,974
976,2026-09-24,300549,3.8659942088843184,False,975
977,2026-09-24,300095,3.8618016975241494,False,976
978,2026-09-24,600488,3.8553875872050161,False,977
979,2026-09-24,002180,3.8550221767315809,False,978
980,2026-09-24,300210,3.8506465428561949,False,979
981,2026-09-24,600267,3.8437742671587745,False,980
982,2026-09-24,301026,3.8435227359948696,False,981
983,2026-09-24,300138,3.8378613753374915,False,982
984,2026-09-24,301232,3.8364760739626353,False,983
985,2026-09-24,600461,3.835639028233035,False,984
986,2026-09-24,000729,3.8332862548086593,False,985
987,2026-09-24,605580,3.8315564565804516,False,986
988,2026-09-24,603700,3.8293750415338992,False,987
989,2026-09-24,601921,3.8225602684045805,False,988
990,2026-09-24,300792,3.8179125857700207,False,989
991,2026-09-24,603053,3.8149114889501576,False,990
992,2026-09-24,601616,3.8148351343622511,False,991
993,2026-09-24,300521,3.8131309049317554,False,992
994,2026-09-24,603535,3.8117295454133524,False,993
995,2026-09-24,301133,3.8039814816300193,False,994
996,2026-09-24,603648,3.8039620817018092,False,995
997,2026-09-24,301300,3.8035793261801878,False,996
998,2026-09-24,688631,3.8029512889611108,False,997
999,2026-09-24,600080,3.7991378873042638,False,998
1000,2026-09-24,001322,3.7960576196289999,False,999
1001,2026-09-24,001255,3.7947174797120033,False,1000
1002,2026-09-24,688616,3.7933777038679359,False,1001
1003,2026-09-24,600265,3.7915660140033594,False,1002
1004,2026-09-24,600803,3.7868852568731128,False,1003
1005,2026-09-24,600796,3.7842800051942804,False,1004
1006,2026-09-24,300607,3.7841094089446958,False,1005
1007,2026-09-24,002917,3.7781932609117561,False,1006
1008,2026-09-24,300780,3.7760786524074339,False,1007
1009,2026-09-24,300561,3.7741644407625454,False,1008
1010,2026-09-24,600854,3.7718883279297524,False,1009
1011,2026-09-24,001379,3.7714868319218073,False,1010
1012,2026-09-24,300141,3.7665702761288271,False,1011
1013,2026-09-24,000605,3.7650826257232799,False,1012
1014,2026-09-24,600967,3.7547504153243136,False,1013
1015,2026-09-24,002462,3.7539666053324074,False,1014
1016,2026-09-24,300102,3.7509177606480422,False,1015
1017,2026-09-24,688373,3.7462876440579285,False,1016
1018,2026-09-24,002826,3.7461276238156525,False,1017
1019,2026-09-24,002248,3.7448949975783372,False,1018
1020,2026-09-24,603199,3.7442970804528719,False,1019
1021,2026-09-24,600228,3.7410093033949097,False,1020
1022,2026-09-24,301590,3.7351267403868942,False,1021
1023,2026-09-24,300965,3.7337410026872426,False,1022
1024,2026-09-24,603998,3.7313939316198397,False,1023
1025,2026-09-24,002381,3.7301886121435146,False,1024
1026,2026-09-24,002569,3.729206517500812,False,1025
1027,2026-09-24,300729,3.723385944348649,False,1026
1028,2026-09-24,002893,3.7198060831346051,False,1027
1029,2026-09-24,300796,3.7172437075568299,False,1028
1030,2026-09-24,688060,3.7108224372095826,False,1029
1031,2026-09-24,001266,3.7066278767961824,False,1030
1032,2026-09-24,301388,3.7006660288966464,False,1031
1033,2026-09-24,600179,3.6988866646693253,False,1032
1034,2026-09-24,600222,3.694689723367464,False,1033
1035,2026-09-24,688377,3.6946595831944355,False,1034
1036,2026-09-24,002122,3.6941629050538909,False,1035
1037,2026-09-24,688288,3.6940400709128745,False,1036
1038,2026-09-24,301100,3.691177263142575,False,1037
1039,2026-09-24,300465,3.6849438185676995,False,1038
1040,2026-09-24,002299,3.6831826485532062,False,1039
1041,2026-09-24,601018,3.6819166323728902,False,1040
1042,2026-09-24,603556,3.6784439542212888,False,1041
1043,2026-09-24,603172,3.6779524894911182,False,1042
1044,2026-09-24,003000,3.6766441607241998,False,1043
1045,2026-09-24,002496,3.6756317539243168,False,1044
1046,2026-09-24,603787,3.6693444898925529,False,1045
1047,2026-09-24,301057,3.6662938210908913,False,1046
1048,2026-09-24,300935,3.6650195096150604,False,1047
1049,2026-09-24,002663,3.6649388493870556,False,1048
1050,2026-09-24,300956,3.6616863090544287,False,1049
1051,2026-09-24,301600,3.6600335968875406,False,1050
1052,2026-09-24,002725,3.6584471825214901,False,1051
1053,2026-09-24,301596,3.6580894656916945,False,1052
1054,2026-09-24,300674,3.6570606515527668,False,1053
1055,2026-09-24,002153,3.6544381444790806,False,1054
1056,2026-09-24,001313,3.6542101029610374,False,1055
1057,2026-09-24,300338,3.6521462812682968,False,1056
1058,2026-09-24,301408,3.6510872328630439,False,1057
1059,2026-09-24,605155,3.6510572441874145,False,1058
1060,2026-09-24,600336,3.6496249588413732,False,1059
1061,2026-09-24,002563,3.6490948070151186,False,1060
1062,2026-09-24,301038,3.6468546612558899,False,1061
1063,2026-09-24,603209,3.6465902448537943,False,1062
1064,2026-09-24,688061,3.6451698254166702,False,1063
1065,2026-09-24,600668,3.6435121598329321,False,1064
1066,2026-09-24,300545,3.6429620747740517,False,1065
1067,2026-09-24,601963,3.6385451778833398,False,1066
1068,2026-09-24,600262,3.6376328207348774,False,1067
1069,2026-09-24,600158,3.6365656304182528,False,1068
1070,2026-09-24,605287,3.6320836071755287,False,1069
1071,2026-09-24,688210,3.6312786834740027,False,1070
1072,2026-09-24,603703,3.631261172127481,False,1071
1073,2026-09-24,601798,3.6294268017957663,False,1072
1074,2026-09-24,300538,3.6289149536413139,False,1073
1075,2026-09-24,600887,3.6261596519349686,False,1074
1076,2026-09-24,688687,3.6260215952468866,False,1075
1077,2026-09-24,688606,3.6247767159722626,False,1076
1078,2026-09-24,600814,3.6230042952662806,False,1077
1079,2026-09-24,002737,3.6168997293915677,False,1078
1080,2026-09-24,300139,3.6135350210033361,False,1079
1081,2026-09-24,002863,3.6126577182850301,False,1080
1082,2026-09-24,301090,3.609977053806813,False,1081
1083,2026-09-24,301101,3.6078090874759208,False,1082
1084,2026-09-24,603725,3.6059229584265249,False,1083
1085,2026-09-24,002219,3.6055986364076356,False,1084
1086,2026-09-24,688350,3.6047242888751807,False,1085
1087,2026-09-24,300440,3.5967867897770698,False,1086
1088,2026-09-24,600729,3.5925723409226613,False,1087
1089,2026-09-24,300375,3.5920025817643868,False,1088
1090,2026-09-24,002884,3.5913182299696249,False,1089
1091,2026-09-24,600855,3.5813862282146132,False,1090
1092,2026-09-24,300999,3.580754842029255,False,1091
1093,2026-09-24,603041,3.5795098878744005,False,1092
1094,2026-09-24,002103,3.5779699049406406,False,1093
1095,2026-09-24,300514,3.5736218034129408,False,1094
1096,2026-09-24,301299,3.5722049365031721,False,1095
1097,2026-09-24,301121,3.5710980537167112,False,1096
1098,2026-09-24,603233,3.5689474040749851,False,1097
1099,2026-09-24,601107,3.5669759994011305,False,1098
1100,2026-09-24,600365,3.5555991244342078,False,1099
1101,2026-09-24,300366,3.5521686122915006,False,1100
1102,2026-09-24,002078,3.5518989756603636,False,1101
1103,2026-09-24,600980,3.550130410468026,False,1102
1104,2026-09-24,688084,3.5493565856877831,False,1103
1105,2026-09-24,002712,3.5492980133994485,False,1104
1106,2026-09-24,301386,3.5471581738334743,False,1105
1107,2026-09-24,002111,3.5458324422705072,False,1106
1108,2026-09-24,603332,3.5456287226405685,False,1107
1109,2026-09-24,600162,3.5450941421191362,False,1108
1110,2026-09-24,000677,3.5446620519643406,False,1109
1111,2026-09-24,688157,3.5440342497783113,False,1110
1112,2026-09-24,300111,3.5361760660803117,False,1111
1113,2026-09-24,002282,3.5345218675565331,False,1112
1114,2026-09-24,600377,3.533634403517997,False,1113
1115,2026-09-24,600159,3.5313095904047893,False,1114
1116,2026-09-24,002728,3.5310258598040223,False,1115
1117,2026-09-24,002970,3.5294336821469026,False,1116
1118,2026-09-24,600252,3.527393610243065,False,1117
1119,2026-09-24,002753,3.5271521445396106,False,1118
1120,2026-09-24,603816,3.5264874081205115,False,1119
1121,2026-09-24,688193,3.5215293897059561,False,1120
1122,2026-09-24,601512,3.5181002321048158,False,1121
1123,2026-09-24,000409,3.5083637244938695,False,1122
1124,2026-09-24,301578,3.5031951544029862,False,1123
1125,2026-09-24,300434,3.5028255066338954,False,1124
1126,2026-09-24,603811,3.5010494315207374,False,1125
1127,2026-09-24,300067,3.5001414027242466,False,1126
1128,2026-09-24,600295,3.4976786938056166,False,1127
1129,2026-09-24,300636,3.4967948406502147,False,1128
1130,2026-09-24,300761,3.4961564124228457,False,1129
1131,2026-09-24,000989,3.4955266686200801,False,1130
1132,2026-09-24,002847,3.4928704066534322,False,1131
1133,2026-09-24,300971,3.491788737149383,False,1132
1134,2026-09-24,603315,3.4875866563849742,False,1133
1135,2026-09-24,001386,3.4844198872888983,False,1134
1136,2026-09-24,002582,3.4843327941347804,False,1135
1137,2026-09-24,002354,3.4825223216739358,False,1136
1138,2026-09-24,301439,3.4738852782169642,False,1137
1139,2026-09-24,002760,3.4729848184851662,False,1138
1140,2026-09-24,605138,3.4709011050534571,False,1139
1141,2026-09-24,601816,3.4707733629598603,False,1140
1142,2026-09-24,688358,3.4693957557472572,False,1141
1143,2026-09-24,603153,3.466551450577759,False,1142
1144,2026-09-24,688777,3.4657768279767724,False,1143
1145,2026-09-24,002837,3.4654067965793702,False,1144
1146,2026-09-24,603948,3.4619264800279756,False,1145
1147,2026-09-24,301567,3.460142539465612,False,1146
1148,2026-09-24,605116,3.4591359903187842,False,1147
1149,2026-09-24,301012,3.4588915400428357,False,1148
1150,2026-09-24,002177,3.4582234542618258,False,1149
1151,2026-09-24,600195,3.4573647684080973,False,1150
1152,2026-09-24,300705,3.4552630459748896,False,1151
1153,2026-09-24,300275,3.4536100926026307,False,1152
1154,2026-09-24,002646,3.4531237392040737,False,1153
1155,2026-09-24,000815,3.4490136907838735,False,1154
1156,2026-09-24,301370,3.4477901824605235,False,1155
1157,2026-09-24,000514,3.4419323176100338,False,1156
1158,2026-09-24,600618,3.4376017980446774,False,1157
1159,2026-09-24,002394,3.4374256189360186,False,1158
1160,2026-09-24,603656,3.4362801489297761,False,1159
1161,2026-09-24,600531,3.4350317347370036,False,1160
1162,2026-09-24,600794,3.4316193552046883,False,1161
1163,2026-09-24,002727,3.4278568694503497,False,1162
1164,2026-09-24,688089,3.4275290862147942,False,1163
1165,2026-09-24,600219,3.4268738258322742,False,1164
1166,2026-09-24,688169,3.4222353499229059,False,1165
1167,2026-09-24,000028,3.4221209508589565,False,1166
1168,2026-09-24,301500,3.4205663705220735,False,1167
1169,2026-09-24,600071,3.4141965189975956,False,1168
1170,2026-09-24,002314,3.4140585421634051,False,1169
1171,2026-09-24,600848,3.4131712715018927,False,1170
1172,2026-09-24,002490,3.409340806157283,False,1171
1173,2026-09-24,301173,3.4086110173174617,False,1172
1174,2026-09-24,002861,3.4048403221984826,False,1173
1175,2026-09-24,301032,3.4039629294646065,False,1174
1176,2026-09-24,300374,3.4024445532248779,False,1175
1177,2026-09-24,603082,3.4012733616831041,False,1176
1178,2026-09-24,300701,3.4006302124367576,False,1177
1179,2026-09-24,300311,3.39884554738601,False,1178
1180,2026-09-24,300417,3.39800910725948,False,1179
1181,2026-09-24,688716,3.3959141357990874,False,1180
1182,2026-09-24,603333,3.3929830581147224,False,1181
1183,2026-09-24,301313,3.3912554781117374,False,1182
1184,2026-09-24,300511,3.3907872435820279,False,1183
1185,2026-09-24,000619,3.387575678392075,False,1184
1186,2026-09-24,603339,3.3874337476048666,False,1185
1187,2026-09-24,601139,3.3866128420585087,False,1186
1188,2026-09-24,300248,3.3854210332893899,False,1187
1189,2026-09-24,002128,3.385197600980606,False,1188
1190,2026-09-24,301258,3.3800620258033964,False,1189
1191,2026-09-24,300211,3.3779020471717334,False,1190
1192,2026-09-24,688339,3.3772325054132959,False,1191
1193,2026-09-24,600560,3.3759147670278455,False,1192
1194,2026-09-24,600152,3.3753984987456462,False,1193
1195,2026-09-24,002492,3.3752052353185311,False,1194
1196,2026-09-24,603136,3.3745107954179829,False,1195
1197,2026-09-24,603569,3.3737127150323127,False,1196
1198,2026-09-24,300805,3.3712608129211716,False,1197
1199,2026-09-24,603828,3.3699215537440605,False,1198
1200,2026-09-24,603967,3.3624057155823808,False,1199
1201,2026-09-24,301256,3.3599923799439968,False,1200
1202,2026-09-24,600536,3.3558845648592177,False,1201
1203,2026-09-24,300289,3.3541106505229692,False,1202
1204,2026-09-24,002045,3.3511696077222637,False,1203
1205,2026-09-24,601033,3.3491125617964919,False,1204
1206,2026-09-24,603916,3.3491053705743181,False,1205
1207,2026-09-24,603609,3.3477938068713664,False,1206
1208,2026-09-24,603004,3.3454310607070661,False,1207
1209,2026-09-24,600941,3.3451910858557254,False,1208
1210,2026-09-24,603956,3.3448653436096629,False,1209
1211,2026-09-24,688285,3.3421461374966457,False,1210
1212,2026-09-24,603889,3.3419228957020843,False,1211
1213,2026-09-24,603027,3.3400376315208318,False,1212
1214,2026-09-24,002275,3.3385151897032741,False,1213
1215,2026-09-24,300032,3.3358411993585189,False,1214
1216,2026-09-24,300947,3.3349138640545828,False,1215
1217,2026-09-24,600829,3.3321889301284737,False,1216
1218,2026-09-24,603990,3.3300533658343854,False,1217
1219,2026-09-24,600215,3.3295249604274182,False,1218
1220,2026-09-24,300377,3.32723315689503,False,1219
1221,2026-09-24,600283,3.3238063555907629,False,1220
1222,2026-09-24,300162,3.3235431754291804,False,1221
1223,2026-09-24,002408,3.323414235081164,False,1222
1224,2026-09-24,301227,3.3216284041994646,False,1223
1225,2026-09-24,300172,3.3215221212009776,False,1224
1226,2026-09-24,300084,3.3202083250749053,False,1225
1227,2026-09-24,603297,3.3196432485573912,False,1226
1228,2026-09-24,300877,3.3163165932670715,False,1227
1229,2026-09-24,600053,3.3157250078463063,False,1228
1230,2026-09-24,300218,3.3145852057486636,False,1229
1231,2026-09-24,301296,3.3144059483148283,False,1230
1232,2026-09-24,301163,3.3130312661151082,False,1231
1233,2026-09-24,605003,3.3106514772167488,False,1232
1234,2026-09-24,600529,3.3082430428304979,False,1233
1235,2026-09-24,000507,3.3059772301917616,False,1234
1236,2026-09-24,002170,3.3040704728466013,False,1235
1237,2026-09-24,300143,3.3001906706889104,False,1236
1238,2026-09-24,300265,3.2972098689600609,False,1237
1239,2026-09-24,002461,3.2947048427784607,False,1238
1240,2026-09-24,600982,3.2922326673990292,False,1239
1241,2026-09-24,000096,3.2849652821904227,False,1240
1242,2026-09-24,600084,3.2840429900785431,False,1241
1243,2026-09-24,002198,3.2831551645537385,False,1242
1244,2026-09-24,300039,3.2825485522899469,False,1243
1245,2026-09-24,301295,3.2797529935647973,False,1244
1246,2026-09-24,000555,3.2792646811631379,False,1245
1247,2026-09-24,688326,3.27898510036268,False,1246
1248,2026-09-24,002869,3.275236686936438,False,1247
1249,2026-09-24,000719,3.2692889727035297,False,1248
1250,2026-09-24,301072,3.2689941691811013,False,1249
1251,2026-09-24,300906,3.2685678099588831,False,1250
1252,2026-09-24,300078,3.2676998801624655,False,1251
1253,2026-09-24,000959,3.2657948249955275,False,1252
1254,2026-09-24,300625,3.2654555860369943,False,1253
1255,2026-09-24,603207,3.2628313168184837,False,1254
1256,2026-09-24,600133,3.2626166803846708,False,1255
1257,2026-09-24,688579,3.258397340732758,False,1256
1258,2026-09-24,002084,3.2557607097178325,False,1257
1259,2026-09-24,600216,3.2544753126861066,False,1258
1260,2026-09-24,603126,3.2527878295069694,False,1259
1261,2026-09-24,300193,3.2495443682584098,False,1260
1262,2026-09-24,001219,3.2459777678729154,False,1261
1263,2026-09-24,000525,3.2455812321816255,False,1262
1264,2026-09-24,300043,3.2426502446490244,False,1263
1265,2026-09-24,601233,3.2363868838006518,False,1264
1266,2026-09-24,300743,3.2361137540037728,False,1265
1267,2026-09-24,000860,3.2356367114987901,False,1266
1268,2026-09-24,603135,3.2331171180922551,False,1267
1269,2026-09-24,003008,3.2302967597499954,False,1268
1270,2026-09-24,300147,3.227283394121963,False,1269
1271,2026-09-24,688278,3.2264859247526059,False,1270
1272,2026-09-24,603307,3.2257060225122247,False,1271
1273,2026-09-24,002697,3.2253320791214142,False,1272
1274,2026-09-24,600830,3.2252205422216416,False,1273
1275,2026-09-24,600396,3.2200564996843708,False,1274
1276,2026-09-24,603499,3.2189935545022381,False,1275
1277,2026-09-24,300733,3.2184379921031203,False,1276
1278,2026-09-24,603091,3.2173719634129179,False,1277
1279,2026-09-24,603103,3.214137832953365,False,1278
1280,2026-09-24,002889,3.2123574755717414,False,1279
1281,2026-09-24,601388,3.2119764058166989,False,1280
1282,2026-09-24,300406,3.2059354310615835,False,1281
1283,2026-09-24,688523,3.205245697925422,False,1282
1284,2026-09-24,688698,3.1994572185797097,False,1283
1285,2026-09-24,301153,3.1960077156091566,False,1284
1286,2026-09-24,300536,3.1955302588979975,False,1285
1287,2026-09-24,002479,3.1894254919778278,False,1286
1288,2026-09-24,601608,3.1889679874622927,False,1287
1289,2026-09-24,000937,3.1884076332396618,False,1288
1290,2026-09-24,603637,3.1844705421620292,False,1289
1291,2026-09-24,002176,3.1826379467859667,False,1290
1292,2026-09-24,601121,3.1822867134331698,False,1291
1293,2026-09-24,300817,3.1772568498546452,False,1292
1294,2026-09-24,002184,3.1714985088740266,False,1293
1295,2026-09-24,601919,3.167717166623897,False,1294
1296,2026-09-24,601216,3.1674115883796441,False,1295
1297,2026-09-24,300239,3.1673649488571956,False,1296
1298,2026-09-24,300631,3.1658631499129197,False,1297
1299,2026-09-24,603212,3.1647355047429113,False,1298
1300,2026-09-24,000615,3.1577986246639753,False,1299
1301,2026-09-24,600223,3.1564266200576925,False,1300
1302,2026-09-24,301039,3.1539457756576033,False,1301
1303,2026-09-24,001226,3.152489979469979,False,1302
1304,2026-09-24,300242,3.1465791768872649,False,1303
1305,2026-09-24,002317,3.1455645759626245,False,1304
1306,2026-09-24,300298,3.1433736542688555,False,1305
1307,2026-09-24,601326,3.1413434381724907,False,1306
1308,2026-09-24,301397,3.1408575009977056,False,1307
1309,2026-09-24,300447,3.1272752743764007,False,1308
1310,2026-09-24,300271,3.121679220412088,False,1309
1311,2026-09-24,301519,3.1206030657975852,False,1310
1312,2026-09-24,301097,3.1198387181524696,False,1311
1313,2026-09-24,300340,3.1191498481676727,False,1312
1314,2026-09-24,601998,3.1154882184717572,False,1313
1315,2026-09-24,002173,3.113118593555364,False,1314
1316,2026-09-24,002251,3.1089034288292399,False,1315
1317,2026-09-24,688295,3.1041046966227661,False,1316
1318,2026-09-24,300081,3.099071792957047,False,1317
1319,2026-09-24,002086,3.097943705278503,False,1318
1320,2026-09-24,603707,3.0977242481077987,False,1319
1321,2026-09-24,600119,3.0942457575774509,False,1320
1322,2026-09-24,300888,3.0926280343872712,False,1321
1323,2026-09-24,600281,3.0925893498646126,False,1322
1324,2026-09-24,688585,3.0902524992476392,False,1323
1325,2026-09-24,603139,3.0865758628613289,False,1324
1326,2026-09-24,600758,3.0747169120634821,False,1325
1327,2026-09-24,605259,3.0741396249009627,False,1326
1328,2026-09-24,600015,3.0719879990507963,False,1327
1329,2026-09-24,688329,3.0666800292044827,False,1328
1330,2026-09-24,002120,3.0656820669198788,False,1329
1331,2026-09-24,600173,3.0636211776378421,False,1330
1332,2026-09-24,603566,3.0634562935122682,False,1331
1333,2026-09-24,301135,3.0621221737818023,False,1332
1334,2026-09-24,002666,3.061812253907398,False,1333
1335,2026-09-24,003007,3.0617329237646032,False,1334
1336,2026-09-24,600422,3.0563429535271323,False,1335
1337,2026-09-24,603590,3.054045991678966,False,1336
1338,2026-09-24,000563,3.0508645554283631,False,1337
1339,2026-09-24,300288,3.0505675562978594,False,1338
1340,2026-09-24,603200,3.0500260220150417,False,1339
1341,2026-09-24,300899,3.0499755815940617,False,1340
1342,2026-09-24,002603,3.047075163700923,False,1341
1343,2026-09-24,001358,3.0412163653479669,False,1342
1344,2026-09-24,301290,3.0409851211117935,False,1343
1345,2026-09-24,603788,3.0392562624166084,False,1344
1346,2026-09-24,600153,3.0374304523515918,False,1345
1347,2026-09-24,301665,3.0365917633324915,False,1346
1348,2026-09-24,002375,3.0341764138028173,False,1347
1349,2026-09-24,002949,3.033662845931155,False,1348
1350,2026-09-24,688067,3.0249146991894849,False,1349
1351,2026-09-24,603518,3.0231237075113739,False,1350
1352,2026-09-24,300800,3.0218692828656222,False,1351
1353,2026-09-24,000715,3.0177938214616509,False,1352
1354,2026-09-24,600746,3.0092327092683964,False,1353
1355,2026-09-24,603382,3.0045310730061754,False,1354
1356,2026-09-24,600469,3.0035849581798368,False,1355
1357,2026-09-24,688076,3.0020727878576539,False,1356
1358,2026-09-24,300272,3.0008937504017572,False,1357
1359,2026-09-24,603057,2.9953085969125057,False,1358
1360,2026-09-24,300453,2.9923585876749947,False,1359
1361,2026-09-24,300501,2.9868032897352172,False,1360
1362,2026-09-24,605319,2.986710373785761,False,1361
1363,2026-09-24,001300,2.9867036389712354,False,1362
1364,2026-09-24,000536,2.9848106941803323,False,1363
1365,2026-09-24,000561,2.9841072311970853,False,1364
1366,2026-09-24,000429,2.9811643468386331,False,1365
1367,2026-09-24,603393,2.9763291565416736,False,1366
1368,2026-09-24,001213,2.9761406434870477,False,1367
1369,2026-09-24,002607,2.9760191330558881,False,1368
1370,2026-09-24,600805,2.9729874367105547,False,1369
1371,2026-09-24,002154,2.971512455569842,False,1370
1372,2026-09-24,688681,2.9700934822230067,False,1371
1373,2026-09-24,300396,2.9689886710794231,False,1372
1374,2026-09-24,300658,2.9673895924898446,False,1373
1375,2026-09-24,000848,2.9672820238870172,False,1374
1376,2026-09-24,301586,2.9661563879861186,False,1375
1377,2026-09-24,301636,2.9636690540773634,False,1376
1378,2026-09-24,002430,2.962025593205122,False,1377
1379,2026-09-24,688316,2.9616953604138399,False,1378
1380,2026-09-24,601333,2.953189481388903,False,1379
1381,2026-09-24,002839,2.9529543490102803,False,1380
1382,2026-09-24,688335,2.9514265277593585,False,1381
1383,2026-09-24,301213,2.9484413357330665,False,1382
1384,2026-09-24,001211,2.9476216391441912,False,1383
1385,2026-09-24,603334,2.9348357366304079,False,1384
1386,2026-09-24,301446,2.9298456812303897,False,1385
1387,2026-09-24,300055,2.92806410219197,False,1386
1388,2026-09-24,600481,2.9280028048685951,False,1387
1389,2026-09-24,002983,2.9265969748475502,False,1388
1390,2026-09-24,002620,2.9263940863151974,False,1389
1391,2026-09-24,300020,2.92413351329153,False,1390
1392,2026-09-24,300225,2.9222745480369476,False,1391
1393,2026-09-24,002907,2.9205265486049052,False,1392
1394,2026-09-24,603995,2.9191001677065542,False,1393
1395,2026-09-24,688201,2.9184062425846733,False,1394
1396,2026-09-24,300989,2.9181726164244659,False,1395
1397,2026-09-24,002830,2.9177827103372769,False,1396
1398,2026-09-24,000681,2.9174071688662391,False,1397
1399,2026-09-24,603617,2.9164002247295571,False,1398
1400,2026-09-24,300988,2.9163533442579532,False,1399
1401,2026-09-24,001301,2.9159406734255073,False,1400
1402,2026-09-24,000697,2.9138653233255529,False,1401
1403,2026-09-24,600990,2.9133547465939289,False,1402
1404,2026-09-24,300527,2.9110560800987262,False,1403
1405,2026-09-24,000691,2.9108019865585351,False,1404
1406,2026-09-24,300267,2.9094075245217033,False,1405
1407,2026-09-24,603015,2.9068961609959416,False,1406
1408,2026-09-24,605066,2.9044864617652904,False,1407
1409,2026-09-24,000546,2.9036958366609933,False,1408
1410,2026-09-24,600449,2.8984154123556092,False,1409
1411,2026-09-24,000757,2.8948343761697708,False,1410
1412,2026-09-24,300462,2.89459004239135,False,1411
1413,2026-09-24,300449,2.8925196929178774,False,1412
1414,2026-09-24,002883,2.8914133131513253,False,1413
1415,2026-09-24,300952,2.8829923288486796,False,1414
1416,2026-09-24,300086,2.8795728164441399,False,1415
1417,2026-09-24,301211,2.8768842799203891,False,1416
1418,2026-09-24,688617,2.8758581602377684,False,1417
1419,2026-09-24,000789,2.875129907861607,False,1418
1420,2026-09-24,002530,2.8729812867034941,False,1419
1421,2026-09-24,603176,2.8718333132850882,False,1420
1422,2026-09-24,002316,2.8714572994241654,False,1421
1423,2026-09-24,300541,2.8710019930383308,False,1422
1424,2026-09-24,603933,2.8708659714713884,False,1423
1425,2026-09-24,003039,2.8686909868837236,False,1424
1426,2026-09-24,001298,2.8640816849457025,False,1425
1427,2026-09-24,301515,2.8635967741438177,False,1426
1428,2026-09-24,301272,2.863511558453709,False,1427
1429,2026-09-24,601002,2.8597497636156719,False,1428
1430,2026-09-24,002404,2.8586245908245189,False,1429
1431,2026-09-24,300025,2.8540282984715137,False,1430
1432,2026-09-24,002420,2.8539259817711731,False,1431
1433,2026-09-24,600323,2.853245370310892,False,1432
1434,2026-09-24,600199,2.8402218518853726,False,1433
1435,2026-09-24,301270,2.8377335326155775,False,1434
1436,2026-09-24,600655,2.8366775174515193,False,1435
1437,2026-09-24,601857,2.8345816559419452,False,1436
1438,2026-09-24,300326,2.826342648627767,False,1437
1439,2026-09-24,002685,2.8258093896072669,False,1438
1440,2026-09-24,600348,2.8255359065954746,False,1439
1441,2026-09-24,002328,2.8225193583946866,False,1440
1442,2026-09-24,688015,2.8214829900348768,False,1441
1443,2026-09-24,601169,2.8202755853773094,False,1442
1444,2026-09-24,000807,2.8195722690044946,False,1443
1445,2026-09-24,300547,2.8124397250190105,False,1444
1446,2026-09-24,002903,2.8113924594840234,False,1445
1447,2026-09-24,301301,2.8106375317991721,False,1446
1448,2026-09-24,601766,2.8090231001052857,False,1447
1449,2026-09-24,300451,2.8081059342320285,False,1448
1450,2026-09-24,301292,2.8073344886715099,False,1449
1451,2026-09-24,001206,2.8047622304645512,False,1450
1452,2026-09-24,688633,2.8012282644098612,False,1451
1453,2026-09-24,000517,2.7999027137252046,False,1452
1454,2026-09-24,301302,2.7986611698666586,False,1453
1455,2026-09-24,300287,2.798603052298601,False,1454
1456,2026-09-24,600722,2.7979155752110727,False,1455
1457,2026-09-24,601968,2.7970985150530963,False,1456
1458,2026-09-24,300785,2.7958405182943071,False,1457
1459,2026-09-24,300550,2.7899598538234383,False,1458
1460,2026-09-24,002690,2.7891565226511337,False,1459
1461,2026-09-24,002344,2.7865100170653103,False,1460
1462,2026-09-24,300557,2.7864606413806619,False,1461
1463,2026-09-24,301289,2.7847159274468032,False,1462
1464,2026-09-24,603032,2.7832560119645775,False,1463
1465,2026-09-24,301602,2.7803383026807658,False,1464
1466,2026-09-24,300622,2.7781142667055532,False,1465
1467,2026-09-24,600519,2.7768470597527855,False,1466
1468,2026-09-24,603151,2.7735281331919026,False,1467
1469,2026-09-24,002001,2.7700075333321559,False,1468
1470,2026-09-24,002577,2.7636574204574171,False,1469
1471,2026-09-24,000545,2.7626916573413749,False,1470
1472,2026-09-24,603098,2.7571748687479087,False,1471
1473,2026-09-24,301048,2.7568734627100486,False,1472
1474,2026-09-24,600597,2.7568217615534887,False,1473
1475,2026-09-24,603131,2.7566398618648686,False,1474
1476,2026-09-24,600604,2.7564456067944088,False,1475
1477,2026-09-24,603517,2.753765526879981,False,1476
1478,2026-09-24,000820,2.7518279557841394,False,1477
1479,2026-09-24,300610,2.7507590863435256,False,1478
1480,2026-09-24,301066,2.7506735699288467,False,1479
1481,2026-09-24,003037,2.7453981473647842,False,1480
1482,2026-09-24,002322,2.7438820857108475,False,1481
1483,2026-09-24,600501,2.7407487100419066,False,1482
1484,2026-09-24,000020,2.7401576353010704,False,1483
1485,2026-09-24,605369,2.7392947027081753,False,1484
1486,2026-09-24,300441,2.7364910342277331,False,1485
1487,2026-09-24,605169,2.7350303262212714,False,1486
1488,2026-09-24,603387,2.7345425117861586,False,1487
1489,2026-09-24,300294,2.7331631558577096,False,1488
1490,2026-09-24,001283,2.73249812161828,False,1489
1491,2026-09-24,301326,2.7316611880333097,False,1490
1492,2026-09-24,301598,2.7311771526344506,False,1491
1493,2026-09-24,300306,2.7309727667836086,False,1492
1494,2026-09-24,600535,2.7292617349661015,False,1493
1495,2026-09-24,601698,2.7244770266679259,False,1494
1496,2026-09-24,605218,2.7244348125415732,False,1495
1497,2026-09-24,603890,2.7225286531336317,False,1496
1498,2026-09-24,002377,2.7219674607266215,False,1497
1499,2026-09-24,600682,2.7211666797472045,False,1498
1500,2026-09-24,000899,2.7189343996505944,False,1499
1501,2026-09-24,600530,2.7174526070272882,False,1500
1502,2026-09-24,603538,2.7151028603734209,False,1501
1503,2026-09-24,300973,2.7106199587300246,False,1502
1504,2026-09-24,000859,2.7094018642338256,False,1503
1505,2026-09-24,002865,2.7086722106587531,False,1504
1506,2026-09-24,688569,2.707375929648081,False,1505
1507,2026-09-24,300075,2.7070759887313929,False,1506
1508,2026-09-24,600079,2.7063587883876297,False,1507
1509,2026-09-24,300357,2.706098254904362,False,1508
1510,2026-09-24,002835,2.7052921430733967,False,1509
1511,2026-09-24,002350,2.7012036463947244,False,1510
1512,2026-09-24,002557,2.7010788706056577,False,1511
1513,2026-09-24,000803,2.6978098263637413,False,1512
1514,2026-09-24,002427,2.6965978771055013,False,1513
1515,2026-09-24,600165,2.6950768513014767,False,1514
1516,2026-09-24,600955,2.6950126137900758,False,1515
1517,2026-09-24,300560,2.6908920579850255,False,1516
1518,2026-09-24,300808,2.6896106743441792,False,1517
1519,2026-09-24,603107,2.6873670049137348,False,1518
1520,2026-09-24,300180,2.6863351190137426,False,1519
1521,2026-09-24,002406,2.6860736896231274,False,1520
1522,2026-09-24,600150,2.6850163601926109,False,1521
1523,2026-09-24,603568,2.6824252873050818,False,1522
1524,2026-09-24,600735,2.6817597943094569,False,1523
1525,2026-09-24,002762,2.6765081876748198,False,1524
1526,2026-09-24,300686,2.6746138379245248,False,1525
1527,2026-09-24,002014,2.6738279370317533,False,1526
1528,2026-09-24,300601,2.6727788639468422,False,1527
1529,2026-09-24,000826,2.672418144796441,False,1528
1530,2026-09-24,301501,2.6719381811093927,False,1529
1531,2026-09-24,300809,2.6698246308488471,False,1530
1532,2026-09-24,301512,2.6628191060244539,False,1531
1533,2026-09-24,600868,2.6624300634211893,False,1532
1534,2026-09-24,300786,2.6613072102228736,False,1533
1535,2026-09-24,002356,2.6605426586726706,False,1534
1536,2026-09-24,300927,2.657539050633245,False,1535
1537,2026-09-24,688528,2.6570044468559111,False,1536
1538,2026-09-24,001286,2.6540444245025632,False,1537
1539,2026-09-24,300654,2.6529254866497469,False,1538
1540,2026-09-24,688420,2.6525683885774898,False,1539
1541,2026-09-24,002792,2.6520549713897865,False,1540
1542,2026-09-24,603232,2.6493149127038058,False,1541
1543,2026-09-24,000695,2.6483977629491968,False,1542
1544,2026-09-24,688239,2.6479697866503962,False,1543
1545,2026-09-24,002529,2.6478397522932635,False,1544
1546,2026-09-24,300930,2.6476488350697904,False,1545
1547,2026-09-24,688255,2.6463295942725513,False,1546
1548,2026-09-24,601985,2.6456000201642729,False,1547
1549,2026-09-24,002960,2.6445699430789245,False,1548
1550,2026-09-24,603856,2.6430786801185695,False,1549
1551,2026-09-24,301488,2.6370343792317574,False,1550
1552,2026-09-24,300603,2.6362680636286235,False,1551
1553,2026-09-24,300711,2.6358341497761342,False,1552
1554,2026-09-24,600082,2.6350523623119191,False,1553
1555,2026-09-24,002729,2.6347107235528275,False,1554
1556,2026-09-24,600658,2.6335484470695367,False,1555
1557,2026-09-24,603213,2.6335136832012789,False,1556
1558,2026-09-24,002337,2.6304004126769791,False,1557
1559,2026-09-24,300635,2.6286895605055896,False,1558
1560,2026-09-24,605050,2.6271247250435388,False,1559
1561,2026-09-24,600789,2.6264784646924744,False,1560
1562,2026-09-24,002149,2.6258040173038153,False,1561
1563,2026-09-24,603045,2.6238523094150827,False,1562
1564,2026-09-24,000869,2.6222081282878436,False,1563
1565,2026-09-24,603335,2.6221339042902012,False,1564
1566,2026-09-24,603587,2.6218604433882806,False,1565
1567,2026-09-24,600425,2.6204418748148282,False,1566
1568,2026-09-24,688165,2.6195742591783295,False,1567
1569,2026-09-24,002393,2.6181629219206788,False,1568
1570,2026-09-24,300008,2.6160374500760981,False,1569
1571,2026-09-24,002796,2.6134745509133559,False,1570
1572,2026-09-24,603709,2.6127978853093445,False,1571
1573,2026-09-24,301003,2.6127093267791692,False,1572
1574,2026-09-24,300525,2.6083431938852168,False,1573
1575,2026-09-24,300157,2.6083431309103826,False,1574
1576,2026-09-24,000538,2.6046515073515275,False,1575
1577,2026-09-24,600433,2.6029256404378924,False,1576
1578,2026-09-24,600178,2.6016698680758341,False,1577
1579,2026-09-24,600727,2.6015329622742351,False,1578
1580,2026-09-24,002522,2.6011094722362333,False,1579
1581,2026-09-24,301628,2.5992187804685938,False,1580
1582,2026-09-24,300977,2.5992133353076268,False,1581
1583,2026-09-24,605158,2.5989048332769054,False,1582
1584,2026-09-24,601200,2.5982307486278646,False,1583
1585,2026-09-24,002266,2.5964383917973919,False,1584
1586,2026-09-24,689009,2.5946762650193524,False,1585
1587,2026-09-24,603276,2.5938422210243903,False,1586
1588,2026-09-24,603669,2.5900764141242787,False,1587
1589,2026-09-24,002410,2.5845601013252368,False,1588
1590,2026-09-24,603557,2.5834930681922343,False,1589
1591,2026-09-24,000518,2.583315355099808,False,1590
1592,2026-09-24,000906,2.5826911341752052,False,1591
1593,2026-09-24,300955,2.579107135351649,False,1592
1594,2026-09-24,002040,2.5781110539439274,False,1593
1595,2026-09-24,001269,2.5751840119166083,False,1594
1596,2026-09-24,603958,2.5728542736657052,False,1595
1597,2026-09-24,002391,2.5712094958745304,False,1596
1598,2026-09-24,002876,2.5692935682773501,False,1597
1599,2026-09-24,000928,2.5616512689725219,False,1598
1600,2026-09-24,600072,2.5606396442046311,False,1599
1601,2026-09-24,300816,2.5575751064855217,False,1600
1602,2026-09-24,603598,2.5524652715884062,False,1601
1603,2026-09-24,688229,2.5499963066619635,False,1602
1604,2026-09-24,300692,2.54908921278941,False,1603
1605,2026-09-24,600229,2.5468039381924807,False,1604
1606,2026-09-24,601019,2.5446308966651432,False,1605
1607,2026-09-24,300402,2.536412881953261,False,1606
1608,2026-09-24,688618,2.5353427812272518,False,1607
1609,2026-09-24,688607,2.5336208133152667,False,1608
1610,2026-09-24,000151,2.5326958547268705,False,1609
1611,2026-09-24,003020,2.529658958878259,False,1610
1612,2026-09-24,603987,2.5296427892520001,False,1611
1613,2026-09-24,600596,2.5282960480631864,False,1612
1614,2026-09-24,001314,2.5255464818373028,False,1613
1615,2026-09-24,002872,2.5213545814410341,False,1614
1616,2026-09-24,600012,2.5188949537340841,False,1615
1617,2026-09-24,601186,2.5161734378792358,False,1616
1618,2026-09-24,300942,2.5160321844930631,False,1617
1619,2026-09-24,605086,2.5127876346822209,False,1618
1620,2026-09-24,300864,2.5122912620552849,False,1619
1621,2026-09-24,002416,2.5101587836715575,False,1620
1622,2026-09-24,301076,2.506293679248917,False,1621
1623,2026-09-24,300444,2.5058198257781319,False,1622
1624,2026-09-24,600107,2.5024374222355021,False,1623
1625,2026-09-24,600886,2.5022910713031625,False,1624
1626,2026-09-24,603363,2.5018117266495747,False,1625
1627,2026-09-24,301368,2.5001188500794118,False,1626
1628,2026-09-24,688276,2.4982970398535356,False,1627
1629,2026-09-24,301202,2.4974578484574117,False,1628
1630,2026-09-24,600104,2.4954163478634959,False,1629
1631,2026-09-24,000731,2.4905685895538316,False,1630
1632,2026-09-24,600741,2.4899888040641054,False,1631
1633,2026-09-24,688071,2.4880256858808276,False,1632
1634,2026-09-24,301171,2.4858586211449452,False,1633
1635,2026-09-24,002641,2.4843962353405105,False,1634
1636,2026-09-24,600298,2.4825219041919659,False,1635
1637,2026-09-24,600238,2.4791895449724048,False,1636
1638,2026-09-24,002022,2.4791693006299482,False,1637
1639,2026-09-24,688529,2.4731874920501782,False,1638
1640,2026-09-24,301632,2.468822369361078,False,1639
1641,2026-09-24,002076,2.4671200085861837,False,1640
1642,2026-09-24,600116,2.4664621334228736,False,1641
1643,2026-09-24,301118,2.4646500633336634,False,1642
1644,2026-09-24,002047,2.4593440624985714,False,1643
1645,2026-09-24,300962,2.4591023537285603,False,1644
1646,2026-09-24,600963,2.458803818326631,False,1645
1647,2026-09-24,002388,2.4570173967807234,False,1646
1648,2026-09-24,603900,2.4566834623460609,False,1647
1649,2026-09-24,605005,2.4548805401555489,False,1648
1650,2026-09-24,688153,2.4537779338731727,False,1649
1651,2026-09-24,000403,2.4535770475608594,False,1650
1652,2026-09-24,300749,2.4488656337128045,False,1651
1653,2026-09-24,002293,2.4478494497497096,False,1652
1654,2026-09-24,300122,2.4468751839590803,False,1653
1655,2026-09-24,002866,2.4410472041048346,False,1654
1656,2026-09-24,688246,2.4331679764557981,False,1655
1657,2026-09-24,600085,2.431169944094663,False,1656
1658,2026-09-24,601156,2.4305011461132646,False,1657
1659,2026-09-24,603367,2.4302332744011226,False,1658
1660,2026-09-24,300463,2.4285364552295978,False,1659
1661,2026-09-24,301113,2.4283673190851554,False,1660
1662,2026-09-24,603863,2.428315057441381,False,1661
1663,2026-09-24,688357,2.4274545244233767,False,1662
1664,2026-09-24,300908,2.4267046380781347,False,1663
1665,2026-09-24,600352,2.4263029714603923,False,1664
1666,2026-09-24,002801,2.4256457772880684,False,1665
1667,2026-09-24,301223,2.4253889868054115,False,1666
1668,2026-09-24,000620,2.4229539949618562,False,1667
1669,2026-09-24,002363,2.4229176621460105,False,1668
1670,2026-09-24,300092,2.4194694289413925,False,1669
1671,2026-09-24,688577,2.4194298256502584,False,1670
1672,2026-09-24,600993,2.4193011239993605,False,1671
1673,2026-09-24,600754,2.4191990753457602,False,1672
1674,2026-09-24,002063,2.4183174767659779,False,1673
1675,2026-09-24,301479,2.4151484504037786,False,1674
1676,2026-09-24,002274,2.4141793939295257,False,1675
1677,2026-09-24,000758,2.412422575476556,False,1676
1678,2026-09-24,600066,2.4092752769645092,False,1677
1679,2026-09-24,002032,2.4058917938821613,False,1678
1680,2026-09-24,301538,2.4035052534035595,False,1679
1681,2026-09-24,301169,2.4013003099910319,False,1680
1682,2026-09-24,601628,2.4003563524646712,False,1681
1683,2026-09-24,688670,2.3973258051823674,False,1682
1684,2026-09-24,001217,2.3963313817399401,False,1683
1685,2026-09-24,600202,2.3962847242475611,False,1684
1686,2026-09-24,300134,2.3911133580148851,False,1685
1687,2026-09-24,002469,2.3897430605666048,False,1686
1688,2026-09-24,002628,2.3843107947201685,False,1687
1689,2026-09-24,300849,2.38285380915329,False,1688
1690,2026-09-24,000058,2.382573184876974,False,1689
1691,2026-09-24,301001,2.3806460070908457,False,1690
1692,2026-09-24,301170,2.3786575647342829,False,1691
1693,2026-09-24,000936,2.3765037824760804,False,1692
1694,2026-09-24,603790,2.3753980307455151,False,1693
1695,2026-09-24,603848,2.3753390052293506,False,1694
1696,2026-09-24,000089,2.3753232413547671,False,1695
1697,2026-09-24,688375,2.3725706652656764,False,1696
1698,2026-09-24,300197,2.3704568312178189,False,1697
1699,2026-09-24,300231,2.3701597021905059,False,1698
1700,2026-09-24,002305,2.3696386264877938,False,1699
1701,2026-09-24,002247,2.3664142876869021,False,1700
1702,2026-09-24,301042,2.366005213161984,False,1701
1703,2026-09-24,300985,2.3649052465955323,False,1702
1704,2026-09-24,603897,2.3647553758175941,False,1703
1705,2026-09-24,600307,2.3623204326742142,False,1704
1706,2026-09-24,605507,2.3598609946477378,False,1705
1707,2026-09-24,002182,2.3567322111945801,False,1706
1708,2026-09-24,002985,2.35465194320048,False,1707
1709,2026-09-24,002795,2.3511365135329831,False,1708
1710,2026-09-24,601100,2.3505045659519688,False,1709
1711,2026-09-24,301228,2.3493887611552129,False,1710
1712,2026-09-24,000690,2.3463695332667842,False,1711
1713,2026-09-24,600420,2.3455889843515711,False,1712
1714,2026-09-24,301077,2.3455828841356858,False,1713
1715,2026-09-24,600379,2.3443636835279773,False,1714
1716,2026-09-24,300198,2.3383686828141612,False,1715
1717,2026-09-24,603171,2.3372264261476987,False,1716
1718,2026-09-24,002345,2.3372149901957369,False,1717
1719,2026-09-24,600035,2.3367572772879703,False,1718
1720,2026-09-24,300682,2.3364395990939659,False,1719
1721,2026-09-24,603409,2.3349911542240109,False,1720
1722,2026-09-24,600526,2.3336388425581642,False,1721
1723,2026-09-24,000951,2.332774936156206,False,1722
1724,2026-09-24,603868,2.332663396568845,False,1723
1725,2026-09-24,600873,2.3317157284850558,False,1724
1726,2026-09-24,600191,2.328960201233186,False,1725
1727,2026-09-24,601665,2.3254886089901907,False,1726
1728,2026-09-24,300149,2.324132479958315,False,1727
1729,2026-09-24,000950,2.3238174441799182,False,1728
1730,2026-09-24,600756,2.3230219315981104,False,1729
1731,2026-09-24,002315,2.3218011308422595,False,1730
1732,2026-09-24,688580,2.3207481555480438,False,1731
1733,2026-09-24,603308,2.3195779518373207,False,1732
1734,2026-09-24,002136,2.319527474779532,False,1733
1735,2026-09-24,000007,2.3175041954993061,False,1734
1736,2026-09-24,002007,2.3137510267277168,False,1735
1737,2026-09-24,300471,2.3134791380332467,False,1736
1738,2026-09-24,601890,2.3104157453353347,False,1737
1739,2026-09-24,301361,2.3012731224543921,False,1738
1740,2026-09-24,002616,2.3012662832114898,False,1739
1741,2026-09-24,600051,2.3000516599499736,False,1740
1742,2026-09-24,000598,2.2998285145905011,False,1741
1743,2026-09-24,603217,2.2996286205082894,False,1742
1744,2026-09-24,002606,2.2944546498429288,False,1743
1745,2026-09-24,300328,2.2940795305892028,False,1744
1746,2026-09-24,600650,2.2900496910074888,False,1745
1747,2026-09-24,600511,2.2892633307421995,False,1746
1748,2026-09-24,001331,2.2869668583944587,False,1747
1749,2026-09-24,002832,2.2866108314767954,False,1748
1750,2026-09-24,601126,2.2846734121239072,False,1749
1751,2026-09-24,000999,2.2830547108136452,False,1750
1752,2026-09-24,301317,2.2796241114869926,False,1751
1753,2026-09-24,002532,2.2793693922344023,False,1752
1754,2026-09-24,301137,2.2764662589585063,False,1753
1755,2026-09-24,002380,2.2757484034038926,False,1754
1756,2026-09-24,600496,2.2733490886881187,False,1755
1757,2026-09-24,002891,2.2714435427576833,False,1756
1758,2026-09-24,000887,2.2710127450669826,False,1757
1759,2026-09-24,300831,2.2666378565566063,False,1758
1760,2026-09-24,002829,2.2663573965226638,False,1759
1761,2026-09-24,002189,2.2651602634951438,False,1760
1762,2026-09-24,301517,2.264003425351949,False,1761
1763,2026-09-24,603299,2.262876908378062,False,1762
1764,2026-09-24,300159,2.2605986847057773,False,1763
1765,2026-09-24,600141,2.259308492860721,False,1764
1766,2026-09-24,002313,2.2564766644803123,False,1765
1767,2026-09-24,300130,2.2527568724693205,False,1766
1768,2026-09-24,688184,2.2511693739273975,False,1767
1769,2026-09-24,688113,2.2503085911198815,False,1768
1770,2026-09-24,301011,2.2480944873828834,False,1769
1771,2026-09-24,301381,2.2414076191971817,False,1770
1772,2026-09-24,300900,2.2390368631560009,False,1771
1773,2026-09-24,002498,2.2371346063104798,False,1772
1774,2026-09-24,688013,2.2319880359568818,False,1773
1775,2026-09-24,688615,2.2290810440863829,False,1774
1776,2026-09-24,603578,2.2259786449051293,False,1775
1777,2026-09-24,002791,2.219534548568328,False,1776
1778,2026-09-24,300026,2.218983605314532,False,1777
1779,2026-09-24,002941,2.2081571868759129,False,1778
1780,2026-09-24,300232,2.2073179415449746,False,1779
1781,2026-09-24,600866,2.2037508700914881,False,1780
1782,2026-09-24,688139,2.20009289071939,False,1781
1783,2026-09-24,000301,2.1987208651051033,False,1782
1784,2026-09-24,603000,2.1959021642175323,False,1783
1785,2026-09-24,603269,2.1956616283496118,False,1784
1786,2026-09-24,605055,2.1952686374011003,False,1785
1787,2026-09-24,002250,2.1938233683099853,False,1786
1788,2026-09-24,600718,2.189667797900297,False,1787
1789,2026-09-24,300237,2.1871492492079021,False,1788
1790,2026-09-24,603111,2.1862490059468271,False,1789
1791,2026-09-24,600203,2.1845091883218659,False,1790
1792,2026-09-24,301320,2.1815996052823814,False,1791
1793,2026-09-24,002296,2.1794538416916578,False,1792
1794,2026-09-24,600261,2.1778533954062049,False,1793
1795,2026-09-24,001232,2.1777952308703039,False,1794
1796,2026-09-24,600704,2.1725040366262145,False,1795
1797,2026-09-24,300359,2.1713844550025341,False,1796
1798,2026-09-24,002194,2.1710103947350947,False,1797
1799,2026-09-24,603927,2.1688046060415127,False,1798
1800,2026-09-24,002009,2.1636064942262454,False,1799
1801,2026-09-24,600776,2.1635954883429735,False,1800
1802,2026-09-24,300933,2.163428774018564,False,1801
1803,2026-09-24,688443,2.1625352387265848,False,1802
1804,2026-09-24,603377,2.1608423913717951,False,1803
1805,2026-09-24,603712,2.1605435605598107,False,1804
1806,2026-09-24,688539,2.1604330719818789,False,1805
1807,2026-09-24,601702,2.1601423127851822,False,1806
1808,2026-09-24,600691,2.1595122797282102,False,1807
1809,2026-09-24,301293,2.159322841647465,False,1808
1810,2026-09-24,002052,2.1582896154321278,False,1809
1811,2026-09-24,300993,2.154898156150753,False,1810
1812,2026-09-24,002216,2.1522773358978164,False,1811
1813,2026-09-24,688576,2.1501733678785984,False,1812
1814,2026-09-24,301023,2.1481692025050148,False,1813
1815,2026-09-24,688697,2.148082325383454,False,1814
1816,2026-09-24,603881,2.1474081094406507,False,1815
1817,2026-09-24,002374,2.1462837258399179,False,1816
1818,2026-09-24,301283,2.1444421509048657,False,1817
1819,2026-09-24,300678,2.1428174255381531,False,1818
1820,2026-09-24,000554,2.1421168672169779,False,1819
1821,2026-09-24,300168,2.1347735254550879,False,1820
1822,2026-09-24,603888,2.1312893955334791,False,1821
1823,2026-09-24,002287,2.1301447583177842,False,1822
1824,2026-09-24,300791,2.1299234471673447,False,1823
1825,2026-09-24,300584,2.126195503928261,False,1824
1826,2026-09-24,603950,2.1218230731922434,False,1825
1827,2026-09-24,002591,2.1168059040456044,False,1826
1828,2026-09-24,688659,2.1154482373507739,False,1827
1829,2026-09-24,002117,2.1151104243416174,False,1828
1830,2026-09-24,688737,2.1148718526985948,False,1829
1831,2026-09-24,300133,2.1141310342940174,False,1830
1832,2026-09-24,603855,2.1135933505383435,False,1831
1833,2026-09-24,300833,2.1116432069107591,False,1832
1834,2026-09-24,688553,2.1115464306431164,False,1833
1835,2026-09-24,300144,2.1101481877595303,False,1834
1836,2026-09-24,605167,2.1065707127882733,False,1835
1837,2026-09-24,000553,2.106087796726801,False,1836
1838,2026-09-24,600638,2.1006251270348075,False,1837
1839,2026-09-24,688038,2.1005569261626214,False,1838
1840,2026-09-24,301363,2.1003469071549059,False,1839
1841,2026-09-24,300389,2.0986577322292108,False,1840
1842,2026-09-24,601997,2.098178030516233,False,1841
1843,2026-09-24,603195,2.0973071145320015,False,1842
1844,2026-09-24,605299,2.0971632046477535,False,1843
1845,2026-09-24,603309,2.0950885644849313,False,1844
1846,2026-09-24,000506,2.091451354233147,False,1845
1847,2026-09-24,300278,2.0913307373921555,False,1846
1848,2026-09-24,300598,2.0898774292154605,False,1847
1849,2026-09-24,300213,2.0881095905434046,False,1848
1850,2026-09-24,600483,2.0878557119832273,False,1849
1851,2026-09-24,603768,2.0865265737006351,False,1850
1852,2026-09-24,300128,2.0849071828975867,False,1851
1853,2026-09-24,301332,2.0839087846128415,False,1852
1854,2026-09-24,688053,2.0838349853429738,False,1853
1855,2026-09-24,600117,2.0833429368867415,False,1854
1856,2026-09-24,688562,2.0821761736611188,False,1855
1857,2026-09-24,600129,2.0771555594322808,False,1856
1858,2026-09-24,301175,2.0725335389638335,False,1857
1859,2026-09-24,300594,2.0701697284670093,False,1858
1860,2026-09-24,000708,2.0700837417103193,False,1859
1861,2026-09-24,000709,2.0683368326686495,False,1860
1862,2026-09-24,301167,2.0658081853991135,False,1861
1863,2026-09-24,603170,2.0606700704437215,False,1862
1864,2026-09-24,600250,2.0601215781806395,False,1863
1865,2026-09-24,600197,2.0582528295737585,False,1864
1866,2026-09-24,301203,2.0573629661079651,False,1865
1867,2026-09-24,688033,2.0556141490348985,False,1866
1868,2026-09-24,600561,2.0529305210779087,False,1867
1869,2026-09-24,688695,2.0521925107575898,False,1868
1870,2026-09-24,688800,2.048918240594674,False,1869
1871,2026-09-24,600339,2.0464702498951763,False,1870
1872,2026-09-24,600689,2.0360191262418703,False,1871
1873,2026-09-24,300427,2.0326949581451981,False,1872
1874,2026-09-24,002752,2.031686354136446,False,1873
1875,2026-09-24,600606,2.0314740355876295,False,1874
1876,2026-09-24,001285,2.0298586770423475,False,1875
1877,2026-09-24,300595,2.026500432098282,False,1876
1878,2026-09-24,601000,2.0264344608870575,False,1877
1879,2026-09-24,600470,2.0257132808749256,False,1878
1880,2026-09-24,300758,2.0174996074293721,False,1879
1881,2026-09-24,688236,2.0148009664955127,False,1880
1882,2026-09-24,301127,2.0122016230223818,False,1881
1883,2026-09-24,002214,2.0114125576002939,False,1882
1884,2026-09-24,001400,2.0007945728186645,False,1883
1885,2026-09-24,605151,2.0006167061989029,False,1884
1886,2026-09-24,600455,1.9957463248870106,False,1885
1887,2026-09-24,688136,1.9948491700690671,False,1886
1888,2026-09-24,688509,1.9909881916656138,False,1887
1889,2026-09-24,600717,1.9909270851747674,False,1888
1890,2026-09-24,603528,1.9906936620129656,False,1889
1891,2026-09-24,603928,1.9876640980805174,False,1890
1892,2026-09-24,605166,1.98762268427497,False,1891
1893,2026-09-24,600151,1.9859978479617215,False,1892
1894,2026-09-24,301024,1.9840838771095752,False,1893
1895,2026-09-24,300343,1.9785212807603034,False,1894
1896,2026-09-24,300881,1.9773613509406469,False,1895
1897,2026-09-24,002809,1.97647759271337,False,1896
1898,2026-09-24,300667,1.9710350816645872,False,1897
1899,2026-09-24,301502,1.9682251477863113,False,1898
1900,2026-09-24,600938,1.9649042854546408,False,1899
1901,2026-09-24,300789,1.9624841820735552,False,1900
1902,2026-09-24,000720,1.9610526107098127,False,1901
1903,2026-09-24,603097,1.9568399540102588,False,1902
1904,2026-09-24,002783,1.9554359689071736,False,1903
1905,2026-09-24,600329,1.9522837199327414,False,1904
1906,2026-09-24,301508,1.9522366829544349,False,1905
1907,2026-09-24,600029,1.9521845788576628,False,1906
1908,2026-09-24,600328,1.9512707900924453,False,1907
1909,2026-09-24,603605,1.9498339595397614,False,1908
1910,2026-09-24,688302,1.9492936571266255,False,1909
1911,2026-09-24,688237,1.9479722265993256,False,1910
1912,2026-09-24,300855,1.9462424841696579,False,1911
1913,2026-09-24,300523,1.9447867959317102,False,1912
1914,2026-09-24,002020,1.9446011629704678,False,1913
1915,2026-09-24,300980,1.943588030690762,False,1914
1916,2026-09-24,301535,1.9432693683527602,False,1915
1917,2026-09-24,688198,1.9388235755154384,False,1916
1918,2026-09-24,688331,1.9361236008528835,False,1917
1919,2026-09-24,301336,1.9353471699526077,False,1918
1920,2026-09-24,688151,1.9309861457136732,False,1919
1921,2026-09-24,603130,1.9305387165456862,False,1920
1922,2026-09-24,002658,1.9282859254153988,False,1921
1923,2026-09-24,301179,1.9213216904022206,False,1922
1924,2026-09-24,001260,1.9212894014591186,False,1923
1925,2026-09-24,603036,1.9201126223817391,False,1924
1926,2026-09-24,000557,1.9126694065532188,False,1925
1927,2026-09-24,002765,1.9100849108466555,False,1926
1928,2026-09-24,688160,1.9089758794674307,False,1927
1929,2026-09-24,300698,1.906639260699291,False,1928
1930,2026-09-24,600525,1.9045863758571531,False,1929
1931,2026-09-24,601398,1.9043133061813216,False,1930
1932,2026-09-24,000547,1.8986870609659812,False,1931
1933,2026-09-24,301555,1.89749397211711,False,1932
1934,2026-09-24,301499,1.894123718895079,False,1933
1935,2026-09-24,300663,1.8937950303631073,False,1934
1936,2026-09-24,603086,1.8924741752786995,False,1935
1937,2026-09-24,300712,1.8920589877575069,False,1936
1938,2026-09-24,688668,1.8889733475779138,False,1937
1939,2026-09-24,301255,1.8857908953362275,False,1938
1940,2026-09-24,605298,1.8834631427994772,False,1939
1941,2026-09-24,301120,1.8705724325293509,False,1940
1942,2026-09-24,301199,1.867926825830593,False,1941
1943,2026-09-24,603728,1.8660242580517237,False,1942
1944,2026-09-24,603680,1.8615701877291757,False,1943
1945,2026-09-24,002681,1.8598417009800772,False,1944
1946,2026-09-24,301581,1.8583408207241381,False,1945
1947,2026-09-24,600187,1.8579923226427848,False,1946
1948,2026-09-24,603515,1.8561306249267284,False,1947
1949,2026-09-24,605399,1.8561236757087687,False,1948
1950,2026-09-24,300651,1.8550072819572647,False,1949
1951,2026-09-24,603660,1.8544671433894933,False,1950
1952,2026-09-24,000738,1.8495616573627169,False,1951
1953,2026-09-24,002401,1.8431730451889092,False,1952
1954,2026-09-24,603323,1.8421326835600045,False,1953
1955,2026-09-24,301268,1.8412838488957139,False,1954
1956,2026-09-24,300445,1.8410834333325607,False,1955
1957,2026-09-24,002298,1.8399517752470005,False,1956
1958,2026-09-24,002657,1.8330525772335582,False,1957
1959,2026-09-24,603214,1.8330201624275886,False,1958
1960,2026-09-24,300867,1.8324532869759378,False,1959
1961,2026-09-24,002932,1.8319105753047138,False,1960
1962,2026-09-24,601800,1.8296849000567228,False,1961
1963,2026-09-24,002595,1.8284277727300928,False,1962
1964,2026-09-24,002088,1.82796859060227,False,1963
1965,2026-09-24,603282,1.8267867682484593,False,1964
1966,2026-09-24,688298,1.8256226640242164,False,1965
1967,2026-09-24,000876,1.8225133946132765,False,1966
1968,2026-09-24,600783,1.8208147478260255,False,1967
1969,2026-09-24,600030,1.8160287587626949,False,1968
1970,2026-09-24,600476,1.8159813132773426,False,1969
1971,2026-09-24,301051,1.8146630651927733,False,1970
1972,2026-09-24,688111,1.8133609969467281,False,1971
1973,2026-09-24,000042,1.8114009071801755,False,1972
1974,2026-09-24,003003,1.8102311174986299,False,1973
1975,2026-09-24,002947,1.8090197797683834,False,1974
1976,2026-09-24,600728,1.8084212453599942,False,1975
1977,2026-09-24,002662,1.8082001287368739,False,1976
1978,2026-09-24,300062,1.8074974704400228,False,1977
1979,2026-09-24,002609,1.8065377601053174,False,1978
1980,2026-09-24,600332,1.8051081304419658,False,1979
1981,2026-09-24,603716,1.8050246488031916,False,1980
1982,2026-09-24,000617,1.8010675750026315,False,1981
1983,2026-09-24,300384,1.8009598261186062,False,1982
1984,2026-09-24,000570,1.8009347563803111,False,1983
1985,2026-09-24,300602,1.7959903798586543,False,1984
1986,2026-09-24,603090,1.7951574176287968,False,1985
1987,2026-09-24,600410,1.7938148359974495,False,1986
1988,2026-09-24,603158,1.7935548672872892,False,1987
1989,2026-09-24,000852,1.7905479179097039,False,1988
1990,2026-09-24,000863,1.7902877595000666,False,1989
1991,2026-09-24,603191,1.7884119074074842,False,1990
1992,2026-09-24,002948,1.7876443791733929,False,1991
1993,2026-09-24,300466,1.7870161542959662,False,1992
1994,2026-09-24,000400,1.784917716206859,False,1993
1995,2026-09-24,603088,1.7781119566783952,False,1994
1996,2026-09-24,688211,1.7776755755942677,False,1995
1997,2026-09-24,688648,1.774781324290283,False,1996
1998,2026-09-24,600550,1.7747746362127645,False,1997
1999,2026-09-24,601988,1.7737585470243944,False,1998
2000,2026-09-24,688717,1.7729979890835352,False,1999
2001,2026-09-24,688620,1.7714508840383987,False,2000
2002,2026-09-24,002562,1.7665032685976954,False,2001
2003,2026-09-24,000026,1.7655435631997249,False,2002
2004,2026-09-24,603969,1.7639808973232132,False,2003
2005,2026-09-24,301005,1.7606914614014126,False,2004
2006,2026-09-24,002175,1.7597951998850723,False,2005
2007,2026-09-24,001296,1.7561643922562218,False,2006
2008,2026-09-24,002588,1.7527025356261943,False,2007
2009,2026-09-24,002882,1.7486322786024799,False,2008
2010,2026-09-24,605011,1.7457071787043932,False,2009
2011,2026-09-24,600809,1.7454680254563357,False,2010
2012,2026-09-24,603277,1.7413529291868901,False,2011
2013,2026-09-24,301222,1.738020727688915,False,2012
2014,2026-09-24,688428,1.7376039160718544,False,2013
2015,2026-09-24,688080,1.7329852790638385,False,2014
2016,2026-09-24,603595,1.732219209679039,False,2015
2017,2026-09-24,601865,1.7319046418075839,False,2016
2018,2026-09-24,300053,1.729977711041919,False,2017
2019,2026-09-24,688101,1.7283280247909492,False,2018
2020,2026-09-24,002506,1.7264602202121411,False,2019
2021,2026-09-24,300656,1.7262752177696665,False,2020
2022,2026-09-24,603877,1.7261200840928344,False,2021
2023,2026-09-24,300797,1.7242609112641167,False,2022
2024,2026-09-24,301029,1.7242160011909839,False,2023
2025,2026-09-24,000736,1.7201861609254625,False,2024
2026,2026-09-24,600787,1.7173203405068413,False,2025
2027,2026-09-24,002269,1.7170792536552062,False,2026
2028,2026-09-24,002739,1.7156436919260556,False,2027
2029,2026-09-24,605123,1.7153302546169558,False,2028
2030,2026-09-24,000909,1.7115365389751833,False,2029
2031,2026-09-24,603687,1.7115034076740057,False,2030
2032,2026-09-24,300195,1.7105749344872745,False,2031
2033,2026-09-24,001335,1.708560058324309,False,2032
2034,2026-09-24,600620,1.7063448451791077,False,2033
2035,2026-09-24,600589,1.7048989601510094,False,2034
2036,2026-09-24,002454,1.7030000797921447,False,2035
2037,2026-09-24,600177,1.7029618767461998,False,2036
2038,2026-09-24,600797,1.7014821741094581,False,2037
2039,2026-09-24,002090,1.6991439163165101,False,2038
2040,2026-09-24,300477,1.6989804731953864,False,2039
2041,2026-09-24,603310,1.6989733210686087,False,2040
2042,2026-09-24,002036,1.698134224450496,False,2041
2043,2026-09-24,600960,1.6977453248037326,False,2042
2044,2026-09-24,601677,1.6928924671517502,False,2043
2045,2026-09-24,001378,1.6876992334213723,False,2044
2046,2026-09-24,002624,1.6858187405614025,False,2045
2047,2026-09-24,300307,1.6857290651348795,False,2046
2048,2026-09-24,300036,1.6853761885903078,False,2047
2049,2026-09-24,603223,1.6844771241210932,False,2048
2050,2026-09-24,600859,1.6812240890449903,False,2049
2051,2026-09-24,002540,1.6805900539062693,False,2050
2052,2026-09-24,002452,1.6793673429781633,False,2051
2053,2026-09-24,301185,1.6787014247532603,False,2052
2054,2026-09-24,300826,1.6738223865442459,False,2053
2055,2026-09-24,301083,1.6737000294377897,False,2054
2056,2026-09-24,001205,1.6734025040533385,False,2055
2057,2026-09-24,601668,1.6716138555449833,False,2056
2058,2026-09-24,002966,1.6620488347011677,False,2057
2059,2026-09-24,300093,1.6604826220788362,False,2058
2060,2026-09-24,603567,1.6596590856397189,False,2059
2061,2026-09-24,600733,1.6577666447087591,False,2060
2062,2026-09-24,605178,1.6571396619034482,False,2061
2063,2026-09-24,001279,1.6563318844262422,False,2062
2064,2026-09-24,688505,1.6548412312490808,False,2063
2065,2026-09-24,603520,1.6519304527120346,False,2064
2066,2026-09-24,603959,1.6504296046166189,False,2065
2067,2026-09-24,603062,1.649750693256208,False,2066
2068,2026-09-24,603026,1.6487492959593681,False,2067
2069,2026-09-24,603843,1.648191061316491,False,2068
2070,2026-09-24,002573,1.6439231061899986,False,2069
2071,2026-09-24,002919,1.6426486631593842,False,2070
2072,2026-09-24,301267,1.6396044788928497,False,2071
2073,2026-09-24,000897,1.6392103875749644,False,2072
2074,2026-09-24,603698,1.6389502394718991,False,2073
2075,2026-09-24,603786,1.6334025393926801,False,2074
2076,2026-09-24,688212,1.633229794395525,False,2075
2077,2026-09-24,002572,1.6317869529187186,False,2076
2078,2026-09-24,603197,1.6317051186136582,False,2077
2079,2026-09-24,688586,1.6306814511655969,False,2078
2080,2026-09-24,300022,1.6296201093468228,False,2079
2081,2026-09-24,603909,1.6272203139492158,False,2080
2082,2026-09-24,603883,1.6262158854721824,False,2081
2083,2026-09-24,601008,1.6256860449595614,False,2082
2084,2026-09-24,300403,1.6247991911112349,False,2083
2085,2026-09-24,001306,1.6168434741501516,False,2084
2086,2026-09-24,000036,1.6158267905979955,False,2085
2087,2026-09-24,601588,1.6157209401094068,False,2086
2088,2026-09-24,002132,1.6155828331544138,False,2087
2089,2026-09-24,601898,1.6141083773601919,False,2088
2090,2026-09-24,601089,1.6128129170195942,False,2089
2091,2026-09-24,600361,1.6126797476387291,False,2090
2092,2026-09-24,600000,1.6090394769735332,False,2091
2093,2026-09-24,600666,1.6080844789384261,False,2092
2094,2026-09-24,002100,1.6069241315316545,False,2093
2095,2026-09-24,301130,1.6061126880973808,False,2094
2096,2026-09-24,601618,1.6060402125945785,False,2095
2097,2026-09-24,601686,1.60574545301548,False,2096
2098,2026-09-24,002683,1.6032991599322011,False,2097
2099,2026-09-24,300341,1.6005083638279369,False,2098
2100,2026-09-24,301609,1.5997661604337057,False,2099
2101,2026-09-24,600131,1.5988437256674621,False,2100
2102,2026-09-24,301178,1.5987783110268832,False,2101
2103,2026-09-24,002906,1.5979575766523213,False,2102
2104,2026-09-24,688651,1.597829996190675,False,2103
2105,2026-09-24,003035,1.5903469744989469,False,2104
2106,2026-09-24,600188,1.5897267035208253,False,2105
2107,2026-09-24,002885,1.587924623988521,False,2106
2108,2026-09-24,000915,1.5810049608027379,False,2107
2109,2026-09-24,600309,1.580083570857489,False,2108
2110,2026-09-24,600819,1.5785126659613158,False,2109
2111,2026-09-24,002495,1.5693765492355283,False,2110
2112,2026-09-24,002400,1.5681814539021148,False,2111
2113,2026-09-24,600391,1.5657130252957328,False,2112
2114,2026-09-24,688568,1.5646952470032311,False,2113
2115,2026-09-24,600089,1.5605623068339451,False,2114
2116,2026-09-24,301015,1.5604482215225106,False,2115
2117,2026-09-24,002671,1.5599143910213424,False,2116
2118,2026-09-24,002713,1.559759410716886,False,2117
2119,2026-09-24,300247,1.5586485862474859,False,2118
2120,2026-09-24,600271,1.5582263282391389,False,2119
2121,2026-09-24,688327,1.5549220185118966,False,2120
2122,2026-09-24,301149,1.5540572475079164,False,2121
2123,2026-09-24,002213,1.5525780633844006,False,2122
2124,2026-09-24,688455,1.5513353342870722,False,2123
2125,2026-09-24,300559,1.5507142567253152,False,2124
2126,2026-09-24,300905,1.5483139370615975,False,2125
2127,2026-09-24,002449,1.5438663953045948,False,2126
2128,2026-09-24,688070,1.5431624638796235,False,2127
2129,2026-09-24,300693,1.5431053075186596,False,2128
2130,2026-09-24,301353,1.5383897305652217,False,2129
2131,2026-09-24,301421,1.5362470670538626,False,2130
2132,2026-09-24,603917,1.5358978227119704,False,2131
2133,2026-09-24,600380,1.5337853251064049,False,2132
2134,2026-09-24,600521,1.5334913958430776,False,2133
2135,2026-09-24,001236,1.5277878020763123,False,2134
2136,2026-09-24,300113,1.5274722461757853,False,2135
2137,2026-09-24,300412,1.5243170395538153,False,2136
2138,2026-09-24,002382,1.5236827825808361,False,2137
2139,2026-09-24,301050,1.5230699771055871,False,2138
2140,2026-09-24,688247,1.5190480212302928,False,2139
2141,2026-09-24,002705,1.5186031732682599,False,2140
2142,2026-09-24,300080,1.5177225291278253,False,2141
2143,2026-09-24,600557,1.5160167660075721,False,2142
2144,2026-09-24,002488,1.515623528105192,False,2143
2145,2026-09-24,002867,1.5142362236284403,False,2144
2146,2026-09-24,688558,1.5139177121502869,False,2145
2147,2026-09-24,603988,1.5134024242668636,False,2146
2148,2026-09-24,002701,1.5129696915100452,False,2147
2149,2026-09-24,300696,1.5129062559059179,False,2148
2150,2026-09-24,603993,1.511829121064832,False,2149
2151,2026-09-24,600853,1.5110361492500721,False,2150
2152,2026-09-24,300220,1.5105288646089985,False,2151
2153,2026-09-24,000661,1.5098566434316183,False,2152
2154,2026-09-24,601288,1.508224919168764,False,2153
2155,2026-09-24,002102,1.5072439140796328,False,2154
2156,2026-09-24,300818,1.5067740711683975,False,2155
2157,2026-09-24,300512,1.5052341373442948,False,2156
2158,2026-09-24,601598,1.5026373796005714,False,2157
2159,2026-09-24,688030,1.5000657673127116,False,2158
2160,2026-09-24,601607,1.500030589774425,False,2159
2161,2026-09-24,603737,1.4985990959519122,False,2160
2162,2026-09-24,600217,1.4985315423925671,False,2161
2163,2026-09-24,002351,1.4949317585268784,False,2162
2164,2026-09-24,003021,1.4937352033245315,False,2163
2165,2026-09-24,601939,1.4919609723812508,False,2164
2166,2026-09-24,603882,1.4891508347388211,False,2165
2167,2026-09-24,600576,1.4882227113367694,False,2166
2168,2026-09-24,603183,1.4879535270990254,False,2167
2169,2026-09-24,300946,1.4859205209828998,False,2168
2170,2026-09-24,002284,1.4849723196575264,False,2169
2171,2026-09-24,601318,1.4843234267694716,False,2170
2172,2026-09-24,600243,1.4808989260857932,False,2171
2173,2026-09-24,002372,1.4806982424700896,False,2172
2174,2026-09-24,603060,1.4797576276813178,False,2173
2175,2026-09-24,601123,1.4759696029673135,False,2174
2176,2026-09-24,603366,1.4740546012211229,False,2175
2177,2026-09-24,688095,1.4722913285990904,False,2176
2178,2026-09-24,000892,1.4702784186337774,False,2177
2179,2026-09-24,600523,1.4686354765931338,False,2178
2180,2026-09-24,301093,1.4665322817677908,False,2179
2181,2026-09-24,600167,1.4650432842801488,False,2180
2182,2026-09-24,600108,1.4641568257610449,False,2181
2183,2026-09-24,600749,1.462972596151908,False,2182
2184,2026-09-24,600875,1.4608286275906288,False,2183
2185,2026-09-24,301518,1.4600403480196631,False,2184
2186,2026-09-24,300760,1.4524692864990192,False,2185
2187,2026-09-24,603202,1.4488715232881697,False,2186
2188,2026-09-24,688050,1.4471480933152736,False,2187
2189,2026-09-24,601006,1.4462196700085603,False,2188
2190,2026-09-24,600157,1.4455538315744914,False,2189
2191,2026-09-24,002775,1.4442275978587835,False,2190
2192,2026-09-24,600198,1.4419413831711072,False,2191
2193,2026-09-24,600405,1.4404860458547208,False,2192
2194,2026-09-24,688305,1.4390675229074468,False,2193
2195,2026-09-24,688709,1.4378889814902309,False,2194
2196,2026-09-24,300510,1.4363280709202053,False,2195
2197,2026-09-24,600395,1.4357941129128067,False,2196
2198,2026-09-24,605183,1.4355491547662229,False,2197
2199,2026-09-24,600645,1.4348303975049048,False,2198
2200,2026-09-24,600600,1.4341230782616934,False,2199
2201,2026-09-24,300872,1.4279305524447048,False,2200
2202,2026-09-24,603298,1.4265363680657068,False,2201
2203,2026-09-24,300916,1.4233725647248665,False,2202
2204,2026-09-24,300755,1.422049413203069,False,2203
2205,2026-09-24,300269,1.4212908028582756,False,2204
2206,2026-09-24,002539,1.4196631102234269,False,2205
2207,2026-09-24,688790,1.4156782815209006,False,2206
2208,2026-09-24,002526,1.4149431388562927,False,2207
2209,2026-09-24,300673,1.4128375582913897,False,2208
2210,2026-09-24,300556,1.4111974050063543,False,2209
2211,2026-09-24,002799,1.4081915399418201,False,2210
2212,2026-09-24,300883,1.4032109800040891,False,2211
2213,2026-09-24,603117,1.4001139469318193,False,2212
2214,2026-09-24,000881,1.3993269203454788,False,2213
2215,2026-09-24,002676,1.3978702950363422,False,2214
2216,2026-09-24,001328,1.3932093507469068,False,2215
2217,2026-09-24,600611,1.3925076032993424,False,2216
2218,2026-09-24,600185,1.3891461195895043,False,2217
2219,2026-09-24,600966,1.3885660573120369,False,2218
2220,2026-09-24,001238,1.3876257546141419,False,2219
2221,2026-09-24,300529,1.3872976108395165,False,2220
2222,2026-09-24,002726,1.3854513095483909,False,2221
2223,2026-09-24,300721,1.3843609089664506,False,2222
2224,2026-09-24,601069,1.3838768622791247,False,2223
2225,2026-09-24,603239,1.3816697526763408,False,2224
2226,2026-09-24,300482,1.3786776638547151,False,2225
2227,2026-09-24,603155,1.3699637960768454,False,2226
2228,2026-09-24,300355,1.3656521414516289,False,2227
2229,2026-09-24,600439,1.3641196102811954,False,2228
2230,2026-09-24,605080,1.3633709066686226,False,2229
2231,2026-09-24,603822,1.3620024591628594,False,2230
2232,2026-09-24,600818,1.3605215856155091,False,2231
2233,2026-09-24,600810,1.3603772667361373,False,2232
2234,2026-09-24,301060,1.3568651102262292,False,2233
2235,2026-09-24,600415,1.3565967070870231,False,2234
2236,2026-09-24,301622,1.3544180498173313,False,2235
2237,2026-09-24,600210,1.3491420268983196,False,2236
2238,2026-09-24,688273,1.3479085798808002,False,2237
2239,2026-09-24,600751,1.3411137844205292,False,2238
2240,2026-09-24,688560,1.3408163344799258,False,2239
2241,2026-09-24,300421,1.3399628074525041,False,2240
2242,2026-09-24,301551,1.3382602765677856,False,2241
2243,2026-09-24,603511,1.3359990384405696,False,2242
2244,2026-09-24,601808,1.3341427135075281,False,2243
2245,2026-09-24,000830,1.3336304113844535,False,2244
2246,2026-09-24,601111,1.3298070664696697,False,2245
2247,2026-09-24,300959,1.3291294002633021,False,2246
2248,2026-09-24,688310,1.3277487624732407,False,2247
2249,2026-09-24,688386,1.321308422255687,False,2248
2250,2026-09-24,000776,1.3207661331970242,False,2249
2251,2026-09-24,600125,1.3194329129246607,False,2250
2252,2026-09-24,001210,1.3171092923835741,False,2251
2253,2026-09-24,000589,1.3155324582546339,False,2252
2254,2026-09-24,000404,1.3151109784867048,False,2253
2255,2026-09-24,688657,1.314510857748667,False,2254
2256,2026-09-24,600979,1.3137944609942125,False,2255
2257,2026-09-24,605099,1.3135179398065522,False,2256
2258,2026-09-24,601005,1.3120517645779191,False,2257
2259,2026-09-24,300191,1.3095862606378823,False,2258
2260,2026-09-24,000917,1.3072053075554972,False,2259
2261,2026-09-24,300033,1.3045627134209794,False,2260
2262,2026-09-24,002448,1.3043916203127863,False,2261
2263,2026-09-24,000410,1.29902628828707,False,2262
2264,2026-09-24,600533,1.2984429170783205,False,2263
2265,2026-09-24,603210,1.2982078961960353,False,2264
2266,2026-09-24,000665,1.2980387506433604,False,2265
2267,2026-09-24,002659,1.2954675859414435,False,2266
2268,2026-09-24,300484,1.2945684390035423,False,2267
2269,2026-09-24,688592,1.2928545882885509,False,2268
2270,2026-09-24,600546,1.2926741660737715,False,2269
2271,2026-09-24,300773,1.2925798778321762,False,2270
2272,2026-09-24,688363,1.2910016854176436,False,2271
2273,2026-09-24,603190,1.2848805209503529,False,2272
2274,2026-09-24,600088,1.2790458282970751,False,2273
2275,2026-09-24,002933,1.2789417690608973,False,2274
2276,2026-09-24,301109,1.2766895509498188,False,2275
2277,2026-09-24,688759,1.2764663639737477,False,2276
2278,2026-09-24,300846,1.2761970226474284,False,2277
2279,2026-09-24,603312,1.2759974774592417,False,2278
2280,2026-09-24,600114,1.2727624862943734,False,2279
2281,2026-09-24,300245,1.2720254791272787,False,2280
2282,2026-09-24,002805,1.2719874301215914,False,2281
2283,2026-09-24,600378,1.271982641468083,False,2282
2284,2026-09-24,001259,1.2714551918774071,False,2283
2285,2026-09-24,600795,1.2711293433894526,False,2284
2286,2026-09-24,600335,1.2679354581032514,False,2285
2287,2026-09-24,688117,1.2646301967078393,False,2286
2288,2026-09-24,600639,1.2600678793049611,False,2287
2289,2026-09-24,002066,1.2583609238133069,False,2288
2290,2026-09-24,002441,1.2581303178174785,False,2289
2291,2026-09-24,600023,1.2555070820024545,False,2290
2292,2026-09-24,601199,1.2508023400779114,False,2291
2293,2026-09-24,000425,1.2482240748606499,False,2292
2294,2026-09-24,002858,1.2479269310549861,False,2293
2295,2026-09-24,600643,1.2471860462789373,False,2294
2296,2026-09-24,301172,1.2444764028439408,False,2295
2297,2026-09-24,002566,1.2437070955678395,False,2296
2298,2026-09-24,600036,1.2382710254986722,False,2297
2299,2026-09-24,300226,1.2369037519546897,False,2298
2300,2026-09-24,601825,1.2364346330893192,False,2299
2301,2026-09-24,601500,1.2342891713080304,False,2300
2302,2026-09-24,000927,1.2317691135919708,False,2301
2303,2026-09-24,001202,1.2281051225378214,False,2302
2304,2026-09-24,301315,1.2269794144245947,False,2303
2305,2026-09-24,603286,1.2260388292927169,False,2304
2306,2026-09-24,300581,1.2245759604297977,False,2305
2307,2026-09-24,301584,1.2240629202569042,False,2306
2308,2026-09-24,300848,1.2232989688084115,False,2307
2309,2026-09-24,002965,1.2229356170437469,False,2308
2310,2026-09-24,300793,1.2215198405949286,False,2309
2311,2026-09-24,301587,1.2213529626505184,False,2310
2312,2026-09-24,600028,1.2194980884777191,False,2311
2313,2026-09-24,002331,1.2184162131790335,False,2312
2314,2026-09-24,688351,1.2181994003361183,False,2313
2315,2026-09-24,300365,1.2163475217858686,False,2314
2316,2026-09-24,600011,1.215548848047306,False,2315
2317,2026-09-24,300853,1.2142071898732012,False,2316
2318,2026-09-24,002723,1.2135255737312824,False,2317
2319,2026-09-24,603887,1.211772405180366,False,2318
2320,2026-09-24,600004,1.2111329029484947,False,2319
2321,2026-09-24,300724,1.2097561058268167,False,2320
2322,2026-09-24,688805,1.2073273169809771,False,2321
2323,2026-09-24,603014,1.2071845054245425,False,2322
2324,2026-09-24,300351,1.2046922763284089,False,2323
2325,2026-09-24,603416,1.2035825937636579,False,2324
2326,2026-09-24,688699,1.2005320715154517,False,2325
2327,2026-09-24,605056,1.1999318414507574,False,2326
2328,2026-09-24,000581,1.1926041198887027,False,2327
2329,2026-09-24,000612,1.1913246226575411,False,2328
2330,2026-09-24,002302,1.1908531287734432,False,2329
2331,2026-09-24,300235,1.1900462059519605,False,2330
2332,2026-09-24,601666,1.1897994198704493,False,2331
2333,2026-09-24,688058,1.189214269371933,False,2332
2334,2026-09-24,002221,1.1874294498143025,False,2333
2335,2026-09-24,002019,1.1848570391804141,False,2334
2336,2026-09-24,002075,1.1822157800829811,False,2335
2337,2026-09-24,002598,1.1793593785722631,False,2336
2338,2026-09-24,603009,1.1766661258336311,False,2337
2339,2026-09-24,600528,1.1763201426326515,False,2338
2340,2026-09-24,301329,1.1742420142123811,False,2339
2341,2026-09-24,601187,1.1722265850258835,False,2340
2342,2026-09-24,300957,1.1679738234064492,False,2341
2343,2026-09-24,300187,1.1678921574119503,False,2342
2344,2026-09-24,603085,1.167289629922438,False,2343
2345,2026-09-24,603602,1.1652500527962406,False,2344
2346,2026-09-24,301330,1.1639582312608465,False,2345
2347,2026-09-24,601992,1.1596107424561988,False,2346
2348,2026-09-24,688609,1.1594409447122054,False,2347
2349,2026-09-24,600874,1.1590089219380997,False,2348
2350,2026-09-24,688488,1.1538540765784835,False,2349
2351,2026-09-24,603360,1.1534983539604418,False,2350
2352,2026-09-24,301260,1.1528571059751334,False,2351
2353,2026-09-24,600527,1.1436199070527366,False,2352
2354,2026-09-24,688602,1.1375309149389581,False,2353
2355,2026-09-24,600817,1.1339878894297164,False,2354
2356,2026-09-24,688371,1.1336945842800628,False,2355
2357,2026-09-24,601228,1.1321175084995061,False,2356
2358,2026-09-24,300966,1.1261897219429484,False,2357
2359,2026-09-24,600801,1.1244617893461506,False,2358
2360,2026-09-24,605389,1.1239367101458457,False,2359
2361,2026-09-24,000401,1.1216072690397052,False,2360
2362,2026-09-24,000045,1.1178435937104227,False,2361
2363,2026-09-24,002379,1.1148110511162179,False,2362
2364,2026-09-24,688190,1.114124775035304,False,2363
2365,2026-09-24,300393,1.1126154984752539,False,2364
2366,2026-09-24,300140,1.1097975547500649,False,2365
2367,2026-09-24,300856,1.105770168798804,False,2366
2368,2026-09-24,600513,1.1043571426992234,False,2367
2369,2026-09-24,301606,1.0989155092211869,False,2368
2370,2026-09-24,600027,1.09358225530592,False,2369
2371,2026-09-24,300972,1.0934489643499095,False,2370
2372,2026-09-24,301393,1.0929613030257446,False,2371
2373,2026-09-24,301119,1.090954133492247,False,2372
2374,2026-09-24,688062,1.0900406482960516,False,2373
2375,2026-09-24,603291,1.08999336260666,False,2374
2376,2026-09-24,301191,1.0895280099938445,False,2375
2377,2026-09-24,002810,1.089369486846371,False,2376
2378,2026-09-24,002010,1.0888242213262886,False,2377
2379,2026-09-24,688007,1.0884907254456719,False,2378
2380,2026-09-24,600182,1.088239872010361,False,2379
2381,2026-09-24,300065,1.0877101013209156,False,2380
2382,2026-09-24,600771,1.0867199637422655,False,2381
2383,2026-09-24,300637,1.0856424792418871,False,2382
2384,2026-09-24,300057,1.0805157579320872,False,2383
2385,2026-09-24,688085,1.079143375077575,False,2384
2386,2026-09-24,600312,1.0788642755130076,False,2385
2387,2026-09-24,603683,1.0775007575639377,False,2386
2388,2026-09-24,002818,1.0773865088178343,False,2387
2389,2026-09-24,000818,1.0766680399755664,False,2388
2390,2026-09-24,300472,1.0759095790244158,False,2389
2391,2026-09-24,688100,1.0745905393427229,False,2390
2392,2026-09-24,601718,1.0737626180963264,False,2391
2393,2026-09-24,603829,1.0716201757149881,False,2392
2394,2026-09-24,601788,1.0705834684752735,False,2393
2395,2026-09-24,002003,1.0633537568093083,False,2394
2396,2026-09-24,603356,1.0615584900571156,False,2395
2397,2026-09-24,603915,1.0603597920342838,False,2396
2398,2026-09-24,000006,1.0601802822421802,False,2397
2399,2026-09-24,688480,1.0584654871050385,False,2398
2400,2026-09-24,000539,1.0567424752265271,False,2399
2401,2026-09-24,601225,1.0561161620493558,False,2400
2402,2026-09-24,688696,1.0525571519590882,False,2401
2403,2026-09-24,301459,1.0503720591290844,False,2402
2404,2026-09-24,688543,1.0450612801726558,False,2403
2405,2026-09-24,301558,1.0435123912878081,False,2404
2406,2026-09-24,605588,1.0426418937096558,False,2405
2407,2026-09-24,300217,1.0413060733280461,False,2406
2408,2026-09-24,000059,1.0392772207221321,False,2407
2409,2026-09-24,300628,1.0385390368419318,False,2408
2410,2026-09-24,002962,1.0379083244971525,False,2409
2411,2026-09-24,688088,1.0330638901749185,False,2410
2412,2026-09-24,300847,1.0311901882844878,False,2411
2413,2026-09-24,600056,1.0305295456117509,False,2412
2414,2026-09-24,301082,1.0298219576211947,False,2413
2415,2026-09-24,300823,1.0294351348443014,False,2414
2416,2026-09-24,605016,1.0278578239272012,False,2415
2417,2026-09-24,600580,1.0277736213782791,False,2416
2418,2026-09-24,600426,1.0253375498648842,False,2417
2419,2026-09-24,600671,1.0228508149969273,False,2418
2420,2026-09-24,002073,1.0226208724976835,False,2419
2421,2026-09-24,601933,1.0193994236347104,False,2420
2422,2026-09-24,603608,1.0172825077074901,False,2421
2423,2026-09-24,600273,1.0166577730408386,False,2422
2424,2026-09-24,601958,1.0155899492873339,False,2423
2425,2026-09-24,601166,1.0147991664429212,False,2424
2426,2026-09-24,001311,1.0140256406301598,False,2425
2427,2026-09-24,300770,1.0139557452148773,False,2426
2428,2026-09-24,600308,1.0139515482357124,False,2427
2429,2026-09-24,600132,1.0132869514666765,False,2428
2430,2026-09-24,002675,1.0130384775049215,False,2429
2431,2026-09-24,603977,1.0122346639559259,False,2430
2432,2026-09-24,002544,0.99792158348101057,False,2431
2433,2026-09-24,000838,0.98975096929844741,False,2432
2434,2026-09-24,600438,0.98959831876240256,False,2433
2435,2026-09-24,605208,0.98698364923367965,False,2434
2436,2026-09-24,000159,0.97951959996704296,False,2435
2437,2026-09-24,300405,0.97857576735990071,False,2436
2438,2026-09-24,603706,0.97796401131917721,False,2437
2439,2026-09-24,301577,0.97778223525520247,False,2438
2440,2026-09-24,601555,0.97566487040612815,False,2439
2441,2026-09-24,601001,0.97211859512813037,False,2440
2442,2026-09-24,002622,0.9704368120345086,True,
2443,2026-09-24,300582,0.96808428468549135,False,2441
2444,2026-09-24,002511,0.96776120653816111,False,2442
2445,2026-09-24,300158,0.96655405843696029,False,2443
2446,2026-09-24,603167,0.96304874867815915,False,2444
2447,2026-09-24,300986,0.96170034893000378,False,2445
2448,2026-09-24,600399,0.95984383007905549,False,2446
2449,2026-09-24,300699,0.95848013595205783,False,2447
2450,2026-09-24,000519,0.95784146569107298,False,2448
2451,2026-09-24,601595,0.95721224408493077,False,2449
2452,2026-09-24,300127,0.95528087266636275,False,2450
2453,2026-09-24,002190,0.95144120789408904,False,2451
2454,2026-09-24,600871,0.95007606643648446,False,2452
2455,2026-09-24,688219,0.94998734569182619,False,2453
2456,2026-09-24,001872,0.94874996078405571,False,2454
2457,2026-09-24,601177,0.94246958978202178,False,2455
2458,2026-09-24,002480,0.9402631992762025,False,2456
2459,2026-09-24,688258,0.93760549700065887,False,2457
2460,2026-09-24,600009,0.93680263968406496,False,2458
2461,2026-09-24,603389,0.93344447596797431,False,2459
2462,2026-09-24,600570,0.93305971654775821,False,2460
2463,2026-09-24,001225,0.93054894012589751,False,2461
2464,2026-09-24,600020,0.92999617531017265,False,2462
2465,2026-09-24,002895,0.92881976339105154,False,2463
2466,2026-09-24,002312,0.92595133010470576,False,2464
2467,2026-09-24,601965,0.92178495614612843,False,2465
2468,2026-09-24,002901,0.91986613154231844,False,2466
2469,2026-09-24,002444,0.91843052385538726,False,2467
2470,2026-09-24,688308,0.91475963143384087,False,2468
2471,2026-09-24,600880,0.91145302835428632,False,2469
2472,2026-09-24,600137,0.91071518770397031,False,2470
2473,2026-09-24,600282,0.9059443675258767,False,2471
2474,2026-09-24,605266,0.90496838406409497,False,2472
2475,2026-09-24,603070,0.90369226935087399,False,2473
2476,2026-09-24,301162,0.90190956674938794,False,2474
2477,2026-09-24,600331,0.89306182524980549,False,2475
2478,2026-09-24,688365,0.89296387039655545,False,2476
2479,2026-09-24,300981,0.89204136410916757,False,2477
2480,2026-09-24,300633,0.8904693803729844,False,2478
2481,2026-09-24,003038,0.88878228628048106,False,2479
2482,2026-09-24,601328,0.88861061924080964,False,2480
2483,2026-09-24,301510,0.88706665116235339,False,2481
2484,2026-09-24,002083,0.88406488715556664,False,2482
2485,2026-09-24,002142,0.88285191886020598,False,2483
2486,2026-09-24,002761,0.88088062518856969,False,2484
2487,2026-09-24,688787,0.88028478742268712,False,2485
2488,2026-09-24,000717,0.87851700053065995,False,2486
2489,2026-09-24,688128,0.87455115344725498,False,2487
2490,2026-09-24,000628,0.87323311054170127,False,2488
2491,2026-09-24,301662,0.87224991412041231,False,2489
2492,2026-09-24,600435,0.86641637075376843,False,2490
2493,2026-09-24,002459,0.8658818148757994,False,2491
2494,2026-09-24,300252,0.8654307752502024,False,2492
2495,2026-09-24,300732,0.86497805894186408,False,2493
2496,2026-09-24,688321,0.86302878204007283,False,2494
2497,2026-09-24,688133,0.86255181286000415,False,2495
2498,2026-09-24,600099,0.86084192442518992,False,2496
2499,2026-09-24,600211,0.86074237990829761,False,2497
2500,2026-09-24,002067,0.8599074344498141,False,2498
2501,2026-09-24,300505,0.85917884927289401,False,2499
2502,2026-09-24,603368,0.85911765443943544,False,2500
2503,2026-09-24,300639,0.85744966226362784,False,2501
2504,2026-09-24,002311,0.85432667363536474,False,2502
2505,2026-09-24,600100,0.85429149502106938,False,2503
2506,2026-09-24,601188,0.85410049557527978,False,2504
2507,2026-09-24,300342,0.85028142150600816,False,2505
2508,2026-09-24,601928,0.85007733544601738,False,2506
2509,2026-09-24,300009,0.84433967603073323,False,2507
2510,2026-09-24,002403,0.84302073057899807,False,2508
2511,2026-09-24,300322,0.83944707756742987,False,2509
2512,2026-09-24,603201,0.83814698828193324,False,2510
2513,2026-09-24,600845,0.83325324803055068,False,2511
2514,2026-09-24,300836,0.83223867948197428,False,2512
2515,2026-09-24,603992,0.83207367329822579,False,2513
2516,2026-09-24,688069,0.83020450898697962,False,2514
2517,2026-09-24,300508,0.82736805853712836,False,2515
2518,2026-09-24,300378,0.82694650560970451,False,2516
2519,2026-09-24,301125,0.82659086125058301,False,2517
2520,2026-09-24,600602,0.8248189014951044,False,2518
2521,2026-09-24,600235,0.82345391714874028,False,2519
2522,2026-09-24,603229,0.82221293797859452,False,2520
2523,2026-09-24,600959,0.82173696928095108,False,2521
2524,2026-09-24,002877,0.81860383949474347,False,2522
2525,2026-09-24,600477,0.81827399845203463,False,2523
2526,2026-09-24,000882,0.81792494133308813,False,2524
2527,2026-09-24,301413,0.81633728355602031,False,2525
2528,2026-09-24,603489,0.81108667463702999,False,2526
2529,2026-09-24,300120,0.81089485683267193,False,2527
2530,2026-09-24,002920,0.80988825269216835,False,2528
2531,2026-09-24,601699,0.80970746661052695,False,2529
2532,2026-09-24,300616,0.80923574887323024,False,2530
2533,2026-09-24,605060,0.80353522945003963,False,2531
2534,2026-09-24,000402,0.8024833947410217,False,2532
2535,2026-09-24,600740,0.80144774547967468,False,2533
2536,2026-09-24,300516,0.79542080826180561,False,2534
2537,2026-09-24,300098,0.7934449023815211,False,2535
2538,2026-09-24,000821,0.79319235432345292,False,2536
2539,2026-09-24,600452,0.79305381495749283,False,2537
2540,2026-09-24,001223,0.79272121665850359,False,2538
2541,2026-09-24,301505,0.78561649016415314,False,2539
2542,2026-09-24,688202,0.78409917787459782,False,2540
2543,2026-09-24,000886,0.77866709206555118,False,2541
2544,2026-09-24,300851,0.7778297354505721,False,2542
2545,2026-09-24,000571,0.77526185904565903,False,2543
2546,2026-09-24,002271,0.77254924612288711,False,2544
2547,2026-09-24,600827,0.77176812625081403,False,2545
2548,2026-09-24,000069,0.7681126124696126,False,2546
2549,2026-09-24,601615,0.76537926819466473,False,2547
2550,2026-09-24,688228,0.76246040688233951,False,2548
2551,2026-09-24,605090,0.76101272246999851,False,2549
2552,2026-09-24,603341,0.75088601076521677,False,2550
2553,2026-09-24,603185,0.75069731398616213,False,2551
2554,2026-09-24,600234,0.74919114978547086,False,2552
2555,2026-09-24,002507,0.74899589003068479,False,2553
2556,2026-09-24,300177,0.74838317509380947,False,2554
2557,2026-09-24,002405,0.74474459400276394,False,2555
2558,2026-09-24,300135,0.74261271484370894,False,2556
2559,2026-09-24,002777,0.73885985454739012,False,2557
2560,2026-09-24,688722,0.73379426539770742,False,2558
2561,2026-09-24,301200,0.73287814192857903,False,2559
2562,2026-09-24,600288,0.7327985187830317,False,2560
2563,2026-09-24,002992,0.73109688596262479,False,2561
2564,2026-09-24,600987,0.724763745444712,False,2562
2565,2026-09-24,600621,0.72358345312021499,False,2563
2566,2026-09-24,603755,0.71976261285635346,False,2564
2567,2026-09-24,002943,0.71808333703034188,False,2565
2568,2026-09-24,002125,0.71311451685959559,False,2566
2569,2026-09-24,000551,0.71265875371750953,False,2567
2570,2026-09-24,688517,0.71045963271055645,False,2568
2571,2026-09-24,301613,0.70973519807470309,False,2569
2572,2026-09-24,300485,0.70971940375933995,False,2570
2573,2026-09-24,301192,0.70895307814874009,False,2571
2574,2026-09-24,000035,0.70819031749198036,False,2572
2575,2026-09-24,688197,0.70698138509200525,False,2573
2576,2026-09-24,301516,0.70557368430481948,False,2574
2577,2026-09-24,601222,0.70539065824843927,False,2575
2578,2026-09-24,600662,0.70199273081479285,False,2576
2579,2026-09-24,002887,0.70141123338584044,False,2577
2580,2026-09-24,600676,0.70093453971209918,False,2578
2581,2026-09-24,603337,0.69686515760324474,False,2579
2582,2026-09-24,002108,0.68988691741321873,False,2580
2583,2026-09-24,002115,0.68963226277718059,False,2581
2584,2026-09-24,002140,0.68863029216252514,False,2582
2585,2026-09-24,002707,0.68624802025985865,False,2583
2586,2026-09-24,002151,0.68520066724960582,False,2584
2587,2026-09-24,301081,0.68295527788927579,False,2585
2588,2026-09-24,601886,0.68192493791000941,False,2586
2589,2026-09-24,603220,0.68144837674548153,False,2587
2590,2026-09-24,600633,0.67826247003204365,False,2588
2591,2026-09-24,600753,0.67718807255932223,False,2589
2592,2026-09-24,688334,0.67461483659583488,False,2590
2593,2026-09-24,600509,0.6727971354767831,False,2591
2594,2026-09-24,600812,0.67255038522634991,False,2592
2595,2026-09-24,600278,0.67210919863453444,False,2593
2596,2026-09-24,300317,0.67193029080817368,False,2594
2597,2026-09-24,000060,0.66816056608622365,False,2595
2598,2026-09-24,605318,0.66068242785092446,False,2596
2599,2026-09-24,300165,0.66043469692834456,False,2597
2600,2026-09-24,300659,0.65292058151494148,False,2598
2601,2026-09-24,300801,0.6500961645261718,False,2599
2602,2026-09-24,688347,0.64982213673377975,False,2600
2603,2026-09-24,688166,0.64954006636765094,False,2601
2604,2026-09-24,600446,0.64794367297431565,False,2602
2605,2026-09-24,301182,0.64744615615053136,False,2603
2606,2026-09-24,002039,0.64488979652899436,False,2604
2607,2026-09-24,002241,0.64258282888636842,False,2605
2608,2026-09-24,688691,0.64134298425313685,False,2606
2609,2026-09-24,603662,0.63906547325682006,False,2607
2610,2026-09-24,300507,0.63887107528420684,False,2608
2611,2026-09-24,601518,0.63818777717503217,False,2609
2612,2026-09-24,600169,0.63106502051506919,False,2610
2613,2026-09-24,600996,0.62997861767246488,False,2611
2614,2026-09-24,601633,0.62920136956417094,False,2612
2615,2026-09-24,300778,0.62919730209644498,False,2613
2616,2026-09-24,600037,0.62768035253777077,False,2614
2617,2026-09-24,603262,0.62736314291884132,False,2615
2618,2026-09-24,000065,0.62599464648499681,False,2616
2619,2026-09-24,300890,0.62521498821770227,False,2617
2620,2026-09-24,601021,0.62481197065183891,False,2618
2621,2026-09-24,001390,0.6223551786941991,False,2619
2622,2026-09-24,600719,0.62122347548490031,False,2620
2623,2026-09-24,002064,0.6196653381887508,False,2621
2624,2026-09-24,600736,0.61459857478920399,False,2622
2625,2026-09-24,688360,0.61455607425230818,False,2623
2626,2026-09-24,002352,0.61147696483704927,False,2624
2627,2026-09-24,002270,0.61039917989980697,False,2625
2628,2026-09-24,688291,0.60939785461087537,False,2626
2629,2026-09-24,600499,0.60818744344074305,False,2627
2630,2026-09-24,000155,0.60780440399830082,False,2628
2631,2026-09-24,002415,0.60285766460752543,False,2629
2632,2026-09-24,300995,0.5961571682261857,False,2630
2633,2026-09-24,600497,0.59592690483025024,False,2631
2634,2026-09-24,002946,0.59053463292988839,False,2632
2635,2026-09-24,600383,0.58900918678450431,False,2633
2636,2026-09-24,601515,0.58900726183760277,False,2634
2637,2026-09-24,002486,0.5853685187346569,False,2635
2638,2026-09-24,002294,0.58369732576770383,False,2636
2639,2026-09-24,603355,0.58341564091329767,False,2637
2640,2026-09-24,002759,0.58287866297417823,False,2638
2641,2026-09-24,600512,0.58255290669875137,False,2639
2642,2026-09-24,300388,0.58111441385368456,False,2640
2643,2026-09-24,002407,0.57697897998775693,False,2641
2644,2026-09-24,600926,0.57323898990075062,False,2642
2645,2026-09-24,605599,0.57317384172363206,False,2643
2646,2026-09-24,688601,0.5696385149664549,False,2644
2647,2026-09-24,300757,0.56622787007145081,False,2645
2648,2026-09-24,688289,0.56561481057579988,False,2646
2649,2026-09-24,301007,0.56519388433513695,False,2647
2650,2026-09-24,000762,0.56016926877132411,False,2648
2651,2026-09-24,301391,0.55919132393215631,False,2649
2652,2026-09-24,603028,0.55825643382020562,False,2650
2653,2026-09-24,001382,0.55538648810302238,False,2651
2654,2026-09-24,688232,0.54691097118801091,False,2652
2655,2026-09-24,300750,0.54458054810222323,False,2653
2656,2026-09-24,688526,0.54433583335570779,False,2654
2657,2026-09-24,301585,0.54193527176147072,False,2655
2658,2026-09-24,600285,0.54063545382260048,False,2656
2659,2026-09-24,301246,0.53612937329025756,False,2657
2660,2026-09-24,600649,0.53465748338368702,False,2658
2661,2026-09-24,603018,0.53394899464424261,False,2659
2662,2026-09-24,002361,0.53014656902061308,False,2660
2663,2026-09-24,300555,0.52993271540626052,False,2661
2664,2026-09-24,688671,0.52936247586177587,False,2662
2665,2026-09-24,300380,0.5291833739438192,False,2663
2666,2026-09-24,601088,0.52797534078112451,False,2664
2667,2026-09-24,001391,0.52563605087103449,False,2665
2668,2026-09-24,300528,0.52403528526744481,False,2666
2669,2026-09-24,688098,0.52322966047078179,False,2667
2670,2026-09-24,301305,0.52234772316597711,False,2668
2671,2026-09-24,002414,0.52049627842062762,False,2669
2672,2026-09-24,300539,0.51933084103565075,False,2670
2673,2026-09-24,301286,0.51750693290505867,False,2671
2674,2026-09-24,002060,0.517498763694062,False,2672
2675,2026-09-24,601096,0.51682557363619597,False,2673
2676,2026-09-24,301079,0.51655637715000524,False,2674
2677,2026-09-24,688018,0.5124789008203392,False,2675
2678,2026-09-24,603206,0.51216934920688439,False,2676
2679,2026-09-24,000567,0.5102711623991818,False,2677
2680,2026-09-24,601696,0.50934967926178809,False,2678
2681,2026-09-24,000503,0.50885569528910146,False,2679
2682,2026-09-24,301105,0.50352696818556675,False,2680
2683,2026-09-24,301166,0.50350178692332415,False,2681
2684,2026-09-24,000833,0.50192161358229836,False,2682
2685,2026-09-24,301667,0.50000794137852655,False,2683
2686,2026-09-24,600712,0.49593102653523458,False,2684
2687,2026-09-24,688578,0.49590226518652536,False,2685
2688,2026-09-24,601236,0.49303351483002267,False,2686
2689,2026-09-24,300401,0.49175670760315193,False,2687
2690,2026-09-24,301525,0.49171810877031397,False,2688
2691,2026-09-24,002304,0.48889157013560558,False,2689
2692,2026-09-24,300777,0.48830698913775594,False,2690
2693,2026-09-24,605368,0.48359396569236024,False,2691
2694,2026-09-24,000858,0.48139561001412945,False,2692
2695,2026-09-24,603259,0.4809518406693023,False,2693
2696,2026-09-24,688235,0.47698504947040765,False,2694
2697,2026-09-24,603665,0.47695794650741841,False,2695
2698,2026-09-24,300648,0.47504565346949379,False,2696
2699,2026-09-24,600821,0.47406301006628926,False,2697
2700,2026-09-24,300606,0.47211199373731327,False,2698
2701,2026-09-24,300354,0.46884691757581226,False,2699
2702,2026-09-24,603121,0.46141621733551619,False,2700
2703,2026-09-24,688506,0.45939220348369325,False,2701
2704,2026-09-24,002677,0.45581142246724005,False,2702
2705,2026-09-24,002928,0.45514120747467146,False,2703
2706,2026-09-24,001396,0.45417738043306755,False,2704
2707,2026-09-24,000050,0.45292471968353387,False,2705
2708,2026-09-24,603496,0.45234535030293349,False,2706
2709,2026-09-24,688395,0.45197533319130745,False,2707
2710,2026-09-24,603173,0.45184697209492697,False,2708
2711,2026-09-24,600575,0.45150890173531444,False,2709
2712,2026-09-24,000898,0.45078377456697161,False,2710
2713,2026-09-24,601058,0.45006617206786431,False,2711
2714,2026-09-24,001332,0.44520571447145801,False,2712
2715,2026-09-24,300284,0.44427599628482861,False,2713
2716,2026-09-24,000923,0.44415149138605248,False,2714
2717,2026-09-24,300105,0.44291522821707163,False,2715
2718,2026-09-24,002256,0.44085368012170845,False,2716
2719,2026-09-24,300219,0.43862609322080331,False,2717
2720,2026-09-24,002926,0.43244145907436726,False,2718
2721,2026-09-24,002168,0.43121452039079711,False,2719
2722,2026-09-24,600269,0.43089398346139673,False,2720
2723,2026-09-24,000544,0.42917261726149913,False,2721
2724,2026-09-24,300091,0.42644110056782036,False,2722
2725,2026-09-24,601179,0.420472311677689,False,2723
2726,2026-09-24,002617,0.42035580743941958,False,2724
2727,2026-09-24,300619,0.41826667079248736,False,2725
2728,2026-09-24,002023,0.41369408052672352,False,2726
2729,2026-09-24,603198,0.41325424841491487,False,2727
2730,2026-09-24,301487,0.41313858612817977,False,2728
2731,2026-09-24,300558,0.41200587306979486,False,2729
2732,2026-09-24,600660,0.41057603552396238,False,2730
2733,2026-09-24,603893,0.41016242173531414,False,2731
2734,2026-09-24,600568,0.40718807965282755,False,2732
2735,2026-09-24,600055,0.40672911926802457,False,2733
2736,2026-09-24,688372,0.40605771281022851,False,2734
2737,2026-09-24,603527,0.40518303393600563,False,2735
2738,2026-09-24,002387,0.40425950113360382,False,2736
2739,2026-09-24,300131,0.40391738541773781,False,2737
2740,2026-09-24,301333,0.40349401828970577,False,2738
2741,2026-09-24,300002,0.40247553774739031,False,2739
2742,2026-09-24,301683,0.39999273650199907,False,2740
2743,2026-09-24,688799,0.39930224155613464,False,2741
2744,2026-09-24,600690,0.39784901339937662,False,2742
2745,2026-09-24,300923,0.3975648739044626,False,2743
2746,2026-09-24,001369,0.39676909105660785,False,2744
2747,2026-09-24,601828,0.39614950070768318,False,2745
2748,2026-09-24,000039,0.39489055092431835,False,2746
2749,2026-09-24,003016,0.39432025693752548,False,2747
2750,2026-09-24,000025,0.39383454377330895,False,2748
2751,2026-09-24,603939,0.39227792094563985,False,2749
2752,2026-09-24,688772,0.39223005636178332,False,2750
2753,2026-09-24,002984,0.3917737672504511,False,2751
2754,2026-09-24,002843,0.38978638823132861,False,2752
2755,2026-09-24,300687,0.3814889379969616,False,2753
2756,2026-09-24,600428,0.37970845655676,False,2754
2757,2026-09-24,600916,0.37799374221338061,False,2755
2758,2026-09-24,601369,0.37775773594225365,False,2756
2759,2026-09-24,002929,0.37598779913233771,False,2757
2760,2026-09-24,603985,0.36752236915820963,False,2758
2761,2026-09-24,603037,0.36290173324163533,False,2759
2762,2026-09-24,688129,0.3627821416600816,False,2760
2763,2026-09-24,301491,0.36139035530407337,False,2761
2764,2026-09-24,002225,0.36105948664622556,False,2762
2765,2026-09-24,000900,0.35912186409428015,False,2763
2766,2026-09-24,300253,0.35863451967028537,False,2764
2767,2026-09-24,300614,0.35543596982555536,False,2765
2768,2026-09-24,000530,0.35533822858385178,False,2766
2769,2026-09-24,300896,0.35528862144901474,False,2767
2770,2026-09-24,300048,0.35402819554515297,False,2768
2771,2026-09-24,000582,0.3528173216072385,False,2769
2772,2026-09-24,688227,0.35148011950804725,False,2770
2773,2026-09-24,300885,0.34465421569519256,False,2771
2774,2026-09-24,300458,0.34461449957490459,False,2772
2775,2026-09-24,000792,0.34245754385554017,False,2773
2776,2026-09-24,605499,0.34163674029212621,False,2774
2777,2026-09-24,300255,0.34095528175895806,False,2775
2778,2026-09-24,300920,0.34071439769509282,False,2776
2779,2026-09-24,603901,0.3404835324939961,False,2777
2780,2026-09-24,688148,0.33916934582262004,False,2778
2781,2026-09-24,002456,0.33899351055950933,False,2779
2782,2026-09-24,001308,0.3364406566898055,False,2780
2783,2026-09-24,001234,0.33557960942862253,True,
2784,2026-09-24,300293,0.33512434982788847,False,2781
2785,2026-09-24,000422,0.33208171151576416,False,2782
2786,2026-09-24,301207,0.33099722176527696,False,2783
2787,2026-09-24,000893,0.33023755405311817,False,2784
2788,2026-09-24,002085,0.32931249408402313,False,2785
2789,2026-09-24,301372,0.32890212491767179,False,2786
2790,2026-09-24,603505,0.32746473304984314,False,2787
2791,2026-09-24,603072,0.32726102020369863,False,2788
2792,2026-09-24,688032,0.3214131970898414,False,2789
2793,2026-09-24,301358,0.31961372381389364,False,2790
2794,2026-09-24,000338,0.31342085866203595,False,2791
2795,2026-09-24,603194,0.31335319176998411,False,2792
2796,2026-09-24,688522,0.31171847073046655,False,2793
2797,2026-09-24,688685,0.30419302704662599,False,2794
2798,2026-09-24,601678,0.29888119941697261,False,2795
2799,2026-09-24,002892,0.29886648527798021,False,2796
2800,2026-09-24,603110,0.29871373634030673,False,2797
2801,2026-09-24,002432,0.29725013992207217,False,2798
2802,2026-09-24,002550,0.29685153572324507,False,2799
2803,2026-09-24,300812,0.29536743082855677,False,2800
2804,2026-09-24,600475,0.29478165463835848,False,2801
2805,2026-09-24,603819,0.29476588457810093,False,2802
2806,2026-09-24,002110,0.29269189349288127,False,2803
2807,2026-09-24,688159,0.2903157944115784,False,2804
2808,2026-09-24,603908,0.28816707222796634,False,2805
2809,2026-09-24,002745,0.28753442404061691,False,2806
2810,2026-09-24,600738,0.2857886076087981,False,2807
2811,2026-09-24,301221,0.28522666777807948,False,2808
2812,2026-09-24,300913,0.28344819640539654,False,2809
2813,2026-09-24,603818,0.28222905808407328,False,2810
2814,2026-09-24,300292,0.28010988143230198,False,2811
2815,2026-09-24,600019,0.27497375846626015,False,2812
2816,2026-09-24,600737,0.27242775525718876,False,2813
2817,2026-09-24,301418,0.26966764271480725,False,2814
2818,2026-09-24,000008,0.26945860177837955,False,2815
2819,2026-09-24,688081,0.26774559337706511,False,2816
2820,2026-09-24,600724,0.26713977609649309,False,2817
2821,2026-09-24,300176,0.26015165547803054,False,2818
2822,2026-09-24,603381,0.25939960069654422,False,2819
2823,2026-09-24,300425,0.25752515300708079,False,2820
2824,2026-09-24,301141,0.25376522925578704,False,2821
2825,2026-09-24,688411,0.25159345752136697,False,2822
2826,2026-09-24,000935,0.25033581779055264,False,2823
2827,2026-09-24,601137,0.24956703376438555,False,2824
2828,2026-09-24,603100,0.24374944552336297,False,2825
2829,2026-09-24,301148,0.24344877870081527,False,2826
2830,2026-09-24,600769,0.24030159940258167,False,2827
2831,2026-09-24,688571,0.23991332313731495,False,2828
2832,2026-09-24,600375,0.2387103754251475,False,2829
2833,2026-09-24,002030,0.23790575510186629,False,2830
2834,2026-09-24,688626,0.23626028766656748,False,2831
2835,2026-09-24,000090,0.23590275929609716,False,2832
2836,2026-09-24,001387,0.23587525063157733,False,2833
2837,2026-09-24,603516,0.23265709972715332,False,2834
2838,2026-09-24,002687,0.22799208963735806,False,2835
2839,2026-09-24,002091,0.22785965303739264,False,2836
2840,2026-09-24,300045,0.21964469124248764,False,2837
2841,2026-09-24,600861,0.21963977376299404,False,2838
2842,2026-09-24,300455,0.21633643355987908,False,2839
2843,2026-09-24,000837,0.2162452928893005,False,2840
2844,2026-09-24,603876,0.21565357154251841,False,2841
2845,2026-09-24,603080,0.21481294441762655,False,2842
2846,2026-09-24,000768,0.2111416193154389,False,2843
2847,2026-09-24,688272,0.20896838997254741,False,2844
2848,2026-09-24,688132,0.20860507150852103,False,2845
2849,2026-09-24,603357,0.20748990540884149,False,2846
2850,2026-09-24,600168,0.2073610413546465,False,2847
2851,2026-09-24,688173,0.20351211430956642,False,2848
2852,2026-09-24,301161,0.1972447148300257,False,2849
2853,2026-09-24,300768,0.19551429908850254,False,2850
2854,2026-09-24,000011,0.19236194877401447,False,2851
2855,2026-09-24,688330,0.19225484354014766,False,2852
2856,2026-09-24,002445,0.18642032231754735,False,2853
2857,2026-09-24,002482,0.18289678593775704,False,2854
2858,2026-09-24,002988,0.17966187926058264,False,2855
2859,2026-09-24,002587,0.1790447157373356,False,2856
2860,2026-09-24,600057,0.17780344306363904,False,2857
2861,2026-09-24,601838,0.17699037615755187,False,2858
2862,2026-09-24,301279,0.17612843838335276,False,2859
2863,2026-09-24,002523,0.17527645495204625,False,2860
2864,2026-09-24,001336,0.17402803527748212,False,2861
2865,2026-09-24,600780,0.17368006435313199,False,2862
2866,2026-09-24,000601,0.17309947171329698,False,2863
2867,2026-09-24,300572,0.17229495114255283,False,2864
2868,2026-09-24,000922,0.17222239578952658,False,2865
2869,2026-09-24,300160,0.17053470372093615,False,2866
2870,2026-09-24,002223,0.16949847034855381,False,2867
2871,2026-09-24,000948,0.16625201307017445,False,2868
2872,2026-09-24,605333,0.16475959946144503,False,2869
2873,2026-09-24,603759,0.16418144008773705,False,2870
2874,2026-09-24,000531,0.15937004153362166,False,2871
2875,2026-09-24,002440,0.15810985865537974,False,2872
2876,2026-09-24,300735,0.15660626714913817,False,2873
2877,2026-09-24,300170,0.15595409646235892,False,2874
2878,2026-09-24,688119,0.15588097747813778,False,2875
2879,2026-09-24,600559,0.15496001816810234,False,2876
2880,2026-09-24,002664,0.15448011677552498,False,2877
2881,2026-09-24,600867,0.15236398036982468,False,2878
2882,2026-09-24,688590,0.15209421835821407,False,2879
2883,2026-09-24,002845,0.14890125473517157,False,2880
2884,2026-09-24,600062,0.14288657295846319,False,2881
2885,2026-09-24,600586,0.14027877565864943,False,2882
2886,2026-09-24,002101,0.13854072341813572,False,2883
2887,2026-09-24,300258,0.13696959717565205,False,2884
2888,2026-09-24,002098,0.13696815235040982,False,2885
2889,2026-09-24,002152,0.13560901413595661,False,2886
2890,2026-09-24,002850,0.13039503444732825,False,2887
2891,2026-09-24,300118,0.12734916340502367,False,2888
2892,2026-09-24,600995,0.12070855758984633,False,2889
2893,2026-09-24,002956,0.11898139085922432,False,2890
2894,2026-09-24,600664,0.11672963214768606,False,2891
2895,2026-09-24,001221,0.11615904115124775,False,2892
2896,2026-09-24,301536,0.11070537751449905,False,2893
2897,2026-09-24,300145,0.10986374667980359,False,2894
2898,2026-09-24,002979,0.10581978766408134,False,2895
2899,2026-09-24,300018,0.1047297967347538,False,2896
2900,2026-09-24,002993,0.10270816716039666,False,2897
2901,2026-09-24,688639,0.10256825076709275,False,2898
2902,2026-09-24,601878,0.10142969051059819,False,2899
2903,2026-09-24,600592,0.10098980212731445,False,2900
2904,2026-09-24,300027,0.097921850624596907,False,2901
2905,2026-09-24,603529,0.096971412452216965,False,2902
2906,2026-09-24,688489,0.089639378427863459,False,2903
2907,2026-09-24,002938,0.087773293098374339,False,2904
2908,2026-09-24,002137,0.087128537243394755,False,2905
2909,2026-09-24,601658,0.084868167261555327,False,2906
2910,2026-09-24,601778,0.07728056544244627,False,2907
2911,2026-09-24,688589,0.075403097839617628,False,2908
2912,2026-09-24,002058,0.074553116665366237,False,2909
2913,2026-09-24,600266,0.067965117126009389,False,2910
2914,2026-09-24,002559,0.067784931838700158,False,2911
2915,2026-09-24,000610,0.066386414719763698,False,2912
2916,2026-09-24,301197,0.066154634815187352,False,2913
2917,2026-09-24,301618,0.063203748135273352,False,2914
2918,2026-09-24,688096,0.060972681229932713,False,2915
2919,2026-09-24,300611,0.058273011221032345,False,2916
2920,2026-09-24,002334,0.057726779670018047,False,2917
2921,2026-09-24,605228,0.05230998684215038,False,2918
2922,2026-09-24,600376,0.051225579279972067,False,2919
2923,2026-09-24,603163,0.050188875207553441,False,2920
2924,2026-09-24,688679,0.046895733260330363,False,2921
2925,2026-09-24,601991,0.045934605616068658,False,2922
2926,2026-09-24,601336,0.045905418129615461,False,2923
2927,2026-09-24,300632,0.044923937221320376,False,2924
2928,2026-09-24,001282,0.044574735206313942,False,2925
2929,2026-09-24,300229,0.043700654221304536,False,2926
2930,2026-09-24,688707,0.042520423587129041,False,2927
2931,2026-09-24,688217,0.041599635716152328,False,2928
2932,2026-09-24,300762,0.038707538934579233,False,2929
2933,2026-09-24,301589,0.038318332054687043,False,2930
2934,2026-09-24,300460,0.036813623093194414,False,2931
2935,2026-09-24,300688,0.035805402918405393,False,2932
2936,2026-09-24,601901,0.034892257969613372,False,2933
2937,2026-09-24,603596,0.034053158986741827,False,2934
2938,2026-09-24,688368,0.033627166975653155,False,2935
2939,2026-09-24,688045,0.0320757781608072,False,2936
2940,2026-09-24,603999,0.030260244514509038,False,2937
2941,2026-09-24,000819,0.029166219750433875,False,2938
2942,2026-09-24,003019,0.028064046500502648,False,2939
2943,2026-09-24,000908,0.027885238568900794,False,2940
2944,2026-09-24,688686,0.026906252578581147,False,2941
2945,2026-09-24,688767,0.026901402687082632,False,2942
2946,2026-09-24,600232,0.025991407230829822,False,2943
2947,2026-09-24,300950,0.025505781488977863,False,2944
2948,2026-09-24,688299,0.019729189202667474,False,2945
2949,2026-09-24,688068,0.018686662477644944,False,2946
2950,2026-09-24,002521,0.017812704384952749,False,2947
2951,2026-09-24,300040,0.016542696467495954,False,2948
2952,2026-09-24,002037,0.013600345196070229,False,2949
2953,2026-09-24,300074,0.011175834137670204,False,2950
2954,2026-09-24,688608,0.0076609597378463068,False,2951
2955,2026-09-24,002730,0.0074715396900192355,False,2952
2956,2026-09-24,000777,0.0028643029033807998,False,2953
2957,2026-09-24,600628,0.00082926005953432025,False,2954
2958,2026-09-24,688718,1.6021161939994144e-05,False,2955
2959,2026-09-24,601113,-0.002172675786626499,False,2956
2960,2026-09-24,600459,-0.0034174175913400662,False,2957
2961,2026-09-24,000652,-0.011761196816096664,False,2958
2962,2026-09-24,300832,-0.012316751794946734,False,2959
2963,2026-09-24,002261,-0.013275850712942627,False,2960
2964,2026-09-24,300723,-0.013490951642127547,False,2961
2965,2026-09-24,002123,-0.015393377328413616,False,2962
2966,2026-09-24,603048,-0.01794511212780292,False,2963
2967,2026-09-24,603196,-0.018637326113140951,False,2964
2968,2026-09-24,301000,-0.022971343758046325,False,2965
2969,2026-09-24,688005,-0.024751112760543981,False,2966
2970,2026-09-24,600962,-0.024917446827534273,False,2967
2971,2026-09-24,688692,-0.025665827025241492,False,2968
2972,2026-09-24,301282,-0.02628282768726109,False,2969
2973,2026-09-24,002042,-0.029794572315026524,False,2970
2974,2026-09-24,300047,-0.031878699844206659,False,2971
2975,2026-09-24,300419,-0.033055231948435182,False,2972
2976,2026-09-24,603063,-0.03456019375113506,False,2973
2977,2026-09-24,300918,-0.035059467193801097,False,2974
2978,2026-09-24,300241,-0.041503740975266989,False,2975
2979,2026-09-24,600710,-0.043108089689879225,False,2976
2980,2026-09-24,600517,-0.045130050138641131,False,2977
2981,2026-09-24,301631,-0.046014062204914552,False,2978
2982,2026-09-24,600973,-0.048109886054100048,False,2979
2983,2026-09-24,300670,-0.049020475510960448,False,2980
2984,2026-09-24,600221,-0.04921605503530424,False,2981
2985,2026-09-24,300668,-0.049318518391073485,False,2982
2986,2026-09-24,688269,-0.054888123904286656,False,2983
2987,2026-09-24,300034,-0.055941652259923424,False,2984
2988,2026-09-24,600623,-0.057625825909926931,False,2985
2989,2026-09-24,300286,-0.058400347338434744,False,2986
2990,2026-09-24,301345,-0.058867985609181606,False,2987
2991,2026-09-24,601136,-0.061211604385905893,False,2988
2992,2026-09-24,300983,-0.062561895182400518,False,2989
2993,2026-09-24,301559,-0.063556673679569631,False,2990
2994,2026-09-24,300915,-0.064093037453028856,False,2991
2995,2026-09-24,603960,-0.067260832330831133,False,2992
2996,2026-09-24,000625,-0.067649476900545125,False,2993
2997,2026-09-24,002425,-0.074876228295041258,False,2994
2998,2026-09-24,001270,-0.074917388341683822,False,2995
2999,2026-09-24,605133,-0.079646947123292566,False,2996
3000,2026-09-24,605128,-0.080062921231559225,False,2997
3001,2026-09-24,300963,-0.080338826552577569,False,2998
3002,2026-09-24,600076,-0.08696980191428616,False,2999
3003,2026-09-24,300894,-0.087399775565791094,False,3000
3004,2026-09-24,600582,-0.0895498331100959,False,3001
3005,2026-09-24,600054,-0.090622822558928062,False,3002
3006,2026-09-24,603801,-0.095224024376011851,False,3003
3007,2026-09-24,301091,-0.098595113063031703,False,3004
3008,2026-09-24,600373,-0.099230278153267681,False,3005
3009,2026-09-24,003010,-0.1011828943357746,False,3006
3010,2026-09-24,300926,-0.10294431738618881,False,3007
3011,2026-09-24,605336,-0.10564815377985148,False,3008
3012,2026-09-24,002560,-0.10739200956291106,False,3009
3013,2026-09-24,603219,-0.11202991543704388,False,3010
3014,2026-09-24,300183,-0.11248967115462594,False,3011
3015,2026-09-24,000565,-0.1150899440203389,False,3012
3016,2026-09-24,603717,-0.11880948082874521,False,3013
3017,2026-09-24,603305,-0.11889821897747022,False,3014
3018,2026-09-24,300763,-0.12029460557081117,False,3015
3019,2026-09-24,000783,-0.12738597481942726,False,3016
3020,2026-09-24,688093,-0.13198476458857633,False,3017
3021,2026-09-24,600458,-0.13240054300702642,False,3018
3022,2026-09-24,603970,-0.13394781650299148,True,
3023,2026-09-24,605365,-0.13679089601995656,False,3019
3024,2026-09-24,603599,-0.13715101966403742,False,3020
3025,2026-09-24,601688,-0.14044031550895175,False,3021
3026,2026-09-24,601022,-0.14578145810002985,False,3022
3027,2026-09-24,600098,-0.14651495424350958,False,3023
3028,2026-09-24,688683,-0.14684031245158424,False,3024
3029,2026-09-24,002978,-0.15444731751277319,False,3025
3030,2026-09-24,002605,-0.15483698325106215,False,3026
3031,2026-09-24,001287,-0.15996611553550366,False,3027
3032,2026-09-24,603324,-0.16617301043116095,False,3028
3033,2026-09-24,600863,-0.16723667294471356,False,3029
3034,2026-09-24,301276,-0.16768026122971391,False,3030
3035,2026-09-24,688280,-0.16817828193308371,False,3031
3036,2026-09-24,688619,-0.171090997393061,False,3032
3037,2026-09-24,688047,-0.17144404746171193,False,3033
3038,2026-09-24,600919,-0.17591536785406026,False,3034
3039,2026-09-24,688271,-0.1780309654538989,False,3035
3040,2026-09-24,688550,-0.17934895684694219,False,3036
3041,2026-09-24,688103,-0.1796530453977091,False,3037
3042,2026-09-24,600635,-0.18166776853428568,False,3038
3043,2026-09-24,688002,-0.18464253905694505,False,3039
3044,2026-09-24,603906,-0.19078096114540077,False,3040
3045,2026-09-24,688693,-0.19153796481780927,False,3041
3046,2026-09-24,000686,-0.19153987527729394,False,3042
3047,2026-09-24,000055,-0.19222738178497423,False,3043
3048,2026-09-24,600258,-0.19796718202082952,False,3044
3049,2026-09-24,603486,-0.20052407905292791,False,3045
3050,2026-09-24,301599,-0.20941940205742093,False,3046
3051,2026-09-24,600770,-0.2100124770493248,False,3047
3052,2026-09-24,688348,-0.2138766318965879,False,3048
3053,2026-09-24,688582,-0.21521223199830652,False,3049
3054,2026-09-24,002307,-0.21874808735194207,False,3050
3055,2026-09-24,600276,-0.21914307095747099,False,3051
3056,2026-09-24,300205,-0.22089595706396414,False,3052
3057,2026-09-24,600050,-0.22263235067803622,False,3053
3058,2026-09-24,688570,-0.22594695568391687,False,3054
3059,2026-09-24,600155,-0.23641950400763195,False,3055
3060,2026-09-24,605305,-0.23684921572062906,False,3056
3061,2026-09-24,300257,-0.2386029544880397,False,3057
3062,2026-09-24,601077,-0.24609801794966057,False,3058
3063,2026-09-24,601519,-0.24678666338724942,False,3059
3064,2026-09-24,600850,-0.25066169528562232,False,3060
3065,2026-09-24,605398,-0.25082571599442582,False,3061
3066,2026-09-24,600256,-0.25253961782339851,False,3062
3067,2026-09-24,300044,-0.25434627627425876,False,3063
3068,2026-09-24,600180,-0.25487317030114598,False,3064
3069,2026-09-24,000726,-0.25537076889860666,False,3065
3070,2026-09-24,600739,-0.25843465573058644,False,3066
3071,2026-09-24,600674,-0.26112372194864703,False,3067
3072,2026-09-24,002936,-0.26501909596228046,False,3068
3073,2026-09-24,002811,-0.26649071147745507,False,3069
3074,2026-09-24,300752,-0.26795700967383418,False,3070
3075,2026-09-24,605198,-0.27147837671443575,False,3071
3076,2026-09-24,601990,-0.27577328868284801,False,3072
3077,2026-09-24,688788,-0.27669843528589233,False,3073
3078,2026-09-24,002767,-0.28487908180325849,False,3074
3079,2026-09-24,301002,-0.28672149648969913,False,3075
3080,2026-09-24,300919,-0.29093129215145819,False,3076
3081,2026-09-24,601229,-0.29159809360102307,False,3077
3082,2026-09-24,300206,-0.29249402799904067,False,3078
3083,2026-09-24,003005,-0.29404925711222019,False,3079
3084,2026-09-24,002806,-0.29722269510390387,False,3080
3085,2026-09-24,002342,-0.30524600361861509,False,3081
3086,2026-09-24,601106,-0.30911858882583154,False,3082
3087,2026-09-24,688055,-0.3095184629571775,False,3083
3088,2026-09-24,300334,-0.31125147947293619,False,3084
3089,2026-09-24,300921,-0.31163960334402807,False,3085
3090,2026-09-24,002232,-0.31438847863941188,False,3086
3091,2026-09-24,603583,-0.31619430044614649,False,3087
3092,2026-09-24,002467,-0.31999434885831923,False,3088
3093,2026-09-24,688390,-0.32404891203257336,False,3089
3094,2026-09-24,600120,-0.32797300180418043,False,3090
3095,2026-09-24,600409,-0.33024184883432084,False,3091
3096,2026-09-24,002564,-0.33234658680419438,False,3092
3097,2026-09-24,002174,-0.33299859785926489,False,3093
3098,2026-09-24,601888,-0.33477135611260933,False,3094
3099,2026-09-24,600779,-0.33607794027793236,False,3095
3100,2026-09-24,000975,-0.3420163510130656,False,3096
3101,2026-09-24,002583,-0.34331995393267634,False,3097
3102,2026-09-24,002131,-0.34588405164346891,False,3098
3103,2026-09-24,300204,-0.3471017254684845,False,3099
3104,2026-09-24,300775,-0.35040017655857414,False,3100
3105,2026-09-24,603352,-0.35399020448467977,False,3101
3106,2026-09-24,600436,-0.35593018407799915,False,3102
3107,2026-09-24,002158,-0.35905327621598682,False,3103
3108,2026-09-24,603559,-0.3614589793701446,False,3104
3109,2026-09-24,600983,-0.36339294484698659,False,3105
3110,2026-09-24,601003,-0.3644233379471884,False,3106
3111,2026-09-24,603613,-0.37543279953253744,False,3107
3112,2026-09-24,603007,-0.37614908484821685,False,3108
3113,2026-09-24,688728,-0.37743147161561597,False,3109
3114,2026-09-24,605118,-0.37751003656233328,False,3110
3115,2026-09-24,688158,-0.38644383483504874,False,3111
3116,2026-09-24,600184,-0.38735608243606956,False,3112
3117,2026-09-24,600060,-0.38742232003730359,False,3113
3118,2026-09-24,002057,-0.38765850685090086,False,3114
3119,2026-09-24,603150,-0.38820947850678422,False,3115
3120,2026-09-24,688176,-0.39004920683025213,False,3116
3121,2026-09-24,300181,-0.3906457534732799,False,3117
3122,2026-09-24,600515,-0.39510382929920301,False,3118
3123,2026-09-24,600569,-0.39518309277877761,False,3119
3124,2026-09-24,600708,-0.39534801177063883,False,3120
3125,2026-09-24,301069,-0.40033835094341053,False,3121
3126,2026-09-24,600688,-0.40138951460062111,False,3122
3127,2026-09-24,300617,-0.40463423583013969,False,3123
3128,2026-09-24,300303,-0.40546640123155198,False,3124
3129,2026-09-24,603380,-0.40725130342090043,False,3125
3130,2026-09-24,301327,-0.40943908506610671,False,3126
3131,2026-09-24,300024,-0.41016417486667944,False,3127
3132,2026-09-24,002902,-0.41259743417335248,False,3128
3133,2026-09-24,002824,-0.4128715027405625,False,3129
3134,2026-09-24,603655,-0.42041280261532854,False,3130
3135,2026-09-24,002807,-0.42903040475812226,False,3131
3136,2026-09-24,000568,-0.42973417523376156,False,3132
3137,2026-09-24,000685,-0.43628694517978683,False,3133
3138,2026-09-24,000997,-0.43889650925571244,False,3134
3139,2026-09-24,600616,-0.43988976265879165,False,3135
3140,2026-09-24,002310,-0.44024553729604732,False,3136
3141,2026-09-24,603658,-0.44054852340958334,False,3137
3142,2026-09-24,603181,-0.44215953966832244,False,3138
3143,2026-09-24,600161,-0.444494423948958,False,3139
3144,2026-09-24,688262,-0.44933544649645962,False,3140
3145,2026-09-24,002536,-0.45056513305099166,False,3141
3146,2026-09-24,688116,-0.45071889423978195,False,3142
3147,2026-09-24,300787,-0.45227742236091739,False,3143
3148,2026-09-24,000800,-0.45389691537330124,False,3144
3149,2026-09-24,002236,-0.45462839192976734,False,3145
3150,2026-09-24,300876,-0.45475459206571589,False,3146
3151,2026-09-24,002097,-0.45689225571220682,False,3147
3152,2026-09-24,688270,-0.46121409402923152,False,3148
3153,2026-09-24,301658,-0.46447250984664901,False,3149
3154,2026-09-24,688102,-0.46725245252065806,False,3150
3155,2026-09-24,688290,-0.46740481730175376,False,3151
3156,2026-09-24,002183,-0.47032958826463117,False,3152
3157,2026-09-24,300124,-0.47088270618445804,False,3153
3158,2026-09-24,600885,-0.47313010766634067,False,3154
3159,2026-09-24,605377,-0.4734344091485011,False,3155
3160,2026-09-24,002034,-0.4807805015778075,False,3156
3161,2026-09-24,600622,-0.48335653616039576,False,3157
3162,2026-09-24,601231,-0.48591641318899104,False,3158
3163,2026-09-24,300182,-0.49127485688493366,False,3159
3164,2026-09-24,300011,-0.49142141847687126,False,3160
3165,2026-09-24,688818,-0.49224406553754463,False,3161
3166,2026-09-24,002642,-0.49324371224590247,False,3162
3167,2026-09-24,601956,-0.4934336028557752,False,3163
3168,2026-09-24,002217,-0.49457497903580006,False,3164
3169,2026-09-24,300882,-0.49593709458797686,False,3165
3170,2026-09-24,688009,-0.49706715995976969,False,3166
3171,2026-09-24,600545,-0.49795287594634008,False,3167
3172,2026-09-24,300046,-0.49829486805036205,False,3168
3173,2026-09-24,300188,-0.49969082949534249,False,3169
3174,2026-09-24,300562,-0.50014119069172291,False,3170
3175,2026-09-24,600578,-0.50118072648123824,False,3171
3176,2026-09-24,300710,-0.50189083847779359,False,3172
3177,2026-09-24,301195,-0.50217309443992653,False,3173
3178,2026-09-24,603271,-0.51178494362934657,False,3174
3179,2026-09-24,001380,-0.51195198670051612,False,3175
3180,2026-09-24,000629,-0.51238690300250433,False,3176
3181,2026-09-24,601877,-0.51275837170113814,False,3177
3182,2026-09-24,600518,-0.51556488410990009,False,3178
3183,2026-09-24,002055,-0.51559679496571542,False,3179
3184,2026-09-24,688511,-0.51583918622137259,False,3180
3185,2026-09-24,601689,-0.51611049548258658,False,3181
3186,2026-09-24,300350,-0.51631505553263302,False,3182
3187,2026-09-24,300596,-0.51799472703192995,False,3183
3188,2026-09-24,688836,-0.51959698681762756,False,3184
3189,2026-09-24,603052,-0.52189966981060332,False,3185
3190,2026-09-24,002968,-0.52274607999713996,False,3186
3191,2026-09-24,300019,-0.52472374080755124,False,3187
3192,2026-09-24,002896,-0.52786856517856995,False,3188
3193,2026-09-24,301308,-0.52841984794546981,False,3189
3194,2026-09-24,002586,-0.53118093813422451,False,3190
3195,2026-09-24,300745,-0.53138566893706707,False,3191
3196,2026-09-24,000901,-0.53182816872496474,False,3192
3197,2026-09-24,300841,-0.53451609967747959,False,3193
3198,2026-09-24,002608,-0.53632253945083574,False,3194
3199,2026-09-24,300827,-0.53746393125761749,False,3195
3200,2026-09-24,601319,-0.53822885690626154,False,3196
3201,2026-09-24,002840,-0.53843924754471473,False,3197
3202,2026-09-24,600961,-0.53896723500513199,False,3198
3203,2026-09-24,603861,-0.54197593620046003,False,3199
3204,2026-09-24,301607,-0.5428865735763635,False,3200
3205,2026-09-24,300695,-0.54336705903469618,False,3201
3206,2026-09-24,300730,-0.54763120311060198,False,3202
3207,2026-09-24,603281,-0.54975834048133321,False,3203
3208,2026-09-24,603903,-0.55538796183999128,False,3204
3209,2026-09-24,601880,-0.56255786626391047,False,3205
3210,2026-09-24,600654,-0.56355490289524446,False,3206
3211,2026-09-24,603319,-0.5639803894763511,False,3207
3212,2026-09-24,300680,-0.56542243157345873,False,3208
3213,2026-09-24,688475,-0.56564026218933106,False,3209
3214,2026-09-24,605077,-0.5720856754947321,False,3210
3215,2026-09-24,600064,-0.57358590281600152,False,3211
3216,2026-09-24,000782,-0.58010350693965651,False,3212
3217,2026-09-24,300861,-0.58134660754367218,False,3213
3218,2026-09-24,600456,-0.58394426690436552,False,3214
3219,2026-09-24,002592,-0.58396484076102018,False,3215
3220,2026-09-24,300003,-0.58600324501776968,False,3216
3221,2026-09-24,000668,-0.58822125634509126,False,3217
3222,2026-09-24,688439,-0.58899037912528496,False,3218
3223,2026-09-24,300066,-0.58953456677925886,False,3219
3224,2026-09-24,603178,-0.59225235773869311,False,3220
3225,2026-09-24,600118,-0.59274005786424766,False,3221
3226,2026-09-24,002853,-0.5930119504253093,False,3222
3227,2026-09-24,301059,-0.59956478301936234,False,3223
3228,2026-09-24,002129,-0.60227723093115038,False,3224
3229,2026-09-24,300481,-0.60263619838994353,False,3225
3230,2026-09-24,600642,-0.60305923226641323,False,3226
3231,2026-09-24,002643,-0.60740728369763297,False,3227
3232,2026-09-24,002899,-0.61636814838058163,False,3228
3233,2026-09-24,300337,-0.61783463236056113,False,3229
3234,2026-09-24,688259,-0.6219909695014777,False,3230
3235,2026-09-24,002651,-0.62457879807610572,False,3231
3236,2026-09-24,300103,-0.62974802240801342,False,3232
3237,2026-09-24,605189,-0.63153117573600448,False,3233
3238,2026-09-24,605255,-0.63340611852106843,False,3234
3239,2026-09-24,600585,-0.63619826453963979,False,3235
3240,2026-09-24,301063,-0.63911930444134302,False,3236
3241,2026-09-24,000062,-0.64065480590783319,False,3237
3242,2026-09-24,600935,-0.64293786361446159,False,3238
3243,2026-09-24,002695,-0.64338872402097402,False,3239
3244,2026-09-24,600626,-0.64409070812751112,False,3240
3245,2026-09-24,300650,-0.64413395257089978,False,3241
3246,2026-09-24,600350,-0.64495123103391627,False,3242
3247,2026-09-24,300600,-0.64505317091279046,False,3243
3248,2026-09-24,600798,-0.64586448868679525,False,3244
3249,2026-09-24,601881,-0.6473805570810589,False,3245
3250,2026-09-24,000049,-0.64991057362363958,False,3246
3251,2026-09-24,300320,-0.6499764504567993,False,3247
3252,2026-09-24,300643,-0.65028669726128785,False,3248
3253,2026-09-24,301486,-0.65406443035618533,False,3249
3254,2026-09-24,000786,-0.65432740723303873,False,3250
3255,2026-09-24,000600,-0.65520801544296781,False,3251
3256,2026-09-24,603666,-0.66252825452644748,False,3252
3257,2026-09-24,600977,-0.66301907030265128,False,3253
3258,2026-09-24,603365,-0.66378350625421201,False,3254
3259,2026-09-24,600807,-0.66565546201300807,False,3255
3260,2026-09-24,001280,-0.66588995386162064,False,3256
3261,2026-09-24,688130,-0.67065790119100011,False,3257
3262,2026-09-24,300428,-0.67140102563743942,False,3258
3263,2026-09-24,600901,-0.6723169992348752,False,3259
3264,2026-09-24,300146,-0.67260487255770973,False,3260
3265,2026-09-24,600877,-0.67289924002717794,False,3261
3266,2026-09-24,300886,-0.67324280170630413,False,3262
3267,2026-09-24,300873,-0.6733688445834134,False,3263
3268,2026-09-24,000166,-0.67466706577700952,False,3264
3269,2026-09-24,600720,-0.6764712960333068,False,3265
3270,2026-09-24,688520,-0.68038974655836659,False,3266
3271,2026-09-24,300418,-0.68244808454488615,False,3267
3272,2026-09-24,600893,-0.68319770442957095,False,3268
3273,2026-09-24,002972,-0.68352581628743569,False,3269
3274,2026-09-24,300660,-0.68679360402541345,False,3270
3275,2026-09-24,601717,-0.6904604271265371,False,3271
3276,2026-09-24,002321,-0.6975777901551139,True,
3277,2026-09-24,300772,-0.70120344056348438,False,3272
3278,2026-09-24,600808,-0.70282051652344657,False,3273
3279,2026-09-24,002079,-0.70461306301568571,False,3274
3280,2026-09-24,301236,-0.70627022806950657,False,3275
3281,2026-09-24,300281,-0.70720835459871867,False,3276
3282,2026-09-24,600956,-0.70848367369227916,False,3277
3283,2026-09-24,601311,-0.70907772862327745,False,3278
3284,2026-09-24,605222,-0.71040700273443602,False,3279
3285,2026-09-24,301380,-0.71415886171118836,False,3280
3286,2026-09-24,300435,-0.71571475910805082,False,3281
3287,2026-09-24,300099,-0.71640420353467182,False,3282
3288,2026-09-24,002202,-0.71953095266487543,False,3283
3289,2026-09-24,300641,-0.72165180404800355,False,3284
3290,2026-09-24,603138,-0.72171954644204561,False,3285
3291,2026-09-24,000599,-0.72430606257976526,False,3286
3292,2026-09-24,600765,-0.72550858044199407,False,3287
3293,2026-09-24,688768,-0.7294585304118093,False,3288
3294,2026-09-24,600970,-0.72992272834305938,False,3289
3295,2026-09-24,300276,-0.73308663072541946,False,3290
3296,2026-09-24,600016,-0.736159045640156,False,3291
3297,2026-09-24,000415,-0.73723713652797096,False,3292
3298,2026-09-24,002191,-0.73811638190499851,False,3293
3299,2026-09-24,600382,-0.74036682588065916,False,3294
3300,2026-09-24,300446,-0.74800437966701461,False,3295
3301,2026-09-24,300634,-0.7484607827724723,False,3296
3302,2026-09-24,002239,-0.74847938618177934,False,3297
3303,2026-09-24,000885,-0.75295550357503449,False,3298
3304,2026-09-24,600595,-0.75308791865103708,False,3299
3305,2026-09-24,002181,-0.75464228607866524,False,3300
3306,2026-09-24,600773,-0.75534047173275143,False,3301
3307,2026-09-24,300532,-0.75535867392244471,False,3302
3308,2026-09-24,000156,-0.75635786237663427,False,3303
3309,2026-09-24,600918,-0.76069141588756395,False,3304
3310,2026-09-24,301387,-0.76154564209922926,False,3305
3311,2026-09-24,600081,-0.76474745433451374,False,3306
3312,2026-09-24,300868,-0.76544817438720569,False,3307
3313,2026-09-24,600816,-0.76657604241186827,False,3308
3314,2026-09-24,301016,-0.76664797100783044,False,3309
3315,2026-09-24,605378,-0.76718818956280099,False,3310
3316,2026-09-24,600381,-0.76863727633710921,False,3311
3317,2026-09-24,002402,-0.76905602981171794,False,3312
3318,2026-09-24,688343,-0.7692021150098558,False,3313
3319,2026-09-24,601390,-0.77050688682101576,False,3314
3320,2026-09-24,600889,-0.77180471310779653,False,3315
3321,2026-09-24,600958,-0.77192293383452526,False,3316
3322,2026-09-24,000990,-0.7755909135442095,False,3317
3323,2026-09-24,600563,-0.77829913999001765,False,3318
3324,2026-09-24,300173,-0.78259992534778888,False,3319
3325,2026-09-24,301306,-0.78291821153386687,False,3320
3326,2026-09-24,603169,-0.7834265160019277,False,3321
3327,2026-09-24,300246,-0.78440457525989249,False,3322
3328,2026-09-24,002997,-0.78534143085822739,False,3323
3329,2026-09-24,688281,-0.78929420712080689,False,3324
3330,2026-09-24,300439,-0.7897037607928612,False,3325
3331,2026-09-24,688739,-0.79138446178697897,False,3326
3332,2026-09-24,000516,-0.79418343833458727,False,3327
3333,2026-09-24,603610,-0.79516887604877728,False,3328
3334,2026-09-24,300694,-0.79563489811781996,False,3329
3335,2026-09-24,002267,-0.80216433690412625,False,3330
3336,2026-09-24,600359,-0.80356872270303459,False,3331
3337,2026-09-24,601009,-0.80650705849204751,False,3332
3338,2026-09-24,603508,-0.80739747395215022,False,3333
3339,2026-09-24,002533,-0.81459384953235037,False,3334
3340,2026-09-24,002162,-0.81470688196943497,False,3335
3341,2026-09-24,002006,-0.81848068783632688,False,3336
3342,2026-09-24,600480,-0.821343517416814,False,3337
3343,2026-09-24,603766,-0.82417825533723854,False,3338
3344,2026-09-24,603697,-0.82422330106389996,False,3339
3345,2026-09-24,000809,-0.82528081784120588,False,3340
3346,2026-09-24,688456,-0.82759544410680697,False,3341
3347,2026-09-24,002324,-0.82852824505429845,False,3342
3348,2026-09-24,688556,-0.83044728095931175,False,3343
3349,2026-09-24,300531,-0.83058172513075346,False,3344
3350,2026-09-24,688561,-0.83059896322435178,False,3345
3351,2026-09-24,600820,-0.83422754764007268,False,3346
3352,2026-09-24,002478,-0.83440004583788907,False,3347
3353,2026-09-24,603922,-0.83693546911627037,False,3348
3354,2026-09-24,301348,-0.83774058016583641,False,3349
3355,2026-09-24,002703,-0.83978633195478514,False,3350
3356,2026-09-24,002769,-0.84086049307244592,False,3351
3357,2026-09-24,688322,-0.84658132813663167,False,3352
3358,2026-09-24,002593,-0.84918649223400211,False,3353
3359,2026-09-24,688382,-0.84962995336958436,False,3354
3360,2026-09-24,688249,-0.85016881093954932,False,3355
3361,2026-09-24,002546,-0.85023879989854279,False,3356
3362,2026-09-24,600218,-0.85119717511797965,False,3357
3363,2026-09-24,002782,-0.8527479611906621,False,3358
3364,2026-09-24,002870,-0.85328749763574385,False,3359
3365,2026-09-24,300228,-0.85698363962056689,False,3360
3366,2026-09-24,000713,-0.86304603522432866,False,3361
3367,2026-09-24,688677,-0.86835979159045085,False,3362
3368,2026-09-24,002555,-0.8706014066996568,False,3363
3369,2026-09-24,301096,-0.87169794745041251,False,3364
3370,2026-09-24,300990,-0.87659347242847874,False,3365
3371,2026-09-24,300432,-0.87773722995848003,False,3366
3372,2026-09-24,603156,-0.88041397555632406,False,3367
3373,2026-09-24,002386,-0.88341132547998635,False,3368
3374,2026-09-24,601799,-0.88357359598508101,False,3369
3375,2026-09-24,002048,-0.88491348735362729,False,3370
3376,2026-09-24,688513,-0.89035695432170903,False,3371
3377,2026-09-24,600345,-0.89215016523031032,False,3372
3378,2026-09-24,301588,-0.89313887436124029,False,3373
3379,2026-09-24,603301,-0.89420069005219516,False,3374
3380,2026-09-24,000963,-0.90263646320558655,False,3375
3381,2026-09-24,688252,-0.90411538852030993,False,3376
3382,2026-09-24,002134,-0.9063577091595767,False,3377
3383,2026-09-24,600841,-0.91036443422101809,False,3378
3384,2026-09-24,002373,-0.91384903101176174,False,3379
3385,2026-09-24,300109,-0.91484236571871047,False,3380
3386,2026-09-24,601098,-0.91514434487421714,False,3381
3387,2026-09-24,601226,-0.91927184686395558,False,3382
3388,2026-09-24,001393,-0.92379038496587595,False,3383
3389,2026-09-24,603871,-0.92516934228883529,False,3384
3390,2026-09-24,601789,-0.92777452239148195,False,3385
3391,2026-09-24,300244,-0.92836968959831201,False,3386
3392,2026-09-24,002025,-0.93160722735293877,False,3387
3393,2026-09-24,002515,-0.93598088049570149,False,3388
3394,2026-09-24,603577,-0.94002724823758266,False,3389
3395,2026-09-24,600928,-0.94239068222000955,False,3390
3396,2026-09-24,002823,-0.94254300766116528,False,3391
3397,2026-09-24,603501,-0.9441840546785365,False,3392
3398,2026-09-24,603966,-0.94795862381063523,False,3393
3399,2026-09-24,600031,-0.95108497356556287,False,3394
3400,2026-09-24,600143,-0.95166948933701756,False,3395
3401,2026-09-24,601866,-0.95230200721789615,False,3396
3402,2026-09-24,603530,-0.95244643374797155,False,3397
3403,2026-09-24,600106,-0.95552485478878135,False,3398
3404,2026-09-24,002483,-0.95568706790944624,False,3399
3405,2026-09-24,600061,-0.95687812879001111,False,3400
3406,2026-09-24,600268,-0.95769920366478667,False,3401
3407,2026-09-24,601966,-0.95863139346975967,False,3402
3408,2026-09-24,600130,-0.96111659122168969,False,3403
3409,2026-09-24,603124,-0.96857562311920864,False,3404
3410,2026-09-24,000810,-0.97189786061096028,False,3405
3411,2026-09-24,688077,-0.97628561555341298,False,3406
3412,2026-09-24,600612,-0.97648028667371345,False,3407
3413,2026-09-24,002424,-0.97745858481093306,False,3408
3414,2026-09-24,600078,-0.977867126177973,False,3409
3415,2026-09-24,603439,-0.97884589501208508,False,3410
3416,2026-09-24,603612,-0.9791756819276809,False,3411
3417,2026-09-24,002489,-0.98075485857386446,False,3412
3418,2026-09-24,600201,-0.98102377302215849,False,3413
3419,2026-09-24,603776,-0.98268056150785099,False,3414
3420,2026-09-24,600096,-0.98632090246479165,False,3415
3421,2026-09-24,002358,-0.98645805303517187,False,3416
3422,2026-09-24,600008,-0.98799403557346244,False,3417
3423,2026-09-24,002043,-0.99592001059079616,False,3418
3424,2026-09-24,002346,-1.0039014918763092,False,3419
3425,2026-09-24,001239,-1.0044779323304227,False,3420
3426,2026-09-24,301215,-1.0045718125399878,False,3421
3427,2026-09-24,000009,-1.0051044484530181,False,3422
3428,2026-09-24,002780,-1.0073305388105933,False,3423
3429,2026-09-24,600681,-1.0124193185109216,False,3424
3430,2026-09-24,300049,-1.0140948119969129,False,3425
3431,2026-09-24,300657,-1.0165447897701756,False,3426
3432,2026-09-24,002996,-1.0165995214958428,False,3427
3433,2026-09-24,688418,-1.0203812871004019,False,3428
3434,2026-09-24,603187,-1.0204463371291501,False,3429
3435,2026-09-24,002911,-1.0205064546798384,False,3430
3436,2026-09-24,600022,-1.0235817645956748,False,3431
3437,2026-09-24,600686,-1.0244725014160845,False,3432
3438,2026-09-24,600726,-1.0274484210005994,False,3433
3439,2026-09-24,600493,-1.0323463579379046,False,3434
3440,2026-09-24,300383,-1.0325730231690613,False,3435
3441,2026-09-24,601155,-1.0345754902386093,False,3436
3442,2026-09-24,301310,-1.0370539741956328,False,3437
3443,2026-09-24,000796,-1.0378871810812331,False,3438
3444,2026-09-24,002028,-1.039164271635304,False,3439
3445,2026-09-24,688017,-1.0406695114228444,False,3440
3446,2026-09-24,603275,-1.0449344653461619,False,3441
3447,2026-09-24,002630,-1.04995266238433,False,3442
3448,2026-09-24,300327,-1.0506374328496189,False,3443
3449,2026-09-24,601108,-1.0543825065114119,False,3444
3450,2026-09-24,688563,-1.0604823758731636,False,3445
3451,2026-09-24,601127,-1.0628822262354318,False,3446
3452,2026-09-24,688078,-1.067940848567041,False,3447
3453,2026-09-24,688180,-1.0711097738958113,False,3448
3454,2026-09-24,002235,-1.071246143955654,False,3449
3455,2026-09-24,000623,-1.072977906406207,False,3450
3456,2026-09-24,002842,-1.0732899187410911,False,3451
3457,2026-09-24,002065,-1.0734206530729968,False,3452
3458,2026-09-24,002218,-1.0739053447986544,False,3453
3459,2026-09-24,688516,-1.0745701840356412,False,3454
3460,2026-09-24,688029,-1.074808049494995,False,3455
3461,2026-09-24,002773,-1.076661489234171,False,3456
3462,2026-09-24,002233,-1.0784071135689823,False,3457
3463,2026-09-24,603353,-1.0798252797420194,False,3458
3464,2026-09-24,301365,-1.0801147577554877,False,3459
3465,2026-09-24,002208,-1.0823487796891547,False,3460
3466,2026-09-24,688092,-1.0890934961278196,False,3461
3467,2026-09-24,301489,-1.090905919353665,False,3462
3468,2026-09-24,001268,-1.0934596479430838,False,3463
3469,2026-09-24,002148,-1.0956057427062387,False,3464
3470,2026-09-24,300415,-1.1044762382661215,False,3465
3471,2026-09-24,001227,-1.106116053039699,False,3466
3472,2026-09-24,002672,-1.1069376577808165,False,3467
3473,2026-09-24,000969,-1.1116006812943298,False,3468
3474,2026-09-24,300756,-1.1129641520955484,False,3469
3475,2026-09-24,300671,-1.1159028383449376,False,3470
3476,2026-09-24,603087,-1.1185602561147772,False,3471
3477,2026-09-24,300061,-1.1186869643515618,False,3472
3478,2026-09-24,300845,-1.120343360829426,False,3473
3479,2026-09-24,002738,-1.1213655744635556,False,3474
3480,2026-09-24,300184,-1.1228395957433532,False,3475
3481,2026-09-24,301360,-1.1270395573504834,False,3476
3482,2026-09-24,688595,-1.1301128419181581,False,3477
3483,2026-09-24,002053,-1.133890681663045,False,3478
3484,2026-09-24,688597,-1.1361998362910399,False,3479
3485,2026-09-24,001289,-1.1377487440631255,False,3480
3486,2026-09-24,688566,-1.1451877185584474,False,3481
3487,2026-09-24,300467,-1.1452009678052133,False,3482
3488,2026-09-24,002163,-1.1456393338832818,False,3483
3489,2026-09-24,002528,-1.1500145434659288,False,3484
3490,2026-09-24,001914,-1.1502627352037897,False,3485
3491,2026-09-24,603808,-1.1534664330938094,False,3486
3492,2026-09-24,688131,-1.1558086020218981,False,3487
3493,2026-09-24,002422,-1.1593006625274143,False,3488
3494,2026-09-24,300571,-1.1621508203358215,False,3489
3495,2026-09-24,688376,-1.1638589345679442,False,3490
3496,2026-09-24,688063,-1.1649655898346412,False,3491
3497,2026-09-24,600862,-1.1665261354169807,False,3492
3498,2026-09-24,600763,-1.1685437233071982,False,3493
3499,2026-09-24,600370,-1.1709438942161596,False,3494
3500,2026-09-24,603049,-1.1715745079815469,False,3495
3501,2026-09-24,002398,-1.172253452390088,False,3496
3502,2026-09-24,300456,-1.1730965638520989,False,3497
3503,2026-09-24,603025,-1.1741391898216151,False,3498
3504,2026-09-24,301177,-1.174518953458568,False,3499
3505,2026-09-24,688317,-1.1764287470241384,False,3500
3506,2026-09-24,600925,-1.1804471108090138,False,3501
3507,2026-09-24,002027,-1.1811855709715746,False,3502
3508,2026-09-24,301328,-1.1814856137893315,False,3503
3509,2026-09-24,002254,-1.1821025067298117,False,3504
3510,2026-09-24,002326,-1.1832436912323061,False,3505
3511,2026-09-24,603456,-1.1852857869170463,False,3506
3512,2026-09-24,300982,-1.1861160377206592,False,3507
3513,2026-09-24,688011,-1.1931999163423943,False,3508
3514,2026-09-24,603379,-1.1963017214687519,False,3509
3515,2026-09-24,688206,-1.1990908608686317,False,3510
3516,2026-09-24,603011,-1.2030070671077278,False,3511
3517,2026-09-24,600094,-1.2079862794715979,False,3512
3518,2026-09-24,600984,-1.2118026155392858,False,3513
3519,2026-09-24,002319,-1.2174320787808892,False,3514
3520,2026-09-24,600326,-1.2188579394458885,False,3515
3521,2026-09-24,600115,-1.2198627671341649,False,3516
3522,2026-09-24,000839,-1.2205286860097004,False,3517
3523,2026-09-24,600171,-1.2215222077236874,False,3518
3524,2026-09-24,603225,-1.2239348549196589,False,3519
3525,2026-09-24,002757,-1.2239637097974301,False,3520
3526,2026-09-24,300769,-1.2241555387640377,False,3521
3527,2026-09-24,300590,-1.226711892586821,False,3522
3528,2026-09-24,603661,-1.2267979688916544,False,3523
3529,2026-09-24,688036,-1.2270634861286782,False,3524
3530,2026-09-24,688125,-1.2289714351395049,False,3525
3531,2026-09-24,688653,-1.2301872754974983,False,3526
3532,2026-09-24,301359,-1.2339502617856877,False,3527
3533,2026-09-24,600583,-1.2354923440034826,False,3528
3534,2026-09-24,300767,-1.2364788491349208,False,3529
3535,2026-09-24,688065,-1.2379780096476463,False,3530
3536,2026-09-24,300424,-1.2396676789765897,False,3531
3537,2026-09-24,003023,-1.2401992643753297,False,3532
3538,2026-09-24,002655,-1.2425109829591983,False,3533
3539,2026-09-24,000426,-1.2434669131795821,False,3534
3540,2026-09-24,603699,-1.2472789461774769,False,3535
3541,2026-09-24,688266,-1.247749779730482,False,3536
3542,2026-09-24,000825,-1.250700337555616,False,3537
3543,2026-09-24,600212,-1.2507795377819813,False,3538
3544,2026-09-24,300433,-1.2536417759186103,False,3539
3545,2026-09-24,300748,-1.2555429488689402,False,3540
3546,2026-09-24,688536,-1.2572851104096692,False,3541
3547,2026-09-24,688306,-1.258119334233277,False,3542
3548,2026-09-24,688796,-1.2586022147357241,False,3543
3549,2026-09-24,603051,-1.2590220040233566,False,3544
3550,2026-09-24,002958,-1.260688484217404,False,3545
3551,2026-09-24,600588,-1.2614431993638382,False,3546
3552,2026-09-24,000750,-1.2630384003594024,False,3547
3553,2026-09-24,688282,-1.2692535805937935,False,3548
3554,2026-09-24,300005,-1.270564980824584,False,3549
3555,2026-09-24,002253,-1.2745764979842167,False,3550
3556,2026-09-24,000728,-1.2761192749231023,False,3551
3557,2026-09-24,300910,-1.2772962340012946,False,3552
3558,2026-09-24,000953,-1.2784906241860217,False,3553
3559,2026-09-24,300488,-1.2809594033619041,False,3554
3560,2026-09-24,002612,-1.2838162466313952,False,3555
3561,2026-09-24,600637,-1.2875178570739358,False,3556
3562,2026-09-24,603579,-1.2878786754313751,False,3557
3563,2026-09-24,600189,-1.2914997639111909,True,
3564,2026-09-24,002771,-1.2954924166986164,False,3558
3565,2026-09-24,603997,-1.2980273138851506,False,3559
3566,2026-09-24,600520,-1.2983148272180483,False,3560
3567,2026-09-24,002203,-1.2991771768201246,False,3561
3568,2026-09-24,600864,-1.3025837985136044,False,3562
3569,2026-09-24,000875,-1.3037166503284707,False,3563
3570,2026-09-24,605100,-1.3061073658500193,False,3564
3571,2026-09-24,600784,-1.3145485119586313,False,3565
3572,2026-09-24,300261,-1.3190600975075655,False,3566
3573,2026-09-24,002615,-1.3228953717369201,False,3567
3574,2026-09-24,301070,-1.3229183952657468,False,3568
3575,2026-09-24,301183,-1.323252979623776,False,3569
3576,2026-09-24,603289,-1.3233760947110289,False,3570
3577,2026-09-24,688708,-1.3316220786954034,False,3571
3578,2026-09-24,300190,-1.3449289554308994,False,3572
3579,2026-09-24,600372,-1.3456615370612228,False,3573
3580,2026-09-24,001389,-1.3460683070026436,False,3574
3581,2026-09-24,000913,-1.3464492950291365,False,3575
3582,2026-09-24,002708,-1.3466196547113394,False,3576
3583,2026-09-24,601163,-1.3506969760362184,False,3577
3584,2026-09-24,300897,-1.3512458077751006,False,3578
3585,2026-09-24,000977,-1.3544713322285729,False,3579
3586,2026-09-24,300360,-1.3580666911057775,False,3580
3587,2026-09-24,600577,-1.3609474639607342,False,3581
3588,2026-09-24,003018,-1.3610101407854147,False,3582
3589,2026-09-24,688318,-1.3646511187872425,False,3583
3590,2026-09-24,002747,-1.3658374468771401,False,3584
3591,2026-09-24,300153,-1.3672886411861129,False,3585
3592,2026-09-24,600166,-1.367616048098391,False,3586
3593,2026-09-24,300623,-1.3679022103265253,False,3587
3594,2026-09-24,603260,-1.3690039044648059,False,3588
3595,2026-09-24,000631,-1.3732368875312093,False,3589
3596,2026-09-24,000030,-1.3744362310579898,False,3590
3597,2026-09-24,300469,-1.3753402141816387,False,3591
3598,2026-09-24,688083,-1.3788729784062002,False,3592
3599,2026-09-24,301092,-1.3844889084340917,False,3593
3600,2026-09-24,000778,-1.3847211495041867,False,3594
3601,2026-09-24,601339,-1.3886871855971645,False,3595
3602,2026-09-24,002517,-1.3921124947358234,False,3596
3603,2026-09-24,301550,-1.3960445338068741,False,3597
3604,2026-09-24,002848,-1.3968598376290837,False,3598
3605,2026-09-24,002049,-1.4054010034169937,False,3599
3606,2026-09-24,601818,-1.4065243836420784,False,3600
3607,2026-09-24,603055,-1.4095885783442532,False,3601
3608,2026-09-24,603344,-1.4100255092285794,False,3602
3609,2026-09-24,603398,-1.4118676743407543,False,3603
3610,2026-09-24,603127,-1.4120421957023295,False,3604
3611,2026-09-24,001257,-1.413117983229796,False,3605
3612,2026-09-24,688023,-1.4132148147628547,False,3606
3613,2026-09-24,300537,-1.4134269957119021,False,3607
3614,2026-09-24,002099,-1.4137582513454929,False,3608
3615,2026-09-24,300746,-1.4152425609022647,False,3609
3616,2026-09-24,601619,-1.4201032389936297,False,3610
3617,2026-09-24,002715,-1.4220269382392201,False,3611
3618,2026-09-24,601727,-1.4240773216295008,False,3612
3619,2026-09-24,300430,-1.4247049225728929,False,3613
3620,2026-09-24,603858,-1.4306825902120495,False,3614
3621,2026-09-24,603345,-1.431988615228305,False,3615
3622,2026-09-24,688172,-1.4343015798484995,False,3616
3623,2026-09-24,600549,-1.4370250056564382,False,3617
3624,2026-09-24,600289,-1.4391091882554188,False,3618
3625,2026-09-24,600362,-1.4407308488016128,False,3619
3626,2026-09-24,301638,-1.4477116029732338,False,3620
3627,2026-09-24,002955,-1.4491670048235279,False,3621
3628,2026-09-24,300718,-1.4499264751186178,False,3622
3629,2026-09-24,300580,-1.452209270413845,False,3623
3630,2026-09-24,601101,-1.4558110038041894,False,3624
3631,2026-09-24,000100,-1.4578264958978877,False,3625
3632,2026-09-24,000966,-1.459109936828392,False,3626
3633,2026-09-24,300296,-1.465682537832941,False,3627
3634,2026-09-24,301210,-1.4672963240800776,False,3628
3635,2026-09-24,603690,-1.4682249309568638,False,3629
3636,2026-09-24,688279,-1.4695951133762284,False,3630
3637,2026-09-24,300277,-1.4722047502842548,False,3631
3638,2026-09-24,600567,-1.4746274494481937,False,3632
3639,2026-09-24,688712,-1.479074785359197,False,3633
3640,2026-09-24,688268,-1.48008927627665,False,3634
3641,2026-09-24,301157,-1.4820962333686913,False,3635
3642,2026-09-24,688559,-1.4915970920903732,False,3636
3643,2026-09-24,601456,-1.4925489872879252,False,3637
3644,2026-09-24,000921,-1.4942633366694653,False,3638
3645,2026-09-24,300171,-1.49603937292619,False,3639
3646,2026-09-24,002201,-1.4969555266826071,False,3640
3647,2026-09-24,000608,-1.4996433994451355,False,3641
3648,2026-09-24,601099,-1.5008718401481209,False,3642
3649,2026-09-24,000983,-1.5042938679023106,False,3643
3650,2026-09-24,000559,-1.5064228783709581,False,3644
3651,2026-09-24,300411,-1.5087588352925803,False,3645
3652,2026-09-24,000659,-1.5108512071619433,False,3646
3653,2026-09-24,301067,-1.5118238772562924,False,3647
3654,2026-09-24,603421,-1.5126083374383794,False,3648
3655,2026-09-24,601669,-1.5161013351274124,False,3649
3656,2026-09-24,002508,-1.5212712940638684,False,3650
3657,2026-09-24,688261,-1.5218347459501032,False,3651
3658,2026-09-24,000639,-1.5227945074426303,False,3652
3659,2026-09-24,301187,-1.5247784479952933,False,3653
3660,2026-09-24,300496,-1.5257694686474872,False,3654
3661,2026-09-24,601908,-1.5282957780068442,False,3655
3662,2026-09-24,300738,-1.5292464972290252,False,3656
3663,2026-09-24,002706,-1.5309588752654075,False,3657
3664,2026-09-24,300436,-1.5320820342086017,False,3658
3665,2026-09-24,301498,-1.5387924187896524,False,3659
3666,2026-09-24,000534,-1.540563635915092,False,3660
3667,2026-09-24,601996,-1.5422359775943029,False,3661
3668,2026-09-24,300976,-1.5479338156796598,False,3662
3669,2026-09-24,000791,-1.5481014735608247,False,3663
3670,2026-09-24,688750,-1.5525229877726554,False,3664
3671,2026-09-24,603659,-1.554696907046722,False,3665
3672,2026-09-24,000967,-1.5563674324056602,False,3666
3673,2026-09-24,300222,-1.5569775837170008,False,3667
3674,2026-09-24,301522,-1.5590704932956099,False,3668
3675,2026-09-24,688109,-1.5612893883072654,False,3669
3676,2026-09-24,002268,-1.5614201178552445,False,3670
3677,2026-09-24,002195,-1.5639996332691899,False,3671
3678,2026-09-24,300059,-1.5648374828007541,False,3672
3679,2026-09-24,688581,-1.568696095824097,False,3673
3680,2026-09-24,603166,-1.5698380353313477,False,3674
3681,2026-09-24,300665,-1.5713947969680828,False,3675
3682,2026-09-24,301383,-1.5758179140450022,False,3676
3683,2026-09-24,603815,-1.5793236694106969,False,3677
3684,2026-09-24,603005,-1.5841691417632431,False,3678
3685,2026-09-24,002378,-1.5844434145333119,False,3679
3686,2026-09-24,600905,-1.5853081373545095,False,3680
3687,2026-09-24,603444,-1.5860353731917103,False,3681
3688,2026-09-24,301571,-1.5920036025373654,False,3682
3689,2026-09-24,002457,-1.5922419074576641,False,3683
3690,2026-09-24,688114,-1.5925640758354307,False,3684
3691,2026-09-24,603350,-1.5974094001183095,False,3685
3692,2026-09-24,300487,-1.5995127962407065,False,3686
3693,2026-09-24,002494,-1.6065959074169456,False,3687
3694,2026-09-24,300515,-1.6110170378862263,False,3688
3695,2026-09-24,603077,-1.6168714985664825,False,3689
3696,2026-09-24,600233,-1.6177367614658484,False,3690
3697,2026-09-24,000528,-1.6210196581557941,False,3691
3698,2026-09-24,600343,-1.6211886741483417,False,3692
3699,2026-09-24,603186,-1.6214398107816987,False,3693
3700,2026-09-24,300879,-1.6294283081821292,False,3694
3701,2026-09-24,300795,-1.634809442339233,False,3695
3702,2026-09-24,688349,-1.6393498762556877,False,3696
3703,2026-09-24,002709,-1.6429802010794239,False,3697
3704,2026-09-24,002821,-1.650514700504119,False,3698
3705,2026-09-24,002031,-1.6533203298494583,False,3699
3706,2026-09-24,002632,-1.6627136012165851,False,3700
3707,2026-09-24,301680,-1.6627650840952359,False,3701
3708,2026-09-24,003022,-1.6657299766296298,False,3702
3709,2026-09-24,688503,-1.6678755717502391,False,3703
3710,2026-09-24,605001,-1.668123839543874,False,3704
3711,2026-09-24,301128,-1.6712702518808888,False,3705
3712,2026-09-24,300493,-1.6736246541622481,False,3706
3713,2026-09-24,600981,-1.6757662891375622,False,3707
3714,2026-09-24,002634,-1.6761378360690806,False,3708
3715,2026-09-24,600685,-1.6801710036043043,False,3709
3716,2026-09-24,000920,-1.6801814195603977,False,3710
3717,2026-09-24,301053,-1.6805293361429583,False,3711
3718,2026-09-24,688121,-1.6850925276471456,False,3712
3719,2026-09-24,688798,-1.6858174277365583,False,3713
3720,2026-09-24,600782,-1.6916843999883175,False,3714
3721,2026-09-24,601868,-1.6950516717357973,False,3715
3722,2026-09-24,600196,-1.6960278229717951,False,3716
3723,2026-09-24,603296,-1.699489201318285,False,3717
3724,2026-09-24,300100,-1.7011771878256425,False,3718
3725,2026-09-24,300802,-1.7046616775219894,False,3719
3726,2026-09-24,688225,-1.7052377392047446,False,3720
3727,2026-09-24,605289,-1.7074977190969394,False,3721
3728,2026-09-24,300200,-1.7090459460145957,False,3722
3729,2026-09-24,300321,-1.7144402096399265,False,3723
3730,2026-09-24,002255,-1.7166628685802054,False,3724
3731,2026-09-24,688107,-1.7177473454896588,False,3725
3732,2026-09-24,000543,-1.7212644975442877,False,3726
3733,2026-09-24,600320,-1.7221293154485551,False,3727
3734,2026-09-24,600663,-1.7224194665240109,False,3728
3735,2026-09-24,601377,-1.7242245391916582,False,3729
3736,2026-09-24,301448,-1.7319336141121902,False,3730
3737,2026-09-24,300893,-1.7329894670350554,False,3731
3738,2026-09-24,688370,-1.7348051193295044,False,3732
3739,2026-09-24,300747,-1.7357203107986203,False,3733
3740,2026-09-24,002733,-1.7390457154956018,False,3734
3741,2026-09-24,600683,-1.7409037657055606,False,3735
3742,2026-09-24,603726,-1.7421260483894754,False,3736
3743,2026-09-24,300820,-1.743295298058718,False,3737
3744,2026-09-24,688531,-1.7456079115180678,False,3738
3745,2026-09-24,002318,-1.7518421707872742,False,3739
3746,2026-09-24,600316,-1.7526030326090838,False,3740
3747,2026-09-24,301220,-1.754560402292332,False,3741
3748,2026-09-24,600292,-1.7575997826086158,False,3742
3749,2026-09-24,002594,-1.7580475192363654,False,3743
3750,2026-09-24,301269,-1.7582973945326184,False,3744
3751,2026-09-24,000790,-1.7602912635476011,True,
3752,2026-09-24,002654,-1.7611904558491647,False,3745
3753,2026-09-24,603667,-1.7701816019305534,False,3746
3754,2026-09-24,688195,-1.773831838470981,False,3747
3755,2026-09-24,301608,-1.7762850440604043,False,3748
3756,2026-09-24,603160,-1.7802070494348849,False,3749
3757,2026-09-24,688501,-1.7836335313120735,False,3750
3758,2026-09-24,300400,-1.7899448191393663,False,3751
3759,2026-09-24,603370,-1.7915187850945864,False,3752
3760,2026-09-24,300364,-1.7930145733595935,False,3753
3761,2026-09-24,300070,-1.7933361608532112,False,3754
3762,2026-09-24,002881,-1.7946297326629008,False,3755
3763,2026-09-24,688213,-1.7953161296042448,False,3756
3764,2026-09-24,002786,-1.8037101979299681,False,3757
3765,2026-09-24,000541,-1.8073736329751424,False,3758
3766,2026-09-24,688567,-1.8074232514114605,False,3759
3767,2026-09-24,002044,-1.8078201710914039,False,3760
3768,2026-09-24,601066,-1.8092186940338295,False,3761
3769,2026-09-24,600460,-1.8133572238196751,False,3762
3770,2026-09-24,300585,-1.8136369006461153,False,3763
3771,2026-09-24,601375,-1.8172155098411522,False,3764
3772,2026-09-24,002497,-1.8215603118031141,False,3765
3773,2026-09-24,300058,-1.8219272923903382,False,3766
3774,2026-09-24,300077,-1.8264561067516474,False,3767
3775,2026-09-24,601128,-1.8271013076070981,False,3768
3776,2026-09-24,688199,-1.831095176664679,False,3769
3777,2026-09-24,600679,-1.8466672847025214,False,3770
3778,2026-09-24,300076,-1.8473097219815853,False,3771
3779,2026-09-24,300984,-1.8486063636970713,False,3772
3780,2026-09-24,301168,-1.8494577191424879,False,3773
3781,2026-09-24,002056,-1.8502315997751726,False,3774
3782,2026-09-24,301248,-1.852274996885245,False,3775
3783,2026-09-24,002549,-1.8533352154754685,False,3776
3784,2026-09-24,301303,-1.8551876575960489,False,3777
3785,2026-09-24,002169,-1.8554997343406865,False,3778
3786,2026-09-24,601211,-1.8637451581210454,False,3779
3787,2026-09-24,601995,-1.8657334506168712,False,3780
3788,2026-09-24,603800,-1.8695703221046824,False,3781
3789,2026-09-24,001339,-1.8769368375194055,False,3782
3790,2026-09-24,688778,-1.8769378385073856,False,3783
3791,2026-09-24,688573,-1.8801691853036262,False,3784
3792,2026-09-24,002475,-1.8818889655559223,False,3785
3793,2026-09-24,300902,-1.8885848240697101,False,3786
3794,2026-09-24,600489,-1.892586263314717,False,3787
3795,2026-09-24,300520,-1.9029283597644135,False,3788
3796,2026-09-24,300470,-1.9042655079209139,False,3789
3797,2026-09-24,603589,-1.9060612519184454,False,3790
3798,2026-09-24,301630,-1.9078120419195557,False,3791
3799,2026-09-24,002542,-1.9148021369381691,False,3792
3800,2026-09-24,688177,-1.917535815386719,False,3793
3801,2026-09-24,600730,-1.9265228443037086,False,3794
3802,2026-09-24,001229,-1.9291843856280448,False,3795
3803,2026-09-24,002262,-1.930667781332851,False,3796
3804,2026-09-24,300142,-1.9326843721140481,False,3797
3805,2026-09-24,600759,-1.9364737199241091,False,3798
3806,2026-09-24,000027,-1.9384088423933865,False,3799
3807,2026-09-24,300679,-1.9426762137045368,False,3800
3808,2026-09-24,000987,-1.9446192062441474,False,3801
3809,2026-09-24,603108,-1.9592097355755032,False,3802
3810,2026-09-24,603321,-1.963587873686115,False,3803
3811,2026-09-24,600109,-1.9662087938214925,False,3804
3812,2026-09-24,300256,-1.9677954827119168,False,3805
3813,2026-09-24,301616,-1.9708100461454168,False,3806
3814,2026-09-24,300154,-1.9709163506552017,False,3807
3815,2026-09-24,603713,-1.979546543462388,False,3808
3816,2026-09-24,300815,-1.979984272535926,False,3809
3817,2026-09-24,603300,-1.9808210338611496,False,3810
3818,2026-09-24,688307,-1.9819296936189188,False,3811
3819,2026-09-24,301513,-1.9867747404408105,False,3812
3820,2026-09-24,002295,-1.988206839257348,False,3813
3821,2026-09-24,000721,-1.9885804375005025,False,3814
3822,2026-09-24,301085,-1.9926811277051213,False,3815
3823,2026-09-24,300576,-1.9968247288394547,False,3816
3824,2026-09-24,600392,-1.9980585583508796,False,3817
3825,2026-09-24,000521,-1.9980985920527798,False,3818
3826,2026-09-24,001228,-1.9996869308661935,False,3819
3827,2026-09-24,688733,-2.0141699990560746,False,3820
3828,2026-09-24,000737,-2.0166626564725139,False,3821
3829,2026-09-24,688663,-2.0167621775007825,False,3822
3830,2026-09-24,301682,-2.019760442251799,False,3823
3831,2026-09-24,300429,-2.0216961371472095,False,3824
3832,2026-09-24,003030,-2.0247051325426937,False,3825
3833,2026-09-24,300563,-2.0263324631851622,False,3826
3834,2026-09-24,688052,-2.0313948066824201,False,3827
3835,2026-09-24,002024,-2.0401377923186814,False,3828
3836,2026-09-24,000063,-2.0459143005385769,False,3829
3837,2026-09-24,688010,-2.0474110788026172,False,3830
3838,2026-09-24,688277,-2.059804653601141,False,3831
3839,2026-09-24,300869,-2.0630677751536268,False,3832
3840,2026-09-24,688141,-2.0649579001773346,False,3833
3841,2026-09-24,601899,-2.0688708844301407,False,3834
3842,2026-09-24,600927,-2.0830733748232686,False,3835
3843,2026-09-24,300115,-2.086359218477071,False,3836
3844,2026-09-24,600369,-2.0948528463735125,False,3837
3845,2026-09-24,603867,-2.095016676548429,False,3838
3846,2026-09-24,300249,-2.0966816836756883,False,3839
3847,2026-09-24,301458,-2.0976377828042696,False,3840
3848,2026-09-24,002534,-2.0986527222792537,False,3841
3849,2026-09-24,002167,-2.1003341413024614,False,3842
3850,2026-09-24,688391,-2.1043789423878092,False,3843
3851,2026-09-24,688016,-2.1065740747857293,False,3844
3852,2026-09-24,000031,-2.1077946985330831,False,3845
3853,2026-09-24,688392,-2.1097673030043484,False,3846
3854,2026-09-24,600284,-2.1134514622992771,False,3847
3855,2026-09-24,688795,-2.1158962565558541,False,3848
3856,2026-09-24,301229,-2.1171509919134173,False,3849
3857,2026-09-24,600148,-2.1193343809162855,False,3850
3858,2026-09-24,603392,-2.1196647720865105,False,3851
3859,2026-09-24,603991,-2.12096200420627,False,3852
3860,2026-09-24,600615,-2.1225948177779066,False,3853
3861,2026-09-24,600603,-2.1274369672672582,False,3854
3862,2026-09-24,000513,-2.1304031313344174,False,3855
3863,2026-09-24,301165,-2.1320526928199719,False,3856
3864,2026-09-24,300492,-2.1328791288557953,False,3857
3865,2026-09-24,000703,-2.1344474054528595,False,3858
3866,2026-09-24,688216,-2.1345073389834091,False,3859
3867,2026-09-24,688507,-2.1355553845540709,False,3860
3868,2026-09-24,002050,-2.1357812168359724,False,3861
3869,2026-09-24,000411,-2.1379727485661935,False,3862
3870,2026-09-24,002625,-2.1407922489991527,False,3863
3871,2026-09-24,300015,-2.1427310750849538,False,3864
3872,2026-09-24,301696,-2.1448670822348523,False,3865
3873,2026-09-24,002590,-2.1455377692116921,False,3866
3874,2026-09-24,001267,-2.1538763614755694,False,3867
3875,2026-09-24,000883,-2.1562277781510266,False,3868
3876,2026-09-24,600010,-2.1572053815301238,False,3869
3877,2026-09-24,603798,-2.1573019406779794,False,3870
3878,2026-09-24,300461,-2.1573101130364334,False,3871
3879,2026-09-24,601158,-2.1584048269019629,False,3872
3880,2026-09-24,301219,-2.160730984934951,False,3873
3881,2026-09-24,600495,-2.1612929736127686,False,3874
3882,2026-09-24,002240,-2.161848303547524,False,3875
3883,2026-09-24,000801,-2.1658139030145982,False,3876
3884,2026-09-24,688320,-2.1666669150251163,False,3877
3885,2026-09-24,603050,-2.1686262771650209,False,3878
3886,2026-09-24,688208,-2.1723317327679004,False,3879
3887,2026-09-24,600879,-2.1751227106028508,False,3880
3888,2026-09-24,600742,-2.1751345129651116,False,3881
3889,2026-09-24,000725,-2.1760676241735504,False,3882
3890,2026-09-24,000679,-2.1863477806517424,False,3883
3891,2026-09-24,688336,-2.186864936481868,False,3884
3892,2026-09-24,000157,-2.188604357312494,False,3885
3893,2026-09-24,300613,-2.1896779682896939,False,3886
3894,2026-09-24,301557,-2.1898991112994617,False,3887
3895,2026-09-24,002263,-2.1901882259581624,False,3888
3896,2026-09-24,603290,-2.1935229977984769,False,3889
3897,2026-09-24,300774,-2.1935520269927253,False,3890
3898,2026-09-24,002602,-2.1938332278701522,False,3891
3899,2026-09-24,603931,-2.1947611152695634,False,3892
3900,2026-09-24,688599,-2.1953694862339459,False,3893
3901,2026-09-24,688182,-2.1961483779120914,False,3894
3902,2026-09-24,000637,-2.1983700161381892,False,3895
3903,2026-09-24,301575,-2.202366669861112,False,3896
3904,2026-09-24,000635,-2.2056830856671747,False,3897
3905,2026-09-24,688720,-2.2078464554619099,False,3898
3906,2026-09-24,000932,-2.2087353281338569,False,3899
3907,2026-09-24,600761,-2.2088602796460255,False,3900
3908,2026-09-24,600579,-2.2180209940440818,False,3901
3909,2026-09-24,688472,-2.2221181507239498,False,3902
3910,2026-09-24,600908,-2.2267982030262861,False,3903
3911,2026-09-24,002277,-2.2268700773509837,False,3904
3912,2026-09-24,301548,-2.228067937783945,False,3905
3913,2026-09-24,688425,-2.2354514660470914,False,3906
3914,2026-09-24,301314,-2.2359692026167766,False,3907
3915,2026-09-24,605566,-2.2371979417769912,False,3908
3916,2026-09-24,301225,-2.2384457454560733,False,3909
3917,2026-09-24,300101,-2.2417642080745841,False,3910
3918,2026-09-24,301528,-2.2423534796246454,False,3911
3919,2026-09-24,002980,-2.242726736723915,False,3912
3920,2026-09-24,000767,-2.2476307831118021,False,3913
3921,2026-09-24,300478,-2.249573785725393,False,3914
3922,2026-09-24,002553,-2.2500009081498655,False,3915
3923,2026-09-24,300007,-2.253656507073718,False,3916
3924,2026-09-24,688591,-2.2537530827227434,False,3917
3925,2026-09-24,600609,-2.2593354463973574,False,3918
3926,2026-09-24,300450,-2.2595775730688108,False,3919
3927,2026-09-24,000727,-2.2602084194308931,False,3920
3928,2026-09-24,600366,-2.2607575228556884,False,3921
3929,2026-09-24,002520,-2.2656111010564275,False,3922
3930,2026-09-24,688656,-2.2699160407380625,False,3923
3931,2026-09-24,002787,-2.2708186443331781,False,3924
3932,2026-09-24,688049,-2.2726838198874253,False,3925
3933,2026-09-24,300369,-2.2745499620270824,False,3926
3934,2026-09-24,300655,-2.2833531040070296,False,3927
3935,2026-09-24,601068,-2.2886323332300211,False,3928
3936,2026-09-24,301218,-2.2892404119045064,False,3929
3937,2026-09-24,300416,-2.2920299056466615,False,3930
3938,2026-09-24,688209,-2.2982333138765418,False,3931
3939,2026-09-24,001230,-2.2993521335488509,False,3932
3940,2026-09-24,688981,-2.3036752461374652,False,3933
3941,2026-09-24,603386,-2.3045535060789981,False,3934
3942,2026-09-24,688816,-2.3056170311143642,False,3935
3943,2026-09-24,000663,-2.3081419414621775,False,3936
3944,2026-09-24,300998,-2.3102539443426604,False,3937
3945,2026-09-24,300661,-2.312121036375927,False,3938
3946,2026-09-24,603912,-2.3220804928208452,False,3939
3947,2026-09-24,605488,-2.3221177402959752,False,3940
3948,2026-09-24,002797,-2.3231935485118909,False,3941
3949,2026-09-24,600478,-2.3266283567769994,False,3942
3950,2026-09-24,001696,-2.3316509680306177,False,3943
3951,2026-09-24,603989,-2.3358714919796428,False,3944
3952,2026-09-24,688106,-2.3359335214420724,False,3945
3953,2026-09-24,301028,-2.3361002487928495,False,3946
3954,2026-09-24,300573,-2.3413853956016206,False,3947
3955,2026-09-24,300017,-2.3434501675652468,False,3948
3956,2026-09-24,600507,-2.3547910517721946,False,3949
3957,2026-09-24,300840,-2.356454394406224,False,3950
3958,2026-09-24,688396,-2.3572895505709743,False,3951
3959,2026-09-24,002368,-2.3583940337476204,False,3952
3960,2026-09-24,601138,-2.3627391966657734,False,3953
3961,2026-09-24,600651,-2.3764958419403102,False,3954
3962,2026-09-24,301617,-2.3772879120498827,False,3955
3963,2026-09-24,600248,-2.3924412450714971,False,3956
3964,2026-09-24,600170,-2.3939582423999601,False,3957
3965,2026-09-24,688188,-2.397190439442427,False,3958
3966,2026-09-24,603078,-2.4031434563540746,False,3959
3967,2026-09-24,300423,-2.4037983306812034,False,3960
3968,2026-09-24,688192,-2.405878553432399,False,3961
3969,2026-09-24,605188,-2.4109893437866687,False,3962
3970,2026-09-24,600881,-2.4126877817910701,False,3963
3971,2026-09-24,688027,-2.4194662294891813,False,3964
3972,2026-09-24,688253,-2.4204817439390593,False,3965
3973,2026-09-24,300037,-2.4254251297550407,False,3966
3974,2026-09-24,600745,-2.4344507188419091,False,3967
3975,2026-09-24,688120,-2.4391338641654561,False,3968
3976,2026-09-24,301238,-2.4440260607080884,False,3969
3977,2026-09-24,601918,-2.4458399020261203,False,3970
3978,2026-09-24,002273,-2.446690995389861,False,3971
3979,2026-09-24,002945,-2.4509867837433537,False,3972
3980,2026-09-24,002460,-2.4649651275456752,False,3973
3981,2026-09-24,300669,-2.4669184948185046,False,3974
3982,2026-09-24,002790,-2.4736423743144123,False,3975
3983,2026-09-24,002130,-2.4742161401536387,False,3976
3984,2026-09-24,300410,-2.4744197773711232,False,3977
3985,2026-09-24,001356,-2.4752275050827577,False,3978
3986,2026-09-24,600301,-2.4773774494134528,False,3979
3987,2026-09-24,300223,-2.4833732905669303,False,3980
3988,2026-09-24,603288,-2.4881603137545341,False,3981
3989,2026-09-24,603205,-2.4924689362052033,False,3982
3990,2026-09-24,300438,-2.4948598731318703,False,3983
3991,2026-09-24,603688,-2.5036626683093477,False,3984
3992,2026-09-24,601279,-2.505069582172943,False,3985
3993,2026-09-24,688003,-2.506406286691353,False,3986
3994,2026-09-24,002187,-2.5100328457650884,False,3987
3995,2026-09-24,603657,-2.5114428584885111,False,3988
3996,2026-09-24,600163,-2.5120719327259917,False,3989
3997,2026-09-24,002466,-2.5174119523303786,False,3990
3998,2026-09-24,688356,-2.5179838190636707,False,3991
3999,2026-09-24,301160,-2.5203027260705904,False,3992
4000,2026-09-24,301226,-2.5203977136096896,False,3993
4001,2026-09-24,600846,-2.5207402423036727,False,3994
4002,2026-09-24,300644,-2.5237954327679297,False,3995
4003,2026-09-24,603268,-2.5246140537963475,False,3996
4004,2026-09-24,002252,-2.5285125253501466,False,3997
4005,2026-09-24,601016,-2.530338461788999,False,3998
4006,2026-09-24,300909,-2.5387916737735132,False,3999
4007,2026-09-24,688621,-2.5388428904496361,False,4000
4008,2026-09-24,688484,-2.5432426570458184,False,4001
4009,2026-09-24,000880,-2.5575602415785816,False,4002
4010,2026-09-24,300860,-2.5601588650356404,False,4003
4011,2026-09-24,600259,-2.5614407220190003,False,4004
4012,2026-09-24,001215,-2.5637540190967956,False,4005
4013,2026-09-24,002008,-2.565254024322793,False,4006
4014,2026-09-24,300592,-2.5797277576450819,False,4007
4015,2026-09-24,002301,-2.5872307031078985,False,4008
4016,2026-09-24,600839,-2.5883938026057622,False,4009
4017,2026-09-24,000799,-2.5929917969579535,False,4010
4018,2026-09-24,300376,-2.6012691443985516,False,4011
4019,2026-09-24,605020,-2.6042690169563945,False,4012
4020,2026-09-24,600498,-2.6120380230777172,False,4013
4021,2026-09-24,688105,-2.6150062667136895,False,4014
4022,2026-09-24,688636,-2.6206667462433288,False,4015
4023,2026-09-24,603013,-2.630247294734279,False,4016
4024,2026-09-24,600895,-2.6341170488810852,False,4017
4025,2026-09-24,300951,-2.6365291861891067,False,4018
4026,2026-09-24,000591,-2.6385546140660909,False,4019
4027,2026-09-24,603629,-2.6398537809119547,False,4020
4028,2026-09-24,002338,-2.6499119558796864,False,4021
4029,2026-09-24,603035,-2.6546672598236696,False,4022
4030,2026-09-24,688779,-2.6630850421288663,False,4023
4031,2026-09-24,301355,-2.679067632463517,False,4024
4032,2026-09-24,300012,-2.6800281637873318,False,4025
4033,2026-09-24,688187,-2.6808025201581747,False,4026
4034,2026-09-24,600590,-2.6905555308421407,False,4027
4035,2026-09-24,688680,-2.6919094298560449,False,4028
4036,2026-09-24,300586,-2.6936580458429562,False,4029
4037,2026-09-24,300685,-2.7060053305054641,False,4030
4038,2026-09-24,603799,-2.7077281251855547,False,4031
4039,2026-09-24,301349,-2.7158590837272105,False,4032
4040,2026-09-24,688311,-2.7179576502270981,False,4033
4041,2026-09-24,002527,-2.7182886422479231,False,4034
4042,2026-09-24,002674,-2.7185771670329193,False,4035
4043,2026-09-24,300316,-2.7200424594389858,False,4036
4044,2026-09-24,002455,-2.7205645279520549,False,4037
4045,2026-09-24,603777,-2.7331275028868012,False,4038
4046,2026-09-24,300363,-2.7338356405378761,False,4039
4047,2026-09-24,603285,-2.7408407898275207,False,4040
4048,2026-09-24,600502,-2.7464602714208359,False,4041
4049,2026-09-24,000078,-2.7496241701867374,False,4042
4050,2026-09-24,002397,-2.7514719282630806,False,4043
4051,2026-09-24,601020,-2.7528273722986092,False,4044
4052,2026-09-24,002921,-2.7595005290799874,False,4045
4053,2026-09-24,300681,-2.7606038244201527,False,4046
4054,2026-09-24,000970,-2.7657159464191841,False,4047
4055,2026-09-24,688387,-2.7663115054304992,False,4048
4056,2026-09-24,603838,-2.7686087751968347,False,4049
4057,2026-09-24,301107,-2.7710785812897765,False,4050
4058,2026-09-24,688041,-2.7711747265812847,False,4051
4059,2026-09-24,002510,-2.7724984970416071,False,4052
4060,2026-09-24,600101,-2.7730893555034637,False,4053
4061,2026-09-24,300121,-2.7836024656372391,False,4054
4062,2026-09-24,600038,-2.7956348727608638,False,4055
4063,2026-09-24,300870,-2.799854855055266,False,4056
4064,2026-09-24,002145,-2.8007066526063449,False,4057
4065,2026-09-24,605277,-2.8033965702288102,False,4058
4066,2026-09-24,600693,-2.8037527238731976,False,4059
4067,2026-09-24,301110,-2.8045433183106137,False,4060
4068,2026-09-24,600939,-2.8057345439302859,False,4061
4069,2026-09-24,002392,-2.8103690122758875,False,4062
4070,2026-09-24,688398,-2.8118624691673904,False,4063
4071,2026-09-24,002755,-2.8225229444458315,False,4064
4072,2026-09-24,301193,-2.8271223783253219,False,4065
4073,2026-09-24,603615,-2.8273841346282955,False,4066
4074,2026-09-24,001388,-2.8278530709912912,False,4067
4075,2026-09-24,688515,-2.8307632259869542,False,4068
4076,2026-09-24,600906,-2.8315685782798963,False,4069
4077,2026-09-24,600510,-2.8322698215931732,False,4070
4078,2026-09-24,000657,-2.839311190901296,False,4071
4079,2026-09-24,300979,-2.8481464314293983,False,4072
4080,2026-09-24,603093,-2.8508934329433169,False,4073
4081,2026-09-24,600702,-2.855611194598457,False,4074
4082,2026-09-24,600500,-2.8609659627802304,False,4075
4083,2026-09-24,301188,-2.8634332943851337,False,4076
4084,2026-09-24,002150,-2.8638832153055023,False,4077
4085,2026-09-24,301010,-2.8741658851370815,False,4078
4086,2026-09-24,688099,-2.8767770542639428,False,4079
4087,2026-09-24,688498,-2.8836397251008146,False,4080
4088,2026-09-24,603119,-2.8951750984754958,False,4081
4089,2026-09-24,002364,-2.8995281623323494,False,4082
4090,2026-09-24,300931,-2.9034534744093738,False,4083
4091,2026-09-24,688479,-2.9052622207775718,False,4084
4092,2026-09-24,600059,-2.9107041134087162,False,4085
4093,2026-09-24,002204,-2.9144033984708999,False,4086
4094,2026-09-24,603033,-2.9274268240440495,False,4087
4095,2026-09-24,601975,-2.929911800459525,False,4088
4096,2026-09-24,000761,-2.9318847506306449,False,4089
4097,2026-09-24,002673,-2.9370696411718988,False,4090
4098,2026-09-24,603179,-2.9410500839218576,False,4091
4099,2026-09-24,600764,-2.9505050430657529,False,4092
4100,2026-09-24,600768,-2.9600247264088853,False,4093
4101,2026-09-24,000723,-2.9609419810116955,False,4094
4102,2026-09-24,688419,-2.9618269654136133,False,4095
4103,2026-09-24,301595,-2.9654447904121621,False,4096
4104,2026-09-24,600067,-2.9659121703596387,False,4097
4105,2026-09-24,002736,-2.9696284894436591,False,4098
4106,2026-09-24,003033,-2.9699510962285087,False,4099
4107,2026-09-24,600302,-2.9797437172371675,False,4100
4108,2026-09-24,603306,-2.9820786118904858,False,4101
4109,2026-09-24,605186,-2.9824579246697969,False,4102
4110,2026-09-24,002471,-2.9913678280399676,False,4103
4111,2026-09-24,000566,-2.9974235400463503,False,4104
4112,2026-09-24,600976,-2.9993637105522906,False,4105
4113,2026-09-24,601609,-3.0001771575633134,False,4106
4114,2026-09-24,300938,-3.0022615802970498,False,4107
4115,2026-09-24,000012,-3.0116160071395921,False,4108
4116,2026-09-24,688019,-3.0117609241430028,False,4109
4117,2026-09-24,603069,-3.0135726024708838,False,4110
4118,2026-09-24,300804,-3.0148210532077715,False,4111
4119,2026-09-24,600416,-3.0176554106058333,False,4112
4120,2026-09-24,002276,-3.0246754151109663,False,4113
4121,2026-09-24,301086,-3.0266976234018053,False,4114
4122,2026-09-24,300185,-3.0292993477018686,False,4115
4123,2026-09-24,603885,-3.0319529485326679,False,4116
4124,2026-09-24,300259,-3.0326205594164724,False,4117
4125,2026-09-24,600095,-3.0347550438756086,False,4118
4126,2026-09-24,003031,-3.0376101124955195,False,4119
4127,2026-09-24,301563,-3.0384569492559681,False,4120
4128,2026-09-24,300085,-3.0404476493591148,False,4121
4129,2026-09-24,600491,-3.0449453414925935,False,4122
4130,2026-09-24,688220,-3.0484437842759364,False,4123
4131,2026-09-24,002951,-3.0487557773392222,False,4124
4132,2026-09-24,688275,-3.0512643323377988,False,4125
4133,2026-09-24,688766,-3.0653635639443024,False,4126
4134,2026-09-24,001896,-3.0681333107371813,False,4127
4135,2026-09-24,605288,-3.0697517789776629,False,4128
4136,2026-09-24,301061,-3.0747512663557703,False,4129
4137,2026-09-24,600558,-3.0757278616012935,False,4130
4138,2026-09-24,300725,-3.0835632575267873,False,4131
4139,2026-09-24,600930,-3.0839556373465076,False,4132
4140,2026-09-24,603019,-3.0843816126648402,False,4133
4141,2026-09-24,600063,-3.0872143971879007,False,4134
4142,2026-09-24,000829,-3.0968414937807061,False,4135
4143,2026-09-24,600111,-3.0973387701675263,False,4136
4144,2026-09-24,688665,-3.1001498565391663,False,4137
4145,2026-09-24,600406,-3.1018349516688586,False,4138
4146,2026-09-24,603218,-3.1026405149267093,False,4139
4147,2026-09-24,003004,-3.1033304250070946,False,4140
4148,2026-09-24,603125,-3.104844919944731,False,4141
4149,2026-09-24,300136,-3.1061616422563261,False,4142
4150,2026-09-24,603929,-3.1065504706308946,False,4143
4151,2026-09-24,601601,-3.1071456744637977,False,4144
4152,2026-09-24,002600,-3.1145735788514823,False,4145
4153,2026-09-24,605168,-3.1274165175831108,False,4146
4154,2026-09-24,601566,-3.1278677566773734,False,4147
4155,2026-09-24,688097,-3.1279157518660288,False,4148
4156,2026-09-24,300224,-3.1323811882778161,False,4149
4157,2026-09-24,300236,-3.1371905537033777,False,4150
4158,2026-09-24,301398,-3.1383418901474469,False,4151
4159,2026-09-24,688126,-3.1479807948145941,False,4152
4160,2026-09-24,600909,-3.148103614457729,False,4153
4161,2026-09-24,600777,-3.1510327666460309,False,4154
4162,2026-09-24,001979,-3.1639884566214844,False,4155
4163,2026-09-24,688449,-3.1712843681877279,False,4156
4164,2026-09-24,300274,-3.1752875143500789,False,4157
4165,2026-09-24,603679,-3.1812988420150057,False,4158
4166,2026-09-24,300041,-3.1847618262193258,False,4159
4167,2026-09-24,002179,-3.1897748520229205,False,4160
4168,2026-09-24,001203,-3.1900404466878154,False,4161
4169,2026-09-24,002323,-3.1905554517776933,False,4162
4170,2026-09-24,688091,-3.1976893415437839,False,4163
4171,2026-09-24,603020,-3.2031308291078404,False,4164
4172,2026-09-24,000831,-3.2041806973725073,False,4165
4173,2026-09-24,601162,-3.2060691301543622,False,4166
4174,2026-09-24,001207,-3.2064141193827989,False,4167
4175,2026-09-24,603266,-3.207413557197504,False,4168
4176,2026-09-24,301285,-3.210347900693884,False,4169
4177,2026-09-24,600390,-3.2200224549257475,False,4170
4178,2026-09-24,300051,-3.2217083576701051,False,4171
4179,2026-09-24,601112,-3.2379013513290458,False,4172
4180,2026-09-24,300866,-3.2399947994181111,False,4173
4181,2026-09-24,300475,-3.2432537957150922,False,4174
4182,2026-09-24,603283,-3.2477406988653001,False,4175
4183,2026-09-24,300174,-3.248798408939598,False,4176
4184,2026-09-24,688163,-3.2512970653887736,False,4177
4185,2026-09-24,688333,-3.2583387205520564,False,4178
4186,2026-09-24,600790,-3.2591517765624078,False,4179
4187,2026-09-24,603215,-3.2622037925961731,False,4180
4188,2026-09-24,688328,-3.2631514767050991,False,4181
4189,2026-09-24,688325,-3.2711619070043465,False,4182
4190,2026-09-24,000752,-3.2735830381544648,False,4183
4191,2026-09-24,600894,-3.2775530722617292,False,4184
4192,2026-09-24,603986,-3.2791566389344391,False,4185
4193,2026-09-24,603611,-3.2800984711380821,False,4186
4194,2026-09-24,688108,-3.281935272980689,False,4187
4195,2026-09-24,688819,-3.2824503890859615,False,4188
4196,2026-09-24,600337,-3.2856910530248316,False,4189
4197,2026-09-24,600997,-3.300680292447348,False,4190
4198,2026-09-24,002171,-3.301512780100095,False,4191
4199,2026-09-24,000682,-3.3022951887471694,False,4192
4200,2026-09-24,300169,-3.3024804973698902,False,4193
4201,2026-09-24,600587,-3.3035835664422275,False,4194
4202,2026-09-24,002283,-3.3048791073710007,False,4195
4203,2026-09-24,002897,-3.3068000909257576,False,4196
4204,2026-09-24,301379,-3.3130063715621931,False,4197
4205,2026-09-24,000032,-3.3138225165284547,False,4198
4206,2026-09-24,603955,-3.3172803632655343,False,4199
4207,2026-09-24,600725,-3.3182857998687281,False,4200
4208,2026-09-24,002446,-3.3206733485897204,False,4201
4209,2026-09-24,301362,-3.3223188804721127,False,4202
4210,2026-09-24,603175,-3.3292972659493634,False,4203
4211,2026-09-24,600048,-3.3307216037824823,False,4204
4212,2026-09-24,603803,-3.3338542306622143,False,4205
4213,2026-09-24,688385,-3.3389289048070321,False,4206
4214,2026-09-24,002185,-3.3392885630719293,False,4207
4215,2026-09-24,688186,-3.339573100234607,False,4208
4216,2026-09-24,603109,-3.3409080017026085,False,4209
4217,2026-09-24,688300,-3.3428033589632591,False,4210
4218,2026-09-24,688500,-3.3435300557890959,False,4211
4219,2026-09-24,002939,-3.3504527799853934,False,4212
4220,2026-09-24,688303,-3.3526984940636639,False,4213
4221,2026-09-24,000678,-3.3530091901954107,True,
4222,2026-09-24,300302,-3.3574981387047469,False,4214
4223,2026-09-24,002957,-3.3717967836751654,False,4215
4224,2026-09-24,300811,-3.376674937012885,False,4216
4225,2026-09-24,301237,-3.3798673586998249,False,4217
4226,2026-09-24,000958,-3.3813876627893382,False,4218
4227,2026-09-24,000960,-3.3821008325583435,False,4219
4228,2026-09-24,302132,-3.3829267225211002,False,4220
4229,2026-09-24,603039,-3.3879474037646875,False,4221
4230,2026-09-24,300426,-3.4051202103131377,False,4222
4231,2026-09-24,603418,-3.4069006535945259,False,4223
4232,2026-09-24,300486,-3.4083808310619061,False,4224
4233,2026-09-24,688508,-3.4107379212578266,False,4225
4234,2026-09-24,301468,-3.417690581856458,False,4226
4235,2026-09-24,002409,-3.4183503259899553,False,4227
4236,2026-09-24,688183,-3.4213733384419722,False,4228
4237,2026-09-24,300073,-3.4238326373649324,False,4229
4238,2026-09-24,688399,-3.4254459615254484,False,4230
4239,2026-09-24,600363,-3.4326288233454836,False,4231
4240,2026-09-24,002281,-3.4462692347451522,False,4232
4241,2026-09-24,002062,-3.4476304611908972,False,4233
4242,2026-09-24,601636,-3.4547227399072691,False,4234
4243,2026-09-24,000099,-3.4556428580026401,False,4235
4244,2026-09-24,688048,-3.4584892720491633,False,4236
4245,2026-09-24,600403,-3.4587861526196866,False,4237
4246,2026-09-24,603236,-3.4635935142979686,False,4238
4247,2026-09-24,688046,-3.4647219007512629,False,4239
4248,2026-09-24,600851,-3.4663898984856827,False,4240
4249,2026-09-24,300349,-3.4673445151497617,False,4241
4250,2026-09-24,300422,-3.4705176943109901,False,4242
4251,2026-09-24,000609,-3.4858750065163635,False,4243
4252,2026-09-24,688690,-3.4891372274768595,False,4244
4253,2026-09-24,600231,-3.5055305718054006,False,4245
4254,2026-09-24,688362,-3.5078155191537119,False,4246
4255,2026-09-24,002135,-3.5105914464686738,False,4247
4256,2026-09-24,300010,-3.5160688521640995,False,4248
4257,2026-09-24,301252,-3.518836111648258,False,4249
4258,2026-09-24,688458,-3.5280636576224644,False,4250
4259,2026-09-24,300346,-3.5324423567641476,False,4251
4260,2026-09-24,001359,-3.5324736743094789,False,4252
4261,2026-09-24,688230,-3.5406420605155837,False,4253
4262,2026-09-24,000688,-3.5413117243718597,False,4254
4263,2026-09-24,688267,-3.5414276019677198,False,4255
4264,2026-09-24,688408,-3.5420623314975299,False,4256
4265,2026-09-24,688652,-3.5459807354425674,False,4257
4266,2026-09-24,603833,-3.5468759916856918,False,4258
4267,2026-09-24,688426,-3.5534397558703388,False,4259
4268,2026-09-24,002026,-3.5552456053734423,False,4260
4269,2026-09-24,688811,-3.5601251325276611,False,4261
4270,2026-09-24,603031,-3.5631217784061473,False,4262
4271,2026-09-24,688808,-3.568959821201855,False,4263
4272,2026-09-24,002124,-3.5711129247084212,False,4264
4273,2026-09-24,002226,-3.5721815222225404,False,4265
4274,2026-09-24,301511,-3.5752459251686464,False,4266
4275,2026-09-24,300504,-3.5793543687467708,False,4267
4276,2026-09-24,603061,-3.58575803324094,False,4268
4277,2026-09-24,600325,-3.5950957977572386,False,4269
4278,2026-09-24,603021,-3.6019425248622756,False,4270
4279,2026-09-24,300373,-3.6040855695846217,False,4271
4280,2026-09-24,000766,-3.6064341372612092,False,4272
4281,2026-09-24,605006,-3.6066926814680098,False,4273
4282,2026-09-24,300323,-3.6076147765267672,False,4274
4283,2026-09-24,300759,-3.6117567535117487,False,4275
4284,2026-09-24,688222,-3.6207002830516259,False,4276
4285,2026-09-24,002438,-3.6308316749835954,False,4277
4286,2026-09-24,603650,-3.634473277758433,False,4278
4287,2026-09-24,688786,-3.639833274124614,False,4279
4288,2026-09-24,603809,-3.6408294538309796,False,4280
4289,2026-09-24,603806,-3.6419615689665163,False,4281
4290,2026-09-24,603336,-3.6455248639704463,False,4282
4291,2026-09-24,688755,-3.6502991879338671,False,4283
4292,2026-09-24,300736,-3.660667806729065,False,4284
4293,2026-09-24,600999,-3.6624042276025102,False,4285
4294,2026-09-24,002698,-3.6646480240466039,False,4286
4295,2026-09-24,600516,-3.6740384460798774,False,4287
4296,2026-09-24,301565,-3.6785672822221254,False,4288
4297,2026-09-24,603979,-3.6862944667933162,False,4289
4298,2026-09-24,300548,-3.6877227266818857,False,4290
4299,2026-09-24,301196,-3.6893936249725252,False,4291
4300,2026-09-24,601399,-3.6993924053685703,False,4292
4301,2026-09-24,300314,-3.699888235834861,False,4293
4302,2026-09-24,300779,-3.7029965529805748,False,4294
4303,2026-09-24,002518,-3.7145869972973071,False,4295
4304,2026-09-24,688400,-3.7191219457182623,False,4296
4305,2026-09-24,300948,-3.7378317330741417,False,4297
4306,2026-09-24,001237,-3.7381166344967176,False,4298
4307,2026-09-24,603192,-3.7406695417386997,False,4299
4308,2026-09-24,600123,-3.7418301307593,False,4300
4309,2026-09-24,000066,-3.7427210982515731,False,4301
4310,2026-09-24,600522,-3.7552995347350748,False,4302
4311,2026-09-24,301338,-3.7568620854670396,False,4303
4312,2026-09-24,300035,-3.7572168054700006,False,4304
4313,2026-09-24,688296,-3.7667001165823715,False,4305
4314,2026-09-24,300088,-3.7795738583811995,False,4306
4315,2026-09-24,600888,-3.7831906607228944,False,4307
4316,2026-09-24,688012,-3.788865703441199,False,4308
4317,2026-09-24,002927,-3.7895341723240397,False,4309
4318,2026-09-24,300042,-3.7895603181708379,False,4310
4319,2026-09-24,002702,-3.7947511785450585,False,4311
4320,2026-09-24,605111,-3.7991491782811164,False,4312
4321,2026-09-24,002756,-3.7994624060597877,False,4313
4322,2026-09-24,688450,-3.801755229073688,False,4314
4323,2026-09-24,002309,-3.8046101198221232,False,4315
4324,2026-09-24,688207,-3.8063780356513202,False,4316
4325,2026-09-24,603010,-3.8084334328767753,False,4317
4326,2026-09-24,605068,-3.8110491979327556,False,4318
4327,2026-09-24,600058,-3.8150365963335622,False,4319
4328,2026-09-24,601860,-3.8207742982379478,False,4320
4329,2026-09-24,688127,-3.8304490217664133,False,4321
4330,2026-09-24,301626,-3.8311717476357634,False,4322
4331,2026-09-24,600468,-3.8316466919876038,False,4323
4332,2026-09-24,300331,-3.8321771209094693,False,4324
4333,2026-09-24,002011,-3.8323464527922519,False,4325
4334,2026-09-24,688726,-3.8349008593496632,False,4326
4335,2026-09-24,300551,-3.8361906199830687,False,4327
4336,2026-09-24,001220,-3.8376043583235178,False,4328
4337,2026-09-24,002645,-3.8442990727554047,False,4329
4338,2026-09-24,603278,-3.8465694749496846,True,
4339,2026-09-24,601777,-3.8538538648711964,False,4330
4340,2026-09-24,688661,-3.8567551946214316,False,4331
4341,2026-09-24,688231,-3.8587059640474641,False,4332
4342,2026-09-24,300199,-3.8594086096503064,False,4333
4343,2026-09-24,300790,-3.8601319634171816,False,4334
4344,2026-09-24,603116,-3.8898757056994562,False,4335
4345,2026-09-24,002138,-3.891242047706446,False,4336
4346,2026-09-24,000021,-3.8993081724463732,False,4337
4347,2026-09-24,688379,-3.9024897686818476,False,4338
4348,2026-09-24,301273,-3.9055849470865351,False,4339
4349,2026-09-24,688435,-3.9069862564034947,False,4340
4350,2026-09-24,300842,-3.9203337319141367,False,4341
4351,2026-09-24,002967,-3.9207280194359204,False,4342
4352,2026-09-24,002259,-3.9223038338826788,False,4343
4353,2026-09-24,603066,-3.9258487064208354,False,4344
4354,2026-09-24,300308,-3.9329162070919583,False,4345
4355,2026-09-24,688234,-3.9412841487752837,False,4346
4356,2026-09-24,300676,-3.9460970803882525,False,4347
4357,2026-09-24,600831,-3.9465171215093897,False,4348
4358,2026-09-24,300097,-3.9492099291434775,False,4349
4359,2026-09-24,301669,-3.9524667601004246,False,4350
4360,2026-09-24,603606,-3.9549575844179947,False,4351
4361,2026-09-24,300715,-3.9582626701475103,False,4352
4362,2026-09-24,688525,-3.9668714529160924,False,4353
4363,2026-09-24,600757,-3.9706419574720311,False,4354
4364,2026-09-24,300339,-3.9793048580981156,False,4355
4365,2026-09-24,000680,-3.9806273712264142,False,4356
4366,2026-09-24,603733,-3.9841576328685866,False,4357
4367,2026-09-24,688006,-3.9925349188089356,False,4358
4368,2026-09-24,300263,-3.9964846297153001,False,4359
4369,2026-09-24,002228,-4.0023878181500301,False,4360
4370,2026-09-24,300490,-4.0058450647183861,False,4361
4371,2026-09-24,600192,-4.0093946566894134,False,4362
4372,2026-09-24,301031,-4.0140470460163726,False,4363
4373,2026-09-24,300618,-4.0141882410058631,False,4364
4374,2026-09-24,603226,-4.0156457695602175,False,4365
4375,2026-09-24,601360,-4.0186493872135518,False,4366
4376,2026-09-24,603638,-4.0195247943640835,False,4367
4377,2026-09-24,688689,-4.0229031062986511,False,4368
4378,2026-09-24,688676,-4.0237189389472761,False,4369
4379,2026-09-24,300904,-4.0272532280425803,False,4370
4380,2026-09-24,300863,-4.0287778904359035,False,4371
4381,2026-09-24,300587,-4.0298026273769736,False,4372
4382,2026-09-24,300834,-4.0485899335986062,False,4373
4383,2026-09-24,300627,-4.0533871981998972,False,4374
4384,2026-09-24,300706,-4.0573889927914699,False,4375
4385,2026-09-24,300739,-4.0576157666369523,False,4376
4386,2026-09-24,300936,-4.0623745498561314,False,4377
4387,2026-09-24,300358,-4.06451971099189,False,4378
4388,2026-09-24,600732,-4.0705605098646451,False,4379
4389,2026-09-24,688729,-4.073684009280778,False,4380
4390,2026-09-24,300540,-4.0796805481828402,False,4381
4391,2026-09-24,688020,-4.0809127483013761,False,4382
4392,2026-09-24,600869,-4.0862895295992887,False,4383
4393,2026-09-24,603938,-4.0933729716520686,False,4384
4394,2026-09-24,002568,-4.0985825705006995,False,4385
4395,2026-09-24,688301,-4.0998422196095117,False,4386
4396,2026-09-24,002230,-4.1070298304389095,False,4387
4397,2026-09-24,600715,-4.111789116126257,False,4388
4398,2026-09-24,301123,-4.1132616857177045,False,4389
4399,2026-09-24,300476,-4.1139498088852982,False,4390
4400,2026-09-24,688710,-4.1153975652457273,False,4391
4401,2026-09-24,603678,-4.1211913490177423,False,4392
4402,2026-09-24,300727,-4.1432979724857733,False,4393
4403,2026-09-24,688332,-4.157593886055599,False,4394
4404,2026-09-24,600208,-4.1597945467111153,False,4395
4405,2026-09-24,300353,-4.1624790061457544,False,4396
4406,2026-09-24,300437,-4.1641121369599672,False,4397
4407,2026-09-24,301198,-4.1662311390718596,False,4398
4408,2026-09-24,688380,-4.1679816008112018,False,4399
4409,2026-09-24,002981,-4.1712469226314433,False,4400
4410,2026-09-24,600703,-4.1741806560363308,False,4401
4411,2026-09-24,688297,-4.1747598382328004,False,4402
4412,2026-09-24,603507,-4.1891583155600642,False,4403
4413,2026-09-24,301055,-4.1901884294897691,False,4404
4414,2026-09-24,600006,-4.2010010213837239,False,4405
4415,2026-09-24,301205,-4.2051511437035627,False,4406
4416,2026-09-24,301592,-4.2153212227250103,False,4407
4417,2026-09-24,300782,-4.2167785254209225,False,4408
4418,2026-09-24,002366,-4.2230899862749611,False,4409
4419,2026-09-24,688548,-4.2381588558995187,False,4410
4420,2026-09-24,002838,-4.2402539679302551,False,4411
4421,2026-09-24,002653,-4.2486090050686993,False,4412
4422,2026-09-24,301697,-4.2501698031789834,False,4413
4423,2026-09-24,600707,-4.2530737959590219,False,4414
4424,2026-09-24,003002,-4.2548397411222325,False,4415
4425,2026-09-24,603898,-4.2555995482804887,False,4416
4426,2026-09-24,301235,-4.2588146373031801,False,4417
4427,2026-09-24,600160,-4.2641959070230726,False,4418
4428,2026-09-24,300518,-4.268468158964831,False,4419
4429,2026-09-24,688538,-4.2781164690484719,False,4420
4430,2026-09-24,603839,-4.278260895295996,False,4421
4431,2026-09-24,688090,-4.2824112759287942,False,4422
4432,2026-09-24,301251,-4.2833426028230122,False,4423
4433,2026-09-24,600183,-4.292544301074912,False,4424
4434,2026-09-24,688323,-4.2972440870828397,False,4425
4435,2026-09-24,002650,-4.2973506870786959,False,4426
4436,2026-09-24,301262,-4.297936373313842,False,4427
4437,2026-09-24,603767,-4.3027938029234685,True,
4438,2026-09-24,000607,-4.3097511373789095,False,4428
4439,2026-09-24,300702,-4.3180605217619377,False,4429
4440,2026-09-24,601117,-4.3459933633974552,False,4430
4441,2026-09-24,688518,-4.3557240836272371,False,4431
4442,2026-09-24,600176,-4.3596182990249739,False,4432
4443,2026-09-24,688598,-4.3614877906503073,False,4433
4444,2026-09-24,300903,-4.3834717923700506,False,4434
4445,2026-09-24,001309,-4.3909890897801604,False,4435
4446,2026-09-24,603519,-4.4052866557610466,False,4436
4447,2026-09-24,000537,-4.4064739076485822,False,4437
4448,2026-09-24,603813,-4.4150522400487713,False,4438
4449,2026-09-24,688775,-4.4184495798173495,False,4439
4450,2026-09-24,300503,-4.4343618880483211,False,4440
4451,2026-09-24,603001,-4.4385000304290765,False,4441
4452,2026-09-24,688623,-4.4467105736049977,False,4442
4453,2026-09-24,002210,-4.4509778040689962,False,4443
4454,2026-09-24,600156,-4.4596528801817676,False,4444
4455,2026-09-24,603303,-4.4631229318179368,False,4445
4456,2026-09-24,688170,-4.4747081779124738,False,4446
4457,2026-09-24,301265,-4.4750768327757289,False,4447
4458,2026-09-24,600505,-4.4757187474165185,False,4448
4459,2026-09-24,688378,-4.4904883667819506,False,4449
4460,2026-09-24,603038,-4.493600874754395,False,4450
4461,2026-09-24,000733,-4.5019346098103883,False,4451
4462,2026-09-24,300620,-4.508193553559753,False,4452
4463,2026-09-24,600026,-4.5206959378187754,False,4453
4464,2026-09-24,688353,-4.5211854064473229,False,4454
4465,2026-09-24,688260,-4.5213969492897448,False,4455
4466,2026-09-24,002601,-4.5316213737434143,False,4456
4467,2026-09-24,603115,-4.5538212695311753,False,4457
4468,2026-09-24,600619,-4.5544081472189859,False,4458
4469,2026-09-24,300878,-4.554959130197795,False,4459
4470,2026-09-24,300050,-4.5582771652664578,False,4460
4471,2026-09-24,600126,-4.5619300973903201,False,4461
4472,2026-09-24,688223,-4.5674540765448031,False,4462
4473,2026-09-24,002472,-4.5749764721977106,False,4463
4474,2026-09-24,601949,-4.5810750551007677,False,4464
4475,2026-09-24,688801,-4.5827281653015692,False,4465
4476,2026-09-24,688611,-4.5843954852832356,False,4466
4477,2026-09-24,300649,-4.5939367455714848,False,4467
4478,2026-09-24,688135,-4.5980000535025267,False,4468
4479,2026-09-24,603618,-4.6025538803286175,False,4469
4480,2026-09-24,301263,-4.6158157383641427,False,4470
4481,2026-09-24,301325,-4.6341769906891201,False,4471
4482,2026-09-24,603008,-4.6580395458536703,False,4472
4483,2026-09-24,300129,-4.6612186033766481,False,4473
4484,2026-09-24,002246,-4.6684105203949695,False,4474
4485,2026-09-24,600640,-4.6731417370581205,False,4475
4486,2026-09-24,002670,-4.6738080793486674,False,4476
4487,2026-09-24,688409,-4.6790164713287261,False,4477
4488,2026-09-24,300530,-4.6838195061689554,False,4478
4489,2026-09-24,000029,-4.6866308402289478,False,4479
4490,2026-09-24,688667,-4.6900105791253823,False,4480
4491,2026-09-24,002200,-4.6905735945717186,False,4481
4492,2026-09-24,300666,-4.6914518793792048,False,4482
4493,2026-09-24,603826,-4.7021496149728819,False,4483
4494,2026-09-24,002552,-4.7037051739696132,False,4484
4495,2026-09-24,000793,-4.7047827155914863,False,4485
4496,2026-09-24,603757,-4.7269629460595413,False,4486
4497,2026-09-24,002106,-4.7321247759587735,False,4487
4498,2026-09-24,300457,-4.7354217186716694,False,4488
4499,2026-09-24,001312,-4.7416575032760964,False,4489
4500,2026-09-24,002371,-4.7481114968862688,False,4490
4501,2026-09-24,600110,-4.7600721443646847,False,4491
4502,2026-09-24,688352,-4.7661814013595265,False,4492
4503,2026-09-24,600482,-4.7812434311352723,False,4493
4504,2026-09-24,600479,-4.7815041731725927,False,4494
4505,2026-09-24,600226,-4.7824428729751798,False,4495
4506,2026-09-24,603358,-4.8168847682403122,False,4496
4507,2026-09-24,300347,-4.8199522642831054,False,4497
4508,2026-09-24,002074,-4.823314975016002,False,4498
4509,2026-09-24,301377,-4.8300361433004309,False,4499
4510,2026-09-24,603399,-4.833494285233356,False,4500
4511,2026-09-24,002768,-4.8350037748987011,False,4501
4512,2026-09-24,600033,-4.8369914990544522,False,4502
4513,2026-09-24,002439,-4.8508522905643483,False,4503
4514,2026-09-24,301392,-4.85600301044866,False,4504
4515,2026-09-24,688191,-4.8668261241494815,False,4505
4516,2026-09-24,002468,-4.8718952425505329,False,4506
4517,2026-09-24,301190,-4.8721439178061887,False,4507
4518,2026-09-24,002558,-4.8810783664512005,False,4508
4519,2026-09-24,300609,-4.8824307515240939,False,4509
4520,2026-09-24,002611,-4.8833311624979192,False,4510
4521,2026-09-24,600605,-4.8846825054228651,False,4511
4522,2026-09-24,300943,-4.8894101089971613,False,4512
4523,2026-09-24,002222,-4.8912023255411947,False,4513
4524,2026-09-24,600897,-4.8989860853314244,False,4514
4525,2026-09-24,603468,-4.9003426873216123,False,4515
4526,2026-09-24,688727,-4.9013517553634518,False,4516
4527,2026-09-24,688146,-4.910510279582903,False,4517
4528,2026-09-24,301389,-4.9123972683485553,False,4518
4529,2026-09-24,300382,-4.9272714476800328,False,4519
4530,2026-09-24,688765,-4.9290531162793076,False,4520
4531,2026-09-24,002161,-4.9342862468655833,False,4521
4532,2026-09-24,603120,-4.9351820447950967,False,4522
4533,2026-09-24,688605,-4.9424750573982337,False,4523
4534,2026-09-24,301017,-4.959611720249093,False,4524
4535,2026-09-24,688233,-4.9714967994119199,False,4525
4536,2026-09-24,603267,-4.9730479403666763,False,4526
4537,2026-09-24,002353,-4.9735603872417338,False,4527
4538,2026-09-24,603681,-4.9736969888406151,False,4528
4539,2026-09-24,301176,-4.9751783634249893,False,4529
4540,2026-09-24,688502,-4.9754154167804687,False,4530
4541,2026-09-24,688806,-4.987091896515718,False,4531
4542,2026-09-24,300953,-4.9907560601627008,False,4532
4543,2026-09-24,000676,-4.9976420988116708,False,4533
4544,2026-09-24,300814,-5.0069267879471386,False,4534
4545,2026-09-24,688257,-5.007082374729845,False,4535
4546,2026-09-24,300301,-5.0104386171614337,False,4536
4547,2026-09-24,688820,-5.0122890176411889,False,4537
4548,2026-09-24,002061,-5.0163893467610441,False,4538
4549,2026-09-24,301291,-5.020951564282206,False,4539
4550,2026-09-24,300056,-5.0292050377942381,False,4540
4551,2026-09-24,600778,-5.032109196821672,False,4541
4552,2026-09-24,688627,-5.0366816737547886,False,4542
4553,2026-09-24,300420,-5.0475170725840552,False,4543
4554,2026-09-24,000739,-5.0564233551316224,False,4544
4555,2026-09-24,001233,-5.0624085789206434,False,4545
4556,2026-09-24,300201,-5.0711374538613203,False,4546
4557,2026-09-24,300821,-5.0808666289556728,False,4547
4558,2026-09-24,000669,-5.0821102531342355,False,4548
4559,2026-09-24,002245,-5.0838135502250941,False,4549
4560,2026-09-24,002431,-5.0945820559708581,False,4550
4561,2026-09-24,002724,-5.0958935255009923,False,4551
4562,2026-09-24,002500,-5.1026273965326308,False,4552
4563,2026-09-24,002803,-5.1190915545536502,False,4553
4564,2026-09-24,600537,-5.1225519454041066,False,4554
4565,2026-09-24,300480,-5.1230831424001568,False,4555
4566,2026-09-24,688309,-5.1315388166514531,False,4556
4567,2026-09-24,603228,-5.1320145166237623,False,4557
4568,2026-09-24,000656,-5.1391184571641961,False,4558
4569,2026-09-24,688530,-5.154673793494454,False,4559
4570,2026-09-24,688313,-5.1570459167017049,False,4560
4571,2026-09-24,603261,-5.17154799755874,False,4561
4572,2026-09-24,688702,-5.1774621967076682,False,4562
4573,2026-09-24,002484,-5.1814813987242196,False,4563
4574,2026-09-24,605589,-5.1815823723627217,False,4564
4575,2026-09-24,000509,-5.1819283650657022,False,4565
4576,2026-09-24,301230,-5.1821876868394465,False,4566
4577,2026-09-24,688367,-5.1868655598331586,False,4567
4578,2026-09-24,688178,-5.2009651477766807,False,4568
4579,2026-09-24,000630,-5.2076295617700072,False,4569
4580,2026-09-24,300720,-5.2144127788664614,False,4570
4581,2026-09-24,002779,-5.2156671761124542,False,4571
4582,2026-09-24,002846,-5.2177835880676593,False,4572
4583,2026-09-24,301280,-5.2281718261118808,False,4573
4584,2026-09-24,000938,-5.2329407906668006,False,4574
4585,2026-09-24,300260,-5.2371678936610255,False,4575
4586,2026-09-24,688797,-5.238694653054309,False,4576
4587,2026-09-24,000973,-5.2389158916690981,False,4577
4588,2026-09-24,301655,-5.2430905510552241,False,4578
4589,2026-09-24,300137,-5.2497616175548716,False,4579
4590,2026-09-24,600389,-5.2502837066577044,False,4580
4591,2026-09-24,688110,-5.2558820946858456,False,4581
4592,2026-09-24,300304,-5.2611480254448724,False,4582
4593,2026-09-24,688147,-5.2646504625135009,False,4583
4594,2026-09-24,688486,-5.264722895137008,False,4584
4595,2026-09-24,603373,-5.2647696062248013,False,4585
4596,2026-09-24,603040,-5.2744905424509874,False,4586
4597,2026-09-24,301656,-5.3098906909164452,False,4587
4598,2026-09-24,000510,-5.3119293757554793,False,4588
4599,2026-09-24,688025,-5.3175876461254443,False,4589
4600,2026-09-24,603738,-5.3180281158707352,False,4590
4601,2026-09-24,300221,-5.3193796015276051,False,4591
4602,2026-09-24,688469,-5.3199644075747496,False,4592
4603,2026-09-24,688825,-5.3260950213677427,False,4593
4604,2026-09-24,300390,-5.3273052248466835,False,4594
4605,2026-09-24,300001,-5.334239665462702,False,4595
4606,2026-09-24,002367,-5.3396547498001432,False,4596
4607,2026-09-24,002080,-5.3526744145279137,False,4597
4608,2026-09-24,301095,-5.3526852540727896,False,4598
4609,2026-09-24,600929,-5.3562642843403836,False,4599
4610,2026-09-24,300333,-5.3593644611353204,False,4600
4611,2026-09-24,603936,-5.3665206023422076,False,4601
4612,2026-09-24,300215,-5.3748476763597139,False,4602
4613,2026-09-24,300857,-5.3831191325107319,False,4603
4614,2026-09-24,605180,-5.3875726841238052,False,4604
4615,2026-09-24,002389,-5.3912804411769661,False,4605
4616,2026-09-24,600113,-5.3996942357066393,False,4606
4617,2026-09-24,301201,-5.4063864020709946,False,4607
4618,2026-09-24,000672,-5.41832761006828,False,4608
4619,2026-09-24,688826,-5.4190279376921389,False,4609
4620,2026-09-24,600032,-5.4407105818663792,False,4610
4621,2026-09-24,600021,-5.4481504999296444,False,4611
4622,2026-09-24,300014,-5.4529171809137456,False,4612
4623,2026-09-24,601611,-5.4594879008594805,False,4613
4624,2026-09-24,000010,-5.4610516614803242,False,4614
4625,2026-09-24,605376,-5.4640919996205115,False,4615
4626,2026-09-24,002289,-5.4740825844234573,False,4616
4627,2026-09-24,601012,-5.478135675957656,False,4617
4628,2026-09-24,301323,-5.4915093172687426,False,4618
4629,2026-09-24,603949,-5.4955992850273976,True,
4630,2026-09-24,688293,-5.4973865939227817,False,4619
4631,2026-09-24,600400,-5.5085648958609008,False,4620
4632,2026-09-24,301321,-5.5110058106762327,False,4621
4633,2026-09-24,600698,-5.5248308139145541,False,4622
4634,2026-09-24,301677,-5.5271845302948428,False,4623
4635,2026-09-24,002396,-5.544085161142001,False,4624
4636,2026-09-24,301611,-5.569068658160945,False,4625
4637,2026-09-24,688448,-5.5737142343782802,False,4626
4638,2026-09-24,688026,-5.5776525334652334,False,4627
4639,2026-09-24,301018,-5.5777240613513976,False,4628
4640,2026-09-24,000552,-5.5871526543705547,False,4629
4641,2026-09-24,002465,-5.5892684309520124,False,4630
4642,2026-09-24,001248,-5.5936984933834584,False,4631
4643,2026-09-24,002541,-5.599422655398854,False,4632
4644,2026-09-24,603293,-5.6084085895825924,False,4633
4645,2026-09-24,688393,-5.6130488521950612,False,4634
4646,2026-09-24,002635,-5.6164889278104031,False,4635
4647,2026-09-24,000877,-5.6261465960908819,False,4636
4648,2026-09-24,000420,-5.6375031251182461,False,4637
4649,2026-09-24,603983,-5.6413289424082018,False,4638
4650,2026-09-24,600629,-5.6421836769737821,False,4639
4651,2026-09-24,301419,-5.6475327356863048,False,4640
4652,2026-09-24,688319,-5.6530013771153138,False,4641
4653,2026-09-24,688584,-5.6533744179731711,False,4642
4654,2026-09-24,002819,-5.6547783235617439,True,
4655,2026-09-24,300567,-5.6916830902678113,False,4643
4656,2026-09-24,300502,-5.6922538542150036,False,4644
4657,2026-09-24,603859,-5.7005747696278304,False,4645
4658,2026-09-24,000158,-5.7078896263749055,False,4646
4659,2026-09-24,002156,-5.7195690076674213,False,4647
4660,2026-09-24,000795,-5.7219801191060311,False,4648
4661,2026-09-24,301319,-5.724281730167899,False,4649
4662,2026-09-24,600601,-5.7295795905409674,False,4650
4663,2026-09-24,002384,-5.7306597335067506,False,4651
4664,2026-09-24,002975,-5.7336999122548438,False,4652
4665,2026-09-24,300626,-5.7368237362967607,False,4653
4666,2026-09-24,600903,-5.762134734400095,False,4654
4667,2026-09-24,600105,-5.7714558809366663,False,4655
4668,2026-09-24,603272,-5.7814996460014143,False,4656
4669,2026-09-24,688123,-5.8005419746614031,False,4657
4670,2026-09-24,688256,-5.8137244024182353,False,4658
4671,2026-09-24,300016,-5.818312003379873,False,4659
4672,2026-09-24,300689,-5.8368890429332598,False,4660
4673,2026-09-24,001365,-5.8376252383554199,False,4661
4674,2026-09-24,605117,-5.8381552439720448,False,4662
4675,2026-09-24,002244,-5.8561590982174971,False,4663
4676,2026-09-24,300969,-5.8797804561299145,False,4664
4677,2026-09-24,688721,-5.9080683158022831,False,4665
4678,2026-09-24,002851,-5.9270175967819281,False,4666
4679,2026-09-24,603459,-5.9334260101936067,False,4667
4680,2026-09-24,600246,-5.9338833770805577,False,4668
4681,2026-09-24,300125,-5.9431428716387451,False,4669
4682,2026-09-24,002647,-5.9434138612844833,False,4670
4683,2026-09-24,603256,-5.9559620224361938,False,4671
4684,2026-09-24,688583,-5.962744045366315,False,4672
4685,2026-09-24,300499,-5.9680313688814799,False,4673
4686,2026-09-24,300443,-5.9789062874620544,False,4674
4687,2026-09-24,301307,-5.9808265129518574,False,4675
4688,2026-09-24,002812,-5.9893281319793976,False,4676
4689,2026-09-24,603773,-5.9915829348399798,False,4677
4690,2026-09-24,002348,-5.9925992431841895,False,4678
4691,2026-09-24,002290,-5.9948389969642459,False,4679
4692,2026-09-24,300166,-5.9957836593011713,False,4680
4693,2026-09-24,688079,-5.999109899265088,False,4681
4694,2026-09-24,002340,-6.0015867350819416,False,4682
4695,2026-09-24,688711,-6.0117622671603916,False,4683
4696,2026-09-24,000048,-6.0175233130541628,False,4684
4697,2026-09-24,002831,-6.0300797972640652,False,4685
4698,2026-09-24,001330,-6.0365930355363631,False,4686
4699,2026-09-24,600835,-6.0486561974842781,False,4687
4700,2026-09-24,688035,-6.0562798635174291,False,4688
4701,2026-09-24,300638,-6.0843363324968927,False,4689
4702,2026-09-24,688610,-6.08447091892078,False,4690
4703,2026-09-24,000718,-6.0902880714088976,False,4691
4704,2026-09-24,002192,-6.0959417134165976,False,4692
4705,2026-09-24,300212,-6.0974537031937679,False,4693
4706,2026-09-24,300251,-6.0980989108728476,False,4694
4707,2026-09-24,002916,-6.0988185504440606,False,4695
4708,2026-09-24,603073,-6.1017149938849418,False,4696
4709,2026-09-24,301259,-6.1051602254083583,False,4697
4710,2026-09-24,300474,-6.1096741928810783,False,4698
4711,2026-09-24,002139,-6.1202931989697946,False,4699
4712,2026-09-24,300464,-6.1229492067502544,False,4700
4713,2026-09-24,600653,-6.1268849417565407,False,4701
4714,2026-09-24,688200,-6.1298553492797616,False,4702
4715,2026-09-24,301281,-6.1333720462160635,False,4703
4716,2026-09-24,300672,-6.1367104851694441,False,4704
4717,2026-09-24,688167,-6.1454429339570176,False,4705
4718,2026-09-24,000595,-6.1644738868258999,False,4706
4719,2026-09-24,002426,-6.1645115822012881,False,4707
4720,2026-09-24,002734,-6.1657954485749062,False,4708
4721,2026-09-24,300031,-6.1711055120853837,False,4709
4722,2026-09-24,300819,-6.1757789940642711,False,4710
4723,2026-09-24,002463,-6.193892763062375,False,4711
4724,2026-09-24,600237,-6.1994362093929798,False,4712
4725,2026-09-24,300279,-6.2063086545580584,False,4713
4726,2026-09-24,600551,-6.2090661036850419,False,4714
4727,2026-09-24,002915,-6.2352804695843993,False,4715
4728,2026-09-24,688719,-6.2359430807144536,False,4716
4729,2026-09-24,600539,-6.2360249215100074,False,4717
4730,2026-09-24,002082,-6.2440750097527875,False,4718
4731,2026-09-24,600673,-6.2502894648842648,False,4719
4732,2026-09-24,002565,-6.2601116322808386,False,4720
4733,2026-09-24,300409,-6.2749549572733896,False,4721
4734,2026-09-24,300324,-6.2784590110640801,False,4722
4735,2026-09-24,000700,-6.2876006537057956,False,4723
4736,2026-09-24,300917,-6.3021792837850263,False,4724
4737,2026-09-24,300151,-6.3034053215346404,False,4725
4738,2026-09-24,300708,-6.3139334289053233,False,4726
4739,2026-09-24,688478,-6.3266976683495271,False,4727
4740,2026-09-24,600552,-6.3470597624174836,False,4728
4741,2026-09-24,688059,-6.3579638565213168,False,4729
4742,2026-09-24,000850,-6.3589865139336519,True,
4743,2026-09-24,002434,-6.3804877209434929,False,4730
4744,2026-09-24,002249,-6.3937442123716783,False,4731
4745,2026-09-24,300975,-6.3960522501554955,False,4732
4746,2026-09-24,605018,-6.3999451923050499,True,
4747,2026-09-24,300765,-6.4097242805633865,False,4733
4748,2026-09-24,300604,-6.4194801851562318,False,4734
4749,2026-09-24,688008,-6.428126306007254,False,4735
4750,2026-09-24,603222,-6.4283071811010961,False,4736
4751,2026-09-24,688669,-6.4346215313499719,False,4737
4752,2026-09-24,300404,-6.4438127842786459,False,4738
4753,2026-09-24,301526,-6.446798233708801,False,4739
4754,2026-09-24,603118,-6.4519302729082124,False,4740
4755,2026-09-24,301568,-6.4559148261900559,False,4741
4756,2026-09-24,688171,-6.4603344156001761,False,4742
4757,2026-09-24,600562,-6.464335679570425,False,4743
4758,2026-09-24,688828,-6.4724985279499574,False,4744
4759,2026-09-24,002963,-6.5071156625099391,False,4745
4760,2026-09-24,000980,-6.5227228349171344,False,4746
4761,2026-09-24,688600,-6.5490869913520209,False,4747
4762,2026-09-24,300652,-6.5901428277642724,False,4748
4763,2026-09-24,001373,-6.6131220808735147,False,4749
4764,2026-09-24,300083,-6.6144289673023513,False,4750
4765,2026-09-24,688758,-6.6151217394786723,False,4751
4766,2026-09-24,300599,-6.624985139384675,False,4752
4767,2026-09-24,002095,-6.6712717603422593,False,4753
4768,2026-09-24,600661,-6.6808915045927888,False,4754
4769,2026-09-24,600748,-6.6839630061970645,False,4755
4770,2026-09-24,300554,-6.6919338451024872,False,4756
4771,2026-09-24,002178,-6.6988196696935685,False,4757
4772,2026-09-24,000002,-6.6999323177788304,False,4758
4773,2026-09-24,688072,-6.7064793124083444,False,4759
4774,2026-09-24,605008,-6.7129470841716765,False,4760
4775,2026-09-24,000889,-6.7290733055371197,False,4761
4776,2026-09-24,688001,-6.7357424855339989,False,4762
4777,2026-09-24,300454,-6.7395332862585891,False,4763
4778,2026-09-24,301312,-6.7414203384036346,False,4764
4779,2026-09-24,002717,-6.747114435617493,False,4765
4780,2026-09-24,300266,-6.7502646171124576,False,4766
4781,2026-09-24,600847,-6.7681100852835199,False,4767
4782,2026-09-24,600487,-6.7887212574868121,False,4768
4783,2026-09-24,002035,-6.7968702770864304,False,4769
4784,2026-09-24,002585,-6.8125189532580928,False,4770
4785,2026-09-24,603112,-6.8134637129511582,False,4771
4786,2026-09-24,600358,-6.8193904084596237,True,
4787,2026-09-24,688155,-6.8297522707133318,False,4772
4788,2026-09-24,688635,-6.8478657632576638,False,4773
4789,2026-09-24,301717,-6.8516294377455056,False,4774
4790,2026-09-24,603376,-6.8546149769404527,False,4775
4791,2026-09-24,688545,-6.8615273000023853,False,4776
4792,2026-09-24,603435,-6.8816217594100468,False,4777
4793,2026-09-24,002735,-6.8837424193487369,False,4778
4794,2026-09-24,002774,-6.8878410500345346,False,4779
4795,2026-09-24,300939,-6.896440784583528,False,4780
4796,2026-09-24,600857,-6.9005815390380549,False,4781
4797,2026-09-24,688292,-6.9156020807770417,False,4782
4798,2026-09-24,300751,-6.9448793314457884,False,4783
4799,2026-09-24,688789,-6.9750107205784904,False,4784
4800,2026-09-24,300196,-6.9797217249223653,False,4785
4801,2026-09-24,688112,-6.9828110566749446,False,4786
4802,2026-09-24,688361,-6.9954629963977606,False,4787
4803,2026-09-24,002501,-7.0208657954627052,False,4788
4804,2026-09-24,002429,-7.0337580182604604,False,4789
4805,2026-09-24,300398,-7.0361719027357026,False,4790
4806,2026-09-24,301013,-7.0446366187798954,False,4791
4807,2026-09-24,002580,-7.0513810056495156,False,4792
4808,2026-09-24,301045,-7.0639454518605049,False,4793
4809,2026-09-24,603626,-7.0729780135692009,False,4794
4810,2026-09-24,600584,-7.0759597380078993,False,4795
4811,2026-09-24,300395,-7.0804858969977058,False,4796
4812,2026-09-24,600206,-7.114720590070716,False,4797
4813,2026-09-24,002339,-7.1179660809292402,False,4798
4814,2026-09-24,600826,-7.1206218145093363,False,4799
4815,2026-09-24,601900,-7.1254433031487219,False,4800
4816,2026-09-24,688596,-7.1301508490068866,False,4801
4817,2026-09-24,000056,-7.140977606720595,False,4802
4818,2026-09-24,688115,-7.1429484656495683,False,4803
4819,2026-09-24,688226,-7.1557869972053147,False,4804
4820,2026-09-24,600356,-7.1643710329791155,False,4805
4821,2026-09-24,688521,-7.1780032056586478,False,4806
4822,2026-09-24,688499,-7.1828728452085384,False,4807
4823,2026-09-24,000701,-7.1909210980424305,False,4808
4824,2026-09-24,001399,-7.1912861766395713,False,4809
4825,2026-09-24,688646,-7.2122843185471872,False,4810
4826,2026-09-24,300806,-7.2235202330666217,False,4811
4827,2026-09-24,301046,-7.2330709329401586,False,4812
4828,2026-09-24,300319,-7.2402328609909716,False,4813
4829,2026-09-24,688535,-7.255030865370526,False,4814
4830,2026-09-24,301687,-7.3109949179818097,False,4815
4831,2026-09-24,301531,-7.3149378446471083,False,4816
4832,2026-09-24,301580,-7.3361263572228665,False,4817
4833,2026-09-24,601567,-7.3385309314737643,True,
4834,2026-09-24,002514,-7.3410905610520931,False,4818
4835,2026-09-24,600744,-7.3540380153136358,False,4819
4836,2026-09-24,603693,-7.3545838078085417,False,4820
4837,2026-09-24,600933,-7.3723286620811326,False,4821
4838,2026-09-24,600644,-7.3784164650067945,False,4822
4839,2026-09-24,688785,-7.3946344536280098,False,4823
4840,2026-09-24,688700,-7.4014867436027449,False,4824
4841,2026-09-24,688205,-7.4122314671100593,False,4825
4842,2026-09-24,300155,-7.4360838496355788,False,4826
4843,2026-09-24,300835,-7.4366965747615872,False,4827
4844,2026-09-24,603221,-7.4544515438812429,False,4828
4845,2026-09-24,603099,-7.4548293543619462,False,4829
4846,2026-09-24,002029,-7.455743506445641,True,
4847,2026-09-24,301099,-7.4679809683315099,False,4830
4848,2026-09-24,000756,-7.4871391717756408,False,4831
4849,2026-09-24,001258,-7.5066290788565588,False,4832
4850,2026-09-24,601872,-7.5303299929096079,False,4833
4851,2026-09-24,301108,-7.5364397200546556,False,4834
4852,2026-09-24,002961,-7.5403327162932223,False,4835
4853,2026-09-24,688519,-7.5503004025615361,False,4836
4854,2026-09-24,300726,-7.5610289193734719,False,4837
4855,2026-09-24,000988,-7.5751471603052165,False,4838
4856,2026-09-24,300716,-7.6004100036773643,False,4839
4857,2026-09-24,600593,-7.6073249926490769,False,4840
4858,2026-09-24,301209,-7.6259781633361623,False,4841
4859,2026-09-24,605358,-7.6486935549587756,False,4842
4860,2026-09-24,688248,-7.6735718876658296,False,4843
4861,2026-09-24,301666,-7.6860616630694301,False,4844
4862,2026-09-24,603083,-7.689360924665265,False,4845
4863,2026-09-24,002093,-7.7109759637075994,False,4846
4864,2026-09-24,600506,-7.7142701412040315,False,4847
4865,2026-09-24,301529,-7.7150980749522287,False,4848
4866,2026-09-24,605258,-7.7175535511156941,False,4849
4867,2026-09-24,002584,-7.7207040143079038,False,4850
4868,2026-09-24,688073,-7.7262124239906154,False,4851
4869,2026-09-24,300991,-7.7510422979430755,False,4852
4870,2026-09-24,002633,-7.7536714279660375,False,4853
4871,2026-09-24,688265,-7.7866748802488059,False,4854
4872,2026-09-24,002667,-7.790492116334244,False,4855
4873,2026-09-24,688181,-7.811113589640386,False,4856
4874,2026-09-24,300489,-7.8220965395039572,False,4857
4875,2026-09-24,300473,-7.8228596599776932,False,4858
4876,2026-09-24,301080,-7.8385384118821797,False,4859
4877,2026-09-24,301396,-7.8421698985792156,False,4860
4878,2026-09-24,301456,-7.8818622439112591,False,4861
4879,2026-09-24,688150,-7.9085404211132531,False,4862
4880,2026-09-24,000978,-7.9146472933266416,False,4863
4881,2026-09-24,603311,-7.9191894390324675,False,4864
4882,2026-09-24,688037,-7.9402832399532093,False,4865
4883,2026-09-24,688168,-7.9486905714093901,False,4866
4884,2026-09-24,002413,-7.9634392454019043,True,
4885,2026-09-24,601026,-7.9746543823669604,False,4867
4886,2026-09-24,300291,-7.9754783491478003,False,4868
4887,2026-09-24,688416,-7.9983496342659341,False,4869
4888,2026-09-24,000596,-8.0441859982116277,False,4870
4889,2026-09-24,301275,-8.0453716171636458,False,4871
4890,2026-09-24,300385,-8.0683897036190153,False,4872
4891,2026-09-24,000981,-8.1239376889908748,False,4873
4892,2026-09-24,601133,-8.1432853207259086,False,4874
4893,2026-09-24,002046,-8.1591434190788803,False,4875
4894,2026-09-24,301233,-8.1614153609683076,False,4876
4895,2026-09-24,301075,-8.1732867736889787,False,4877
4896,2026-09-24,000785,-8.1861457881426691,False,4878
4897,2026-09-24,600448,-8.2232168728752271,False,4879
4898,2026-09-24,688315,-8.224259620558378,False,4880
4899,2026-09-24,300964,-8.2264068243009625,False,4881
4900,2026-09-24,003032,-8.2294945612379049,False,4882
4901,2026-09-24,002303,-8.2719794527274697,False,4883
4902,2026-09-24,002172,-8.2847546632826496,False,4884
4903,2026-09-24,688401,-8.2909274132345221,False,4885
4904,2026-09-24,600699,-8.3111406966239123,False,4886
4905,2026-09-24,300570,-8.3133067116429089,False,4887
4906,2026-09-24,300068,-8.3156169074573576,False,4888
4907,2026-09-24,300553,-8.3264617083554242,False,4889
4908,2026-09-24,002335,-8.3681880664113866,False,4890
4909,2026-09-24,000593,-8.4006411240904946,False,4891
4910,2026-09-24,301020,-8.4052287976075633,False,4892
4911,2026-09-24,301356,-8.419885652247963,False,4893
4912,2026-09-24,301071,-8.4234862002518653,False,4894
4913,2026-09-24,600675,-8.4237259269398805,False,4895
4914,2026-09-24,002146,-8.4257596270529085,False,4896
4915,2026-09-24,603396,-8.4274574813481102,True,
4916,2026-09-24,688359,-8.4425524586692937,False,4897
4917,2026-09-24,601801,-8.4529571968708535,False,4898
4918,2026-09-24,688781,-8.4542619847414073,False,4899
4919,2026-09-24,300264,-8.4694181375402149,False,4900
4920,2026-09-24,000498,-8.4718937920994399,True,
4921,2026-09-24,300408,-8.5239688424338667,False,4901
4922,2026-09-24,002990,-8.5624042181014914,False,4902
4923,2026-09-24,001288,-8.5626348997207202,False,4903
4924,2026-09-24,301339,-8.5733448516440802,False,4904
4925,2026-09-24,603920,-8.5884859486873957,False,4905
4926,2026-09-24,603203,-8.5912085209132201,False,4906
4927,2026-09-24,688593,-8.5974119921136669,False,4907
4928,2026-09-24,600330,-8.6172418920823475,False,4908
4929,2026-09-24,000868,-8.6332568677861001,False,4909
4930,2026-09-24,688660,-8.6356218217825713,False,4910
4931,2026-09-24,001212,-8.6377085334011259,False,4911
4932,2026-09-24,688802,-8.6729906668500618,False,4912
4933,2026-09-24,300506,-8.6839628344974678,False,4913
4934,2026-09-24,000034,-8.7686198534091151,False,4914
4935,2026-09-24,000070,-8.7856162360056089,False,4915
4936,2026-09-24,300737,-8.7993410778175267,False,4916
4937,2026-09-24,002395,-8.802567177151019,True,
4938,2026-09-24,688388,-8.8161601602182316,False,4917
4939,2026-09-24,301021,-8.8239954751616398,False,4918
4940,2026-09-24,300593,-8.8308438728250493,False,4919
4941,2026-09-24,600755,-8.8450287522415678,False,4920
4942,2026-09-24,300852,-8.8715807081586711,False,4921
4943,2026-09-24,300167,-8.926245220061773,False,4922
4944,2026-09-24,300163,-8.9746780896822003,False,4923
4945,2026-09-24,601869,-8.9859382115626367,False,4924
4946,2026-09-24,688757,-8.9886768584087751,False,4925
4947,2026-09-24,688218,-8.9942951339238508,False,4926
4948,2026-09-24,688809,-9.0534785731641048,False,4927
4949,2026-09-24,002428,-9.0550239548176066,False,4928
4950,2026-09-24,603002,-9.1484234694012834,False,4929
4951,2026-09-24,002051,-9.1608143933523145,False,4930
4952,2026-09-24,002623,-9.1635169743775684,False,4931
4953,2026-09-24,300843,-9.1668210729560542,False,4932
4954,2026-09-24,600418,-9.1891501147315111,False,4933
4955,2026-09-24,300054,-9.215606948457653,False,4934
4956,2026-09-24,301316,-9.2376347265991967,False,4935
4957,2026-09-24,300907,-9.2394352683182284,False,4936
4958,2026-09-24,688807,-9.2655603610611443,False,4937
4959,2026-09-24,000797,-9.3155436045905198,False,4938
4960,2026-09-24,300368,-9.316500945612928,False,4939
4961,2026-09-24,002077,-9.337414822924794,False,4940
4962,2026-09-24,002436,-9.3402247489005426,False,4941
4963,2026-09-24,300566,-9.3417971208969792,False,4942
4964,2026-09-24,688549,-9.3719556497705767,False,4943
4965,2026-09-24,301566,-9.4027864206366445,False,4944
4966,2026-09-24,002639,-9.4128189058675495,False,4945
4967,2026-09-24,688678,-9.4180860631363874,False,4946
4968,2026-09-24,600667,-9.4224719923538718,False,4947
4969,2026-09-24,300397,-9.4240566279725186,False,4948
4970,2026-09-24,300442,-9.4510458695792376,False,4949
4971,2026-09-24,688655,-9.4725766617828118,False,4950
4972,2026-09-24,603313,-9.4741775423110095,False,4951
4973,2026-09-24,301150,-9.5224593364384837,False,4952
4974,2026-09-24,603588,-9.5246219533768297,False,4953
4975,2026-09-24,300394,-9.5382697854072589,False,4954
4976,2026-09-24,300803,-9.562691928949846,False,4955
4977,2026-09-24,605177,-9.5746167688331312,False,4956
4978,2026-09-24,300850,-9.5803832068740356,False,4957
4979,2026-09-24,002383,-9.5986183281484365,False,4958
4980,2026-09-24,000670,-9.6301297718583712,False,4959
4981,2026-09-24,688622,-9.6312239091936682,False,4960
4982,2026-09-24,300960,-9.6762044318296745,False,4961
4983,2026-09-24,301382,-9.6812636652893715,False,4962
4984,2026-09-24,688383,-9.7009312288246203,False,4963
4985,2026-09-24,603500,-9.7382355647524275,True,
4986,2026-09-24,300203,-9.7429649169119124,False,4964
4987,2026-09-24,300207,-9.7508769948168315,False,4965
4988,2026-09-24,300283,-9.808093805337009,False,4966
4989,2026-09-24,688381,-9.8922442265130925,False,4967
4990,2026-09-24,301297,-9.8945068203257893,False,4968
4991,2026-09-24,000711,-9.899009561015859,False,4969
4992,2026-09-24,000962,-9.9155896898199423,False,4970
4993,2026-09-24,002989,-9.9591884952265239,False,4971
4994,2026-09-24,688185,-9.9605777296360714,False,4972
4995,2026-09-24,002913,-9.9628827603982071,False,4973
4996,2026-09-24,000811,-10.002935926913915,False,4974
4997,2026-09-24,002879,-10.005522792248106,False,4975
4998,2026-09-24,300690,-10.01793148480894,False,4976
4999,2026-09-24,688485,-10.019878854131406,False,4977
5000,2026-09-24,601015,-10.051424977960394,False,4978
5001,2026-09-24,601579,-10.057249926272005,False,4979
5002,2026-09-24,002640,-10.082076359135552,False,4980
5003,2026-09-24,600121,-10.127462251790739,False,4981
5004,2026-09-24,688082,-10.189302278710137,False,4982
5005,2026-09-24,600353,-10.220309116895493,False,4983
5006,2026-09-24,000753,-10.222138809611632,True,
5007,2026-09-24,688175,-10.237972801468281,False,4984
5008,2026-09-24,301041,-10.260444923620192,False,4985
5009,2026-09-24,002718,-10.280942687129205,False,4986
5010,2026-09-24,002815,-10.281987665375237,False,4987
5011,2026-09-24,600884,-10.294120616297647,False,4988
5012,2026-09-24,002789,-10.357216951168212,False,4989
5013,2026-09-24,300413,-10.369033598452738,False,4990
5014,2026-09-24,301047,-10.409448295215707,False,4991
5015,2026-09-24,688403,-10.503361157700812,False,4992
5016,2026-09-24,603068,-10.523156162036869,False,4993
5017,2026-09-24,600340,-10.541260012918279,False,4994
5018,2026-09-24,000417,-10.559208258820378,False,4995
5019,2026-09-24,301155,-10.574199646149783,False,4996
5020,2026-09-24,600721,-10.579931948259546,False,4997
5021,2026-09-24,688138,-10.669304393536786,False,4998
5022,2026-09-24,002320,-10.682946423946705,False,4999
5023,2026-09-24,688244,-10.712985851657967,False,5000
5024,2026-09-24,002971,-10.748627865236195,False,5001
5025,2026-09-24,300568,-10.874631719121433,False,5002
5026,2026-09-24,603280,-10.894204316344277,False,5003
5027,2026-09-24,603407,-10.898762496694189,False,5004
5028,2026-09-24,688813,-10.924655738594145,False,5005
5029,2026-09-24,301707,-10.928595990960247,False,5006
5030,2026-09-24,002297,-10.971927589182112,False,5007
5031,2026-09-24,688630,-11.007179699426471,False,5008
5032,2026-09-24,002005,-11.028098878016715,False,5009
5033,2026-09-24,688283,-11.073891379623761,False,5010
5034,2026-09-24,003036,-11.133576293911096,False,5011
5035,2026-09-24,300209,-11.225465964131651,False,5012
5036,2026-09-24,002935,-11.229182087354909,False,5013
5037,2026-09-24,003006,-11.234536366385505,False,5014
5038,2026-09-24,300629,-11.254377270985731,False,5015
5039,2026-09-24,688066,-11.265715344877238,False,5016
5040,2026-09-24,603316,-11.279887400558112,False,5017
5041,2026-09-24,688286,-11.298595141410006,False,5018
5042,2026-09-24,002491,-11.304620579991006,False,5019
5043,2026-09-24,301122,-11.324211725576491,False,5020
5044,2026-09-24,301217,-11.328135582941622,False,5021
5045,2026-09-24,300569,-11.385065915279544,False,5022
5046,2026-09-24,600734,-11.38916514743584,False,5023
5047,2026-09-24,603328,-11.54528582644506,False,5024
5048,2026-09-24,688312,-11.567146558082008,False,5025
5049,2026-09-24,300243,-11.609173404530386,False,5026
5050,2026-09-24,603817,-11.679431570034508,False,5027
5051,2026-09-24,301136,-11.698109117287096,False,5028
5052,2026-09-24,603601,-11.716526988811415,False,5029
5053,2026-09-24,688057,-11.762775970372541,False,5030
5054,2026-09-24,688613,-11.772744941500374,False,5031
5055,2026-09-24,000532,-11.789574518245422,False,5032
5056,2026-09-24,603580,-11.791435953712138,False,5033
5057,2026-09-24,000636,-11.839260213788249,False,5034
5058,2026-09-24,300491,-11.849265607140781,False,5035
5059,2026-09-24,301633,-11.884615800284415,False,5036
5060,2026-09-24,688512,-11.887455857360859,False,5037
5061,2026-09-24,688122,-11.966798211244177,False,5038
5062,2026-09-24,603663,-12.004100174443787,False,5039
5063,2026-09-24,603092,-12.022885103855398,False,5040
5064,2026-09-24,301234,-12.023184741684812,False,5041
5065,2026-09-24,688551,-12.123865504974495,False,5042
5066,2026-09-24,002164,-12.187854091746914,True,
5067,2026-09-24,600630,-12.206321165193311,False,5043
5068,2026-09-24,603978,-12.248735912334721,False,5044
5069,2026-09-24,001368,-12.297556936703819,False,5045
5070,2026-09-24,301601,-12.348832601809123,False,5046
5071,2026-09-24,688837,-12.370828757766526,False,5047
5072,2026-09-24,002531,-12.388796749995844,False,5048
5073,2026-09-24,001317,-12.455926248164237,True,
5074,2026-09-24,688783,-12.484594332731685,False,5049
5075,2026-09-24,605069,-12.592229702365156,False,5050
5076,2026-09-24,002859,-12.600766032635606,False,5051
5077,2026-09-24,301322,-12.816750529155506,False,5052
5078,2026-09-24,002636,-12.848630362430402,False,5053
5079,2026-09-24,300776,-13.028142544788361,False,5054
5080,2026-09-24,688776,-13.060977152297346,False,5055
5081,2026-09-24,603375,-13.102154272094742,True,
5082,2026-09-24,002631,-13.13510635783093,False,5056
5083,2026-09-24,002141,-13.136298182780465,False,5057
5084,2026-09-24,603067,-13.214289816316242,False,5058
5085,2026-09-24,002238,-13.231943430838266,True,
5086,2026-09-24,002937,-13.252904714155175,False,5059
5087,2026-09-24,000710,-13.294652853558409,True,
5088,2026-09-24,688603,-13.298842298695497,False,5060
5089,2026-09-24,688682,-13.315804472375504,True,
5090,2026-09-24,600743,-13.455992120044074,False,5061
5091,2026-09-24,600397,-13.510501503597865,False,5062
5092,2026-09-24,301369,-13.558435801483434,False,5063
5093,2026-09-24,300290,-13.629159910848436,False,5064
5094,2026-09-24,300352,-13.635783504971553,False,5065
5095,2026-09-24,002638,-13.651248360085283,False,5066
5096,2026-09-24,688238,-13.658242611149227,False,5067
5097,2026-09-24,300522,-13.699560288074785,False,5068
5098,2026-09-24,300192,-13.725090897796852,False,5069
5099,2026-09-24,003026,-13.766612860656984,False,5070
5100,2026-09-24,300684,-13.793905906862193,False,5071
5101,2026-09-24,300305,-13.806263788539921,False,5072
5102,2026-09-24,300895,-13.817577769747551,False,5073
5103,2026-09-24,300731,-13.95864329877783,False,5074
5104,2026-09-24,603636,-13.958688374618662,False,5075
5105,2026-09-24,000905,-13.964058818532964,True,
5106,2026-09-24,688179,-14.041507792477521,False,5076
5107,2026-09-24,300691,-14.048980976315905,False,5077
5108,2026-09-24,300110,-14.185906843976898,False,5078
5109,2026-09-24,300911,-14.230969969632072,False,5079
5110,2026-09-24,002443,-14.238928296817729,False,5080
5111,2026-09-24,301678,-14.251440074327181,False,5081
5112,2026-09-24,688628,-14.29143374862355,False,5082
5113,2026-09-24,300741,-14.323105454082555,False,5083
5114,2026-09-24,003001,-14.350818886729289,False,5084
5115,2026-09-24,001376,-14.353747777955201,False,5085
5116,2026-09-24,002453,-14.516092085588349,False,5086
5117,2026-09-24,688028,-14.595386368536463,False,5087
5118,2026-09-24,301520,-14.639851579896082,False,5088
5119,2026-09-24,603105,-14.672708043405065,False,5089
5120,2026-09-24,301008,-14.805913707346264,False,5090
5121,2026-09-24,600207,-14.836091711415925,False,5091
5122,2026-09-24,300534,-14.879780889840445,False,5092
5123,2026-09-24,601811,-14.945018231219599,True,
5124,2026-09-24,688203,-15.016152896035114,False,5093
5125,2026-09-24,002912,-15.073752313979043,False,5094
5126,2026-09-24,600843,-15.082661109773742,True,
5127,2026-09-24,300112,-15.083193911042013,False,5095
5128,2026-09-24,601208,-15.207861570037245,False,5096
5129,2026-09-24,002212,-15.23090862298525,False,5097
5130,2026-09-24,605088,-15.261953581908246,False,5098
5131,2026-09-24,600186,-15.286757352630918,False,5099
5132,2026-09-24,300642,-15.306620260658608,False,5100
5133,2026-09-24,301686,-15.312196535934536,False,5101
5134,2026-09-24,002785,-15.383746387726054,False,5102
5135,2026-09-24,301189,-15.443233733830201,False,5103
5136,2026-09-24,688625,-15.526572768307611,False,5104
5137,2026-09-24,002487,-15.584452228390626,False,5105
5138,2026-09-24,300285,-15.914266899971066,False,5106
5139,2026-09-24,002285,-15.938182487305335,False,5107
5140,2026-09-24,603122,-15.990166977827156,True,
5141,2026-09-24,301366,-16.040175506590678,False,5108
5142,2026-09-24,301390,-16.061192365918277,False,5109
5143,2026-09-24,301132,-16.244178136317643,False,5110
5144,2026-09-24,600367,-16.370363326103252,False,5111
5145,2026-09-24,688835,-16.386934824091934,False,5112
5146,2026-09-24,301115,-16.395246730010697,False,5113
5147,2026-09-24,301030,-16.398120566373066,False,5114
5148,2026-09-24,603065,-16.450844811832251,True,
5149,2026-09-24,001216,-16.675149488178409,False,5115
5150,2026-09-24,603686,-16.771785137067226,False,5116
5151,2026-09-24,300179,-16.829846951540048,False,5117
5152,2026-09-24,002068,-16.867846231066491,False,5118
5153,2026-09-24,688337,-16.985854356175171,False,5119
5154,2026-09-24,600293,-17.01836077866659,False,5120
5155,2026-09-24,605366,-17.067389877311555,False,5121
5156,2026-09-24,603248,-17.210684318848315,False,5122
5157,2026-09-24,002909,-17.441194719524908,True,
5158,2026-09-24,002264,-17.503923194829717,True,
5159,2026-09-24,605577,-17.735590410530254,False,5123
5160,2026-09-24,600641,-17.890874370935933,False,5124
5161,2026-09-24,002579,-18.011360674863987,False,5125
5162,2026-09-24,600360,-18.110721319601449,False,5126
5163,2026-09-24,601218,-18.140562172611958,True,
5164,2026-09-24,301373,-18.156606000338364,False,5127
5165,2026-09-24,301560,-18.25789994622011,False,5128
5166,2026-09-24,605162,-18.279990498407315,False,5129
5167,2026-09-24,000560,-18.398845443502974,False,5130
5168,2026-09-24,002300,-18.417486289775965,False,5131
5169,2026-09-24,600371,-18.473396847101981,False,5132
5170,2026-09-24,002827,-18.518517457735665,False,5133
5171,2026-09-24,000993,-18.602184639389062,False,5134
5172,2026-09-24,002741,-18.639243374666329,False,5135
5173,2026-09-24,601091,-18.676040689249501,False,5136
5174,2026-09-24,603937,-18.696182820724342,False,5137
5175,2026-09-24,688432,-18.710850406555252,False,5138
5176,2026-09-24,688662,-18.876678646012575,False,5139
5177,2026-09-24,603042,-19.08144369931367,True,
5178,2026-09-24,301699,-19.169378918157019,True,
5179,2026-09-24,600792,-19.239099795018383,True,
5180,2026-09-24,002679,-19.800565428034318,True,
5181,2026-09-24,600503,-19.817678731929661,False,5140
5182,2026-09-24,002669,-20.046174928783309,False,5141
5183,2026-09-24,301583,-20.111990036371875,False,5142
5184,2026-09-24,688056,-20.13164579839426,False,5143
5185,2026-09-24,300647,-20.683169585167953,False,5144
5186,2026-09-24,002119,-20.747077971084199,True,
5187,2026-09-24,002836,-20.812720047389753,True,
5188,2026-09-24,002849,-21.164925017931438,False,5145
5189,2026-09-24,000592,-21.397644408990665,True,
5190,2026-09-24,688137,-21.475810673591855,False,5146
5191,2026-09-24,002614,-21.528898806011885,True,
5192,2026-09-24,688143,-21.56725969242482,False,5147
5193,2026-09-24,001326,-21.78863236234977,False,5148
5194,2026-09-24,601086,-22.592687171200922,False,5149
5195,2026-09-24,300829,-22.986649873665684,False,5150
5196,2026-09-24,300862,-23.175347282027431,False,5151
5197,2026-09-24,600172,-23.23554701344759,False,5152
5198,2026-09-24,000910,-23.581089882832607,False,5153
5199,2026-09-24,300300,-24.400498892031056,True,
5200,2026-09-24,000823,-24.647050617131455,False,5154
5201,2026-09-24,688004,-25.268001099304875,False,5155
5202,2026-09-24,600815,-26.024593304582073,True,
5203,2026-09-24,002205,-26.514476827554514,True,
5204,2026-09-24,605058,-28.111485045135886,False,5156
5205,2026-09-24,600127,-28.163070533695205,False,5157
5206,2026-09-24,301311,-29.291570741953244,True,
5207,2026-09-24,600802,-30.09172498711639,True,
5208,2026-09-24,000504,-30.170205580392178,False,5158
5209,2026-09-24,301689,-32.939795554172235,True,
5210,2026-09-24,603230,-33.232393319856271,True,
