rank_all,date,code,signal,close_limit_up,rank_ex_limit_up
1,2026-10-08,605303,62.843345642089844,True,
2,2026-10-08,600825,53.379909515380859,True,
3,2026-10-08,603270,14.895692825317383,False,1
4,2026-10-08,688807,14.620004653930664,False,2
5,2026-10-08,002470,13.832782745361328,False,3
6,2026-10-08,688312,12.91556453704834,False,4
7,2026-10-08,603221,12.790367126464844,False,5
8,2026-10-08,000430,12.742231369018555,False,6
9,2026-10-08,003040,12.494302749633789,False,7
10,2026-10-08,002957,12.336990356445312,False,8
11,2026-10-08,600156,12.190637588500977,False,9
12,2026-10-08,002855,12.122627258300781,False,10
13,2026-10-08,002084,11.633289337158203,False,11
14,2026-10-08,603082,11.559267044067383,False,12
15,2026-10-08,002886,11.05698299407959,False,13
16,2026-10-08,600105,10.935035705566406,False,14
17,2026-10-08,300726,10.875588417053223,False,15
18,2026-10-08,600487,10.867408752441406,False,16
19,2026-10-08,603203,10.799643516540527,False,17
20,2026-10-08,301606,10.679621696472168,False,18
21,2026-10-08,688031,10.676045417785645,False,19
22,2026-10-08,600228,10.519595146179199,False,20
23,2026-10-08,603115,10.495207786560059,False,21
24,2026-10-08,600865,10.414095878601074,False,22
25,2026-10-08,688079,10.344820022583008,False,23
26,2026-10-08,688428,10.30368709564209,False,24
27,2026-10-08,001309,10.299077033996582,False,25
28,2026-10-08,301489,10.251005172729492,False,26
29,2026-10-08,002655,10.240506172180176,False,27
30,2026-10-08,688352,10.218448638916016,False,28
31,2026-10-08,002897,10.183719635009766,False,29
32,2026-10-08,003036,10.15526008605957,False,30
33,2026-10-08,603123,10.129844665527344,False,31
34,2026-10-08,002947,10.068933486938477,False,32
35,2026-10-08,000972,10.065835952758789,False,33
36,2026-10-08,300308,10.052059173583984,False,34
37,2026-10-08,300936,9.9460277557373047,False,35
38,2026-10-08,002743,9.9333915710449219,False,36
39,2026-10-08,688403,9.8269405364990234,False,37
40,2026-10-08,001299,9.810302734375,False,38
41,2026-10-08,688668,9.7413825988769531,False,39
42,2026-10-08,688677,9.6498031616210938,False,40
43,2026-10-08,688825,9.6270666122436523,False,41
44,2026-10-08,002536,9.5692043304443359,False,42
45,2026-10-08,605179,9.5555877685546875,False,43
46,2026-10-08,301317,9.541071891784668,False,44
47,2026-10-08,600892,9.5219488143920898,False,45
48,2026-10-08,301626,9.5199289321899414,False,46
49,2026-10-08,688800,9.481903076171875,False,47
50,2026-10-08,688110,9.472050666809082,False,48
51,2026-10-08,002286,9.4649238586425781,False,49
52,2026-10-08,301392,9.4124898910522461,False,50
53,2026-10-08,002637,9.4124031066894531,False,51
54,2026-10-08,600330,9.3603887557983398,False,52
55,2026-10-08,688826,9.357670783996582,False,53
56,2026-10-08,601366,9.3305130004882812,False,54
57,2026-10-08,300562,9.3156614303588867,False,55
58,2026-10-08,300731,9.3016691207885742,False,56
59,2026-10-08,000812,9.2856512069702148,False,57
60,2026-10-08,688629,9.2413797378540039,False,58
61,2026-10-08,002976,9.2157974243164062,False,59
62,2026-10-08,002134,9.1555995941162109,False,60
63,2026-10-08,603448,9.1346368789672852,False,61
64,2026-10-08,300913,9.0572748184204102,False,62
65,2026-10-08,301176,9.0085487365722656,False,63
66,2026-10-08,000017,9.0001688003540039,False,64
67,2026-10-08,600506,8.9861698150634766,False,65
68,2026-10-08,603378,8.8817481994628906,False,66
69,2026-10-08,301058,8.8416032791137695,False,67
70,2026-10-08,688536,8.8305377960205078,False,68
71,2026-10-08,688141,8.7201662063598633,False,69
72,2026-10-08,001226,8.6854820251464844,False,70
73,2026-10-08,605006,8.6610374450683594,False,71
74,2026-10-08,603989,8.5741863250732422,False,72
75,2026-10-08,000019,8.4813461303710938,False,73
76,2026-10-08,300788,8.4620780944824219,False,74
77,2026-10-08,301629,8.4478797912597656,False,75
78,2026-10-08,603031,8.3867340087890625,False,76
79,2026-10-08,000488,8.3461503982543945,False,77
80,2026-10-08,300615,8.2499065399169922,False,78
81,2026-10-08,300901,8.2484989166259766,False,79
82,2026-10-08,300593,8.2292022705078125,False,80
83,2026-10-08,002762,8.1956634521484375,False,81
84,2026-10-08,688757,8.1848287582397461,False,82
85,2026-10-08,301603,8.1714897155761719,False,83
86,2026-10-08,300153,8.1653690338134766,False,84
87,2026-10-08,688209,8.1451873779296875,False,85
88,2026-10-08,002297,8.1351871490478516,False,86
89,2026-10-08,603687,8.0570907592773438,False,87
90,2026-10-08,002862,8.0407619476318359,False,88
91,2026-10-08,300870,8.0355129241943359,False,89
92,2026-10-08,300816,8.0314388275146484,False,90
93,2026-10-08,603353,8.0017795562744141,False,91
94,2026-10-08,300345,7.9715976715087891,False,92
95,2026-10-08,301479,7.9710531234741211,False,93
96,2026-10-08,300889,7.9557151794433594,False,94
97,2026-10-08,600581,7.9377446174621582,False,95
98,2026-10-08,603129,7.8673858642578125,False,96
99,2026-10-08,002561,7.8365731239318848,False,97
100,2026-10-08,603607,7.8362455368041992,False,98
101,2026-10-08,002622,7.8239855766296387,False,99
102,2026-10-08,605167,7.8065690994262695,False,100
103,2026-10-08,300782,7.802790641784668,False,101
104,2026-10-08,688205,7.7752571105957031,False,102
105,2026-10-08,000505,7.7514185905456543,False,103
106,2026-10-08,002328,7.7466869354248047,False,104
107,2026-10-08,301568,7.7398157119750977,False,105
108,2026-10-08,300749,7.7323870658874512,False,106
109,2026-10-08,600664,7.7323784828186035,False,107
110,2026-10-08,688191,7.7114658355712891,False,108
111,2026-10-08,600769,7.7096757888793945,False,109
112,2026-10-08,603819,7.6648378372192383,False,110
113,2026-10-08,603257,7.6063165664672852,False,111
114,2026-10-08,301322,7.5961966514587402,False,112
115,2026-10-08,688090,7.5818686485290527,False,113
116,2026-10-08,603161,7.5593385696411133,False,114
117,2026-10-08,002548,7.5239715576171875,False,115
118,2026-10-08,300922,7.5025973320007324,False,116
119,2026-10-08,601118,7.4630813598632812,False,117
120,2026-10-08,301043,7.4455556869506836,False,118
121,2026-10-08,000523,7.4442653656005859,False,119
122,2026-10-08,300491,7.442533016204834,False,120
123,2026-10-08,603976,7.4293351173400879,False,121
124,2026-10-08,688333,7.4232068061828613,False,122
125,2026-10-08,300976,7.4147343635559082,False,123
126,2026-10-08,688433,7.4129629135131836,False,124
127,2026-10-08,301072,7.3975896835327148,False,125
128,2026-10-08,688061,7.395601749420166,False,126
129,2026-10-08,002181,7.3844919204711914,False,127
130,2026-10-08,002567,7.3821945190429688,False,128
131,2026-10-08,301686,7.3764791488647461,False,129
132,2026-10-08,300709,7.3732290267944336,False,130
133,2026-10-08,300998,7.3644552230834961,False,131
134,2026-10-08,688127,7.3608665466308594,False,132
135,2026-10-08,688610,7.3513622283935547,False,133
136,2026-10-08,688027,7.3474454879760742,False,134
137,2026-10-08,300400,7.342320442199707,False,135
138,2026-10-08,300499,7.3197612762451172,False,136
139,2026-10-08,002652,7.3116111755371094,False,137
140,2026-10-08,300607,7.2668390274047852,False,138
141,2026-10-08,002970,7.2668008804321289,False,139
142,2026-10-08,603721,7.2451963424682617,False,140
143,2026-10-08,600869,7.2447762489318848,False,141
144,2026-10-08,600962,7.2373723983764648,False,142
145,2026-10-08,688627,7.2306327819824219,False,143
146,2026-10-08,603950,7.2177333831787109,False,144
147,2026-10-08,688646,7.1946477890014648,False,145
148,2026-10-08,301321,7.1443662643432617,False,146
149,2026-10-08,002157,7.1383819580078125,False,147
150,2026-10-08,600162,7.1367969512939453,False,148
151,2026-10-08,300265,7.1013321876525879,False,149
152,2026-10-08,002742,7.0992746353149414,False,150
153,2026-10-08,301500,7.0981435775756836,False,151
154,2026-10-08,300868,7.0768184661865234,False,152
155,2026-10-08,688480,7.0518813133239746,False,153
156,2026-10-08,603900,6.99652099609375,False,154
157,2026-10-08,301021,6.9912881851196289,False,155
158,2026-10-08,600975,6.9707956314086914,False,156
159,2026-10-08,300427,6.9630904197692871,False,157
160,2026-10-08,688133,6.9616222381591797,False,158
161,2026-10-08,603600,6.9558262825012207,False,159
162,2026-10-08,300257,6.9526891708374023,False,160
163,2026-10-08,301307,6.952115535736084,False,161
164,2026-10-08,002272,6.9499015808105469,False,162
165,2026-10-08,603668,6.947636604309082,False,163
166,2026-10-08,688456,6.9324893951416016,False,164
167,2026-10-08,002484,6.9323844909667969,False,165
168,2026-10-08,002418,6.931612491607666,False,166
169,2026-10-08,688371,6.9309597015380859,False,167
170,2026-10-08,688585,6.9261665344238281,False,168
171,2026-10-08,002885,6.9153361320495605,False,169
172,2026-10-08,688103,6.9095554351806641,False,170
173,2026-10-08,301566,6.9044809341430664,False,171
174,2026-10-08,600184,6.8949980735778809,False,172
175,2026-10-08,603778,6.8878536224365234,False,173
176,2026-10-08,600318,6.8799533843994141,False,174
177,2026-10-08,002779,6.8701949119567871,False,175
178,2026-10-08,603061,6.8163027763366699,False,176
179,2026-10-08,603139,6.7997255325317383,False,177
180,2026-10-08,002306,6.7848291397094727,False,178
181,2026-10-08,000153,6.7820119857788086,False,179
182,2026-10-08,600353,6.7776427268981934,False,180
183,2026-10-08,300864,6.7767014503479004,False,181
184,2026-10-08,002792,6.7325701713562012,False,182
185,2026-10-08,000929,6.7275776863098145,False,183
186,2026-10-08,600969,6.7262420654296875,False,184
187,2026-10-08,002519,6.7245965003967285,False,185
188,2026-10-08,300814,6.714634895324707,False,186
189,2026-10-08,002931,6.6996850967407227,False,187
190,2026-10-08,301248,6.6728410720825195,False,188
191,2026-10-08,300504,6.6517696380615234,False,189
192,2026-10-08,603439,6.6506710052490234,False,190
193,2026-10-08,300538,6.6468477249145508,False,191
194,2026-10-08,002772,6.5971598625183105,False,192
195,2026-10-08,603903,6.5918951034545898,False,193
196,2026-10-08,300992,6.5801210403442383,False,194
197,2026-10-08,000978,6.5653362274169922,False,195
198,2026-10-08,301220,6.5614662170410156,False,196
199,2026-10-08,000026,6.4912757873535156,False,197
200,2026-10-08,000586,6.4870738983154297,False,198
201,2026-10-08,300131,6.4673576354980469,False,199
202,2026-10-08,603359,6.4519367218017578,False,200
203,2026-10-08,300508,6.445798397064209,False,201
204,2026-10-08,002824,6.4372377395629883,False,202
205,2026-10-08,002888,6.430760383605957,False,203
206,2026-10-08,300786,6.4183425903320312,False,204
207,2026-10-08,301319,6.4002618789672852,False,205
208,2026-10-08,300577,6.3893585205078125,False,206
209,2026-10-08,000903,6.3829584121704102,False,207
210,2026-10-08,601882,6.373652458190918,False,208
211,2026-10-08,603682,6.3505239486694336,False,209
212,2026-10-08,000716,6.3414411544799805,False,210
213,2026-10-08,301313,6.3191213607788086,False,211
214,2026-10-08,300497,6.3153676986694336,False,212
215,2026-10-08,300331,6.3143677711486816,False,213
216,2026-10-08,688679,6.2890591621398926,False,214
217,2026-10-08,001316,6.2834548950195312,False,215
218,2026-10-08,688820,6.2650752067565918,False,216
219,2026-10-08,300260,6.2588291168212891,False,217
220,2026-10-08,002746,6.2491846084594727,False,218
221,2026-10-08,002949,6.2447042465209961,False,219
222,2026-10-08,603926,6.2335314750671387,False,220
223,2026-10-08,301045,6.2322964668273926,False,221
224,2026-10-08,300790,6.2307019233703613,False,222
225,2026-10-08,300880,6.1957941055297852,False,223
226,2026-10-08,000878,6.1952733993530273,False,224
227,2026-10-08,300370,6.1943149566650391,False,225
228,2026-10-08,002661,6.1794247627258301,False,226
229,2026-10-08,300674,6.1719555854797363,False,227
230,2026-10-08,603330,6.1610031127929688,False,228
231,2026-10-08,600251,6.1607513427734375,False,229
232,2026-10-08,301128,6.1560726165771484,False,230
233,2026-10-08,688372,6.1551446914672852,False,231
234,2026-10-08,603960,6.1527915000915527,False,232
235,2026-10-08,000911,6.1492581367492676,False,233
236,2026-10-08,301357,6.1417503356933594,False,234
237,2026-10-08,301571,6.1380681991577148,False,235
238,2026-10-08,688693,6.1300621032714844,False,236
239,2026-10-08,600378,6.1295289993286133,False,237
240,2026-10-08,002918,6.1262631416320801,False,238
241,2026-10-08,688020,6.114130973815918,False,239
242,2026-10-08,301399,6.1101818084716797,False,240
243,2026-10-08,688084,6.1087217330932617,False,241
244,2026-10-08,603595,6.1037807464599609,False,242
245,2026-10-08,600844,6.1033515930175781,False,243
246,2026-10-08,000925,6.1003179550170898,False,244
247,2026-10-08,000890,6.0889596939086914,False,245
248,2026-10-08,301577,6.0836277008056641,False,246
249,2026-10-08,688401,6.0692453384399414,False,247
250,2026-10-08,688698,6.0591878890991211,False,248
251,2026-10-08,000603,6.050816535949707,False,249
252,2026-10-08,605289,6.0191717147827148,False,250
253,2026-10-08,000988,6.017390251159668,False,251
254,2026-10-08,002782,6.0042834281921387,False,252
255,2026-10-08,300106,5.9945082664489746,False,253
256,2026-10-08,002299,5.9883809089660645,False,254
257,2026-10-08,688615,5.9859294891357422,False,255
258,2026-10-08,002301,5.9807190895080566,False,256
259,2026-10-08,301235,5.9657397270202637,False,257
260,2026-10-08,300825,5.9588737487792969,False,258
261,2026-10-08,002980,5.9539980888366699,False,259
262,2026-10-08,603308,5.9433574676513672,False,260
263,2026-10-08,002716,5.9430923461914062,False,261
264,2026-10-08,601801,5.9336104393005371,False,262
265,2026-10-08,300398,5.9270153045654297,False,263
266,2026-10-08,002265,5.9211716651916504,False,264
267,2026-10-08,002008,5.9096450805664062,False,265
268,2026-10-08,301628,5.9075307846069336,False,266
269,2026-10-08,002678,5.9032678604125977,False,267
270,2026-10-08,600596,5.8976855278015137,False,268
271,2026-10-08,300820,5.8893332481384277,False,269
272,2026-10-08,001210,5.8860988616943359,False,270
273,2026-10-08,688607,5.8815326690673828,False,271
274,2026-10-08,603929,5.8796935081481934,False,272
275,2026-10-08,688135,5.8784079551696777,False,273
276,2026-10-08,300252,5.8742151260375977,False,274
277,2026-10-08,600479,5.8672466278076172,False,275
278,2026-10-08,300566,5.8613357543945312,False,276
279,2026-10-08,002763,5.8531961441040039,False,277
280,2026-10-08,300987,5.8529319763183594,False,278
281,2026-10-08,603058,5.8414783477783203,False,279
282,2026-10-08,001201,5.8378829956054688,False,280
283,2026-10-08,600568,5.8318099975585938,False,281
284,2026-10-08,300842,5.8314542770385742,False,282
285,2026-10-08,603402,5.8285436630249023,False,283
286,2026-10-08,300322,5.8233661651611328,False,284
287,2026-10-08,688362,5.8226556777954102,False,285
288,2026-10-08,600327,5.8163347244262695,False,286
289,2026-10-08,301009,5.8107161521911621,False,287
290,2026-10-08,605108,5.8072915077209473,False,288
291,2026-10-08,603708,5.7879290580749512,False,289
292,2026-10-08,600172,5.7843279838562012,False,290
293,2026-10-08,301139,5.7825393676757812,False,291
294,2026-10-08,301252,5.7810544967651367,False,292
295,2026-10-08,300420,5.7597670555114746,False,293
296,2026-10-08,688017,5.7512025833129883,False,294
297,2026-10-08,301413,5.74957275390625,False,295
298,2026-10-08,300094,5.74072265625,False,296
299,2026-10-08,002489,5.7401671409606934,False,297
300,2026-10-08,601212,5.7395381927490234,False,298
301,2026-10-08,002820,5.7351717948913574,False,299
302,2026-10-08,003029,5.7340226173400879,False,300
303,2026-10-08,300588,5.7321176528930664,False,301
304,2026-10-08,600084,5.6991281509399414,False,302
305,2026-10-08,002072,5.6969261169433594,False,303
306,2026-10-08,301169,5.688084602355957,False,304
307,2026-10-08,605488,5.6864528656005859,False,305
308,2026-10-08,301227,5.6786079406738281,False,306
309,2026-10-08,002127,5.6726832389831543,False,307
310,2026-10-08,688696,5.665046215057373,False,308
311,2026-10-08,000949,5.6623454093933105,False,309
312,2026-10-08,300323,5.6524415016174316,False,310
313,2026-10-08,603128,5.6468148231506348,False,311
314,2026-10-08,000759,5.6422958374023438,False,312
315,2026-10-08,001234,5.6409506797790527,False,313
316,2026-10-08,000628,5.6372318267822266,False,314
317,2026-10-08,688515,5.6264033317565918,False,315
318,2026-10-08,688429,5.6154770851135254,False,316
319,2026-10-08,600300,5.6039390563964844,False,317
320,2026-10-08,603408,5.6024789810180664,False,318
321,2026-10-08,605555,5.6024408340454102,False,319
322,2026-10-08,002589,5.5943942070007324,False,320
323,2026-10-08,603261,5.5896191596984863,False,321
324,2026-10-08,000550,5.5842475891113281,False,322
325,2026-10-08,301232,5.5770931243896484,False,323
326,2026-10-08,003042,5.5770359039306641,False,324
327,2026-10-08,603101,5.5597329139709473,False,325
328,2026-10-08,002197,5.5583982467651367,False,326
329,2026-10-08,002353,5.5581002235412598,False,327
330,2026-10-08,002246,5.5509462356567383,False,328
331,2026-10-08,300767,5.5487027168273926,False,329
332,2026-10-08,002093,5.5471563339233398,False,330
333,2026-10-08,300812,5.5463032722473145,False,331
334,2026-10-08,688409,5.5437207221984863,False,332
335,2026-10-08,002983,5.5386977195739746,False,333
336,2026-10-08,603106,5.5338401794433594,False,334
337,2026-10-08,002871,5.5169544219970703,False,335
338,2026-10-08,688307,5.5135612487792969,False,336
339,2026-10-08,300387,5.5087366104125977,False,337
340,2026-10-08,605567,5.5084233283996582,False,338
341,2026-10-08,600249,5.502345085144043,False,339
342,2026-10-08,001373,5.5006589889526367,False,340
343,2026-10-08,300739,5.4988975524902344,False,341
344,2026-10-08,002234,5.4906525611877441,False,342
345,2026-10-08,603150,5.4775876998901367,False,343
346,2026-10-08,300859,5.4770002365112305,False,344
347,2026-10-08,000419,5.473757266998291,False,345
348,2026-10-08,688797,5.4732494354248047,False,346
349,2026-10-08,001322,5.473151683807373,False,347
350,2026-10-08,603297,5.4543943405151367,False,348
351,2026-10-08,600333,5.4498987197875977,False,349
352,2026-10-08,300721,5.4470815658569336,False,350
353,2026-10-08,003012,5.4465184211730957,False,351
354,2026-10-08,603517,5.441892147064209,False,352
355,2026-10-08,002817,5.4313135147094727,False,353
356,2026-10-08,600135,5.4203629493713379,False,354
357,2026-10-08,601126,5.4108152389526367,False,355
358,2026-10-08,300624,5.405146598815918,False,356
359,2026-10-08,600689,5.3992962837219238,False,357
360,2026-10-08,300468,5.3848662376403809,False,358
361,2026-10-08,301528,5.3640146255493164,False,359
362,2026-10-08,688170,5.351280689239502,False,360
363,2026-10-08,300263,5.3368539810180664,False,361
364,2026-10-08,002922,5.3366084098815918,False,362
365,2026-10-08,300943,5.3332653045654297,False,363
366,2026-10-08,605266,5.3273873329162598,False,364
367,2026-10-08,000798,5.324772834777832,False,365
368,2026-10-08,603116,5.3240804672241211,False,366
369,2026-10-08,688530,5.3216958045959473,False,367
370,2026-10-08,603477,5.3135309219360352,False,368
371,2026-10-08,002199,5.3130025863647461,False,369
372,2026-10-08,688215,5.31097412109375,False,370
373,2026-10-08,300547,5.2996110916137695,False,371
374,2026-10-08,002174,5.2936286926269531,False,372
375,2026-10-08,301181,5.284858226776123,False,373
376,2026-10-08,300414,5.2720870971679688,False,374
377,2026-10-08,688392,5.2713747024536133,False,375
378,2026-10-08,603398,5.269035816192627,False,376
379,2026-10-08,002969,5.2640900611877441,False,377
380,2026-10-08,601231,5.2609157562255859,False,378
381,2026-10-08,000510,5.2477121353149414,False,379
382,2026-10-08,002643,5.2429022789001465,False,380
383,2026-10-08,301339,5.2290735244750977,False,381
384,2026-10-08,603696,5.2272682189941406,False,382
385,2026-10-08,002224,5.2259249687194824,False,383
386,2026-10-08,300328,5.2203054428100586,False,384
387,2026-10-08,300271,5.2167234420776367,False,385
388,2026-10-08,002995,5.2160630226135254,False,386
389,2026-10-08,601116,5.1879100799560547,False,387
390,2026-10-08,688503,5.1814384460449219,False,388
391,2026-10-08,601061,5.1798415184020996,False,389
392,2026-10-08,002409,5.1757221221923828,False,390
393,2026-10-08,688322,5.1750097274780273,False,391
394,2026-10-08,688535,5.1657118797302246,False,392
395,2026-10-08,605180,5.1651344299316406,False,393
396,2026-10-08,603970,5.1636595726013184,False,394
397,2026-10-08,002910,5.1618013381958008,False,395
398,2026-10-08,605580,5.1617717742919922,False,396
399,2026-10-08,002458,5.1610932350158691,False,397
400,2026-10-08,300567,5.1575846672058105,False,398
401,2026-10-08,002986,5.1559906005859375,False,399
402,2026-10-08,002522,5.1488075256347656,False,400
403,2026-10-08,002159,5.1387295722961426,False,401
404,2026-10-08,605376,5.1382427215576172,False,402
405,2026-10-08,603262,5.1372771263122559,False,403
406,2026-10-08,301505,5.1370601654052734,False,404
407,2026-10-08,600313,5.1333117485046387,False,405
408,2026-10-08,688766,5.1327180862426758,False,406
409,2026-10-08,301057,5.130955696105957,False,407
410,2026-10-08,603637,5.1220898628234863,False,408
411,2026-10-08,300381,5.1126785278320312,False,409
412,2026-10-08,300050,5.1112208366394043,False,410
413,2026-10-08,688260,5.0903816223144531,False,411
414,2026-10-08,600601,5.0814352035522461,False,412
415,2026-10-08,300079,5.0813455581665039,False,413
416,2026-10-08,002993,5.075592041015625,False,414
417,2026-10-08,300849,5.065004825592041,False,415
418,2026-10-08,603860,5.058466911315918,False,416
419,2026-10-08,301548,5.0569581985473633,False,417
420,2026-10-08,601566,5.0537805557250977,False,418
421,2026-10-08,688686,5.0429239273071289,False,419
422,2026-10-08,603121,5.0391654968261719,False,420
423,2026-10-08,601512,5.0299501419067383,False,421
424,2026-10-08,300780,5.0269536972045898,False,422
425,2026-10-08,002796,5.0253973007202148,False,423
426,2026-10-08,002154,5.0216856002807617,False,424
427,2026-10-08,300920,5.0077657699584961,False,425
428,2026-10-08,688269,5.0039973258972168,False,426
429,2026-10-08,301156,5.0009908676147461,False,427
430,2026-10-08,002385,5.0007510185241699,False,428
431,2026-10-08,300938,4.9961013793945312,False,429
432,2026-10-08,300854,4.9945068359375,False,430
433,2026-10-08,600858,4.9936408996582031,False,431
434,2026-10-08,603666,4.9932770729064941,False,432
435,2026-10-08,603258,4.9868826866149902,False,433
436,2026-10-08,000820,4.9830188751220703,False,434
437,2026-10-08,002977,4.9775595664978027,False,435
438,2026-10-08,002952,4.9756641387939453,False,436
439,2026-10-08,688206,4.9750094413757324,False,437
440,2026-10-08,002766,4.9719381332397461,False,438
441,2026-10-08,002644,4.9686198234558105,False,439
442,2026-10-08,603936,4.9585285186767578,False,440
443,2026-10-08,600552,4.9548392295837402,False,441
444,2026-10-08,600388,4.951514720916748,False,442
445,2026-10-08,300733,4.9313797950744629,False,443
446,2026-10-08,000428,4.9292597770690918,False,444
447,2026-10-08,600496,4.9279837608337402,False,445
448,2026-10-08,600791,4.9267520904541016,False,446
449,2026-10-08,603516,4.9260730743408203,False,447
450,2026-10-08,688028,4.9252748489379883,False,448
451,2026-10-08,603719,4.9206681251525879,False,449
452,2026-10-08,002721,4.9118180274963379,False,450
453,2026-10-08,603017,4.9049282073974609,False,451
454,2026-10-08,001366,4.8887395858764648,False,452
455,2026-10-08,301025,4.8760251998901367,False,453
456,2026-10-08,300196,4.8722491264343262,False,454
457,2026-10-08,688383,4.871577262878418,False,455
458,2026-10-08,002571,4.8701238632202148,False,456
459,2026-10-08,000070,4.8562579154968262,False,457
460,2026-10-08,301037,4.8516683578491211,False,458
461,2026-10-08,301188,4.8484787940979004,False,459
462,2026-10-08,002092,4.8479981422424316,False,460
463,2026-10-08,600368,4.8453235626220703,False,461
464,2026-10-08,301055,4.8351740837097168,False,462
465,2026-10-08,002338,4.8283400535583496,False,463
466,2026-10-08,603103,4.8278117179870605,False,464
467,2026-10-08,301013,4.8222570419311523,False,465
468,2026-10-08,688365,4.8221421241760254,False,466
469,2026-10-08,601858,4.8083357810974121,False,467
470,2026-10-08,605296,4.8062281608581543,False,468
471,2026-10-08,301299,4.8021612167358398,False,469
472,2026-10-08,300503,4.8015027046203613,False,470
473,2026-10-08,600075,4.7975502014160156,False,471
474,2026-10-08,301200,4.7968149185180664,False,472
475,2026-10-08,300996,4.7936387062072754,False,473
476,2026-10-08,002627,4.785395622253418,False,474
477,2026-10-08,002712,4.7829999923706055,False,475
478,2026-10-08,002629,4.7760491371154785,False,476
479,2026-10-08,000887,4.7745351791381836,False,477
480,2026-10-08,603132,4.7720346450805664,False,478
481,2026-10-08,300560,4.7643556594848633,False,479
482,2026-10-08,002795,4.7635736465454102,False,480
483,2026-10-08,002408,4.7614974975585938,False,481
484,2026-10-08,002290,4.7564702033996582,False,482
485,2026-10-08,000802,4.7559814453125,False,483
486,2026-10-08,300338,4.7546463012695312,False,484
487,2026-10-08,000605,4.7482147216796875,False,485
488,2026-10-08,002516,4.7449259757995605,False,486
489,2026-10-08,301312,4.742131233215332,False,487
490,2026-10-08,301067,4.7415523529052734,False,488
491,2026-10-08,301309,4.7414913177490234,False,489
492,2026-10-08,001260,4.7404136657714844,False,490
493,2026-10-08,300097,4.7391490936279297,False,491
494,2026-10-08,688510,4.7238197326660156,False,492
495,2026-10-08,300517,4.7168211936950684,False,493
496,2026-10-08,301323,4.7163596153259277,False,494
497,2026-10-08,000755,4.7130064964294434,False,495
498,2026-10-08,003020,4.7126851081848145,False,496
499,2026-10-08,688001,4.7062950134277344,False,497
500,2026-10-08,300700,4.7047796249389648,False,498
501,2026-10-08,688545,4.7027559280395508,False,499
502,2026-10-08,000663,4.700526237487793,False,500
503,2026-10-08,603168,4.6989235877990723,False,501
504,2026-10-08,603466,4.6970949172973633,False,502
505,2026-10-08,002597,4.6940431594848633,False,503
506,2026-10-08,600386,4.6920766830444336,False,504
507,2026-10-08,002828,4.689422607421875,False,505
508,2026-10-08,688010,4.6883554458618164,False,506
509,2026-10-08,000735,4.684934139251709,False,507
510,2026-10-08,300745,4.6800498962402344,False,508
511,2026-10-08,002330,4.6798458099365234,False,509
512,2026-10-08,002758,4.6768817901611328,False,510
513,2026-10-08,603223,4.6753511428833008,False,511
514,2026-10-08,002575,4.6624712944030762,False,512
515,2026-10-08,600715,4.6606202125549316,False,513
516,2026-10-08,000702,4.6534423828125,False,514
517,2026-10-08,603324,4.6473217010498047,False,515
518,2026-10-08,002355,4.6400604248046875,False,516
519,2026-10-08,002104,4.6397910118103027,False,517
520,2026-10-08,000926,4.6363801956176758,False,518
521,2026-10-08,603838,4.6310348510742188,False,519
522,2026-10-08,603619,4.6291599273681641,False,520
523,2026-10-08,300648,4.6253900527954102,False,521
524,2026-10-08,603119,4.6240653991699219,False,522
525,2026-10-08,002726,4.6230106353759766,False,523
526,2026-10-08,002198,4.6227445602416992,False,524
527,2026-10-08,600613,4.6053218841552734,False,525
528,2026-10-08,002873,4.60205078125,False,526
529,2026-10-08,605507,4.5983777046203613,False,527
530,2026-10-08,300316,4.5923089981079102,False,528
531,2026-10-08,002258,4.5901575088500977,False,529
532,2026-10-08,603888,4.5882883071899414,False,530
533,2026-10-08,300448,4.5858583450317383,False,531
534,2026-10-08,002965,4.5823183059692383,False,532
535,2026-10-08,688653,4.5807547569274902,False,533
536,2026-10-08,002613,4.5769648551940918,False,534
537,2026-10-08,002028,4.5764617919921875,False,535
538,2026-10-08,000626,4.5758328437805176,False,536
539,2026-10-08,000401,4.5709319114685059,False,537
540,2026-10-08,300657,4.5705428123474121,False,538
541,2026-10-08,301096,4.5703182220458984,False,539
542,2026-10-08,603839,4.569307804107666,False,540
543,2026-10-08,002229,4.5624666213989258,False,541
544,2026-10-08,603931,4.5600976943969727,False,542
545,2026-10-08,002041,4.5527687072753906,False,543
546,2026-10-08,603153,4.5450663566589355,False,544
547,2026-10-08,600540,4.5410161018371582,False,545
548,2026-10-08,300578,4.5381345748901367,False,546
549,2026-10-08,002890,4.5340113639831543,False,547
550,2026-10-08,603569,4.5293183326721191,False,548
551,2026-10-08,688320,4.5199861526489258,False,549
552,2026-10-08,002086,4.5178709030151367,False,550
553,2026-10-08,001268,4.5173749923706055,False,551
554,2026-10-08,002545,4.5123763084411621,False,552
555,2026-10-08,002016,4.510807991027832,False,553
556,2026-10-08,300756,4.5102591514587402,False,554
557,2026-10-08,600015,4.5101413726806641,False,555
558,2026-10-08,603331,4.5078649520874023,False,556
559,2026-10-08,600961,4.5066180229187012,False,557
560,2026-10-08,600336,4.4964008331298828,False,558
561,2026-10-08,603551,4.4937958717346191,False,559
562,2026-10-08,001389,4.4896173477172852,False,560
563,2026-10-08,301555,4.4790887832641602,False,561
564,2026-10-08,600279,4.478602409362793,False,562
565,2026-10-08,301185,4.4780893325805664,False,563
566,2026-10-08,605158,4.4776496887207031,False,564
567,2026-10-08,300576,4.4682302474975586,False,565
568,2026-10-08,600303,4.4662389755249023,False,566
569,2026-10-08,688373,4.4660754203796387,False,567
570,2026-10-08,002012,4.4634685516357422,False,568
571,2026-10-08,301127,4.4618511199951172,False,569
572,2026-10-08,002757,4.4565944671630859,False,570
573,2026-10-08,002329,4.4564037322998047,False,571
574,2026-10-08,600606,4.4561429023742676,False,572
575,2026-10-08,300650,4.4551191329956055,False,573
576,2026-10-08,002491,4.4377074241638184,False,574
577,2026-10-08,300612,4.4356598854064941,False,575
578,2026-10-08,300715,4.4345684051513672,False,576
579,2026-10-08,002632,4.4247736930847168,False,577
580,2026-10-08,002121,4.4242773056030273,False,578
581,2026-10-08,605122,4.4203763008117676,False,579
582,2026-10-08,600936,4.4200029373168945,False,580
583,2026-10-08,002599,4.4195623397827148,False,581
584,2026-10-08,301052,4.4185047149658203,False,582
585,2026-10-08,688559,4.4180879592895508,False,583
586,2026-10-08,003011,4.4154930114746094,False,584
587,2026-10-08,301073,4.4085187911987305,False,585
588,2026-10-08,600033,4.4074139595031738,False,586
589,2026-10-08,300545,4.4034795761108398,False,587
590,2026-10-08,605588,4.4010281562805176,False,588
591,2026-10-08,601568,4.3994565010070801,False,589
592,2026-10-08,603029,4.3990888595581055,False,590
593,2026-10-08,603587,4.3982763290405273,False,591
594,2026-10-08,603078,4.3976955413818359,False,592
595,2026-10-08,603306,4.3924245834350586,False,593
596,2026-10-08,002535,4.391937255859375,False,594
597,2026-10-08,600776,4.3910274505615234,False,595
598,2026-10-08,300492,4.3876304626464844,False,596
599,2026-10-08,688729,4.3863544464111328,False,597
600,2026-10-08,301172,4.3815922737121582,False,598
601,2026-10-08,301193,4.3798995018005371,False,599
602,2026-10-08,600410,4.3790407180786133,False,600
603,2026-10-08,688107,4.3789768218994141,False,601
604,2026-10-08,601869,4.3773374557495117,False,602
605,2026-10-08,301338,4.3761997222900391,False,603
606,2026-10-08,301261,4.3717799186706543,False,604
607,2026-10-08,603235,4.3703088760375977,False,605
608,2026-10-08,688711,4.3699417114257812,False,606
609,2026-10-08,000816,4.3658037185668945,False,607
610,2026-10-08,688069,4.3631429672241211,False,608
611,2026-10-08,603172,4.3611688613891602,False,609
612,2026-10-08,301376,4.359459400177002,False,610
613,2026-10-08,300042,4.3582639694213867,False,611
614,2026-10-08,301298,4.3408260345458984,False,612
615,2026-10-08,688095,4.3373579978942871,False,613
616,2026-10-08,605598,4.334808349609375,False,614
617,2026-10-08,688603,4.3213214874267578,False,615
618,2026-10-08,301682,4.3181777000427246,False,616
619,2026-10-08,000788,4.3127775192260742,False,617
620,2026-10-08,301360,4.3053770065307617,False,618
621,2026-10-08,603897,4.3006305694580078,False,619
622,2026-10-08,300236,4.2991776466369629,False,620
623,2026-10-08,600018,4.2970981597900391,False,621
624,2026-10-08,002953,4.2798585891723633,False,622
625,2026-10-08,603489,4.2776317596435547,False,623
626,2026-10-08,600088,4.2704892158508301,False,624
627,2026-10-08,600153,4.2688560485839844,False,625
628,2026-10-08,600678,4.2630224227905273,False,626
629,2026-10-08,603208,4.2580056190490723,False,627
630,2026-10-08,600694,4.258002758026123,False,628
631,2026-10-08,001360,4.2568998336791992,False,629
632,2026-10-08,600735,4.2567605972290039,False,630
633,2026-10-08,600185,4.2564282417297363,False,631
634,2026-10-08,301468,4.2563886642456055,False,632
635,2026-10-08,300536,4.2539215087890625,False,633
636,2026-10-08,600398,4.2530908584594727,False,634
637,2026-10-08,001338,4.2510809898376465,False,635
638,2026-10-08,603385,4.2379398345947266,False,636
639,2026-10-08,002055,4.2361783981323242,False,637
640,2026-10-08,688382,4.2354741096496582,False,638
641,2026-10-08,000061,4.2349214553833008,False,639
642,2026-10-08,300892,4.2345952987670898,False,640
643,2026-10-08,300500,4.2340836524963379,False,641
644,2026-10-08,000526,4.2266640663146973,False,642
645,2026-10-08,300686,4.2213120460510254,False,643
646,2026-10-08,002868,4.2193751335144043,False,644
647,2026-10-08,003021,4.2190923690795898,False,645
648,2026-10-08,688150,4.218358039855957,False,646
649,2026-10-08,000779,4.2116708755493164,False,647
650,2026-10-08,600714,4.2055563926696777,False,648
651,2026-10-08,300591,4.2007021903991699,False,649
652,2026-10-08,002017,4.1942920684814453,False,650
653,2026-10-08,300126,4.1919002532958984,False,651
654,2026-10-08,600103,4.1908578872680664,False,652
655,2026-10-08,300837,4.188446044921875,False,653
656,2026-10-08,605009,4.1875801086425781,False,654
657,2026-10-08,603690,4.1841392517089844,False,655
658,2026-10-08,000902,4.1826891899108887,False,656
659,2026-10-08,300666,4.17401123046875,False,657
660,2026-10-08,300145,4.1711893081665039,False,658
661,2026-10-08,603317,4.1675739288330078,False,659
662,2026-10-08,000931,4.1668233871459961,False,660
663,2026-10-08,300807,4.1527786254882812,False,661
664,2026-10-08,000683,4.1521916389465332,False,662
665,2026-10-08,300227,4.1473178863525391,False,663
666,2026-10-08,603052,4.1438331604003906,False,664
667,2026-10-08,600128,4.1434926986694336,False,665
668,2026-10-08,600239,4.1403927803039551,False,666
669,2026-10-08,601799,4.1395206451416016,False,667
670,2026-10-08,600082,4.1376724243164062,False,668
671,2026-10-08,002524,4.135045051574707,False,669
672,2026-10-08,688249,4.1347908973693848,False,670
673,2026-10-08,603079,4.1311831474304199,False,671
674,2026-10-08,603272,4.1308679580688477,False,672
675,2026-10-08,688013,4.1246423721313477,False,673
676,2026-10-08,002206,4.1178994178771973,False,674
677,2026-10-08,301112,4.1164665222167969,False,675
678,2026-10-08,688790,4.110323429107666,False,676
679,2026-10-08,600594,4.104240894317627,False,677
680,2026-10-08,688227,4.1031441688537598,False,678
681,2026-10-08,300250,4.1022071838378906,False,679
682,2026-10-08,300964,4.0941081047058105,False,680
683,2026-10-08,603326,4.0873732566833496,False,681
684,2026-10-08,600660,4.0744118690490723,False,682
685,2026-10-08,301116,4.074164867401123,False,683
686,2026-10-08,301290,4.0722723007202148,False,684
687,2026-10-08,301078,4.0703253746032715,False,685
688,2026-10-08,002365,4.0692615509033203,False,686
689,2026-10-08,002033,4.067784309387207,False,687
690,2026-10-08,688531,4.0676736831665039,False,688
691,2026-10-08,600738,4.0605425834655762,False,689
692,2026-10-08,603227,4.0595197677612305,False,690
693,2026-10-08,301005,4.0591039657592773,False,691
694,2026-10-08,600576,4.057520866394043,False,692
695,2026-10-08,600163,4.0571479797363281,False,693
696,2026-10-08,001259,4.0561418533325195,False,694
697,2026-10-08,002787,4.0557994842529297,False,695
698,2026-10-08,603919,4.0552444458007812,False,696
699,2026-10-08,603090,4.0471029281616211,False,697
700,2026-10-08,605339,4.0428271293640137,False,698
701,2026-10-08,002155,4.0402412414550781,False,699
702,2026-10-08,002321,4.0376081466674805,False,700
703,2026-10-08,002279,4.018101692199707,False,701
704,2026-10-08,603899,4.0166606903076172,False,702
705,2026-10-08,002950,4.0164494514465332,False,703
706,2026-10-08,000906,4.0092101097106934,False,704
707,2026-10-08,002022,4.0084471702575684,False,705
708,2026-10-08,000421,4.0072240829467773,False,706
709,2026-10-08,002314,4.006443977355957,False,707
710,2026-10-08,603536,4.0033102035522461,False,708
711,2026-10-08,603488,4.0001387596130371,False,709
712,2026-10-08,000615,3.990056037902832,False,710
713,2026-10-08,002856,3.9895029067993164,False,711
714,2026-10-08,600125,3.9893136024475098,False,712
715,2026-10-08,002654,3.9883685111999512,False,713
716,2026-10-08,688386,3.9866552352905273,False,714
717,2026-10-08,688003,3.985607385635376,False,715
718,2026-10-08,301006,3.9850649833679199,False,716
719,2026-10-08,600699,3.9848289489746094,False,717
720,2026-10-08,002677,3.9823534488677979,False,718
721,2026-10-08,301088,3.98195481300354,False,719
722,2026-10-08,688233,3.9808502197265625,False,720
723,2026-10-08,603022,3.9697012901306152,False,721
724,2026-10-08,300429,3.9543924331665039,False,722
725,2026-10-08,301408,3.9504556655883789,False,723
726,2026-10-08,603096,3.9496729373931885,False,724
727,2026-10-08,688717,3.9484984874725342,False,725
728,2026-10-08,301035,3.9437479972839355,False,726
729,2026-10-08,600530,3.9413237571716309,False,727
730,2026-10-08,600665,3.9330906867980957,False,728
731,2026-10-08,301596,3.931910514831543,False,729
732,2026-10-08,600433,3.9308052062988281,False,730
733,2026-10-08,002572,3.9249377250671387,False,731
734,2026-10-08,688109,3.9238948822021484,False,732
735,2026-10-08,002088,3.9214293956756592,False,733
736,2026-10-08,300727,3.9212498664855957,False,734
737,2026-10-08,603216,3.9191434383392334,False,735
738,2026-10-08,300967,3.9136135578155518,False,736
739,2026-10-08,600833,3.9099760055541992,False,737
740,2026-10-08,300537,3.908339262008667,False,738
741,2026-10-08,301222,3.9065794944763184,False,739
742,2026-10-08,300575,3.9046378135681152,False,740
743,2026-10-08,002574,3.9042797088623047,False,741
744,2026-10-08,300616,3.9038705825805664,False,742
745,2026-10-08,000548,3.9036507606506348,False,743
746,2026-10-08,000952,3.8971915245056152,False,744
747,2026-10-08,001238,3.8960323333740234,False,745
748,2026-10-08,600828,3.8874807357788086,False,746
749,2026-10-08,600191,3.8868587017059326,False,747
750,2026-10-08,000751,3.8824219703674316,False,748
751,2026-10-08,002620,3.8811237812042236,False,749
752,2026-10-08,688601,3.8754210472106934,False,750
753,2026-10-08,300830,3.8728950023651123,False,751
754,2026-10-08,301065,3.8715531826019287,False,752
755,2026-10-08,603650,3.8621158599853516,False,753
756,2026-10-08,600257,3.8606584072113037,False,754
757,2026-10-08,301178,3.85884690284729,False,755
758,2026-10-08,002999,3.8556311130523682,False,756
759,2026-10-08,000590,3.8480758666992188,False,757
760,2026-10-08,601588,3.8478837013244629,False,758
761,2026-10-08,301133,3.8470237255096436,False,759
762,2026-10-08,301590,3.8417811393737793,False,760
763,2026-10-08,603027,3.8412723541259766,False,761
764,2026-10-08,002375,3.8364877700805664,False,762
765,2026-10-08,002681,3.8346402645111084,False,763
766,2026-10-08,002825,3.833366870880127,False,764
767,2026-10-08,300298,3.8322415351867676,False,765
768,2026-10-08,605337,3.8314194679260254,False,766
769,2026-10-08,605098,3.8281550407409668,False,767
770,2026-10-08,300318,3.8255221843719482,False,768
771,2026-10-08,300183,3.8225564956665039,False,769
772,2026-10-08,600676,3.8200862407684326,False,770
773,2026-10-08,601633,3.8189897537231445,False,771
774,2026-10-08,000571,3.817108154296875,False,772
775,2026-10-08,301666,3.8154244422912598,False,773
776,2026-10-08,002492,3.8083450794219971,False,774
777,2026-10-08,001313,3.8077888488769531,False,775
778,2026-10-08,688350,3.8038103580474854,False,776
779,2026-10-08,601008,3.7988262176513672,False,777
780,2026-10-08,600497,3.7965595722198486,False,778
781,2026-10-08,600872,3.7964546680450439,False,779
782,2026-10-08,688720,3.7894186973571777,False,780
783,2026-10-08,300846,3.7786078453063965,False,781
784,2026-10-08,301182,3.7782683372497559,False,782
785,2026-10-08,601528,3.7730371952056885,False,783
786,2026-10-08,001914,3.7700257301330566,False,784
787,2026-10-08,601326,3.7684979438781738,False,785
788,2026-10-08,603307,3.7682209014892578,False,786
789,2026-10-08,603040,3.7674417495727539,False,787
790,2026-10-08,600571,3.7657921314239502,False,788
791,2026-10-08,601065,3.7651112079620361,False,789
792,2026-10-08,002663,3.7602510452270508,False,790
793,2026-10-08,300838,3.7589976787567139,False,791
794,2026-10-08,603089,3.7524352073669434,False,792
795,2026-10-08,300535,3.7503654956817627,False,793
796,2026-10-08,600819,3.7453114986419678,False,794
797,2026-10-08,002376,3.744908332824707,False,795
798,2026-10-08,301157,3.7417449951171875,False,796
799,2026-10-08,688506,3.7409930229187012,False,797
800,2026-10-08,003027,3.7396459579467773,False,798
801,2026-10-08,688210,3.7382452487945557,False,799
802,2026-10-08,600246,3.7363648414611816,False,800
803,2026-10-08,301469,3.7350473403930664,False,801
804,2026-10-08,603918,3.7342243194580078,False,802
805,2026-10-08,603660,3.7340221405029297,False,803
806,2026-10-08,002831,3.7305562496185303,False,804
807,2026-10-08,300051,3.7300505638122559,False,805
808,2026-10-08,002827,3.7274472713470459,False,806
809,2026-10-08,603633,3.7265429496765137,False,807
810,2026-10-08,600463,3.7238144874572754,False,808
811,2026-10-08,301040,3.722416877746582,False,809
812,2026-10-08,000815,3.7213408946990967,False,810
813,2026-10-08,002657,3.7213351726531982,False,811
814,2026-10-08,688419,3.7204842567443848,False,812
815,2026-10-08,002566,3.7196750640869141,False,813
816,2026-10-08,300781,3.7191276550292969,False,814
817,2026-10-08,603102,3.7155063152313232,False,815
818,2026-10-08,688301,3.7147781848907471,False,816
819,2026-10-08,000529,3.7146077156066895,False,817
820,2026-10-08,300194,3.7125778198242188,False,818
821,2026-10-08,301239,3.7102515697479248,False,819
822,2026-10-08,603986,3.706824779510498,False,820
823,2026-10-08,002384,3.7053804397583008,False,821
824,2026-10-08,600467,3.7035362720489502,False,822
825,2026-10-08,600287,3.7016944885253906,False,823
826,2026-10-08,002906,3.7011377811431885,False,824
827,2026-10-08,300945,3.701085090637207,False,825
828,2026-10-08,002391,3.7008810043334961,False,826
829,2026-10-08,000998,3.6993129253387451,False,827
830,2026-10-08,002852,3.6991329193115234,False,828
831,2026-10-08,300858,3.6989881992340088,False,829
832,2026-10-08,603043,3.6933307647705078,False,830
833,2026-10-08,603177,3.6905753612518311,False,831
834,2026-10-08,603319,3.6895847320556641,False,832
835,2026-10-08,300030,3.6886665821075439,False,833
836,2026-10-08,603279,3.6836812496185303,False,834
837,2026-10-08,600755,3.670680046081543,False,835
838,2026-10-08,600774,3.6669669151306152,False,836
839,2026-10-08,000501,3.6657168865203857,False,837
840,2026-10-08,603558,3.6461608409881592,False,838
841,2026-10-08,600035,3.6408030986785889,False,839
842,2026-10-08,688376,3.6372344493865967,False,840
843,2026-10-08,000908,3.636946439743042,False,841
844,2026-10-08,603628,3.6365687847137451,False,842
845,2026-10-08,603341,3.6350083351135254,False,843
846,2026-10-08,603338,3.6344149112701416,False,844
847,2026-10-08,301056,3.6299452781677246,False,845
848,2026-10-08,600860,3.6275312900543213,False,846
849,2026-10-08,301429,3.6264369487762451,False,847
850,2026-10-08,000955,3.6260416507720947,False,848
851,2026-10-08,600971,3.6234979629516602,False,849
852,2026-10-08,300677,3.6216418743133545,False,850
853,2026-10-08,002273,3.6185283660888672,False,851
854,2026-10-08,301027,3.6139571666717529,False,852
855,2026-10-08,600556,3.6124382019042969,False,853
856,2026-10-08,603180,3.6077499389648438,False,854
857,2026-10-08,300997,3.6075670719146729,False,855
858,2026-10-08,001319,3.6067392826080322,False,856
859,2026-10-08,301161,3.599743127822876,False,857
860,2026-10-08,301266,3.5973436832427979,False,858
861,2026-10-08,002707,3.5968818664550781,False,859
862,2026-10-08,300553,3.5929837226867676,False,860
863,2026-10-08,603076,3.5915751457214355,False,861
864,2026-10-08,600989,3.5885937213897705,False,862
865,2026-10-08,600469,3.5881433486938477,False,863
866,2026-10-08,688571,3.5871410369873047,False,864
867,2026-10-08,300707,3.5871148109436035,False,865
868,2026-10-08,600800,3.5863227844238281,False,866
869,2026-10-08,603059,3.5857245922088623,False,867
870,2026-10-08,002390,3.5821559429168701,False,868
871,2026-10-08,600073,3.5807700157165527,False,869
872,2026-10-08,300668,3.579277515411377,False,870
873,2026-10-08,605016,3.5725135803222656,False,871
874,2026-10-08,603609,3.5719399452209473,False,872
875,2026-10-08,300751,3.5686454772949219,False,873
876,2026-10-08,688737,3.5681869983673096,False,874
877,2026-10-08,301305,3.5681717395782471,False,875
878,2026-10-08,600138,3.5634353160858154,False,876
879,2026-10-08,688276,3.5617327690124512,False,877
880,2026-10-08,002096,3.5616838932037354,False,878
881,2026-10-08,688358,3.5605380535125732,False,879
882,2026-10-08,002343,3.5557801723480225,False,880
883,2026-10-08,600598,3.5543360710144043,False,881
884,2026-10-08,300456,3.5541715621948242,False,882
885,2026-10-08,300826,3.5532245635986328,False,883
886,2026-10-08,688015,3.5531606674194336,False,884
887,2026-10-08,000897,3.5524239540100098,False,885
888,2026-10-08,600136,3.543393611907959,False,886
889,2026-10-08,688190,3.5432286262512207,False,887
890,2026-10-08,301556,3.5424425601959229,False,888
891,2026-10-08,300789,3.5411355495452881,False,889
892,2026-10-08,301306,3.539729118347168,False,890
893,2026-10-08,002045,3.5396523475646973,False,891
894,2026-10-08,300346,3.5310220718383789,False,892
895,2026-10-08,688605,3.5302093029022217,False,893
896,2026-10-08,605268,3.529590368270874,False,894
897,2026-10-08,600824,3.5276305675506592,False,895
898,2026-10-08,600626,3.5274171829223633,False,896
899,2026-10-08,000912,3.5263693332672119,False,897
900,2026-10-08,688600,3.5248887538909912,False,898
901,2026-10-08,002982,3.5210566520690918,False,899
902,2026-10-08,001256,3.5206019878387451,False,900
903,2026-10-08,301141,3.5204463005065918,False,901
904,2026-10-08,000957,3.5195376873016357,False,902
905,2026-10-08,000525,3.5194458961486816,False,903
906,2026-10-08,600612,3.5190370082855225,False,904
907,2026-10-08,603557,3.5157721042633057,False,905
908,2026-10-08,000411,3.5120260715484619,False,906
909,2026-10-08,600675,3.5067286491394043,False,907
910,2026-10-08,688288,3.5054240226745605,False,908
911,2026-10-08,605319,3.5034117698669434,False,909
912,2026-10-08,601518,3.4979219436645508,False,910
913,2026-10-08,600269,3.4938840866088867,False,911
914,2026-10-08,002410,3.491508960723877,False,912
915,2026-10-08,603282,3.4869234561920166,False,913
916,2026-10-08,300488,3.4831266403198242,False,914
917,2026-10-08,603111,3.4817874431610107,False,915
918,2026-10-08,003008,3.4786348342895508,False,916
919,2026-10-08,301151,3.4745914936065674,False,917
920,2026-10-08,300516,3.473264217376709,False,918
921,2026-10-08,603380,3.472468376159668,False,919
922,2026-10-08,600425,3.4689590930938721,False,920
923,2026-10-08,301519,3.4661450386047363,False,921
924,2026-10-08,603383,3.4627385139465332,False,922
925,2026-10-08,603618,3.4624028205871582,False,923
926,2026-10-08,603739,3.4581270217895508,False,924
927,2026-10-08,603662,3.4574775695800781,False,925
928,2026-10-08,603895,3.4564766883850098,False,926
929,2026-10-08,002826,3.4542069435119629,False,927
930,2026-10-08,002274,3.4527502059936523,False,928
931,2026-10-08,600212,3.4500885009765625,False,929
932,2026-10-08,002144,3.4440784454345703,False,930
933,2026-10-08,300994,3.4427471160888672,False,931
934,2026-10-08,000564,3.4422788619995117,False,932
935,2026-10-08,603088,3.4365935325622559,False,933
936,2026-10-08,300898,3.4344491958618164,False,934
937,2026-10-08,300752,3.4342899322509766,False,935
938,2026-10-08,300299,3.4308505058288574,False,936
939,2026-10-08,600917,3.4295847415924072,False,937
940,2026-10-08,601929,3.4292068481445312,False,938
941,2026-10-08,603316,3.4283413887023926,False,939
942,2026-10-08,301381,3.424081563949585,False,940
943,2026-10-08,002211,3.4186511039733887,False,941
944,2026-10-08,000698,3.4172172546386719,False,942
945,2026-10-08,003037,3.4171042442321777,False,943
946,2026-10-08,600215,3.4163937568664551,False,944
947,2026-10-08,688093,3.4158525466918945,False,945
948,2026-10-08,301337,3.4138541221618652,False,946
949,2026-10-08,600265,3.4125661849975586,False,947
950,2026-10-08,603787,3.4079184532165527,False,948
951,2026-10-08,301363,3.4066219329833984,False,949
952,2026-10-08,002120,3.4041297435760498,False,950
953,2026-10-08,603310,3.4037556648254395,False,951
954,2026-10-08,301095,3.4034290313720703,False,952
955,2026-10-08,002908,3.4031291007995605,False,953
956,2026-10-08,605020,3.3993616104125977,False,954
957,2026-10-08,000524,3.3948123455047607,False,955
958,2026-10-08,301488,3.3927888870239258,False,956
959,2026-10-08,300384,3.3898043632507324,False,957
960,2026-10-08,600986,3.3886094093322754,False,958
961,2026-10-08,601963,3.3877804279327393,False,959
962,2026-10-08,301288,3.3873310089111328,False,960
963,2026-10-08,300978,3.3865683078765869,False,961
964,2026-10-08,002114,3.3840811252593994,False,962
965,2026-10-08,300151,3.3835000991821289,False,963
966,2026-10-08,000039,3.3777091503143311,False,964
967,2026-10-08,603289,3.374741792678833,False,965
968,2026-10-08,002563,3.372307300567627,False,966
969,2026-10-08,603309,3.3689465522766113,False,967
970,2026-10-08,300925,3.3687078952789307,False,968
971,2026-10-08,600415,3.3676748275756836,False,969
972,2026-10-08,300025,3.3633236885070801,False,970
973,2026-10-08,002588,3.36000657081604,False,971
974,2026-10-08,000965,3.3537178039550781,False,972
975,2026-10-08,603041,3.3487284183502197,False,973
976,2026-10-08,300013,3.3428685665130615,False,974
977,2026-10-08,000707,3.3424210548400879,False,975
978,2026-10-08,603880,3.3421692848205566,False,976
979,2026-10-08,603722,3.341550350189209,False,977
980,2026-10-08,000705,3.3407020568847656,False,978
981,2026-10-08,001270,3.3392734527587891,False,979
982,2026-10-08,605369,3.3379175662994385,False,980
983,2026-10-08,300371,3.3376855850219727,False,981
984,2026-10-08,603639,3.3369286060333252,False,982
985,2026-10-08,603322,3.3362500667572021,False,983
986,2026-10-08,300947,3.3330471515655518,False,984
987,2026-10-08,688667,3.3316051959991455,False,985
988,2026-10-08,600706,3.3293406963348389,False,986
989,2026-10-08,600104,3.3281216621398926,False,987
990,2026-10-08,600684,3.3272309303283691,False,988
991,2026-10-08,300102,3.3258590698242188,False,989
992,2026-10-08,002937,3.3236534595489502,False,990
993,2026-10-08,688459,3.3228754997253418,False,991
994,2026-10-08,002701,3.3222298622131348,False,992
995,2026-10-08,002126,3.3199825286865234,False,993
996,2026-10-08,688793,3.3178732395172119,False,994
997,2026-10-08,301539,3.3164942264556885,False,995
998,2026-10-08,603320,3.3134932518005371,False,996
999,2026-10-08,300509,3.3075482845306396,False,997
1000,2026-10-08,002551,3.3072710037231445,False,998
1001,2026-10-08,003016,3.3055558204650879,False,999
1002,2026-10-08,002069,3.3050277233123779,False,1000
1003,2026-10-08,301588,3.304682731628418,False,1001
1004,2026-10-08,300802,3.299497127532959,False,1002
1005,2026-10-08,300513,3.2982802391052246,False,1003
1006,2026-10-08,300625,3.2971005439758301,False,1004
1007,2026-10-08,002344,3.294975757598877,False,1005
1008,2026-10-08,600854,3.2943651676177979,False,1006
1009,2026-10-08,600855,3.2942476272583008,False,1007
1010,2026-10-08,001202,3.2932684421539307,False,1008
1011,2026-10-08,002357,3.2929568290710449,False,1009
1012,2026-10-08,301213,3.2924964427947998,False,1010
1013,2026-10-08,603938,3.2917451858520508,False,1011
1014,2026-10-08,688701,3.2888689041137695,False,1012
1015,2026-10-08,301023,3.2884271144866943,False,1013
1016,2026-10-08,601997,3.287879467010498,False,1014
1017,2026-10-08,002682,3.2873928546905518,False,1015
1018,2026-10-08,603878,3.2872314453125,False,1016
1019,2026-10-08,000597,3.2813527584075928,False,1017
1020,2026-10-08,603617,3.2744264602661133,False,1018
1021,2026-10-08,603912,3.2737612724304199,False,1019
1022,2026-10-08,300386,3.2718453407287598,False,1020
1023,2026-10-08,000888,3.2645149230957031,False,1021
1024,2026-10-08,000409,3.263540506362915,False,1022
1025,2026-10-08,688211,3.2633788585662842,False,1023
1026,2026-10-08,600379,3.2613265514373779,False,1024
1027,2026-10-08,600963,3.2610015869140625,False,1025
1028,2026-10-08,603284,3.2570810317993164,False,1026
1029,2026-10-08,002313,3.2559032440185547,False,1027
1030,2026-10-08,688172,3.2535595893859863,False,1028
1031,2026-10-08,688203,3.2522897720336914,False,1029
1032,2026-10-08,301300,3.250680685043335,False,1030
1033,2026-10-08,002557,3.2477688789367676,False,1031
1034,2026-10-08,601500,3.2462334632873535,False,1032
1035,2026-10-08,600883,3.2405979633331299,False,1033
1036,2026-10-08,603118,3.2400035858154297,False,1034
1037,2026-10-08,002649,3.2396860122680664,False,1035
1038,2026-10-08,603255,3.2380414009094238,False,1036
1039,2026-10-08,002380,3.2366781234741211,False,1037
1040,2026-10-08,688036,3.2350945472717285,False,1038
1041,2026-10-08,600255,3.2323665618896484,False,1039
1042,2026-10-08,301611,3.2279140949249268,False,1040
1043,2026-10-08,000032,3.2268786430358887,False,1041
1044,2026-10-08,688035,3.2252016067504883,False,1042
1045,2026-10-08,002752,3.2211246490478516,False,1043
1046,2026-10-08,000533,3.2197184562683105,False,1044
1047,2026-10-08,002432,3.2172667980194092,False,1045
1048,2026-10-08,600280,3.2157065868377686,False,1046
1049,2026-10-08,688138,3.2133855819702148,False,1047
1050,2026-10-08,300661,3.2124776840209961,False,1048
1051,2026-10-08,300403,3.208521842956543,False,1049
1052,2026-10-08,300663,3.2074403762817383,False,1050
1053,2026-10-08,603135,3.2070188522338867,False,1051
1054,2026-10-08,002861,3.205986499786377,False,1052
1055,2026-10-08,688697,3.2041211128234863,False,1053
1056,2026-10-08,000050,3.1981267929077148,False,1054
1057,2026-10-08,600822,3.1963181495666504,False,1055
1058,2026-10-08,000612,3.1939849853515625,False,1056
1059,2026-10-08,002360,3.1918108463287354,False,1057
1060,2026-10-08,603689,3.1902861595153809,False,1058
1061,2026-10-08,000534,3.1889913082122803,False,1059
1062,2026-10-08,605389,3.188148021697998,False,1060
1063,2026-10-08,603416,3.1871232986450195,False,1061
1064,2026-10-08,300132,3.1864142417907715,False,1062
1065,2026-10-08,600498,3.1835141181945801,False,1063
1066,2026-10-08,000729,3.1792988777160645,False,1064
1067,2026-10-08,688609,3.17751145362854,False,1065
1068,2026-10-08,001269,3.1746039390563965,False,1066
1069,2026-10-08,688661,3.1691286563873291,False,1067
1070,2026-10-08,688132,3.1688728332519531,False,1068
1071,2026-10-08,300604,3.1607251167297363,False,1069
1072,2026-10-08,002371,3.1597456932067871,False,1070
1073,2026-10-08,600158,3.1583507061004639,False,1071
1074,2026-10-08,600787,3.1575160026550293,False,1072
1075,2026-10-08,601121,3.1571266651153564,False,1073
1076,2026-10-08,603332,3.1568236351013184,False,1074
1077,2026-10-08,300701,3.1533465385437012,False,1075
1078,2026-10-08,300103,3.1521062850952148,False,1076
1079,2026-10-08,301335,3.1503252983093262,False,1077
1080,2026-10-08,603511,3.1484289169311523,False,1078
1081,2026-10-08,688579,3.1467423439025879,False,1079
1082,2026-10-08,688558,3.1453301906585693,False,1080
1083,2026-10-08,300239,3.1425762176513672,False,1081
1084,2026-10-08,603125,3.1403670310974121,False,1082
1085,2026-10-08,002081,3.1390385627746582,False,1083
1086,2026-10-08,603655,3.1386959552764893,False,1084
1087,2026-10-08,603818,3.1384842395782471,False,1085
1088,2026-10-08,002960,3.1375918388366699,False,1086
1089,2026-10-08,002362,3.1371068954467773,False,1087
1090,2026-10-08,603007,3.1369278430938721,False,1088
1091,2026-10-08,000089,3.1368706226348877,False,1089
1092,2026-10-08,002691,3.1353542804718018,False,1090
1093,2026-10-08,002839,3.1349456310272217,False,1091
1094,2026-10-08,603499,3.1332976818084717,False,1092
1095,2026-10-08,002163,3.1331171989440918,False,1093
1096,2026-10-08,600256,3.1326379776000977,False,1094
1097,2026-10-08,300543,3.1323966979980469,False,1095
1098,2026-10-08,300670,3.1305267810821533,False,1096
1099,2026-10-08,601700,3.130220890045166,False,1097
1100,2026-10-08,300828,3.1298086643218994,False,1098
1101,2026-10-08,600829,3.1195130348205566,False,1099
1102,2026-10-08,688347,3.1171228885650635,False,1100
1103,2026-10-08,300175,3.1162550449371338,False,1101
1104,2026-10-08,002723,3.1124930381774902,False,1102
1105,2026-10-08,600391,3.1121964454650879,False,1103
1106,2026-10-08,000968,3.1112313270568848,False,1104
1107,2026-10-08,002354,3.1087832450866699,False,1105
1108,2026-10-08,300933,3.107588529586792,False,1106
1109,2026-10-08,000570,3.094383716583252,False,1107
1110,2026-10-08,000758,3.0905900001525879,False,1108
1111,2026-10-08,688410,3.0876338481903076,False,1109
1112,2026-10-08,301370,3.0875074863433838,False,1110
1113,2026-10-08,002189,3.0850381851196289,False,1111
1114,2026-10-08,000559,3.0835866928100586,False,1112
1115,2026-10-08,003816,3.0827927589416504,False,1113
1116,2026-10-08,301499,3.082252025604248,False,1114
1117,2026-10-08,601333,3.0820319652557373,False,1115
1118,2026-10-08,603030,3.081125020980835,False,1116
1119,2026-10-08,002214,3.0782327651977539,False,1117
1120,2026-10-08,002800,3.0753653049468994,False,1118
1121,2026-10-08,603586,3.0729820728302002,False,1119
1122,2026-10-08,603176,3.0707895755767822,False,1120
1123,2026-10-08,603057,3.07061767578125,False,1121
1124,2026-10-08,600217,3.0700101852416992,False,1122
1125,2026-10-08,600827,3.0697779655456543,False,1123
1126,2026-10-08,301387,3.0647909641265869,False,1124
1127,2026-10-08,301359,3.0599608421325684,False,1125
1128,2026-10-08,300645,3.0570063591003418,False,1126
1129,2026-10-08,600968,3.0564029216766357,False,1127
1130,2026-10-08,603185,3.0537009239196777,False,1128
1131,2026-10-08,000010,3.0534801483154297,False,1129
1132,2026-10-08,605007,3.046344518661499,False,1130
1133,2026-10-08,301206,3.0414144992828369,False,1131
1134,2026-10-08,301386,3.0351009368896484,False,1132
1135,2026-10-08,600319,3.0288453102111816,False,1133
1136,2026-10-08,002363,3.027308464050293,False,1134
1137,2026-10-08,600731,3.02590012550354,False,1135
1138,2026-10-08,301071,3.0252618789672852,False,1136
1139,2026-10-08,688670,3.0249247550964355,False,1137
1140,2026-10-08,300130,3.0230190753936768,False,1138
1141,2026-10-08,601677,3.0219264030456543,False,1139
1142,2026-10-08,600538,3.0206851959228516,False,1140
1143,2026-10-08,002515,3.0179116725921631,False,1141
1144,2026-10-08,688468,3.0171513557434082,False,1142
1145,2026-10-08,002573,3.0154612064361572,False,1143
1146,2026-10-08,605299,3.0147054195404053,False,1144
1147,2026-10-08,601827,3.0094249248504639,False,1145
1148,2026-10-08,688719,3.0075488090515137,False,1146
1149,2026-10-08,600429,3.0058355331420898,False,1147
1150,2026-10-08,002004,3.0056543350219727,False,1148
1151,2026-10-08,605056,3.0011539459228516,False,1149
1152,2026-10-08,300219,2.9971973896026611,False,1150
1153,2026-10-08,000555,2.9971818923950195,False,1151
1154,2026-10-08,002659,2.9936668872833252,False,1152
1155,2026-10-08,605300,2.9930534362792969,False,1153
1156,2026-10-08,600998,2.991222620010376,False,1154
1157,2026-10-08,002725,2.9869780540466309,False,1155
1158,2026-10-08,601921,2.9817309379577637,False,1156
1159,2026-10-08,002102,2.9811568260192871,False,1157
1160,2026-10-08,600027,2.9806270599365234,False,1158
1161,2026-10-08,600371,2.9803385734558105,False,1159
1162,2026-10-08,300540,2.9788017272949219,False,1160
1163,2026-10-08,002080,2.9779014587402344,False,1161
1164,2026-10-08,601616,2.9775962829589844,False,1162
1165,2026-10-08,688596,2.9774489402770996,False,1163
1166,2026-10-08,301397,2.9743781089782715,False,1164
1167,2026-10-08,002117,2.9703869819641113,False,1165
1168,2026-10-08,002216,2.9687895774841309,False,1166
1169,2026-10-08,688836,2.9678540229797363,False,1167
1170,2026-10-08,605358,2.9654426574707031,False,1168
1171,2026-10-08,301538,2.9619719982147217,False,1169
1172,2026-10-08,603738,2.9591870307922363,False,1170
1173,2026-10-08,300150,2.9539940357208252,False,1171
1174,2026-10-08,603758,2.9526400566101074,False,1172
1175,2026-10-08,002865,2.951589822769165,False,1173
1176,2026-10-08,300512,2.9452574253082275,False,1174
1177,2026-10-08,301377,2.9438796043395996,False,1175
1178,2026-10-08,301302,2.9437437057495117,False,1176
1179,2026-10-08,002196,2.943352222442627,False,1177
1180,2026-10-08,601113,2.9429569244384766,False,1178
1181,2026-10-08,300313,2.9422478675842285,False,1179
1182,2026-10-08,002100,2.9399447441101074,False,1180
1183,2026-10-08,002476,2.9381804466247559,False,1181
1184,2026-10-08,002878,2.9374351501464844,False,1182
1185,2026-10-08,300086,2.936976432800293,False,1183
1186,2026-10-08,300822,2.9368758201599121,False,1184
1187,2026-10-08,002577,2.9361739158630371,False,1185
1188,2026-10-08,002166,2.9359292984008789,False,1186
1189,2026-10-08,600149,2.9353265762329102,False,1187
1190,2026-10-08,000969,2.9268045425415039,False,1188
1191,2026-10-08,002788,2.9267430305480957,False,1189
1192,2026-10-08,688533,2.9260172843933105,False,1190
1193,2026-10-08,603879,2.9255650043487549,False,1191
1194,2026-10-08,002132,2.9246339797973633,False,1192
1195,2026-10-08,000830,2.9242744445800781,False,1193
1196,2026-10-08,688231,2.9220449924468994,False,1194
1197,2026-10-08,300476,2.9213180541992188,False,1195
1198,2026-10-08,600717,2.918541431427002,False,1196
1199,2026-10-08,300327,2.9178118705749512,False,1197
1200,2026-10-08,688381,2.9176862239837646,False,1198
1201,2026-10-08,002267,2.916867733001709,False,1199
1202,2026-10-08,002745,2.9138216972351074,False,1200
1203,2026-10-08,601595,2.9128444194793701,False,1201
1204,2026-10-08,002059,2.9118151664733887,False,1202
1205,2026-10-08,000848,2.9109542369842529,False,1203
1206,2026-10-08,300729,2.9097774028778076,False,1204
1207,2026-10-08,300032,2.9089219570159912,False,1205
1208,2026-10-08,600481,2.9030461311340332,False,1206
1209,2026-10-08,600794,2.9029746055603027,False,1207
1210,2026-10-08,300329,2.9020123481750488,False,1208
1211,2026-10-08,601599,2.9001967906951904,False,1209
1212,2026-10-08,688377,2.8993613719940186,False,1210
1213,2026-10-08,688721,2.896172046661377,False,1211
1214,2026-10-08,301336,2.893742561340332,False,1212
1215,2026-10-08,300798,2.8925693035125732,False,1213
1216,2026-10-08,688332,2.8897275924682617,False,1214
1217,2026-10-08,301295,2.8888053894042969,False,1215
1218,2026-10-08,002688,2.8884334564208984,False,1216
1219,2026-10-08,688216,2.8879632949829102,False,1217
1220,2026-10-08,300006,2.8866391181945801,False,1218
1221,2026-10-08,603201,2.8858752250671387,False,1219
1222,2026-10-08,300757,2.8835639953613281,False,1220
1223,2026-10-08,601828,2.8818225860595703,False,1221
1224,2026-10-08,002404,2.8798480033874512,False,1222
1225,2026-10-08,688619,2.8795981407165527,False,1223
1226,2026-10-08,688526,2.8795075416564941,False,1224
1227,2026-10-08,601107,2.8775177001953125,False,1225
1228,2026-10-08,002253,2.8765194416046143,False,1226
1229,2026-10-08,300119,2.8759937286376953,False,1227
1230,2026-10-08,300128,2.8758845329284668,False,1228
1231,2026-10-08,600668,2.8734235763549805,False,1229
1232,2026-10-08,300561,2.8695437908172607,False,1230
1233,2026-10-08,000100,2.8675532341003418,False,1231
1234,2026-10-08,603182,2.8661289215087891,False,1232
1235,2026-10-08,600572,2.8652634620666504,False,1233
1236,2026-10-08,002158,2.8567957878112793,False,1234
1237,2026-10-08,300912,2.8526177406311035,False,1235
1238,2026-10-08,002462,2.8512053489685059,False,1236
1239,2026-10-08,300278,2.8481159210205078,False,1237
1240,2026-10-08,300342,2.8474264144897461,False,1238
1241,2026-10-08,000731,2.847301721572876,False,1239
1242,2026-10-08,002835,2.841378927230835,False,1240
1243,2026-10-08,300075,2.8365082740783691,False,1241
1244,2026-10-08,603718,2.8364841938018799,False,1242
1245,2026-10-08,600219,2.836475133895874,False,1243
1246,2026-10-08,002215,2.8309123516082764,False,1244
1247,2026-10-08,301032,2.8308000564575195,False,1245
1248,2026-10-08,000410,2.82916259765625,False,1246
1249,2026-10-08,002461,2.8268375396728516,False,1247
1250,2026-10-08,600718,2.8263430595397949,False,1248
1251,2026-10-08,002765,2.8257801532745361,False,1249
1252,2026-10-08,002247,2.822918176651001,False,1250
1253,2026-10-08,600996,2.8210642337799072,False,1251
1254,2026-10-08,301028,2.8186562061309814,False,1252
1255,2026-10-08,600549,2.8120369911193848,False,1253
1256,2026-10-08,688728,2.8112430572509766,False,1254
1257,2026-10-08,603156,2.8107037544250488,False,1255
1258,2026-10-08,300887,2.8098840713500977,False,1256
1259,2026-10-08,600159,2.8096733093261719,False,1257
1260,2026-10-08,300894,2.8079440593719482,False,1258
1261,2026-10-08,002851,2.8076910972595215,False,1259
1262,2026-10-08,601952,2.8060493469238281,False,1260
1263,2026-10-08,600177,2.8055615425109863,False,1261
1264,2026-10-08,600020,2.8020215034484863,False,1262
1265,2026-10-08,600831,2.8013570308685303,False,1263
1266,2026-10-08,002110,2.8001289367675781,False,1264
1267,2026-10-08,002420,2.795745849609375,False,1265
1268,2026-10-08,688828,2.7949204444885254,False,1266
1269,2026-10-08,003009,2.7938084602355957,False,1267
1270,2026-10-08,002556,2.7933051586151123,False,1268
1271,2026-10-08,000517,2.7894294261932373,False,1269
1272,2026-10-08,688357,2.7892565727233887,False,1270
1273,2026-10-08,603171,2.7872891426086426,False,1271
1274,2026-10-08,600697,2.7872490882873535,False,1272
1275,2026-10-08,600097,2.784893274307251,False,1273
1276,2026-10-08,000789,2.7846100330352783,False,1274
1277,2026-10-08,002406,2.7812080383300781,False,1275
1278,2026-10-08,301083,2.7771406173706055,False,1276
1279,2026-10-08,603616,2.7733654975891113,False,1277
1280,2026-10-08,300078,2.7714548110961914,False,1278
1281,2026-10-08,300230,2.768012523651123,False,1279
1282,2026-10-08,300608,2.7632899284362793,False,1280
1283,2026-10-08,000822,2.7628984451293945,False,1281
1284,2026-10-08,601168,2.7585465908050537,False,1282
1285,2026-10-08,688032,2.7534430027008057,False,1283
1286,2026-10-08,603006,2.7511427402496338,False,1284
1287,2026-10-08,688618,2.7507576942443848,False,1285
1288,2026-10-08,000608,2.7502584457397461,False,1286
1289,2026-10-08,300498,2.7490534782409668,False,1287
1290,2026-10-08,300548,2.7470307350158691,False,1288
1291,2026-10-08,002177,2.7443718910217285,False,1289
1292,2026-10-08,300475,2.7441051006317139,False,1290
1293,2026-10-08,300447,2.7431743144989014,False,1291
1294,2026-10-08,000551,2.7422275543212891,False,1292
1295,2026-10-08,600569,2.7401549816131592,False,1293
1296,2026-10-08,002416,2.7398810386657715,False,1294
1297,2026-10-08,600017,2.7388873100280762,False,1295
1298,2026-10-08,300871,2.7381024360656738,False,1296
1299,2026-10-08,600793,2.7378110885620117,False,1297
1300,2026-10-08,603323,2.7226858139038086,False,1298
1301,2026-10-08,002109,2.7173705101013184,False,1299
1302,2026-10-08,300134,2.7169690132141113,False,1300
1303,2026-10-08,601985,2.7169594764709473,False,1301
1304,2026-10-08,605599,2.714465856552124,False,1302
1305,2026-10-08,001286,2.7117013931274414,False,1303
1306,2026-10-08,300855,2.7105879783630371,False,1304
1307,2026-10-08,688416,2.7100138664245605,False,1305
1308,2026-10-08,600882,2.6983423233032227,False,1306
1309,2026-10-08,600543,2.6940679550170898,False,1307
1310,2026-10-08,300579,2.6910357475280762,False,1308
1311,2026-10-08,300044,2.6888411045074463,False,1309
1312,2026-10-08,002626,2.6844282150268555,False,1310
1313,2026-10-08,300698,2.6829314231872559,False,1311
1314,2026-10-08,002802,2.6816160678863525,False,1312
1315,2026-10-08,002909,2.6791746616363525,False,1313
1316,2026-10-08,000636,2.6769568920135498,False,1314
1317,2026-10-08,603817,2.6753618717193604,False,1315
1318,2026-10-08,688523,2.674138069152832,False,1316
1319,2026-10-08,688556,2.6714086532592773,False,1317
1320,2026-10-08,688671,2.665968656539917,False,1318
1321,2026-10-08,000078,2.66375732421875,False,1319
1322,2026-10-08,688592,2.6618475914001465,False,1320
1323,2026-10-08,002737,2.6609270572662354,False,1321
1324,2026-10-08,600838,2.6568632125854492,False,1322
1325,2026-10-08,001255,2.6565496921539307,False,1323
1326,2026-10-08,688158,2.6565070152282715,False,1324
1327,2026-10-08,601998,2.6545209884643555,False,1325
1328,2026-10-08,002038,2.6532962322235107,False,1326
1329,2026-10-08,603339,2.6531257629394531,False,1327
1330,2026-10-08,601169,2.6527247428894043,False,1328
1331,2026-10-08,300100,2.6513888835906982,False,1329
1332,2026-10-08,601077,2.6511757373809814,False,1330
1333,2026-10-08,300606,2.651064395904541,False,1331
1334,2026-10-08,601139,2.648456335067749,False,1332
1335,2026-10-08,002732,2.6457319259643555,False,1333
1336,2026-10-08,600622,2.6369297504425049,False,1334
1337,2026-10-08,600980,2.636049747467041,False,1335
1338,2026-10-08,688565,2.6347975730895996,False,1336
1339,2026-10-08,688052,2.6302032470703125,False,1337
1340,2026-10-08,300279,2.6282165050506592,False,1338
1341,2026-10-08,600959,2.6259088516235352,False,1339
1342,2026-10-08,600428,2.6228508949279785,False,1340
1343,2026-10-08,002713,2.6207544803619385,False,1341
1344,2026-10-08,603220,2.6175165176391602,False,1342
1345,2026-10-08,300424,2.6163356304168701,False,1343
1346,2026-10-08,603232,2.6161394119262695,False,1344
1347,2026-10-08,605222,2.6140251159667969,False,1345
1348,2026-10-08,300120,2.6100587844848633,False,1346
1349,2026-10-08,603098,2.6081771850585938,False,1347
1350,2026-10-08,300755,2.6044328212738037,False,1348
1351,2026-10-08,300136,2.6005942821502686,False,1349
1352,2026-10-08,688633,2.5998678207397461,False,1350
1353,2026-10-08,300783,2.5995683670043945,False,1351
1354,2026-10-08,605218,2.5987918376922607,False,1352
1355,2026-10-08,300348,2.5982613563537598,False,1353
1356,2026-10-08,301581,2.59670090675354,False,1354
1357,2026-10-08,300857,2.5961918830871582,False,1355
1358,2026-10-08,300408,2.594287633895874,False,1356
1359,2026-10-08,001380,2.5931212902069092,False,1357
1360,2026-10-08,000425,2.5863780975341797,False,1358
1361,2026-10-08,000573,2.584542989730835,False,1359
1362,2026-10-08,300445,2.5831332206726074,False,1360
1363,2026-10-08,600834,2.5827946662902832,False,1361
1364,2026-10-08,688622,2.5806131362915039,False,1362
1365,2026-10-08,300667,2.5703654289245605,False,1363
1366,2026-10-08,300928,2.5689656734466553,False,1364
1367,2026-10-08,688502,2.567345142364502,False,1365
1368,2026-10-08,300706,2.5640068054199219,False,1366
1369,2026-10-08,688369,2.5632834434509277,False,1367
1370,2026-10-08,301270,2.5606193542480469,False,1368
1371,2026-10-08,600444,2.5606133937835693,False,1369
1372,2026-10-08,002337,2.5600385665893555,False,1370
1373,2026-10-08,000557,2.5579428672790527,False,1371
1374,2026-10-08,603018,2.5563592910766602,False,1372
1375,2026-10-08,600195,2.5553929805755615,False,1373
1376,2026-10-08,300295,2.554858922958374,False,1374
1377,2026-10-08,688588,2.5535581111907959,False,1375
1378,2026-10-08,601216,2.5500741004943848,False,1376
1379,2026-10-08,300655,2.5449247360229492,False,1377
1380,2026-10-08,301367,2.5447261333465576,False,1378
1381,2026-10-08,603676,2.543867826461792,False,1379
1382,2026-10-08,603916,2.5431151390075684,False,1380
1383,2026-10-08,601011,2.5422587394714355,False,1381
1384,2026-10-08,600295,2.540865421295166,False,1382
1385,2026-10-08,002645,2.5405693054199219,False,1383
1386,2026-10-08,001223,2.5361447334289551,False,1384
1387,2026-10-08,002398,2.5335326194763184,False,1385
1388,2026-10-08,002948,2.5327906608581543,False,1386
1389,2026-10-08,603151,2.5320088863372803,False,1387
1390,2026-10-08,603060,2.5319473743438721,False,1388
1391,2026-10-08,300168,2.5316605567932129,False,1389
1392,2026-10-08,688518,2.5315260887145996,False,1390
1393,2026-10-08,000932,2.5304999351501465,False,1391
1394,2026-10-08,600348,2.5288896560668945,False,1392
1395,2026-10-08,603869,2.5283651351928711,False,1393
1396,2026-10-08,002528,2.5265774726867676,False,1394
1397,2026-10-08,605138,2.5256810188293457,False,1395
1398,2026-10-08,002875,2.5237023830413818,False,1396
1399,2026-10-08,688455,2.5200693607330322,False,1397
1400,2026-10-08,603158,2.5156633853912354,False,1398
1401,2026-10-08,002722,2.5137135982513428,False,1399
1402,2026-10-08,600796,2.5129244327545166,False,1400
1403,2026-10-08,600955,2.5113143920898438,False,1401
1404,2026-10-08,301533,2.5110774040222168,False,1402
1405,2026-10-08,300430,2.509972095489502,False,1403
1406,2026-10-08,300307,2.5087389945983887,False,1404
1407,2026-10-08,601138,2.5081949234008789,False,1405
1408,2026-10-08,300165,2.5067789554595947,False,1406
1409,2026-10-08,688310,2.506690502166748,False,1407
1410,2026-10-08,601111,2.5066165924072266,False,1408
1411,2026-10-08,600141,2.5029196739196777,False,1409
1412,2026-10-08,301042,2.5006241798400879,False,1410
1413,2026-10-08,301507,2.5003175735473633,False,1411
1414,2026-10-08,002322,2.4980094432830811,False,1412
1415,2026-10-08,002047,2.4974722862243652,False,1413
1416,2026-10-08,002917,2.497204065322876,False,1414
1417,2026-10-08,605500,2.4946386814117432,False,1415
1418,2026-10-08,300597,2.4943637847900391,False,1416
1419,2026-10-08,002646,2.492156982421875,False,1417
1420,2026-10-08,603608,2.4889473915100098,False,1418
1421,2026-10-08,301598,2.4888327121734619,False,1419
1422,2026-10-08,000915,2.4886741638183594,False,1420
1423,2026-10-08,603299,2.4867455959320068,False,1421
1424,2026-10-08,601096,2.4866464138031006,False,1422
1425,2026-10-08,301600,2.486098051071167,False,1423
1426,2026-10-08,002444,2.4855456352233887,False,1424
1427,2026-10-08,300027,2.4839053153991699,False,1425
1428,2026-10-08,603202,2.4802954196929932,False,1426
1429,2026-10-08,300143,2.4784739017486572,False,1427
1430,2026-10-08,688106,2.4777908325195312,False,1428
1431,2026-10-08,688366,2.4772415161132812,False,1429
1432,2026-10-08,301551,2.4763259887695312,False,1430
1433,2026-10-08,300393,2.4755277633666992,False,1431
1434,2026-10-08,601018,2.4746832847595215,False,1432
1435,2026-10-08,300373,2.4742021560668945,False,1433
1436,2026-10-08,600783,2.4692599773406982,False,1434
1437,2026-10-08,600683,2.4665176868438721,False,1435
1438,2026-10-08,002219,2.465287446975708,False,1436
1439,2026-10-08,600328,2.4627628326416016,False,1437
1440,2026-10-08,301022,2.461845874786377,False,1438
1441,2026-10-08,603238,2.4603514671325684,False,1439
1442,2026-10-08,688130,2.4503679275512695,False,1440
1443,2026-10-08,300583,2.4472777843475342,False,1441
1444,2026-10-08,600782,2.4441790580749512,False,1442
1445,2026-10-08,300697,2.4420135021209717,False,1443
1446,2026-10-08,002791,2.4401204586029053,False,1444
1447,2026-10-08,603028,2.4385926723480225,False,1445
1448,2026-10-08,605003,2.4379658699035645,False,1446
1449,2026-10-08,003019,2.4377145767211914,False,1447
1450,2026-10-08,301285,2.4361515045166016,False,1448
1451,2026-10-08,600808,2.4336817264556885,False,1449
1452,2026-10-08,002076,2.4336433410644531,False,1450
1453,2026-10-08,688552,2.4323668479919434,False,1451
1454,2026-10-08,001231,2.4319150447845459,False,1452
1455,2026-10-08,300956,2.4303607940673828,False,1453
1456,2026-10-08,002697,2.4287526607513428,False,1454
1457,2026-10-08,000030,2.4280538558959961,False,1455
1458,2026-10-08,300949,2.4253387451171875,False,1456
1459,2026-10-08,301075,2.4223864078521729,False,1457
1460,2026-10-08,300563,2.4193816184997559,False,1458
1461,2026-10-08,605111,2.4193549156188965,False,1459
1462,2026-10-08,001219,2.4171819686889648,False,1460
1463,2026-10-08,601200,2.4159369468688965,False,1461
1464,2026-10-08,603688,2.4146850109100342,False,1462
1465,2026-10-08,603997,2.413386344909668,False,1463
1466,2026-10-08,301345,2.4126424789428711,False,1464
1467,2026-10-08,603967,2.4111995697021484,False,1465
1468,2026-10-08,002705,2.4088306427001953,False,1466
1469,2026-10-08,603389,2.4043428897857666,False,1467
1470,2026-10-08,600716,2.4002618789672852,False,1468
1471,2026-10-08,300274,2.3955862522125244,False,1469
1472,2026-10-08,688981,2.3955316543579102,False,1470
1473,2026-10-08,301126,2.3938367366790771,False,1471
1474,2026-10-08,002778,2.3937578201293945,False,1472
1475,2026-10-08,688550,2.3924102783203125,False,1473
1476,2026-10-08,300010,2.3919129371643066,False,1474
1477,2026-10-08,301016,2.38775634765625,False,1475
1478,2026-10-08,601083,2.3876800537109375,False,1476
1479,2026-10-08,002530,2.3830420970916748,False,1477
1480,2026-10-08,000796,2.3827743530273438,False,1478
1481,2026-10-08,603958,2.3756303787231445,False,1479
1482,2026-10-08,301428,2.3738718032836914,False,1480
1483,2026-10-08,300382,2.3726906776428223,False,1481
1484,2026-10-08,000558,2.3717279434204102,False,1482
1485,2026-10-08,000553,2.3708674907684326,False,1483
1486,2026-10-08,688691,2.3669862747192383,False,1484
1487,2026-10-08,000797,2.3657817840576172,False,1485
1488,2026-10-08,600114,2.3646371364593506,False,1486
1489,2026-10-08,300288,2.3642644882202148,False,1487
1490,2026-10-08,603163,2.3613548278808594,False,1488
1491,2026-10-08,002094,2.360318660736084,False,1489
1492,2026-10-08,300621,2.356968879699707,False,1490
1493,2026-10-08,300359,2.3485021591186523,False,1491
1494,2026-10-08,600537,2.3450982570648193,False,1492
1495,2026-10-08,002532,2.3429913520812988,False,1493
1496,2026-10-08,300195,2.3372054100036621,False,1494
1497,2026-10-08,002481,2.3345286846160889,False,1495
1498,2026-10-08,300848,2.3330540657043457,False,1496
1499,2026-10-08,002203,2.3318843841552734,False,1497
1500,2026-10-08,688380,2.3307204246520996,False,1498
1501,2026-10-08,603023,2.3288774490356445,False,1499
1502,2026-10-08,601368,2.3283662796020508,False,1500
1503,2026-10-08,603518,2.3248429298400879,False,1501
1504,2026-10-08,002419,2.3237452507019043,False,1502
1505,2026-10-08,600965,2.3222463130950928,False,1503
1506,2026-10-08,688125,2.3214764595031738,False,1504
1507,2026-10-08,002998,2.3202064037322998,False,1505
1508,2026-10-08,688102,2.3192462921142578,False,1506
1509,2026-10-08,600886,2.3187446594238281,False,1507
1510,2026-10-08,600446,2.318622350692749,False,1508
1511,2026-10-08,603458,2.3153560161590576,False,1509
1512,2026-10-08,605183,2.3078029155731201,False,1510
1513,2026-10-08,001217,2.303102970123291,False,1511
1514,2026-10-08,300797,2.3027739524841309,False,1512
1515,2026-10-08,002275,2.3016409873962402,False,1513
1516,2026-10-08,601916,2.3012802600860596,False,1514
1517,2026-10-08,002153,2.3000824451446533,False,1515
1518,2026-10-08,300459,2.2997348308563232,False,1516
1519,2026-10-08,002264,2.2997345924377441,False,1517
1520,2026-10-08,600570,2.2986350059509277,False,1518
1521,2026-10-08,600848,2.2945783138275146,False,1519
1522,2026-10-08,603683,2.2915737628936768,False,1520
1523,2026-10-08,300148,2.2915439605712891,False,1521
1524,2026-10-08,000407,2.2913053035736084,False,1522
1525,2026-10-08,300753,2.2904119491577148,False,1523
1526,2026-10-08,002660,2.2897839546203613,False,1524
1527,2026-10-08,301330,2.2859587669372559,False,1525
1528,2026-10-08,300223,2.2856640815734863,False,1526
1529,2026-10-08,601019,2.2847199440002441,False,1527
1530,2026-10-08,002475,2.2845296859741211,False,1528
1531,2026-10-08,688146,2.284010648727417,False,1529
1532,2026-10-08,600741,2.2819099426269531,False,1530
1533,2026-10-08,301198,2.2775838375091553,False,1531
1534,2026-10-08,600258,2.2759284973144531,False,1532
1535,2026-10-08,301332,2.2757589817047119,False,1533
1536,2026-10-08,688317,2.2748110294342041,False,1534
1537,2026-10-08,301607,2.2730503082275391,False,1535
1538,2026-10-08,000338,2.2725553512573242,False,1536
1539,2026-10-08,002291,2.2720592021942139,False,1537
1540,2026-10-08,600419,2.2689943313598633,False,1538
1541,2026-10-08,002399,2.2658390998840332,False,1539
1542,2026-10-08,600880,2.2604067325592041,False,1540
1543,2026-10-08,600987,2.2600319385528564,False,1541
1544,2026-10-08,600346,2.2584772109985352,False,1542
1545,2026-10-08,000665,2.2583074569702148,False,1543
1546,2026-10-08,301012,2.2537932395935059,False,1544
1547,2026-10-08,688115,2.251394510269165,False,1545
1548,2026-10-08,002269,2.2513582706451416,False,1546
1549,2026-10-08,300465,2.2507650852203369,False,1547
1550,2026-10-08,600261,2.2493109703063965,False,1548
1551,2026-10-08,000709,2.2489066123962402,False,1549
1552,2026-10-08,002423,2.2474794387817383,False,1550
1553,2026-10-08,688590,2.2474074363708496,False,1551
1554,2026-10-08,688072,2.2469522953033447,False,1552
1555,2026-10-08,002628,2.2448203563690186,False,1553
1556,2026-10-08,001208,2.2433414459228516,False,1554
1557,2026-10-08,002228,2.2419588565826416,False,1555
1558,2026-10-08,000620,2.235992431640625,False,1556
1559,2026-10-08,300653,2.2355902194976807,False,1557
1560,2026-10-08,002560,2.235532283782959,False,1558
1561,2026-10-08,688060,2.2349367141723633,False,1559
1562,2026-10-08,000813,2.2328753471374512,False,1560
1563,2026-10-08,300080,2.2320432662963867,False,1561
1564,2026-10-08,002025,2.2313947677612305,False,1562
1565,2026-10-08,600305,2.2278933525085449,False,1563
1566,2026-10-08,600525,2.2278311252593994,False,1564
1567,2026-10-08,002938,2.2254502773284912,False,1565
1568,2026-10-08,603927,2.2237248420715332,False,1566
1569,2026-10-08,601606,2.2235779762268066,False,1567
1570,2026-10-08,600887,2.2214028835296631,False,1568
1571,2026-10-08,603335,2.22110915184021,False,1569
1572,2026-10-08,300603,2.2197537422180176,False,1570
1573,2026-10-08,600383,2.2149302959442139,False,1571
1574,2026-10-08,300021,2.2148513793945312,False,1572
1575,2026-10-08,600784,2.2139532566070557,False,1573
1576,2026-10-08,002107,2.2134363651275635,False,1574
1577,2026-10-08,600547,2.2130317687988281,False,1575
1578,2026-10-08,600229,2.2120208740234375,False,1576
1579,2026-10-08,301208,2.2095949649810791,False,1577
1580,2026-10-08,688450,2.2081229686737061,False,1578
1581,2026-10-08,002315,2.2058026790618896,False,1579
1582,2026-10-08,603889,2.2044737339019775,False,1580
1583,2026-10-08,600361,2.2031068801879883,False,1581
1584,2026-10-08,688507,2.1993794441223145,False,1582
1585,2026-10-08,688665,2.1983084678649902,False,1583
1586,2026-10-08,603800,2.1965663433074951,False,1584
1587,2026-10-08,000708,2.195094108581543,False,1585
1588,2026-10-08,300695,2.1931540966033936,False,1586
1589,2026-10-08,600004,2.1917383670806885,False,1587
1590,2026-10-08,600845,2.1914856433868408,False,1588
1591,2026-10-08,300585,2.1904957294464111,False,1589
1592,2026-10-08,300636,2.189847469329834,False,1590
1593,2026-10-08,000514,2.1896898746490479,False,1591
1594,2026-10-08,600637,2.188417911529541,False,1592
1595,2026-10-08,601992,2.184866189956665,False,1593
1596,2026-10-08,603329,2.1770546436309814,False,1594
1597,2026-10-08,000928,2.1757771968841553,False,1595
1598,2026-10-08,002506,2.1741228103637695,False,1596
1599,2026-10-08,000546,2.1732618808746338,False,1597
1600,2026-10-08,000762,2.1699748039245605,False,1598
1601,2026-10-08,301371,2.1691615581512451,False,1599
1602,2026-10-08,300968,2.1668176651000977,False,1600
1603,2026-10-08,002975,2.1647727489471436,False,1601
1604,2026-10-08,000722,2.1644003391265869,False,1602
1605,2026-10-08,300222,2.1623477935791016,False,1603
1606,2026-10-08,301048,2.1623344421386719,False,1604
1607,2026-10-08,300095,2.1582136154174805,False,1605
1608,2026-10-08,688582,2.1534571647644043,False,1606
1609,2026-10-08,601137,2.1493949890136719,False,1607
1610,2026-10-08,301378,2.1479721069335938,False,1608
1611,2026-10-08,300693,2.1423234939575195,False,1609
1612,2026-10-08,600202,2.1419553756713867,False,1610
1613,2026-10-08,603506,2.1407179832458496,False,1611
1614,2026-10-08,601665,2.1401515007019043,False,1612
1615,2026-10-08,002333,2.1392064094543457,False,1613
1616,2026-10-08,000651,2.1381556987762451,False,1614
1617,2026-10-08,300275,2.1374020576477051,False,1615
1618,2026-10-08,300451,2.1369976997375488,False,1616
1619,2026-10-08,300970,2.1366491317749023,False,1617
1620,2026-10-08,603211,2.1348550319671631,False,1618
1621,2026-10-08,600302,2.1324334144592285,False,1619
1622,2026-10-08,688258,2.1291165351867676,False,1620
1623,2026-10-08,300177,2.1215262413024902,False,1621
1624,2026-10-08,688160,2.1186778545379639,False,1622
1625,2026-10-08,600520,2.1183261871337891,False,1623
1626,2026-10-08,002569,2.1160891056060791,False,1624
1627,2026-10-08,301098,2.1159965991973877,False,1625
1628,2026-10-08,605060,2.1103720664978027,False,1626
1629,2026-10-08,002841,2.1096725463867188,False,1627
1630,2026-10-08,688239,2.1091609001159668,False,1628
1631,2026-10-08,300955,2.1081902980804443,False,1629
1632,2026-10-08,688257,2.1045958995819092,False,1630
1633,2026-10-08,601615,2.1033098697662354,False,1631
1634,2026-10-08,688528,2.1023359298706055,False,1632
1635,2026-10-08,603190,2.1017911434173584,False,1633
1636,2026-10-08,000619,2.0979084968566895,False,1634
1637,2026-10-08,600354,2.095909595489502,False,1635
1638,2026-10-08,000959,2.0946054458618164,False,1636
1639,2026-10-08,301578,2.0944981575012207,False,1637
1640,2026-10-08,600785,2.0941998958587646,False,1638
1641,2026-10-08,600645,2.0935840606689453,False,1639
1642,2026-10-08,300722,2.0924417972564697,False,1640
1643,2026-10-08,301315,2.0921187400817871,False,1641
1644,2026-10-08,000876,2.091914176940918,False,1642
1645,2026-10-08,002421,2.089691162109375,False,1643
1646,2026-10-08,688230,2.0896270275115967,False,1644
1647,2026-10-08,600449,2.089012622833252,False,1645
1648,2026-10-08,000402,2.0873985290527344,False,1646
1649,2026-10-08,688569,2.0870158672332764,False,1647
1650,2026-10-08,300046,2.0855603218078613,False,1648
1651,2026-10-08,300118,2.0837492942810059,False,1649
1652,2026-10-08,002562,2.0819492340087891,False,1650
1653,2026-10-08,002624,2.0817713737487793,False,1651
1654,2026-10-08,688716,2.0813348293304443,False,1652
1655,2026-10-08,301536,2.0773801803588867,False,1653
1656,2026-10-08,600199,2.0759744644165039,False,1654
1657,2026-10-08,000633,2.0744140148162842,False,1655
1658,2026-10-08,300245,2.0734193325042725,False,1656
1659,2026-10-08,688343,2.0696203708648682,False,1657
1660,2026-10-08,000717,2.0681262016296387,False,1658
1661,2026-10-08,002320,2.0655131340026855,False,1659
1662,2026-10-08,600586,2.0643208026885986,False,1660
1663,2026-10-08,002526,2.0616681575775146,False,1661
1664,2026-10-08,000065,2.0593304634094238,False,1662
1665,2026-10-08,688268,2.0578737258911133,False,1663
1666,2026-10-08,002579,2.0570809841156006,False,1664
1667,2026-10-08,300180,2.0563726425170898,False,1665
1668,2026-10-08,301062,2.0561542510986328,False,1666
1669,2026-10-08,688298,2.0551066398620605,False,1667
1670,2026-10-08,301089,2.0540733337402344,False,1668
1671,2026-10-08,603001,2.0532431602478027,False,1669
1672,2026-10-08,300662,2.0499966144561768,False,1670
1673,2026-10-08,301029,2.0499286651611328,False,1671
1674,2026-10-08,688638,2.0487871170043945,False,1672
1675,2026-10-08,600662,2.0461661815643311,False,1673
1676,2026-10-08,002845,2.044903039932251,False,1674
1677,2026-10-08,600814,2.0439367294311523,False,1675
1678,2026-10-08,002401,2.0420949459075928,False,1676
1679,2026-10-08,600007,2.0391392707824707,False,1677
1680,2026-10-08,002749,2.0385415554046631,False,1678
1681,2026-10-08,300417,2.0384540557861328,False,1679
1682,2026-10-08,605005,2.0380885601043701,False,1680
1683,2026-10-08,600604,2.0378780364990234,False,1681
1684,2026-10-08,688418,2.0348811149597168,False,1682
1685,2026-10-08,688616,2.0322096347808838,False,1683
1686,2026-10-08,301586,2.0303606986999512,False,1684
1687,2026-10-08,688181,2.0298712253570557,False,1685
1688,2026-10-08,688389,2.0295264720916748,False,1686
1689,2026-10-08,603729,2.0294589996337891,False,1687
1690,2026-10-08,688313,2.0264501571655273,False,1688
1691,2026-10-08,002021,2.0259556770324707,False,1689
1692,2026-10-08,300375,2.0204846858978271,False,1690
1693,2026-10-08,300596,2.0185685157775879,False,1691
1694,2026-10-08,603568,2.0160548686981201,False,1692
1695,2026-10-08,300306,2.0155129432678223,False,1693
1696,2026-10-08,688539,2.0134873390197754,False,1694
1697,2026-10-08,300341,2.0115668773651123,False,1695
1698,2026-10-08,600692,2.0109837055206299,False,1696
1699,2026-10-08,002672,2.0104265213012695,False,1697
1700,2026-10-08,688595,2.0101122856140137,False,1698
1701,2026-10-08,000655,2.0043623447418213,False,1699
1702,2026-10-08,002331,2.0007894039154053,False,1700
1703,2026-10-08,601988,1.9972832202911377,False,1701
1704,2026-10-08,603016,1.9969755411148071,False,1702
1705,2026-10-08,601058,1.9965112209320068,False,1703
1706,2026-10-08,600638,1.9960339069366455,False,1704
1707,2026-10-08,002903,1.9952774047851562,False,1705
1708,2026-10-08,688479,1.9944595098495483,False,1706
1709,2026-10-08,300486,1.9906587600708008,False,1707
1710,2026-10-08,001339,1.9858138561248779,False,1708
1711,2026-10-08,300525,1.9849511384963989,False,1709
1712,2026-10-08,002251,1.9823422431945801,False,1710
1713,2026-10-08,002111,1.9802039861679077,False,1711
1714,2026-10-08,300088,1.9800434112548828,False,1712
1715,2026-10-08,301158,1.9800138473510742,False,1713
1716,2026-10-08,002278,1.9755871295928955,False,1714
1717,2026-10-08,603053,1.9739415645599365,False,1715
1718,2026-10-08,600023,1.971430778503418,False,1716
1719,2026-10-08,002006,1.9713177680969238,False,1717
1720,2026-10-08,000576,1.9686626195907593,False,1718
1721,2026-10-08,002942,1.9684723615646362,False,1719
1722,2026-10-08,603866,1.9676765203475952,False,1720
1723,2026-10-08,600019,1.9670482873916626,False,1721
1724,2026-10-08,600935,1.9638921022415161,False,1722
1725,2026-10-08,301329,1.9634214639663696,False,1723
1726,2026-10-08,301251,1.9630017280578613,False,1724
1727,2026-10-08,300502,1.9627631902694702,False,1725
1728,2026-10-08,002671,1.9620156288146973,False,1726
1729,2026-10-08,600223,1.9608079195022583,False,1727
1730,2026-10-08,601005,1.9539530277252197,False,1728
1731,2026-10-08,000995,1.9525647163391113,False,1729
1732,2026-10-08,601939,1.9519138336181641,False,1730
1733,2026-10-08,300268,1.9500422477722168,False,1731
1734,2026-10-08,301388,1.949521541595459,False,1732
1735,2026-10-08,603856,1.9485341310501099,False,1733
1736,2026-10-08,300640,1.9464664459228516,False,1734
1737,2026-10-08,600271,1.9458439350128174,False,1735
1738,2026-10-08,002282,1.9439196586608887,False,1736
1739,2026-10-08,600117,1.9432071447372437,False,1737
1740,2026-10-08,300565,1.9407124519348145,False,1738
1741,2026-10-08,002810,1.9405367374420166,False,1739
1742,2026-10-08,001965,1.9356591701507568,False,1740
1743,2026-10-08,002793,1.9347155094146729,False,1741
1744,2026-10-08,603386,1.9333926439285278,False,1742
1745,2026-10-08,301515,1.9330990314483643,False,1743
1746,2026-10-08,301070,1.9326926469802856,False,1744
1747,2026-10-08,301049,1.9274742603302002,False,1745
1748,2026-10-08,002987,1.9271759986877441,False,1746
1749,2026-10-08,601006,1.9265499114990234,False,1747
1750,2026-10-08,301036,1.9251871109008789,False,1748
1751,2026-10-08,600560,1.9240751266479492,False,1749
1752,2026-10-08,300527,1.9227826595306396,False,1750
1753,2026-10-08,600079,1.9222848415374756,False,1751
1754,2026-10-08,002946,1.9219069480895996,False,1752
1755,2026-10-08,300105,1.9205608367919922,False,1753
1756,2026-10-08,601002,1.9202597141265869,False,1754
1757,2026-10-08,301348,1.920081615447998,False,1755
1758,2026-10-08,002616,1.9196487665176392,False,1756
1759,2026-10-08,300946,1.917917013168335,False,1757
1760,2026-10-08,002227,1.9170099496841431,False,1758
1761,2026-10-08,002690,1.9158573150634766,False,1759
1762,2026-10-08,603015,1.9130004644393921,False,1760
1763,2026-10-08,002979,1.9122664928436279,False,1761
1764,2026-10-08,300546,1.9109619855880737,False,1762
1765,2026-10-08,002609,1.9109374284744263,False,1763
1766,2026-10-08,603855,1.9106723070144653,False,1764
1767,2026-10-08,601010,1.9102199077606201,False,1765
1768,2026-10-08,603267,1.9087278842926025,False,1766
1769,2026-10-08,002369,1.9061048030853271,False,1767
1770,2026-10-08,600960,1.9048529863357544,False,1768
1771,2026-10-08,301289,1.9018254280090332,False,1769
1772,2026-10-08,600151,1.9012166261672974,False,1770
1773,2026-10-08,002194,1.9008877277374268,False,1771
1774,2026-10-08,688786,1.9001843929290771,False,1772
1775,2026-10-08,002437,1.8980011940002441,False,1773
1776,2026-10-08,603117,1.8945955038070679,False,1774
1777,2026-10-08,002833,1.8929812908172607,False,1775
1778,2026-10-08,301446,1.8886333703994751,False,1776
1779,2026-10-08,300703,1.8865522146224976,False,1777
1780,2026-10-08,301318,1.8855732679367065,False,1778
1781,2026-10-08,000528,1.8849467039108276,False,1779
1782,2026-10-08,688285,1.8824875354766846,False,1780
1783,2026-10-08,603677,1.8819167613983154,False,1781
1784,2026-10-08,300041,1.8816754817962646,False,1782
1785,2026-10-08,002054,1.8813943862915039,False,1783
1786,2026-10-08,003025,1.8802938461303711,False,1784
1787,2026-10-08,301106,1.8792541027069092,False,1785
1788,2026-10-08,002920,1.8786098957061768,False,1786
1789,2026-10-08,002098,1.8693997859954834,False,1787
1790,2026-10-08,300440,1.8690849542617798,False,1788
1791,2026-10-08,300460,1.8666839599609375,False,1789
1792,2026-10-08,300374,1.8652975559234619,False,1790
1793,2026-10-08,688139,1.861405611038208,False,1791
1794,2026-10-08,300831,1.859473705291748,False,1792
1795,2026-10-08,001205,1.8594167232513428,False,1793
1796,2026-10-08,300719,1.8574509620666504,False,1794
1797,2026-10-08,301138,1.855539083480835,False,1795
1798,2026-10-08,600583,1.8522250652313232,False,1796
1799,2026-10-08,601133,1.8502910137176514,False,1797
1800,2026-10-08,600966,1.8475149869918823,False,1798
1801,2026-10-08,300111,1.8451017141342163,False,1799
1802,2026-10-08,300002,1.8442895412445068,False,1800
1803,2026-10-08,603000,1.8439431190490723,False,1801
1804,2026-10-08,688295,1.8393187522888184,False,1802
1805,2026-10-08,600736,1.8358747959136963,False,1803
1806,2026-10-08,300155,1.8325861692428589,False,1804
1807,2026-10-08,688355,1.8278902769088745,False,1805
1808,2026-10-08,600928,1.8254679441452026,False,1806
1809,2026-10-08,688193,1.8244476318359375,False,1807
1810,2026-10-08,002929,1.8236620426177979,False,1808
1811,2026-10-08,300494,1.8226296901702881,False,1809
1812,2026-10-08,002103,1.8222192525863647,False,1810
1813,2026-10-08,301631,1.8199121952056885,False,1811
1814,2026-10-08,603124,1.8179552555084229,False,1812
1815,2026-10-08,688252,1.8178520202636719,False,1813
1816,2026-10-08,300554,1.817838191986084,False,1814
1817,2026-10-08,003038,1.8168964385986328,False,1815
1818,2026-10-08,300908,1.8159500360488892,False,1816
1819,2026-10-08,688635,1.8101025819778442,False,1817
1820,2026-10-08,003005,1.8096427917480469,False,1818
1821,2026-10-08,603325,1.805572509765625,False,1819
1822,2026-10-08,001301,1.8046844005584717,False,1820
1823,2026-10-08,600510,1.8008432388305664,False,1821
1824,2026-10-08,600711,1.7999513149261475,False,1822
1825,2026-10-08,688408,1.7993831634521484,False,1823
1826,2026-10-08,603828,1.7970834970474243,False,1824
1827,2026-10-08,603348,1.7955318689346313,False,1825
1828,2026-10-08,603711,1.7945587635040283,False,1826
1829,2026-10-08,600590,1.7942788600921631,False,1827
1830,2026-10-08,603599,1.7942380905151367,False,1828
1831,2026-10-08,300354,1.7938058376312256,False,1829
1832,2026-10-08,002668,1.792641282081604,False,1830
1833,2026-10-08,600307,1.7922093868255615,False,1831
1834,2026-10-08,603126,1.7915500402450562,False,1832
1835,2026-10-08,002052,1.7908892631530762,False,1833
1836,2026-10-08,688290,1.790713906288147,False,1834
1837,2026-10-08,000408,1.78944993019104,False,1835
1838,2026-10-08,002324,1.7893357276916504,False,1836
1839,2026-10-08,688282,1.7889416217803955,False,1837
1840,2026-10-08,600335,1.7883515357971191,False,1838
1841,2026-10-08,688400,1.7859092950820923,False,1839
1842,2026-10-08,000703,1.7841110229492188,False,1840
1843,2026-10-08,300688,1.7839729785919189,False,1841
1844,2026-10-08,300351,1.7833774089813232,False,1842
1845,2026-10-08,688648,1.7823610305786133,False,1843
1846,2026-10-08,688520,1.7796149253845215,False,1844
1847,2026-10-08,300932,1.7781375646591187,False,1845
1848,2026-10-08,600605,1.7758610248565674,False,1846
1849,2026-10-08,688314,1.7751948833465576,False,1847
1850,2026-10-08,000905,1.7740517854690552,False,1848
1851,2026-10-08,300036,1.7735189199447632,False,1849
1852,2026-10-08,000563,1.7734893560409546,False,1850
1853,2026-10-08,688631,1.7713644504547119,False,1851
1854,2026-10-08,300067,1.7711857557296753,False,1852
1855,2026-10-08,300713,1.7661712169647217,False,1853
1856,2026-10-08,000650,1.765649676322937,False,1854
1857,2026-10-08,003028,1.7615399360656738,False,1855
1858,2026-10-08,688390,1.7595899105072021,False,1856
1859,2026-10-08,000031,1.7582719326019287,False,1857
1860,2026-10-08,002430,1.752511739730835,False,1858
1861,2026-10-08,600866,1.7504791021347046,False,1859
1862,2026-10-08,002112,1.7496495246887207,False,1860
1863,2026-10-08,601825,1.7490881681442261,False,1861
1864,2026-10-08,301111,1.7484316825866699,False,1862
1865,2026-10-08,300441,1.7481954097747803,False,1863
1866,2026-10-08,688396,1.7477104663848877,False,1864
1867,2026-10-08,301153,1.7473552227020264,False,1865
1868,2026-10-08,001337,1.7466953992843628,False,1866
1869,2026-10-08,000852,1.7463968992233276,False,1867
1870,2026-10-08,300389,1.7447654008865356,False,1868
1871,2026-10-08,002374,1.7432278394699097,False,1869
1872,2026-10-08,605089,1.7421873807907104,False,1870
1873,2026-10-08,688798,1.7417590618133545,False,1871
1874,2026-10-08,000572,1.7395751476287842,False,1872
1875,2026-10-08,300137,1.7368255853652954,False,1873
1876,2026-10-08,002607,1.7362921237945557,False,1874
1877,2026-10-08,300664,1.7342277765274048,False,1875
1878,2026-10-08,603896,1.7324541807174683,False,1876
1879,2026-10-08,600120,1.7322393655776978,False,1877
1880,2026-10-08,001391,1.7320559024810791,False,1878
1881,2026-10-08,601003,1.7319812774658203,False,1879
1882,2026-10-08,002485,1.7276504039764404,False,1880
1883,2026-10-08,002350,1.7271790504455566,False,1881
1884,2026-10-08,300813,1.7264163494110107,False,1882
1885,2026-10-08,600250,1.7255115509033203,False,1883
1886,2026-10-08,300452,1.7229688167572021,False,1884
1887,2026-10-08,002352,1.7224359512329102,False,1885
1888,2026-10-08,301559,1.7221969366073608,False,1886
1889,2026-10-08,300407,1.7164380550384521,False,1887
1890,2026-10-08,603933,1.7159552574157715,False,1888
1891,2026-10-08,003007,1.7135758399963379,False,1889
1892,2026-10-08,300720,1.7129943370819092,False,1890
1893,2026-10-08,002255,1.7111927270889282,False,1891
1894,2026-10-08,601020,1.710856556892395,False,1892
1895,2026-10-08,300124,1.7065901756286621,False,1893
1896,2026-10-08,300552,1.7032017707824707,False,1894
1897,2026-10-08,300958,1.6977753639221191,False,1895
1898,2026-10-08,002850,1.6954578161239624,False,1896
1899,2026-10-08,601996,1.6938539743423462,False,1897
1900,2026-10-08,301502,1.6932377815246582,False,1898
1901,2026-10-08,600461,1.6924141645431519,False,1899
1902,2026-10-08,688207,1.6909024715423584,False,1900
1903,2026-10-08,301268,1.6888984441757202,False,1901
1904,2026-10-08,300762,1.6884711980819702,False,1902
1905,2026-10-08,600470,1.6880795955657959,False,1903
1906,2026-10-08,300087,1.6840552091598511,False,1904
1907,2026-10-08,000403,1.6831479072570801,False,1905
1908,2026-10-08,301149,1.6827085018157959,False,1906
1909,2026-10-08,603836,1.6821386814117432,False,1907
1910,2026-10-08,688652,1.6807041168212891,False,1908
1911,2026-10-08,300747,1.6800485849380493,False,1909
1912,2026-10-08,600129,1.6787644624710083,False,1910
1913,2026-10-08,688348,1.6786626577377319,False,1911
1914,2026-10-08,000069,1.6785051822662354,False,1912
1915,2026-10-08,002847,1.6729949712753296,False,1913
1916,2026-10-08,600526,1.6727426052093506,False,1914
1917,2026-10-08,600267,1.6712961196899414,False,1915
1918,2026-10-08,301050,1.6687853336334229,False,1916
1919,2026-10-08,301087,1.6660044193267822,False,1917
1920,2026-10-08,603565,1.6649693250656128,False,1918
1921,2026-10-08,600548,1.6648950576782227,False,1919
1922,2026-10-08,300942,1.6634204387664795,False,1920
1923,2026-10-08,688157,1.6623398065567017,False,1921
1924,2026-10-08,300735,1.6595187187194824,False,1922
1925,2026-10-08,601188,1.6591124534606934,False,1923
1926,2026-10-08,300172,1.6555323600769043,False,1924
1927,2026-10-08,003032,1.6543552875518799,False,1925
1928,2026-10-08,688529,1.6540453433990479,False,1926
1929,2026-10-08,600988,1.6527249813079834,False,1927
1930,2026-10-08,301328,1.6501449346542358,False,1928
1931,2026-10-08,301191,1.6417397260665894,False,1929
1932,2026-10-08,688147,1.6401200294494629,False,1930
1933,2026-10-08,603231,1.6386573314666748,False,1931
1934,2026-10-08,603528,1.6379393339157104,False,1932
1935,2026-10-08,688420,1.6374055147171021,False,1933
1936,2026-10-08,300610,1.6346477270126343,False,1934
1937,2026-10-08,300284,1.6343319416046143,False,1935
1938,2026-10-08,600667,1.6337482929229736,False,1936
1939,2026-10-08,000429,1.6335606575012207,False,1937
1940,2026-10-08,688121,1.6328548192977905,False,1938
1941,2026-10-08,688802,1.6327776908874512,False,1939
1942,2026-10-08,300993,1.6297812461853027,False,1940
1943,2026-10-08,603409,1.6282961368560791,False,1941
1944,2026-10-08,300965,1.6265790462493896,False,1942
1945,2026-10-08,600029,1.624436616897583,False,1943
1946,2026-10-08,000921,1.6211534738540649,False,1944
1947,2026-10-08,600805,1.6196420192718506,False,1945
1948,2026-10-08,601928,1.615126371383667,False,1946
1949,2026-10-08,688055,1.615014910697937,False,1947
1950,2026-10-08,600597,1.6141190528869629,False,1948
1951,2026-10-08,300766,1.6041792631149292,False,1949
1952,2026-10-08,000566,1.6041289567947388,False,1950
1953,2026-10-08,300406,1.6023006439208984,False,1951
1954,2026-10-08,603613,1.5995136499404907,False,1952
1955,2026-10-08,300952,1.599064826965332,False,1953
1956,2026-10-08,001378,1.5981554985046387,False,1954
1957,2026-10-08,600358,1.5978176593780518,False,1955
1958,2026-10-08,688783,1.5955275297164917,False,1956
1959,2026-10-08,002209,1.5954370498657227,False,1957
1960,2026-10-08,002254,1.5950219631195068,False,1958
1961,2026-10-08,301024,1.5939356088638306,False,1959
1962,2026-10-08,000738,1.5932745933532715,False,1960
1963,2026-10-08,603395,1.5896323919296265,False,1961
1964,2026-10-08,000609,1.5883488655090332,False,1962
1965,2026-10-08,300534,1.5875793695449829,False,1963
1966,2026-10-08,688051,1.5835704803466797,False,1964
1967,2026-10-08,002843,1.5834496021270752,False,1965
1968,2026-10-08,603567,1.5816148519515991,False,1966
1969,2026-10-08,603486,1.5810010433197021,False,1967
1970,2026-10-08,002689,1.5806716680526733,False,1968
1971,2026-10-08,603321,1.5803018808364868,False,1969
1972,2026-10-08,603697,1.5792901515960693,False,1970
1973,2026-10-08,300717,1.5791089534759521,False,1971
1974,2026-10-08,002900,1.578984260559082,False,1972
1975,2026-10-08,301368,1.5789231061935425,False,1973
1976,2026-10-08,002459,1.5784642696380615,False,1974
1977,2026-10-08,300950,1.5782294273376465,False,1975
1978,2026-10-08,605018,1.5769896507263184,False,1976
1979,2026-10-08,002009,1.576441764831543,False,1977
1980,2026-10-08,600729,1.5750401020050049,False,1978
1981,2026-10-08,600273,1.5711736679077148,False,1979
1982,2026-10-08,000900,1.5705945491790771,False,1980
1983,2026-10-08,600477,1.5702084302902222,False,1981
1984,2026-10-08,000726,1.5695315599441528,False,1982
1985,2026-10-08,601088,1.5691261291503906,False,1983
1986,2026-10-08,002327,1.5689041614532471,False,1984
1987,2026-10-08,002872,1.5687310695648193,False,1985
1988,2026-10-08,600643,1.565786600112915,False,1986
1989,2026-10-08,600322,1.5647914409637451,False,1987
1990,2026-10-08,603291,1.5646109580993652,False,1988
1991,2026-10-08,688273,1.5625237226486206,False,1989
1992,2026-10-08,002248,1.562129020690918,False,1990
1993,2026-10-08,300658,1.5553126335144043,False,1991
1994,2026-10-08,002184,1.554847240447998,False,1992
1995,2026-10-08,002739,1.5540578365325928,False,1993
1996,2026-10-08,000893,1.5539355278015137,False,1994
1997,2026-10-08,688543,1.5518789291381836,False,1995
1998,2026-10-08,603369,1.5474631786346436,False,1996
1999,2026-10-08,603882,1.546987771987915,False,1997
2000,2026-10-08,688329,1.5434503555297852,False,1998
2001,2026-10-08,300902,1.5416967868804932,False,1999
2002,2026-10-08,000672,1.5387907028198242,False,2000
2003,2026-10-08,688291,1.5353906154632568,False,2001
2004,2026-10-08,002520,1.533017635345459,False,2002
2005,2026-10-08,300617,1.5313897132873535,False,2003
2006,2026-10-08,603530,1.5307546854019165,False,2004
2007,2026-10-08,002581,1.5289620161056519,False,2005
2008,2026-10-08,600713,1.5259609222412109,False,2006
2009,2026-10-08,688259,1.5236519575119019,False,2007
2010,2026-10-08,002284,1.5226795673370361,False,2008
2011,2026-10-08,605033,1.5205680131912231,False,2009
2012,2026-10-08,601600,1.5181823968887329,False,2010
2013,2026-10-08,688021,1.5178422927856445,False,2011
2014,2026-10-08,688681,1.5151122808456421,False,2012
2015,2026-10-08,600405,1.5104472637176514,False,2013
2016,2026-10-08,300682,1.5095975399017334,False,2014
2017,2026-10-08,301059,1.5092159509658813,False,2015
2018,2026-10-08,001215,1.5080983638763428,False,2016
2019,2026-10-08,688076,1.5068141222000122,False,2017
2020,2026-10-08,600259,1.5027323961257935,False,2018
2021,2026-10-08,301019,1.4987607002258301,False,2019
2022,2026-10-08,601880,1.4964096546173096,False,2020
2023,2026-10-08,002602,1.4939435720443726,False,2021
2024,2026-10-08,000536,1.4934425354003906,False,2022
2025,2026-10-08,300083,1.4933784008026123,False,2023
2026,2026-10-08,300174,1.4933408498764038,False,2024
2027,2026-10-08,002140,1.4926811456680298,False,2025
2028,2026-10-08,002370,1.4920706748962402,False,2026
2029,2026-10-08,301051,1.4920198917388916,False,2027
2030,2026-10-08,600603,1.4910537004470825,False,2028
2031,2026-10-08,002116,1.4866129159927368,False,2029
2032,2026-10-08,600480,1.4856166839599609,False,2030
2033,2026-10-08,600066,1.4840471744537354,False,2031
2034,2026-10-08,605338,1.4839503765106201,False,2032
2035,2026-10-08,002729,1.4832290410995483,False,2033
2036,2026-10-08,301000,1.4828116893768311,False,2034
2037,2026-10-08,300832,1.4818825721740723,False,2035
2038,2026-10-08,600380,1.4799623489379883,False,2036
2039,2026-10-08,300315,1.4790701866149902,False,2037
2040,2026-10-08,600561,1.4783852100372314,False,2038
2041,2026-10-08,603859,1.4783010482788086,False,2039
2042,2026-10-08,301516,1.4768495559692383,False,2040
2043,2026-10-08,688019,1.4767292737960815,False,2041
2044,2026-10-08,301102,1.4741657972335815,False,2042
2045,2026-10-08,003035,1.4736512899398804,False,2043
2046,2026-10-08,300972,1.4720487594604492,False,2044
2047,2026-10-08,000989,1.4719600677490234,False,2045
2048,2026-10-08,002078,1.4696614742279053,False,2046
2049,2026-10-08,300055,1.4680395126342773,False,2047
2050,2026-10-08,002596,1.4668353796005249,False,2048
2051,2026-10-08,688795,1.4662799835205078,False,2049
2052,2026-10-08,600658,1.4659329652786255,False,2050
2053,2026-10-08,002700,1.4648239612579346,False,2051
2054,2026-10-08,000757,1.4621837139129639,False,2052
2055,2026-10-08,301136,1.4617187976837158,False,2053
2056,2026-10-08,300626,1.4608312845230103,False,2054
2057,2026-10-08,001287,1.4603404998779297,False,2055
2058,2026-10-08,301039,1.4581855535507202,False,2056
2059,2026-10-08,688097,1.4560443162918091,False,2057
2060,2026-10-08,000785,1.4551491737365723,False,2058
2061,2026-10-08,300240,1.4529469013214111,False,2059
2062,2026-10-08,601000,1.4511219263076782,False,2060
2063,2026-10-08,600252,1.4505090713500977,False,2061
2064,2026-10-08,689009,1.4470351934432983,False,2062
2065,2026-10-08,603605,1.4459958076477051,False,2063
2066,2026-10-08,601186,1.4450240135192871,False,2064
2067,2026-10-08,000818,1.4429004192352295,False,2065
2068,2026-10-08,688568,1.4404027462005615,False,2066
2069,2026-10-08,000422,1.4380949735641479,False,2067
2070,2026-10-08,301256,1.4368166923522949,False,2068
2071,2026-10-08,301177,1.4348647594451904,False,2069
2072,2026-10-08,002079,1.4343688488006592,False,2070
2073,2026-10-08,002696,1.4312900304794312,False,2071
2074,2026-10-08,301131,1.4298560619354248,False,2072
2075,2026-10-08,002036,1.4298059940338135,False,2073
2076,2026-10-08,605228,1.4296550750732422,False,2074
2077,2026-10-08,603131,1.4281171560287476,False,2075
2078,2026-10-08,002576,1.4269893169403076,False,2076
2079,2026-10-08,301349,1.425269603729248,False,2077
2080,2026-10-08,603868,1.4241929054260254,False,2078
2081,2026-10-08,301090,1.4232256412506104,False,2079
2082,2026-10-08,300310,1.4218742847442627,False,2080
2083,2026-10-08,000821,1.4212803840637207,False,2081
2084,2026-10-08,300750,1.4204611778259277,False,2082
2085,2026-10-08,002842,1.4161114692687988,False,2083
2086,2026-10-08,301439,1.4117633104324341,False,2084
2087,2026-10-08,300705,1.4117324352264404,False,2085
2088,2026-10-08,000598,1.4104394912719727,False,2086
2089,2026-10-08,002448,1.4043817520141602,False,2087
2090,2026-10-08,000886,1.399936318397522,False,2088
2091,2026-10-08,000828,1.3992226123809814,False,2089
2092,2026-10-08,300818,1.3981105089187622,False,2090
2093,2026-10-08,301097,1.3965522050857544,False,2091
2094,2026-10-08,688498,1.3928332328796387,False,2092
2095,2026-10-08,601728,1.3907449245452881,False,2093
2096,2026-10-08,301517,1.388988733291626,False,2094
2097,2026-10-08,000690,1.3887314796447754,False,2095
2098,2026-10-08,002853,1.3878508806228638,False,2096
2099,2026-10-08,002356,1.386582612991333,False,2097
2100,2026-10-08,600710,1.386161208152771,False,2098
2101,2026-10-08,600055,1.3831841945648193,False,2099
2102,2026-10-08,002662,1.3797197341918945,False,2100
2103,2026-10-08,300937,1.3790936470031738,False,2101
2104,2026-10-08,300043,1.378353476524353,False,2102
2105,2026-10-08,601033,1.3781551122665405,False,2103
2106,2026-10-08,300519,1.3775434494018555,False,2104
2107,2026-10-08,300511,1.3752354383468628,False,2105
2108,2026-10-08,000810,1.3746436834335327,False,2106
2109,2026-10-08,002905,1.3735387325286865,False,2107
2110,2026-10-08,000333,1.3722645044326782,False,2108
2111,2026-10-08,301103,1.3704077005386353,False,2109
2112,2026-10-08,600016,1.3698548078536987,False,2110
2113,2026-10-08,601968,1.3664906024932861,False,2111
2114,2026-10-08,600985,1.366010308265686,False,2112
2115,2026-10-08,000531,1.3651266098022461,False,2113
2116,2026-10-08,002026,1.3639965057373047,False,2114
2117,2026-10-08,002402,1.3635644912719727,False,2115
2118,2026-10-08,600876,1.3634675741195679,False,2116
2119,2026-10-08,603063,1.3624873161315918,False,2117
2120,2026-10-08,600877,1.3623871803283691,False,2118
2121,2026-10-08,300999,1.361668586730957,False,2119
2122,2026-10-08,301216,1.3615504503250122,False,2120
2123,2026-10-08,002495,1.3581328392028809,False,2121
2124,2026-10-08,603816,1.3571075201034546,False,2122
2125,2026-10-08,300679,1.3555492162704468,False,2123
2126,2026-10-08,688118,1.3549339771270752,False,2124
2127,2026-10-08,603199,1.3536858558654785,False,2125
2128,2026-10-08,600100,1.3535140752792358,False,2126
2129,2026-10-08,600486,1.3523223400115967,False,2127
2130,2026-10-08,601668,1.3518277406692505,False,2128
2131,2026-10-08,300986,1.3510059118270874,False,2129
2132,2026-10-08,003000,1.3507966995239258,False,2130
2133,2026-10-08,300884,1.3506665229797363,False,2131
2134,2026-10-08,603055,1.3482012748718262,False,2132
2135,2026-10-08,688047,1.3474295139312744,False,2133
2136,2026-10-08,300784,1.342517614364624,False,2134
2137,2026-10-08,603260,1.3377666473388672,False,2135
2138,2026-10-08,688067,1.3355774879455566,False,2136
2139,2026-10-08,603273,1.3323630094528198,False,2137
2140,2026-10-08,603233,1.3312113285064697,False,2138
2141,2026-10-08,688169,1.3310188055038452,False,2139
2142,2026-10-08,002884,1.3304233551025391,False,2140
2143,2026-10-08,600585,1.3299641609191895,False,2141
2144,2026-10-08,002807,1.329737663269043,False,2142
2145,2026-10-08,001232,1.329017162322998,False,2143
2146,2026-10-08,601609,1.3289192914962769,False,2144
2147,2026-10-08,688411,1.3287789821624756,False,2145
2148,2026-10-08,002747,1.3283296823501587,False,2146
2149,2026-10-08,002857,1.3281992673873901,False,2147
2150,2026-10-08,000736,1.3275985717773438,False,2148
2151,2026-10-08,600025,1.3272433280944824,False,2149
2152,2026-10-08,000919,1.3246819972991943,False,2150
2153,2026-10-08,301076,1.3240430355072021,False,2151
2154,2026-10-08,600688,1.3240137100219727,False,2152
2155,2026-10-08,000715,1.3236157894134521,False,2153
2156,2026-10-08,603917,1.3203511238098145,False,2154
2157,2026-10-08,603193,1.3196916580200195,False,2155
2158,2026-10-08,300480,1.3164023160934448,False,2156
2159,2026-10-08,301011,1.3153818845748901,False,2157
2160,2026-10-08,688165,1.3152769804000854,False,2158
2161,2026-10-08,300940,1.3134042024612427,False,2159
2162,2026-10-08,600757,1.3127791881561279,False,2160
2163,2026-10-08,603138,1.3087083101272583,False,2161
2164,2026-10-08,300485,1.3079975843429565,False,2162
2165,2026-10-08,600938,1.3067435026168823,False,2163
2166,2026-10-08,601969,1.3065342903137207,False,2164
2167,2026-10-08,603759,1.3059033155441284,False,2165
2168,2026-10-08,301129,1.3056893348693848,False,2166
2169,2026-10-08,300559,1.3049148321151733,False,2167
2170,2026-10-08,002334,1.3039791584014893,False,2168
2171,2026-10-08,301159,1.299649715423584,False,2169
2172,2026-10-08,300355,1.2988725900650024,False,2170
2173,2026-10-08,301326,1.2985222339630127,False,2171
2174,2026-10-08,002863,1.2974884510040283,False,2172
2175,2026-10-08,603356,1.2939627170562744,False,2173
2176,2026-10-08,300521,1.293734073638916,False,2174
2177,2026-10-08,688088,1.2882254123687744,False,2175
2178,2026-10-08,002183,1.2877575159072876,False,2176
2179,2026-10-08,600589,1.2833547592163086,False,2177
2180,2026-10-08,600099,1.2829259634017944,False,2178
2181,2026-10-08,300941,1.2822401523590088,False,2179
2182,2026-10-08,002887,1.2818896770477295,False,2180
2183,2026-10-08,600522,1.2814544439315796,False,2181
2184,2026-10-08,300775,1.279559850692749,False,2182
2185,2026-10-08,603556,1.2784903049468994,False,2183
2186,2026-10-08,300270,1.2779161930084229,False,2184
2187,2026-10-08,600098,1.2767472267150879,False,2185
2188,2026-10-08,002305,1.2750263214111328,False,2186
2189,2026-10-08,301314,1.2718760967254639,False,2187
2190,2026-10-08,300971,1.271787166595459,False,2188
2191,2026-10-08,300796,1.2716805934906006,False,2189
2192,2026-10-08,603991,1.2704470157623291,False,2190
2193,2026-10-08,300152,1.269634485244751,False,2191
2194,2026-10-08,601919,1.2693828344345093,False,2192
2195,2026-10-08,002187,1.2688002586364746,False,2193
2196,2026-10-08,600515,1.2671500444412231,False,2194
2197,2026-10-08,600992,1.2636240720748901,False,2195
2198,2026-10-08,600053,1.2636207342147827,False,2196
2199,2026-10-08,300189,1.2619483470916748,False,2197
2200,2026-10-08,002442,1.261640191078186,False,2198
2201,2026-10-08,601898,1.2607698440551758,False,2199
2202,2026-10-08,688466,1.2605699300765991,False,2200
2203,2026-10-08,002585,1.2589480876922607,False,2201
2204,2026-10-08,601717,1.2574162483215332,False,2202
2205,2026-10-08,601388,1.2565333843231201,False,2203
2206,2026-10-08,300867,1.25534987449646,False,2204
2207,2026-10-08,600173,1.2544618844985962,False,2205
2208,2026-10-08,688699,1.2527624368667603,False,2206
2209,2026-10-08,300634,1.2525906562805176,False,2207
2210,2026-10-08,001358,1.2523462772369385,False,2208
2211,2026-10-08,002582,1.2513306140899658,False,2209
2212,2026-10-08,600653,1.2507517337799072,False,2210
2213,2026-10-08,603867,1.2506341934204102,False,2211
2214,2026-10-08,002493,1.2500276565551758,False,2212
2215,2026-10-08,603360,1.2473347187042236,False,2213
2216,2026-10-08,601598,1.2438867092132568,False,2214
2217,2026-10-08,603585,1.2433249950408936,False,2215
2218,2026-10-08,300140,1.2403690814971924,False,2216
2219,2026-10-08,002991,1.240113377571106,False,2217
2220,2026-10-08,002973,1.2391984462738037,False,2218
2221,2026-10-08,300743,1.2376775741577148,False,2219
2222,2026-10-08,603290,1.2352025508880615,False,2220
2223,2026-10-08,002877,1.233137845993042,False,2221
2224,2026-10-08,000837,1.2309190034866333,False,2222
2225,2026-10-08,688068,1.2298499345779419,False,2223
2226,2026-10-08,300225,1.2254923582077026,False,2224
2227,2026-10-08,600693,1.2219446897506714,False,2225
2228,2026-10-08,600210,1.2208638191223145,False,2226
2229,2026-10-08,001236,1.2181007862091064,False,2227
2230,2026-10-08,002237,1.2168464660644531,False,2228
2231,2026-10-08,300633,1.2163434028625488,False,2229
2232,2026-10-08,300418,1.2159180641174316,False,2230
2233,2026-10-08,600288,1.215430736541748,False,2231
2234,2026-10-08,001324,1.2145479917526245,False,2232
2235,2026-10-08,301223,1.2124745845794678,False,2233
2236,2026-10-08,688236,1.2109085321426392,False,2234
2237,2026-10-08,000520,1.2087575197219849,False,2235
2238,2026-10-08,002099,1.2083683013916016,False,2236
2239,2026-10-08,600080,1.207427978515625,False,2237
2240,2026-10-08,001395,1.2063335180282593,False,2238
2241,2026-10-08,688180,1.2053588628768921,False,2239
2242,2026-10-08,002542,1.2037453651428223,False,2240
2243,2026-10-08,600861,1.2017908096313477,False,2241
2244,2026-10-08,002992,1.2006227970123291,False,2242
2245,2026-10-08,300863,1.1988815069198608,False,2243
2246,2026-10-08,600620,1.1988050937652588,False,2244
2247,2026-10-08,002967,1.1974220275878906,False,2245
2248,2026-10-08,300184,1.1953138113021851,False,2246
2249,2026-10-08,002351,1.1950294971466064,False,2247
2250,2026-10-08,600575,1.192995548248291,False,2248
2251,2026-10-08,300416,1.1929426193237305,False,2249
2252,2026-10-08,300052,1.1924668550491333,False,2250
2253,2026-10-08,300054,1.1896536350250244,False,2251
2254,2026-10-08,688255,1.1881027221679688,False,2252
2255,2026-10-08,300724,1.1845346689224243,False,2253
2256,2026-10-08,002867,1.1841462850570679,False,2254
2257,2026-10-08,300656,1.1799249649047852,False,2255
2258,2026-10-08,301512,1.1799013614654541,False,2256
2259,2026-10-08,601163,1.1782793998718262,False,2257
2260,2026-10-08,603136,1.1780478954315186,False,2258
2261,2026-10-08,300286,1.1759169101715088,False,2259
2262,2026-10-08,600724,1.1745611429214478,False,2260
2263,2026-10-08,600460,1.1728059053421021,False,2261
2264,2026-10-08,002010,1.1676971912384033,False,2262
2265,2026-10-08,600106,1.1628273725509644,False,2263
2266,2026-10-08,000800,1.1618666648864746,False,2264
2267,2026-10-08,300326,1.1617310047149658,False,2265
2268,2026-10-08,301109,1.1587209701538086,False,2266
2269,2026-10-08,300481,1.158700704574585,False,2267
2270,2026-10-08,603706,1.1586312055587769,False,2268
2271,2026-10-08,603429,1.1581553220748901,False,2269
2272,2026-10-08,600623,1.1537936925888062,False,2270
2273,2026-10-08,600266,1.1526908874511719,False,2271
2274,2026-10-08,600028,1.1525599956512451,False,2272
2275,2026-10-08,600243,1.1507019996643066,False,2273
2276,2026-10-08,600780,1.1483721733093262,False,2274
2277,2026-10-08,002056,1.1473666429519653,False,2275
2278,2026-10-08,001277,1.1463525295257568,False,2276
2279,2026-10-08,300948,1.1452833414077759,False,2277
2280,2026-10-08,000035,1.1443638801574707,False,2278
2281,2026-10-08,600234,1.1434521675109863,False,2279
2282,2026-10-08,001218,1.1425659656524658,False,2280
2283,2026-10-08,002785,1.1417597532272339,False,2281
2284,2026-10-08,603005,1.1411656141281128,False,2282
2285,2026-10-08,000856,1.1408557891845703,False,2283
2286,2026-10-08,600916,1.1406854391098022,False,2284
2287,2026-10-08,605123,1.1405141353607178,False,2285
2288,2026-10-08,605286,1.1402038335800171,False,2286
2289,2026-10-08,600900,1.1391434669494629,False,2287
2290,2026-10-08,688813,1.1388310194015503,False,2288
2291,2026-10-08,601155,1.136925220489502,False,2289
2292,2026-10-08,000507,1.1345831155776978,False,2290
2293,2026-10-08,600197,1.1339144706726074,False,2291
2294,2026-10-08,300778,1.1332798004150391,False,2292
2295,2026-10-08,002727,1.1292960643768311,False,2293
2296,2026-10-08,002783,1.1285219192504883,False,2294
2297,2026-10-08,601222,1.1277109384536743,False,2295
2298,2026-10-08,000652,1.1247678995132446,False,2296
2299,2026-10-08,000933,1.124506950378418,False,2297
2300,2026-10-08,002200,1.1222667694091797,False,2298
2301,2026-10-08,688680,1.1207126379013062,False,2299
2302,2026-10-08,600262,1.1206573247909546,False,2300
2303,2026-10-08,601318,1.120131254196167,False,2301
2304,2026-10-08,002539,1.1199448108673096,False,2302
2305,2026-10-08,603648,1.1161936521530151,False,2303
2306,2026-10-08,603658,1.1160471439361572,False,2304
2307,2026-10-08,603206,1.1152069568634033,False,2305
2308,2026-10-08,600373,1.1139440536499023,False,2306
2309,2026-10-08,301001,1.1127011775970459,False,2307
2310,2026-10-08,300819,1.1115373373031616,False,2308
2311,2026-10-08,603535,1.111060619354248,False,2309
2312,2026-10-08,002170,1.1109427213668823,False,2310
2313,2026-10-08,603590,1.110905647277832,False,2311
2314,2026-10-08,301595,1.1107559204101562,False,2312
2315,2026-10-08,002549,1.110321044921875,False,2313
2316,2026-10-08,300146,1.109013557434082,False,2314
2317,2026-10-08,000761,1.1088646650314331,False,2315
2318,2026-10-08,600682,1.1053993701934814,False,2316
2319,2026-10-08,600859,1.1043639183044434,False,2317
2320,2026-10-08,002128,1.104275107383728,False,2318
2321,2026-10-08,688198,1.1042561531066895,False,2319
2322,2026-10-08,603239,1.1040654182434082,False,2320
2323,2026-10-08,002848,1.1016039848327637,False,2321
2324,2026-10-08,301320,1.0992242097854614,False,2322
2325,2026-10-08,300897,1.0979161262512207,False,2323
2326,2026-10-08,002714,1.0975686311721802,False,2324
2327,2026-10-08,300549,1.0964493751525879,False,2325
2328,2026-10-08,601865,1.094568133354187,False,2326
2329,2026-10-08,002864,1.0935122966766357,False,2327
2330,2026-10-08,000589,1.0926300287246704,False,2328
2331,2026-10-08,002593,1.0923974514007568,False,2329
2332,2026-10-08,003033,1.0914661884307861,False,2330
2333,2026-10-08,600666,1.0914528369903564,False,2331
2334,2026-10-08,600278,1.0911662578582764,False,2332
2335,2026-10-08,600203,1.0898458957672119,False,2333
2336,2026-10-08,300888,1.0873556137084961,False,2334
2337,2026-10-08,002488,1.085254430770874,False,2335
2338,2026-10-08,688695,1.0852165222167969,False,2336
2339,2026-10-08,688321,1.0838983058929443,False,2337
2340,2026-10-08,603191,1.077747106552124,False,2338
2341,2026-10-08,603215,1.0773059129714966,False,2339
2342,2026-10-08,000719,1.0767581462860107,False,2340
2343,2026-10-08,300620,1.0766081809997559,False,2341
2344,2026-10-08,000895,1.07557213306427,False,2342
2345,2026-10-08,603909,1.0740838050842285,False,2343
2346,2026-10-08,000923,1.0723510980606079,False,2344
2347,2026-10-08,002486,1.0696955919265747,False,2345
2348,2026-10-08,000720,1.0694775581359863,False,2346
2349,2026-10-08,603318,1.0680994987487793,False,2347
2350,2026-10-08,600502,1.0677766799926758,False,2348
2351,2026-10-08,601798,1.0669125318527222,False,2349
2352,2026-10-08,301179,1.064408540725708,False,2350
2353,2026-10-08,300349,1.0639818906784058,False,2351
2354,2026-10-08,300065,1.0638148784637451,False,2352
2355,2026-10-08,301308,1.0615451335906982,False,2353
2356,2026-10-08,300479,1.0605731010437012,False,2354
2357,2026-10-08,300539,1.0599120855331421,False,2355
2358,2026-10-08,002167,1.059589147567749,False,2356
2359,2026-10-08,002591,1.057941198348999,False,2357
2360,2026-10-08,000985,1.057232141494751,False,2358
2361,2026-10-08,601577,1.0527795553207397,False,2359
2362,2026-10-08,603382,1.0509037971496582,False,2360
2363,2026-10-08,300019,1.0497264862060547,False,2361
2364,2026-10-08,300510,1.0479559898376465,False,2362
2365,2026-10-08,301117,1.0450267791748047,False,2363
2366,2026-10-08,603032,1.0430879592895508,False,2364
2367,2026-10-08,301120,1.0422655344009399,False,2365
2368,2026-10-08,300281,1.0412695407867432,False,2366
2369,2026-10-08,605259,1.0408788919448853,False,2367
2370,2026-10-08,603226,1.0407946109771729,False,2368
2371,2026-10-08,002075,1.0400846004486084,False,2369
2372,2026-10-08,300824,1.0400022268295288,False,2370
2373,2026-10-08,300809,1.0370376110076904,False,2371
2374,2026-10-08,301287,1.035868763923645,False,2372
2375,2026-10-08,600455,1.0350902080535889,False,2373
2376,2026-10-08,000156,1.0314559936523438,False,2374
2377,2026-10-08,300906,1.0285232067108154,False,2375
2378,2026-10-08,000063,1.0272598266601562,False,2376
2379,2026-10-08,000088,1.0258446931838989,False,2377
2380,2026-10-08,002623,1.0257701873779297,False,2378
2381,2026-10-08,300652,1.0256142616271973,False,2379
2382,2026-10-08,688472,1.0253233909606934,False,2380
2383,2026-10-08,300844,1.0230544805526733,False,2381
2384,2026-10-08,600926,1.0200060606002808,False,2382
2385,2026-10-08,600649,1.0190773010253906,False,2383
2386,2026-10-08,000935,1.0182006359100342,False,2384
2387,2026-10-08,300160,1.0175740718841553,False,2385
2388,2026-10-08,603072,1.0170782804489136,False,2386
2389,2026-10-08,600775,1.011012077331543,False,2387
2390,2026-10-08,688081,1.0057404041290283,False,2388
2391,2026-10-08,301272,1.0044126510620117,False,2389
2392,2026-10-08,603166,1.0038406848907471,False,2390
2393,2026-10-08,603992,1.003408670425415,False,2391
2394,2026-10-08,000042,1.0029399394989014,False,2392
2395,2026-10-08,002544,1.0024341344833374,False,2393
2396,2026-10-08,603237,1.0022778511047363,False,2394
2397,2026-10-08,002452,0.99763369560241699,False,2395
2398,2026-10-08,002511,0.99713814258575439,False,2396
2399,2026-10-08,301589,0.99593842029571533,False,2397
2400,2026-10-08,600751,0.99321943521499634,False,2398
2401,2026-10-08,000059,0.99141663312911987,False,2399
2402,2026-10-08,002963,0.99100303649902344,False,2400
2403,2026-10-08,603987,0.99073314666748047,False,2401
2404,2026-10-08,301231,0.98942458629608154,False,2402
2405,2026-10-08,300557,0.98683744668960571,False,2403
2406,2026-10-08,300109,0.98643207550048828,False,2404
2407,2026-10-08,601298,0.98632264137268066,False,2405
2408,2026-10-08,600169,0.98432779312133789,False,2406
2409,2026-10-08,688023,0.98194462060928345,False,2407
2410,2026-10-08,600409,0.97801399230957031,False,2408
2411,2026-10-08,300022,0.97674369812011719,False,2409
2412,2026-10-08,601229,0.97564572095870972,False,2410
2413,2026-10-08,301277,0.97470653057098389,False,2411
2414,2026-10-08,603843,0.97226047515869141,False,2412
2415,2026-10-08,301135,0.97180557250976562,False,2413
2416,2026-10-08,688651,0.97124511003494263,False,2414
2417,2026-10-08,300900,0.97113251686096191,False,2415
2418,2026-10-08,601288,0.97111505270004272,False,2416
2419,2026-10-08,000936,0.97031772136688232,False,2417
2420,2026-10-08,300879,0.96928930282592773,False,2418
2421,2026-10-08,300453,0.96608412265777588,False,2419
2422,2026-10-08,002252,0.96262925863265991,False,2420
2423,2026-10-08,000809,0.96129816770553589,False,2421
2424,2026-10-08,300712,0.96011877059936523,False,2422
2425,2026-10-08,002775,0.95913469791412354,False,2423
2426,2026-10-08,300303,0.95833110809326172,False,2424
2427,2026-10-08,688113,0.95827734470367432,False,2425
2428,2026-10-08,688557,0.95705926418304443,False,2426
2429,2026-10-08,300289,0.95638638734817505,False,2427
2430,2026-10-08,600365,0.9510948657989502,False,2428
2431,2026-10-08,300760,0.95076090097427368,False,2429
2432,2026-10-08,603810,0.94669854640960693,False,2430
2433,2026-10-08,688166,0.94652736186981201,False,2431
2434,2026-10-08,301086,0.94620990753173828,False,2432
2435,2026-10-08,300193,0.9459991455078125,False,2433
2436,2026-10-08,601112,0.94429385662078857,False,2434
2437,2026-10-08,300881,0.94014441967010498,False,2435
2438,2026-10-08,603155,0.93820571899414062,False,2436
2439,2026-10-08,600011,0.93652880191802979,False,2437
2440,2026-10-08,301192,0.93403422832489014,False,2438
2441,2026-10-08,601156,0.93378764390945435,False,2439
2442,2026-10-08,688485,0.93110829591751099,False,2440
2443,2026-10-08,300357,0.93049019575119019,False,2441
2444,2026-10-08,000701,0.92945241928100586,False,2442
2445,2026-10-08,603883,0.92937588691711426,False,2443
2446,2026-10-08,603703,0.92864388227462769,False,2444
2447,2026-10-08,601330,0.9286348819732666,False,2445
2448,2026-10-08,300138,0.92655211687088013,False,2446
2449,2026-10-08,002554,0.92520010471343994,False,2447
2450,2026-10-08,603162,0.92405891418457031,False,2448
2451,2026-10-08,600984,0.92232918739318848,False,2449
2452,2026-10-08,688267,0.91923880577087402,False,2450
2453,2026-10-08,603195,0.91813862323760986,False,2451
2454,2026-10-08,300248,0.91793650388717651,False,2452
2455,2026-10-08,002748,0.91673374176025391,False,2453
2456,2026-10-08,603881,0.91652542352676392,False,2454
2457,2026-10-08,300218,0.91616988182067871,False,2455
2458,2026-10-08,603351,0.9149860143661499,False,2456
2459,2026-10-08,300435,0.91357219219207764,False,2457
2460,2026-10-08,300026,0.91094982624053955,False,2458
2461,2026-10-08,603786,0.91038662195205688,False,2459
2462,2026-10-08,002150,0.90881145000457764,False,2460
2463,2026-10-08,600370,0.90787780284881592,False,2461
2464,2026-10-08,003031,0.90784251689910889,False,2462
2465,2026-10-08,002381,0.90761005878448486,False,2463
2466,2026-10-08,300861,0.90519797801971436,False,2464
2467,2026-10-08,300302,0.9035906195640564,False,2465
2468,2026-10-08,603685,0.9027855396270752,False,2466
2469,2026-10-08,688075,0.90227222442626953,False,2467
2470,2026-10-08,600123,0.90215498208999634,False,2468
2471,2026-10-08,002400,0.89914095401763916,False,2469
2472,2026-10-08,601857,0.8984559178352356,False,2470
2473,2026-10-08,300614,0.8959120512008667,False,2471
2474,2026-10-08,600375,0.89440250396728516,False,2472
2475,2026-10-08,605151,0.88809096813201904,False,2473
2476,2026-10-08,002496,0.88522529602050781,False,2474
2477,2026-10-08,000001,0.88518428802490234,False,2475
2478,2026-10-08,688335,0.88478893041610718,False,2476
2479,2026-10-08,600054,0.88385778665542603,False,2477
2480,2026-10-08,603890,0.88201510906219482,False,2478
2481,2026-10-08,600332,0.88172835111618042,False,2479
2482,2026-10-08,600618,0.87972569465637207,False,2480
2483,2026-10-08,688700,0.87780582904815674,False,2481
2484,2026-10-08,002101,0.8771216869354248,False,2482
2485,2026-10-08,000863,0.87615936994552612,False,2483
2486,2026-10-08,300995,0.87577641010284424,False,2484
2487,2026-10-08,600773,0.87524330615997314,False,2485
2488,2026-10-08,688196,0.8746182918548584,True,
2489,2026-10-08,688516,0.8737332820892334,False,2486
2490,2026-10-08,688129,0.87352633476257324,False,2487
2491,2026-10-08,300238,0.87159860134124756,False,2488
2492,2026-10-08,688039,0.86952948570251465,False,2489
2493,2026-10-08,001379,0.86650687456130981,False,2490
2494,2026-10-08,603283,0.86469441652297974,False,2491
2495,2026-10-08,002035,0.86440205574035645,False,2492
2496,2026-10-08,688247,0.86399185657501221,False,2493
2497,2026-10-08,002358,0.86397230625152588,False,2494
2498,2026-10-08,300294,0.86394971609115601,False,2495
2499,2026-10-08,600227,0.86189234256744385,False,2496
2500,2026-10-08,603367,0.86166667938232422,False,2497
2501,2026-10-08,300161,0.86082422733306885,False,2498
2502,2026-10-08,002738,0.860431969165802,False,2499
2503,2026-10-08,688048,0.85661745071411133,False,2500
2504,2026-10-08,301393,0.85361146926879883,False,2501
2505,2026-10-08,688002,0.8532443642616272,False,2502
2506,2026-10-08,603071,0.85294759273529053,False,2503
2507,2026-10-08,301246,0.85277694463729858,False,2504
2508,2026-10-08,002133,0.85274642705917358,False,2505
2509,2026-10-08,600536,0.85019361972808838,False,2506
2510,2026-10-08,000825,0.84951287508010864,False,2507
2511,2026-10-08,600853,0.84903848171234131,False,2508
2512,2026-10-08,688151,0.84618937969207764,False,2509
2513,2026-10-08,002302,0.84598273038864136,False,2510
2514,2026-10-08,688561,0.84307265281677246,False,2511
2515,2026-10-08,601699,0.84282052516937256,False,2512
2516,2026-10-08,300412,0.8425832986831665,False,2513
2517,2026-10-08,300293,0.84016495943069458,False,2514
2518,2026-10-08,000404,0.83829069137573242,False,2515
2519,2026-10-08,300267,0.83811581134796143,False,2516
2520,2026-10-08,000882,0.83543741703033447,False,2517
2521,2026-10-08,300821,0.83472609519958496,False,2518
2522,2026-10-08,002014,0.83185601234436035,False,2519
2523,2026-10-08,300533,0.82929742336273193,False,2520
2524,2026-10-08,688153,0.82803976535797119,False,2521
2525,2026-10-08,301068,0.82470101118087769,False,2522
2526,2026-10-08,300242,0.82184863090515137,False,2523
2527,2026-10-08,688799,0.8215910792350769,False,2524
2528,2026-10-08,688162,0.82126808166503906,False,2525
2529,2026-10-08,000917,0.82103997468948364,False,2526
2530,2026-10-08,002587,0.81691813468933105,False,2527
2531,2026-10-08,600817,0.81419241428375244,False,2528
2532,2026-10-08,600967,0.8141791820526123,False,2529
2533,2026-10-08,301361,0.81320226192474365,False,2530
2534,2026-10-08,301202,0.8130335807800293,False,2531
2535,2026-10-08,601339,0.81076729297637939,False,2532
2536,2026-10-08,603988,0.80730652809143066,False,2533
2537,2026-10-08,605028,0.80561268329620361,False,2534
2538,2026-10-08,300601,0.80490350723266602,False,2535
2539,2026-10-08,301296,0.80367165803909302,False,2536
2540,2026-10-08,002368,0.80329751968383789,False,2537
2541,2026-10-08,688261,0.80176788568496704,False,2538
2542,2026-10-08,300678,0.79782134294509888,False,2539
2543,2026-10-08,301503,0.79729104042053223,False,2540
2544,2026-10-08,301421,0.79576569795608521,False,2541
2545,2026-10-08,002777,0.79549562931060791,False,2542
2546,2026-10-08,001335,0.79162484407424927,False,2543
2547,2026-10-08,002378,0.79096925258636475,False,2544
2548,2026-10-08,300206,0.79022574424743652,False,2545
2549,2026-10-08,600512,0.7889479398727417,False,2546
2550,2026-10-08,688299,0.78869050741195679,False,2547
2551,2026-10-08,002666,0.78830832242965698,False,2548
2552,2026-10-08,601608,0.7871018648147583,False,2549
2553,2026-10-08,600118,0.78389263153076172,False,2550
2554,2026-10-08,600655,0.78321844339370728,False,2551
2555,2026-10-08,301567,0.7824397087097168,False,2552
2556,2026-10-08,002138,0.78080791234970093,False,2553
2557,2026-10-08,688330,0.78038525581359863,False,2554
2558,2026-10-08,603712,0.77770566940307617,False,2555
2559,2026-10-08,002899,0.77484607696533203,False,2556
2560,2026-10-08,300463,0.7735099196434021,False,2557
2561,2026-10-08,300047,0.77331197261810303,False,2558
2562,2026-10-08,002243,0.7728273868560791,False,2559
2563,2026-10-08,001213,0.77230310440063477,False,2560
2564,2026-10-08,002540,0.76991128921508789,False,2561
2565,2026-10-08,300144,0.76849746704101562,False,2562
2566,2026-10-08,600973,0.76687169075012207,False,2563
2567,2026-10-08,688777,0.76376146078109741,False,2564
2568,2026-10-08,601236,0.76256304979324341,False,2565
2569,2026-10-08,002523,0.75918292999267578,False,2566
2570,2026-10-08,002943,0.75732159614562988,False,2567
2571,2026-10-08,300334,0.75668621063232422,False,2568
2572,2026-10-08,300639,0.75515002012252808,False,2569
2573,2026-10-08,603159,0.75488924980163574,False,2570
2574,2026-10-08,600602,0.7543485164642334,False,2571
2575,2026-10-08,000920,0.75398951768875122,False,2572
2576,2026-10-08,601009,0.74938207864761353,False,2573
2577,2026-10-08,600052,0.74925529956817627,False,2574
2578,2026-10-08,300959,0.74906057119369507,False,2575
2579,2026-10-08,603312,0.74732387065887451,False,2576
2580,2026-10-08,300466,0.74679577350616455,False,2577
2581,2026-10-08,301215,0.74613702297210693,False,2578
2582,2026-10-08,301696,0.74517285823822021,False,2579
2583,2026-10-08,600299,0.74451100826263428,False,2580
2584,2026-10-08,002507,0.74362897872924805,False,2581
2585,2026-10-08,603212,0.74226713180541992,False,2582
2586,2026-10-08,002538,0.73988300561904907,False,2583
2587,2026-10-08,688045,0.73901528120040894,False,2584
2588,2026-10-08,688083,0.73885691165924072,False,2585
2589,2026-10-08,603505,0.73446613550186157,False,2586
2590,2026-10-08,688058,0.7325890064239502,False,2587
2591,2026-10-08,688318,0.73256087303161621,False,2588
2592,2026-10-08,688246,0.72938692569732666,False,2589
2593,2026-10-08,300873,0.72864460945129395,False,2590
2594,2026-10-08,002332,0.72769767045974731,False,2591
2595,2026-10-08,002105,0.72678887844085693,False,2592
2596,2026-10-08,300808,0.72540998458862305,False,2593
2597,2026-10-08,600875,0.72536534070968628,False,2594
2598,2026-10-08,601328,0.72223246097564697,False,2595
2599,2026-10-08,688577,0.72210133075714111,False,2596
2600,2026-10-08,300598,0.72175216674804688,False,2597
2601,2026-10-08,000776,0.72124063968658447,False,2598
2602,2026-10-08,003017,0.72117048501968384,False,2599
2603,2026-10-08,300401,0.71989190578460693,False,2600
2604,2026-10-08,605287,0.71539080142974854,False,2601
2605,2026-10-08,300542,0.71416819095611572,False,2602
2606,2026-10-08,688521,0.71257936954498291,False,2603
2607,2026-10-08,301163,0.70865398645401001,False,2604
2608,2026-10-08,600797,0.70670509338378906,False,2605
2609,2026-10-08,688787,0.70219731330871582,False,2606
2610,2026-10-08,688458,0.69980025291442871,False,2607
2611,2026-10-08,001390,0.69928646087646484,False,2608
2612,2026-10-08,001386,0.69829678535461426,False,2609
2613,2026-10-08,600507,0.6970897912979126,False,2610
2614,2026-10-08,600031,0.69381970167160034,False,2611
2615,2026-10-08,603596,0.69274818897247314,False,2612
2616,2026-10-08,002034,0.68995344638824463,False,2613
2617,2026-10-08,600624,0.68710243701934814,False,2614
2618,2026-10-08,688687,0.68616867065429688,False,2615
2619,2026-10-08,600331,0.68328392505645752,False,2616
2620,2026-10-08,000860,0.68309897184371948,False,2617
2621,2026-10-08,002603,0.68223941326141357,False,2618
2622,2026-10-08,301293,0.67667829990386963,False,2619
2623,2026-10-08,002123,0.67535805702209473,False,2620
2624,2026-10-08,603091,0.67517983913421631,False,2621
2625,2026-10-08,002165,0.67504423856735229,False,2622
2626,2026-10-08,600873,0.67404276132583618,False,2623
2627,2026-10-08,000711,0.67401659488677979,False,2624
2628,2026-10-08,600728,0.673378586769104,False,2625
2629,2026-10-08,301331,0.67261433601379395,False,2626
2630,2026-10-08,301101,0.67010724544525146,False,2627
2631,2026-10-08,600990,0.66985559463500977,False,2628
2632,2026-10-08,600133,0.66960382461547852,False,2629
2633,2026-10-08,300439,0.66616261005401611,False,2630
2634,2026-10-08,000951,0.66615426540374756,False,2631
2635,2026-10-08,002759,0.66527163982391357,False,2632
2636,2026-10-08,603848,0.66115671396255493,False,2633
2637,2026-10-08,688219,0.66066771745681763,False,2634
2638,2026-10-08,300231,0.66006940603256226,False,2635
2639,2026-10-08,002221,0.65997791290283203,False,2636
2640,2026-10-08,300188,0.65808123350143433,False,2637
2641,2026-10-08,603048,0.65783905982971191,False,2638
2642,2026-10-08,600238,0.65699350833892822,False,2639
2643,2026-10-08,688161,0.65686690807342529,False,2640
2644,2026-10-08,603214,0.65638792514801025,False,2641
2645,2026-10-08,688338,0.65614521503448486,False,2642
2646,2026-10-08,002798,0.65475720167160034,False,2643
2647,2026-10-08,002941,0.65128558874130249,False,2644
2648,2026-10-08,688776,0.65050613880157471,False,2645
2649,2026-10-08,000037,0.64572352170944214,False,2646
2650,2026-10-08,300247,0.6456109881401062,False,2647
2651,2026-10-08,000892,0.64349013566970825,False,2648
2652,2026-10-08,600493,0.63825440406799316,False,2649
2653,2026-10-08,600529,0.6375812292098999,False,2650
2654,2026-10-08,000631,0.63509511947631836,False,2651
2655,2026-10-08,002892,0.63478302955627441,False,2652
2656,2026-10-08,300388,0.63377737998962402,False,2653
2657,2026-10-08,603566,0.63259506225585938,False,2654
2658,2026-10-08,002020,0.63208520412445068,False,2655
2659,2026-10-08,301258,0.63135027885437012,False,2656
2660,2026-10-08,688722,0.62962460517883301,False,2657
2661,2026-10-08,300007,0.62896305322647095,False,2658
2662,2026-10-08,688189,0.62521255016326904,False,2659
2663,2026-10-08,000547,0.62456202507019043,False,2660
2664,2026-10-08,002635,0.62226974964141846,False,2661
2665,2026-10-08,301601,0.62130570411682129,False,2662
2666,2026-10-08,603344,0.61741906404495239,False,2663
2667,2026-10-08,002809,0.61733365058898926,False,2664
2668,2026-10-08,603357,0.61668872833251953,False,2665
2669,2026-10-08,600351,0.61209440231323242,False,2666
2670,2026-10-08,600897,0.61161661148071289,False,2667
2671,2026-10-08,300935,0.6092534065246582,False,2668
2672,2026-10-08,300973,0.60887563228607178,False,2669
2673,2026-10-08,000898,0.608207106590271,False,2670
2674,2026-10-08,002077,0.60579544305801392,False,2671
2675,2026-10-08,688120,0.60498940944671631,False,2672
2676,2026-10-08,601007,0.60390686988830566,False,2673
2677,2026-10-08,300988,0.60172206163406372,False,2674
2678,2026-10-08,600983,0.59885883331298828,False,2675
2679,2026-10-08,002387,0.59871745109558105,False,2676
2680,2026-10-08,605589,0.59685301780700684,False,2677
2681,2026-10-08,603776,0.59658294916152954,False,2678
2682,2026-10-08,688334,0.59595036506652832,False,2679
2683,2026-10-08,000786,0.59395980834960938,False,2680
2684,2026-10-08,301170,0.59318399429321289,False,2681
2685,2026-10-08,300635,0.59269261360168457,False,2682
2686,2026-10-08,300930,0.59107458591461182,False,2683
2687,2026-10-08,603120,0.58746981620788574,False,2684
2688,2026-10-08,301510,0.58606636524200439,False,2685
2689,2026-10-08,605166,0.5857703685760498,False,2686
2690,2026-10-08,600071,0.58547341823577881,False,2687
2691,2026-10-08,603886,0.58368402719497681,False,2688
2692,2026-10-08,600546,0.58232146501541138,False,2689
2693,2026-10-08,002859,0.5813257098197937,False,2690
2694,2026-10-08,688598,0.580710768699646,False,2691
2695,2026-10-08,600137,0.58068406581878662,False,2692
2696,2026-10-08,300833,0.57851850986480713,False,2693
2697,2026-10-08,603969,0.5768362283706665,False,2694
2698,2026-10-08,002386,0.57519853115081787,False,2695
2699,2026-10-08,600712,0.57512348890304565,False,2696
2700,2026-10-08,600176,0.57447731494903564,False,2697
2701,2026-10-08,002122,0.57278198003768921,False,2698
2702,2026-10-08,300611,0.57228660583496094,False,2699
2703,2026-10-08,002108,0.57147336006164551,False,2700
2704,2026-10-08,603345,0.56715518236160278,False,2701
2705,2026-10-08,301162,0.56685936450958252,False,2702
2706,2026-10-08,605090,0.56532657146453857,False,2703
2707,2026-10-08,002889,0.56290638446807861,False,2704
2708,2026-10-08,301180,0.56266230344772339,False,2705
2709,2026-10-08,603977,0.56140589714050293,False,2706
2710,2026-10-08,300099,0.56113433837890625,False,2707
2711,2026-10-08,300983,0.55948472023010254,False,2708
2712,2026-10-08,002971,0.55847907066345215,False,2709
2713,2026-10-08,600981,0.5565255880355835,False,2710
2714,2026-10-08,600284,0.55605465173721313,False,2711
2715,2026-10-08,301121,0.555824875831604,False,2712
2716,2026-10-08,000930,0.55265671014785767,False,2713
2717,2026-10-08,000009,0.55246877670288086,False,2714
2718,2026-10-08,000881,0.55232071876525879,False,2715
2719,2026-10-08,300410,0.55089586973190308,False,2716
2720,2026-10-08,300594,0.55002975463867188,False,2717
2721,2026-10-08,600490,0.54993724822998047,False,2718
2722,2026-10-08,301281,0.54715657234191895,False,2719
2723,2026-10-08,002223,0.54597342014312744,False,2720
2724,2026-10-08,600927,0.54462778568267822,False,2721
2725,2026-10-08,300856,0.54364591836929321,False,2722
2726,2026-10-08,002441,0.54228496551513672,False,2723
2727,2026-10-08,002310,0.54128158092498779,False,2724
2728,2026-10-08,301189,0.53958308696746826,False,2725
2729,2026-10-08,002708,0.53900647163391113,False,2726
2730,2026-10-08,600397,0.53751838207244873,False,2727
2731,2026-10-08,603667,0.53739380836486816,False,2728
2732,2026-10-08,600382,0.5373719334602356,False,2729
2733,2026-10-08,600760,0.53722083568572998,False,2730
2734,2026-10-08,300523,0.53561902046203613,False,2731
2735,2026-10-08,002541,0.53482037782669067,False,2732
2736,2026-10-08,002880,0.53466510772705078,False,2733
2737,2026-10-08,002902,0.53207182884216309,False,2734
2738,2026-10-08,301491,0.52878475189208984,False,2735
2739,2026-10-08,603955,0.52731263637542725,False,2736
2740,2026-10-08,002858,0.52528882026672363,False,2737
2741,2026-10-08,600588,0.52463847398757935,False,2738
2742,2026-10-08,688050,0.52319324016571045,False,2739
2743,2026-10-08,002870,0.52188032865524292,False,2740
2744,2026-10-08,603173,0.5202823281288147,False,2741
2745,2026-10-08,002651,0.51811283826828003,False,2742
2746,2026-10-08,603110,0.51766717433929443,False,2743
2747,2026-10-08,300787,0.51585507392883301,False,2744
2748,2026-10-08,301031,0.51529878377914429,False,2745
2749,2026-10-08,301563,0.51474446058273315,False,2746
2750,2026-10-08,603014,0.51216840744018555,False,2747
2751,2026-10-08,301508,0.51208347082138062,False,2748
2752,2026-10-08,000567,0.5117146372795105,False,2749
2753,2026-10-08,600009,0.51070225238800049,False,2750
2754,2026-10-08,600753,0.50974905490875244,False,2751
2755,2026-10-08,688549,0.50938904285430908,False,2752
2756,2026-10-08,603100,0.50880593061447144,False,2753
2757,2026-10-08,600654,0.50644302368164062,False,2754
2758,2026-10-08,300891,0.50542783737182617,False,2755
2759,2026-10-08,300777,0.50421339273452759,False,2756
2760,2026-10-08,600908,0.50361120700836182,False,2757
2761,2026-10-08,688327,0.50251114368438721,False,2758
2762,2026-10-08,300232,0.50224238634109497,False,2759
2763,2026-10-08,301267,0.50222921371459961,False,2760
2764,2026-10-08,600420,0.50056672096252441,False,2761
2765,2026-10-08,301459,0.50011879205703735,False,2762
2766,2026-10-08,002559,0.49708518385887146,False,2763
2767,2026-10-08,600051,0.49486029148101807,False,2764
2768,2026-10-08,605086,0.49304425716400146,False,2765
2769,2026-10-08,300433,0.48939454555511475,False,2766
2770,2026-10-08,001311,0.48866122961044312,False,2767
2771,2026-10-08,300084,0.48610267043113708,False,2768
2772,2026-10-08,000096,0.48572239279747009,False,2769
2773,2026-10-08,300287,0.48238676786422729,False,2770
2774,2026-10-08,688280,0.48068729043006897,False,2771
2775,2026-10-08,003015,0.48039025068283081,False,2772
2776,2026-10-08,301260,0.48001247644424438,False,2773
2777,2026-10-08,000927,0.47897350788116455,False,2774
2778,2026-10-08,002266,0.47763454914093018,False,2775
2779,2026-10-08,300793,0.47601109743118286,False,2776
2780,2026-10-08,300899,0.47594475746154785,False,2777
2781,2026-10-08,605368,0.47447562217712402,False,2778
2782,2026-10-08,600557,0.47440159320831299,False,2779
2783,2026-10-08,603998,0.47112059593200684,False,2780
2784,2026-10-08,002019,0.46722710132598877,False,2781
2785,2026-10-08,688070,0.46388161182403564,False,2782
2786,2026-10-08,002160,0.46261394023895264,False,2783
2787,2026-10-08,605116,0.46185311675071716,False,2784
2788,2026-10-08,300220,0.46157610416412354,False,2785
2789,2026-10-08,002829,0.45960849523544312,False,2786
2790,2026-10-08,688388,0.45842522382736206,False,2787
2791,2026-10-08,603049,0.45430374145507812,False,2788
2792,2026-10-08,600057,0.45322674512863159,False,2789
2793,2026-10-08,603876,0.45301610231399536,False,2790
2794,2026-10-08,000008,0.45181608200073242,False,2791
2795,2026-10-08,002916,0.45146864652633667,False,2792
2796,2026-10-08,600183,0.44942319393157959,False,2793
2797,2026-10-08,603333,0.44845801591873169,False,2794
2798,2026-10-08,000950,0.44699609279632568,False,2795
2799,2026-10-08,600970,0.4451601505279541,False,2796
2800,2026-10-08,603217,0.44445791840553284,False,2797
2801,2026-10-08,300425,0.43632698059082031,False,2798
2802,2026-10-08,300622,0.43558764457702637,False,2799
2803,2026-10-08,300229,0.43447300791740417,False,2800
2804,2026-10-08,000045,0.43319416046142578,False,2801
2805,2026-10-08,002149,0.43009424209594727,False,2802
2806,2026-10-08,000657,0.42984455823898315,False,2803
2807,2026-10-08,688488,0.42900800704956055,False,2804
2808,2026-10-08,688522,0.42780160903930664,False,2805
2809,2026-10-08,600508,0.42287814617156982,False,2806
2810,2026-10-08,300402,0.42159795761108398,False,2807
2811,2026-10-08,688201,0.42135137319564819,False,2808
2812,2026-10-08,002968,0.42023557424545288,False,2809
2813,2026-10-08,603501,0.42022699117660522,False,2810
2814,2026-10-08,688159,0.4191817045211792,False,2811
2815,2026-10-08,001333,0.41794502735137939,False,2812
2816,2026-10-08,603396,0.41706985235214233,False,2813
2817,2026-10-08,000607,0.41650950908660889,False,2814
2818,2026-10-08,688182,0.4160037636756897,False,2815
2819,2026-10-08,600862,0.41465479135513306,False,2816
2820,2026-10-08,601966,0.4136202335357666,False,2817
2821,2026-10-08,301175,0.41197198629379272,False,2818
2822,2026-10-08,002007,0.4106518030166626,False,2819
2823,2026-10-08,600909,0.40962469577789307,False,2820
2824,2026-10-08,300039,0.40885698795318604,False,2821
2825,2026-10-08,600179,0.40800508856773376,False,2822
2826,2026-10-08,000661,0.40562313795089722,False,2823
2827,2026-10-08,002966,0.40549910068511963,False,2824
2828,2026-10-08,300541,0.40512901544570923,False,2825
2829,2026-10-08,688117,0.40455281734466553,False,2826
2830,2026-10-08,600231,0.40438523888587952,False,2827
2831,2026-10-08,002424,0.40433523058891296,False,2828
2832,2026-10-08,600563,0.40319156646728516,False,2829
2833,2026-10-08,600795,0.40238839387893677,False,2830
2834,2026-10-08,002168,0.40017473697662354,False,2831
2835,2026-10-08,000538,0.39963042736053467,False,2832
2836,2026-10-08,300771,0.39919191598892212,False,2833
2837,2026-10-08,002287,0.39884829521179199,False,2834
2838,2026-10-08,601106,0.39729505777359009,False,2835
2839,2026-10-08,688589,0.39678934216499329,False,2836
2840,2026-10-08,300237,0.39605847001075745,False,2837
2841,2026-10-08,301123,0.39285147190093994,False,2838
2842,2026-10-08,002413,0.38897442817687988,False,2839
2843,2026-10-08,600116,0.387856125831604,False,2840
2844,2026-10-08,601100,0.385527104139328,False,2841
2845,2026-10-08,600058,0.38248202204704285,False,2842
2846,2026-10-08,600639,0.3819732666015625,False,2843
2847,2026-10-08,600691,0.37959456443786621,False,2844
2848,2026-10-08,002311,0.37686717510223389,False,2845
2849,2026-10-08,600901,0.37635213136672974,False,2846
2850,2026-10-08,000922,0.36446243524551392,False,2847
2851,2026-10-08,688195,0.36206281185150146,False,2848
2852,2026-10-08,300255,0.35677409172058105,False,2849
2853,2026-10-08,300805,0.35446745157241821,False,2850
2854,2026-10-08,688636,0.35301512479782104,False,2851
2855,2026-10-08,603256,0.35149312019348145,False,2852
2856,2026-10-08,000960,0.35032856464385986,False,2853
2857,2026-10-08,600850,0.34906572103500366,False,2854
2858,2026-10-08,002634,0.34844964742660522,False,2855
2859,2026-10-08,000782,0.34701448678970337,False,2856
2860,2026-10-08,002397,0.34631586074829102,False,2857
2861,2026-10-08,600523,0.34480774402618408,False,2858
2862,2026-10-08,600628,0.34441792964935303,False,2859
2863,2026-10-08,001308,0.34387540817260742,False,2860
2864,2026-10-08,603305,0.33761420845985413,False,2861
2865,2026-10-08,300411,0.33595961332321167,False,2862
2866,2026-10-08,003039,0.33439177274703979,False,2863
2867,2026-10-08,603948,0.33437332510948181,False,2864
2868,2026-10-08,688811,0.33299285173416138,False,2865
2869,2026-10-08,002753,0.33285748958587646,False,2866
2870,2026-10-08,301379,0.33240139484405518,False,2867
2871,2026-10-08,600298,0.32845926284790039,False,2868
2872,2026-10-08,301501,0.32753324508666992,False,2869
2873,2026-10-08,000656,0.32724916934967041,False,2870
2874,2026-10-08,001211,0.32068121433258057,False,2871
2875,2026-10-08,002085,0.31330588459968567,False,2872
2876,2026-10-08,300321,0.31111669540405273,False,2873
2877,2026-10-08,688475,0.31084311008453369,False,2874
2878,2026-10-08,605365,0.30684590339660645,False,2875
2879,2026-10-08,300004,0.30324733257293701,False,2876
2880,2026-10-08,688575,0.3014754056930542,False,2877
2881,2026-10-08,688253,0.30128812789916992,False,2878
2882,2026-10-08,002822,0.29962754249572754,False,2879
2883,2026-10-08,603829,0.2963407039642334,False,2880
2884,2026-10-08,600871,0.29447096586227417,False,2881
2885,2026-10-08,600309,0.29369306564331055,False,2882
2886,2026-10-08,688727,0.29322981834411621,False,2883
2887,2026-10-08,300595,0.2905103862285614,False,2884
2888,2026-10-08,600308,0.28754162788391113,False,2885
2889,2026-10-08,002685,0.2873682975769043,False,2886
2890,2026-10-08,601818,0.28661623597145081,False,2887
2891,2026-10-08,603713,0.28581708669662476,False,2888
2892,2026-10-08,002037,0.2853514552116394,False,2889
2893,2026-10-08,605318,0.28194341063499451,False,2890
2894,2026-10-08,300800,0.2810286283493042,False,2891
2895,2026-10-08,301276,0.28087174892425537,False,2892
2896,2026-10-08,601816,0.2784765362739563,False,2893
2897,2026-10-08,300921,0.27685794234275818,False,2894
2898,2026-10-08,603995,0.27594596147537231,False,2895
2899,2026-10-08,300228,0.27504384517669678,False,2896
2900,2026-10-08,300699,0.27430877089500427,False,2897
2901,2026-10-08,300885,0.27085137367248535,False,2898
2902,2026-10-08,600894,0.27075842022895813,False,2899
2903,2026-10-08,688395,0.2703743577003479,False,2900
2904,2026-10-08,600422,0.2702782154083252,False,2901
2905,2026-10-08,001367,0.26935461163520813,False,2902
2906,2026-10-08,688584,0.26878917217254639,False,2903
2907,2026-10-08,600704,0.26825463771820068,False,2904
2908,2026-10-08,301113,0.26737618446350098,False,2905
2909,2026-10-08,002001,0.26737168431282043,False,2906
2910,2026-10-08,688576,0.26681637763977051,False,2907
2911,2026-10-08,300259,0.26681578159332275,False,2908
2912,2026-10-08,603515,0.26437568664550781,False,2909
2913,2026-10-08,688563,0.26238870620727539,False,2910
2914,2026-10-08,600708,0.25988662242889404,False,2911
2915,2026-10-08,000028,0.25699400901794434,False,2912
2916,2026-10-08,603197,0.25645160675048828,False,2913
2917,2026-10-08,601226,0.25115931034088135,False,2914
2918,2026-10-08,601199,0.25104716420173645,False,2915
2919,2026-10-08,603169,0.24988085031509399,False,2916
2920,2026-10-08,002583,0.24935871362686157,False,2917
2921,2026-10-08,301668,0.24793517589569092,False,2918
2922,2026-10-08,300694,0.2464275062084198,False,2919
2923,2026-10-08,603276,0.24509648978710175,False,2920
2924,2026-10-08,002048,0.24416542053222656,False,2921
2925,2026-10-08,300962,0.24406319856643677,False,2922
2926,2026-10-08,300434,0.24126303195953369,False,2923
2927,2026-10-08,002429,0.24066126346588135,False,2924
2928,2026-10-08,605066,0.23987704515457153,False,2925
2929,2026-10-08,601089,0.23897111415863037,False,2926
2930,2026-10-08,688548,0.23824405670166016,False,2927
2931,2026-10-08,002641,0.23655521869659424,False,2928
2932,2026-10-08,600343,0.23378807306289673,False,2929
2933,2026-10-08,300654,0.23251873254776001,False,2930
2934,2026-10-08,600580,0.22813117504119873,False,2931
2935,2026-10-08,600000,0.22714903950691223,False,2932
2936,2026-10-08,300507,0.22628235816955566,False,2933
2937,2026-10-08,002760,0.22533208131790161,False,2934
2938,2026-10-08,601666,0.22441685199737549,False,2935
2939,2026-10-08,301211,0.22391065955162048,False,2936
2940,2026-10-08,000036,0.22290037572383881,False,2937
2941,2026-10-08,603520,0.21764764189720154,False,2938
2942,2026-10-08,601838,0.21751570701599121,False,2939
2943,2026-10-08,002633,0.21686643362045288,False,2940
2944,2026-10-08,000544,0.21223306655883789,False,2941
2945,2026-10-08,300066,0.21092504262924194,False,2942
2946,2026-10-08,601607,0.20751002430915833,False,2943
2947,2026-10-08,301165,0.20631971955299377,False,2944
2948,2026-10-08,600150,0.20388871431350708,False,2945
2949,2026-10-08,600339,0.20286586880683899,False,2946
2950,2026-10-08,300092,0.19978785514831543,False,2947
2951,2026-10-08,300851,0.19947171211242676,False,2948
2952,2026-10-08,600495,0.19903546571731567,False,2949
2953,2026-10-08,603985,0.19787561893463135,False,2950
2954,2026-10-08,601636,0.19756448268890381,False,2951
2955,2026-10-08,300564,0.19357287883758545,False,2952
2956,2026-10-08,300529,0.19169139862060547,False,2953
2957,2026-10-08,600285,0.18904972076416016,False,2954
2958,2026-10-08,301199,0.18717968463897705,False,2955
2959,2026-10-08,002625,0.18576687574386597,False,2956
2960,2026-10-08,688626,0.18479269742965698,False,2957
2961,2026-10-08,603893,0.18188381195068359,False,2958
2962,2026-10-08,688509,0.17905449867248535,False,2959
2963,2026-10-08,688560,0.17376422882080078,False,2960
2964,2026-10-08,600329,0.17338263988494873,False,2961
2965,2026-10-08,688007,0.1708722710609436,False,2962
2966,2026-10-08,600178,0.1703447699546814,False,2963
2967,2026-10-08,300272,0.17030680179595947,False,2964
2968,2026-10-08,002586,0.16881334781646729,False,2965
2969,2026-10-08,301552,0.16739875078201294,False,2966
2970,2026-10-08,688360,0.16191112995147705,False,2967
2971,2026-10-08,300396,0.1605374813079834,False,2968
2972,2026-10-08,300201,0.15969827771186829,False,2969
2973,2026-10-08,300631,0.15915422141551971,False,2970
2974,2026-10-08,300628,0.15870189666748047,False,2971
2975,2026-10-08,002482,0.15806937217712402,False,2972
2976,2026-10-08,002598,0.15775513648986816,False,2973
2977,2026-10-08,003003,0.15637302398681641,False,2974
2978,2026-10-08,301292,0.15337705612182617,False,2975
2979,2026-10-08,002692,0.1524064838886261,False,2976
2980,2026-10-08,300758,0.1520719975233078,False,2977
2981,2026-10-08,301259,0.15131217241287231,False,2978
2982,2026-10-08,600216,0.14887654781341553,False,2979
2983,2026-10-08,000831,0.14629524946212769,False,2980
2984,2026-10-08,603858,0.14142537117004395,False,2981
2985,2026-10-08,603887,0.13713473081588745,False,2982
2986,2026-10-08,600527,0.13529306650161743,False,2983
2987,2026-10-08,301278,0.13428252935409546,False,2984
2988,2026-10-08,002186,0.13376954197883606,False,2985
2989,2026-10-08,300213,0.13100570440292358,False,2986
2990,2026-10-08,603170,0.1304398775100708,False,2987
2991,2026-10-08,300957,0.12944269180297852,False,2988
2992,2026-10-08,002901,0.12789483368396759,False,2989
2993,2026-10-08,600439,0.12570047378540039,False,2990
2994,2026-10-08,300605,0.12562674283981323,False,2991
2995,2026-10-08,688114,0.12534767389297485,False,2992
2996,2026-10-08,002823,0.12483572959899902,False,2993
2997,2026-10-08,002090,0.12278401851654053,False,2994
2998,2026-10-08,001203,0.12235820293426514,False,2995
2999,2026-10-08,300121,0.1189008355140686,False,2996
3000,2026-10-08,000862,0.11829030513763428,False,2997
3001,2026-10-08,688038,0.11672234535217285,False,2998
3002,2026-10-08,603898,0.11536121368408203,False,2999
3003,2026-10-08,600559,0.11390510201454163,False,3000
3004,2026-10-08,301053,0.11372955143451691,False,3001
3005,2026-10-08,600690,0.11341685056686401,False,3002
3006,2026-10-08,600810,0.11302030086517334,False,3003
3007,2026-10-08,600939,0.11069142818450928,False,3004
3008,2026-10-08,601908,0.10940611362457275,False,3005
3009,2026-10-08,601177,0.1077418327331543,False,3006
3010,2026-10-08,002675,0.106414794921875,False,3007
3011,2026-10-08,603036,0.10627457499504089,False,3008
3012,2026-10-08,002415,0.10624721646308899,False,3009
3013,2026-10-08,600187,0.10440951585769653,False,3010
3014,2026-10-08,601766,0.10420814156532288,False,3011
3015,2026-10-08,688178,0.10320350527763367,False,3012
3016,2026-10-08,002202,0.10196125507354736,False,3013
3017,2026-10-08,002479,0.10052371025085449,False,3014
3018,2026-10-08,000423,0.099586963653564453,False,3015
3019,2026-10-08,601187,0.099292159080505371,False,3016
3020,2026-10-08,301196,0.09777379035949707,False,3017
3021,2026-10-08,002277,0.09699016809463501,False,3018
3022,2026-10-08,688391,0.093699097633361816,False,3019
3023,2026-10-08,688251,0.09236299991607666,False,3020
3024,2026-10-08,301205,0.091588020324707031,False,3021
3025,2026-10-08,300063,0.088419675827026367,False,3022
3026,2026-10-08,002395,0.085186243057250977,False,3023
3027,2026-10-08,603179,0.084588527679443359,False,3024
3028,2026-10-08,688131,0.084277927875518799,False,3025
3029,2026-10-08,300768,0.082858800888061523,False,3026
3030,2026-10-08,300918,0.081314459443092346,False,3027
3031,2026-10-08,300107,0.079489588737487793,False,3028
3032,2026-10-08,603728,0.077825605869293213,False,3029
3033,2026-10-08,002664,0.07683911919593811,False,3030
3034,2026-10-08,605055,0.074584901332855225,False,3031
3035,2026-10-08,300629,0.074512884020805359,False,3032
3036,2026-10-08,605136,0.074358463287353516,False,3033
3037,2026-10-08,000591,0.073847055435180664,False,3034
3038,2026-10-08,603901,0.073541879653930664,False,3035
3039,2026-10-08,300241,0.071752607822418213,False,3036
3040,2026-10-08,002319,0.071346044540405273,False,3037
3041,2026-10-08,002083,0.068915963172912598,False,3038
3042,2026-10-08,300571,0.06730961799621582,False,3039
3043,2026-10-08,301130,0.064951300621032715,False,3040
3044,2026-10-08,300872,0.063672341406345367,False,3041
3045,2026-10-08,600436,0.063211500644683838,False,3042
3046,2026-10-08,002930,0.061754047870635986,False,3043
3047,2026-10-08,300910,0.061237931251525879,False,3044
3048,2026-10-08,600803,0.061180174350738525,False,3045
3049,2026-10-08,003018,0.05547034740447998,False,3046
3050,2026-10-08,600283,0.053518533706665039,False,3047
3051,2026-10-08,600640,0.052652180194854736,False,3048
3052,2026-10-08,002005,0.047794535756111145,False,3049
3053,2026-10-08,601225,0.046930372714996338,False,3050
3054,2026-10-08,603811,0.046528339385986328,False,3051
3055,2026-10-08,688278,0.044394850730895996,False,3052
3056,2026-10-08,002656,0.042666137218475342,False,3053
3057,2026-10-08,600085,0.042387485504150391,False,3054
3058,2026-10-08,600635,0.041422009468078613,False,3055
3059,2026-10-08,600807,0.040969371795654297,False,3056
3060,2026-10-08,603288,0.04049915075302124,False,3057
3061,2026-10-08,000999,0.038109913468360901,False,3058
3062,2026-10-08,600528,0.037069559097290039,False,3059
3063,2026-10-08,605008,0.036304034292697906,False,3060
3064,2026-10-08,300141,0.033244729042053223,False,3061
3065,2026-10-08,603508,0.032084226608276367,False,3062
3066,2026-10-08,600874,0.030199527740478516,False,3063
3067,2026-10-08,002695,0.029026567935943604,False,3064
3068,2026-10-08,000725,0.028734147548675537,False,3065
3069,2026-10-08,300176,0.027385234832763672,False,3066
3070,2026-10-08,601628,0.027361750602722168,False,3067
3071,2026-10-08,688279,0.023962736129760742,False,3068
3072,2026-10-08,600062,0.022506475448608398,False,3069
3073,2026-10-08,600533,0.022202670574188232,False,3070
3074,2026-10-08,301535,0.019114106893539429,False,3071
3075,2026-10-08,688351,0.018946096301078796,False,3072
3076,2026-10-08,603035,0.017013311386108398,False,3073
3077,2026-10-08,688085,0.016948297619819641,False,3074
3078,2026-10-08,300360,0.015877485275268555,False,3075
3079,2026-10-08,688270,0.014794111251831055,False,3076
3080,2026-10-08,300730,0.01479145884513855,False,3077
3081,2026-10-08,002393,0.01326298713684082,False,3078
3082,2026-10-08,601515,0.013218462467193604,False,3079
3083,2026-10-08,601933,0.011482596397399902,False,3080
3084,2026-10-08,300770,0.010176301002502441,False,3081
3085,2026-10-08,603779,0.0092988014221191406,False,3082
3086,2026-10-08,600633,0.0058466196060180664,False,3083
3087,2026-10-08,300135,0.0032322704792022705,False,3084
3088,2026-10-08,688112,0.00093758106231689453,False,3085
3089,2026-10-08,300291,0.00017887353897094727,False,3086
3090,2026-10-08,300405,-0.00096297264099121094,False,3087
3091,2026-10-08,301046,-0.0068135261535644531,False,3088
3092,2026-10-08,688519,-0.0082014799118041992,False,3089
3093,2026-10-08,688128,-0.0090447664260864258,False,3090
3094,2026-10-08,600423,-0.011167049407958984,False,3091
3095,2026-10-08,601808,-0.014300286769866943,False,3092
3096,2026-10-08,002345,-0.014579713344573975,False,3093
3097,2026-10-08,000801,-0.017770648002624512,False,3094
3098,2026-10-08,688586,-0.019437313079833984,False,3095
3099,2026-10-08,000677,-0.025604367256164551,False,3096
3100,2026-10-08,600630,-0.026643514633178711,False,3097
3101,2026-10-08,002003,-0.027457669377326965,False,3098
3102,2026-10-08,603010,-0.029589653015136719,False,3099
3103,2026-10-08,300839,-0.031661033630371094,False,3100
3104,2026-10-08,000680,-0.032091379165649414,False,3101
3105,2026-10-08,300532,-0.032674789428710938,False,3102
3106,2026-10-08,605118,-0.032793730497360229,False,3103
3107,2026-10-08,300600,-0.034582853317260742,False,3104
3108,2026-10-08,603337,-0.035524129867553711,False,3105
3109,2026-10-08,001285,-0.04067683219909668,False,3106
3110,2026-10-08,002989,-0.042734503746032715,False,3107
3111,2026-10-08,300985,-0.044823884963989258,False,3108
3112,2026-10-08,688580,-0.04660111665725708,False,3109
3113,2026-10-08,002061,-0.047388553619384766,False,3110
3114,2026-10-08,301077,-0.048007264733314514,False,3111
3115,2026-10-08,300586,-0.051568150520324707,False,3112
3116,2026-10-08,002292,-0.051917385309934616,False,3113
3117,2026-10-08,002064,-0.052123785018920898,False,3114
3118,2026-10-08,603229,-0.052628397941589355,False,3115
3119,2026-10-08,605377,-0.052880406379699707,False,3116
3120,2026-10-08,002176,-0.053746700286865234,False,3117
3121,2026-10-08,002372,-0.055001974105834961,False,3118
3122,2026-10-08,688613,-0.05687432736158371,False,3119
3123,2026-10-08,603716,-0.058230221271514893,False,3120
3124,2026-10-08,300125,-0.059026047587394714,False,3121
3125,2026-10-08,000025,-0.059107184410095215,False,3122
3126,2026-10-08,002289,-0.059634923934936523,False,3123
3127,2026-10-08,300748,-0.06043541431427002,False,3124
3128,2026-10-08,000937,-0.061164379119873047,False,3125
3129,2026-10-08,600039,-0.063383817672729492,False,3126
3130,2026-10-08,688772,-0.067376017570495605,False,3127
3131,2026-10-08,600182,-0.067450761795043945,False,3128
3132,2026-10-08,002067,-0.06759217381477356,False,3129
3133,2026-10-08,600452,-0.068275511264801025,False,3130
3134,2026-10-08,002191,-0.068449079990386963,False,3131
3135,2026-10-08,688478,-0.068467140197753906,False,3132
3136,2026-10-08,688439,-0.068513035774230957,False,3133
3137,2026-10-08,601686,-0.071194648742675781,False,3134
3138,2026-10-08,301688,-0.071380376815795898,False,3135
3139,2026-10-08,688379,-0.072316646575927734,False,3136
3140,2026-10-08,603801,-0.075155675411224365,False,3137
3141,2026-10-08,002527,-0.0760345458984375,False,3138
3142,2026-10-08,000659,-0.081072509288787842,False,3139
3143,2026-10-08,000877,-0.081918388605117798,False,3140
3144,2026-10-08,002043,-0.085617423057556152,False,3141
3145,2026-10-08,001278,-0.087092101573944092,False,3142
3146,2026-10-08,301518,-0.089338153600692749,False,3143
3147,2026-10-08,002023,-0.089402437210083008,False,3144
3148,2026-10-08,000750,-0.089673668146133423,False,3145
3149,2026-10-08,605080,-0.08997035026550293,False,3146
3150,2026-10-08,688658,-0.091050863265991211,False,3147
3151,2026-10-08,688775,-0.096656084060668945,False,3148
3152,2026-10-08,603209,-0.10046482086181641,False,3149
3153,2026-10-08,000883,-0.101917564868927,False,3150
3154,2026-10-08,002454,-0.10308808088302612,False,3151
3155,2026-10-08,002241,-0.10995006561279297,False,3152
3156,2026-10-08,002840,-0.11163085699081421,False,3153
3157,2026-10-08,000516,-0.11771154403686523,False,3154
3158,2026-10-08,300070,-0.1179354190826416,False,3155
3159,2026-10-08,603070,-0.1183922290802002,False,3156
3160,2026-10-08,300399,-0.11904406547546387,False,3157
3161,2026-10-08,600282,-0.12313598394393921,False,3158
3162,2026-10-08,688062,-0.12458741664886475,False,3159
3163,2026-10-08,002060,-0.12573480606079102,False,3160
3164,2026-10-08,002136,-0.12863510847091675,False,3161
3165,2026-10-08,688326,-0.13154079020023346,False,3162
3166,2026-10-08,601698,-0.13356423377990723,False,3163
3167,2026-10-08,600326,-0.13544429838657379,False,3164
3168,2026-10-08,600180,-0.13895297050476074,False,3165
3169,2026-10-08,300558,-0.1403735876083374,False,3166
3170,2026-10-08,002508,-0.14198398590087891,False,3167
3171,2026-10-08,300689,-0.14330482482910156,False,3168
3172,2026-10-08,002091,-0.14769327640533447,False,3169
3173,2026-10-08,603025,-0.14940565824508667,False,3170
3174,2026-10-08,301118,-0.15236854553222656,False,3171
3175,2026-10-08,002449,-0.15439522266387939,False,3172
3176,2026-10-08,605199,-0.15450292825698853,False,3173
3177,2026-10-08,603956,-0.15634980797767639,False,3174
3178,2026-10-08,600476,-0.15745294094085693,False,3175
3179,2026-10-08,000790,-0.15772032737731934,False,3176
3180,2026-10-08,001267,-0.15956211090087891,False,3177
3181,2026-10-08,001396,-0.16040074825286865,False,3178
3182,2026-10-08,688197,-0.16066157817840576,False,3179
3183,2026-10-08,002730,-0.1607850193977356,False,3180
3184,2026-10-08,600566,-0.16383552551269531,False,3181
3185,2026-10-08,002392,-0.16717976331710815,False,3182
3186,2026-10-08,301383,-0.17154216766357422,False,3183
3187,2026-10-08,300641,-0.17170619964599609,False,3184
3188,2026-10-08,003010,-0.17173171043395996,False,3185
3189,2026-10-08,300963,-0.17261871695518494,False,3186
3190,2026-10-08,300133,-0.17409858107566833,False,3187
3191,2026-10-08,688119,-0.17433857917785645,False,3188
3192,2026-10-08,000783,-0.17768484354019165,False,3189
3193,2026-10-08,600237,-0.1799626350402832,False,3190
3194,2026-10-08,688266,-0.18201455473899841,False,3191
3195,2026-10-08,603808,-0.19039177894592285,False,3192
3196,2026-10-08,000875,-0.19175064563751221,False,3193
3197,2026-10-08,688059,-0.19371670484542847,False,3194
3198,2026-10-08,001318,-0.19471359252929688,False,3195
3199,2026-10-08,000568,-0.19613528251647949,False,3196
3200,2026-10-08,600841,-0.19670760631561279,False,3197
3201,2026-10-08,003022,-0.19782397150993347,False,3198
3202,2026-10-08,301100,-0.19822883605957031,False,3199
3203,2026-10-08,600733,-0.19878345727920532,False,3200
3204,2026-10-08,001306,-0.20184782147407532,False,3201
3205,2026-10-08,603709,-0.20931720733642578,False,3202
3206,2026-10-08,688525,-0.21067488193511963,False,3203
3207,2026-10-08,002142,-0.22007739543914795,False,3204
3208,2026-10-08,300865,-0.22351878881454468,False,3205
3209,2026-10-08,300487,-0.22950741648674011,False,3206
3210,2026-10-08,300979,-0.23103170096874237,False,3207
3211,2026-10-08,002364,-0.23198902606964111,False,3208
3212,2026-10-08,688345,-0.23431988060474396,False,3209
3213,2026-10-08,603726,-0.2390277087688446,False,3210
3214,2026-10-08,603656,-0.24084722995758057,False,3211
3215,2026-10-08,300883,-0.2417265772819519,False,3212
3216,2026-10-08,002405,-0.24443554878234863,False,3213
3217,2026-10-08,600377,-0.24552422761917114,False,3214
3218,2026-10-08,600435,-0.24568803608417511,False,3215
3219,2026-10-08,002605,-0.24648576974868774,False,3216
3220,2026-10-08,003013,-0.24697256088256836,False,3217
3221,2026-10-08,300446,-0.25023412704467773,False,3218
3222,2026-10-08,688232,-0.25248157978057861,False,3219
3223,2026-10-08,300792,-0.25523519515991211,False,3220
3224,2026-10-08,301355,-0.25613695383071899,False,3221
3225,2026-10-08,300732,-0.25684547424316406,False,3222
3226,2026-10-08,603228,-0.25771987438201904,False,3223
3227,2026-10-08,603768,-0.25847494602203369,False,3224
3228,2026-10-08,600161,-0.26191145181655884,False,3225
3229,2026-10-08,688305,-0.26231536269187927,False,3226
3230,2026-10-08,300632,-0.26321101188659668,False,3227
3231,2026-10-08,600727,-0.26590520143508911,False,3228
3232,2026-10-08,002958,-0.26848411560058594,False,3229
3233,2026-10-08,002642,-0.27125537395477295,False,3230
3234,2026-10-08,603915,-0.27171421051025391,False,3231
3235,2026-10-08,300774,-0.2722737193107605,False,3232
3236,2026-10-08,603062,-0.27477908134460449,False,3233
3237,2026-10-08,688385,-0.27803808450698853,False,3234
3238,2026-10-08,000948,-0.28226906061172485,False,3235
3239,2026-10-08,002239,-0.28566408157348633,False,3236
3240,2026-10-08,600061,-0.28895735740661621,False,3237
3241,2026-10-08,300350,-0.29489079117774963,False,3238
3242,2026-10-08,600157,-0.29525399208068848,False,3239
3243,2026-10-08,000581,-0.30143481492996216,False,3240
3244,2026-10-08,600609,-0.30176776647567749,False,3241
3245,2026-10-08,300582,-0.30230522155761719,False,3242
3246,2026-10-08,000090,-0.30281141400337219,False,3243
3247,2026-10-08,688262,-0.30650830268859863,False,3244
3248,2026-10-08,600535,-0.30733591318130493,False,3245
3249,2026-10-08,600489,-0.30934411287307739,False,3246
3250,2026-10-08,600155,-0.30948728322982788,False,3247
3251,2026-10-08,301069,-0.31076997518539429,False,3248
3252,2026-10-08,002606,-0.31136715412139893,False,3249
3253,2026-10-08,000301,-0.31138151884078979,False,3250
3254,2026-10-08,300335,-0.31261336803436279,False,3251
3255,2026-10-08,688037,-0.31557834148406982,False,3252
3256,2026-10-08,603069,-0.31572514772415161,False,3253
3257,2026-10-08,601098,-0.31864804029464722,False,3254
3258,2026-10-08,001331,-0.32102119922637939,False,3255
3259,2026-10-08,002208,-0.32133150100708008,False,3256
3260,2026-10-08,603583,-0.32432037591934204,False,3257
3261,2026-10-08,600511,-0.32816755771636963,False,3258
3262,2026-10-08,600168,-0.32903587818145752,False,3259
3263,2026-10-08,300696,-0.33131629228591919,False,3260
3264,2026-10-08,000899,-0.33247292041778564,False,3261
3265,2026-10-08,000718,-0.33300518989562988,False,3262
3266,2026-10-08,002578,-0.33627748489379883,False,3263
3267,2026-10-08,603298,-0.33776307106018066,False,3264
3268,2026-10-08,300127,-0.34448596835136414,False,3265
3269,2026-10-08,600499,-0.34633123874664307,False,3266
3270,2026-10-08,603993,-0.34951472282409668,False,3267
3271,2026-10-08,002427,-0.35288742184638977,False,3268
3272,2026-10-08,600918,-0.35322535037994385,False,3269
3273,2026-10-08,600392,-0.35411077737808228,False,3270
3274,2026-10-08,600438,-0.3557894229888916,False,3271
3275,2026-10-08,300261,-0.35738417506217957,False,3272
3276,2026-10-08,300215,-0.36174330115318298,False,3273
3277,2026-10-08,600976,-0.3628082275390625,False,3274
3278,2026-10-08,603598,-0.36518871784210205,False,3275
3279,2026-10-08,000997,-0.36543437838554382,False,3276
3280,2026-10-08,600036,-0.36547732353210449,False,3277
3281,2026-10-08,603379,-0.365742027759552,False,3278
3282,2026-10-08,000885,-0.37085682153701782,False,3279
3283,2026-10-08,601069,-0.37505632638931274,False,3280
3284,2026-10-08,300197,-0.37883684039115906,False,3281
3285,2026-10-08,002648,-0.38119956851005554,False,3282
3286,2026-10-08,000826,-0.38304835557937622,False,3283
3287,2026-10-08,300421,-0.38579070568084717,False,3284
3288,2026-10-08,603392,-0.38634645938873291,False,3285
3289,2026-10-08,301286,-0.38771647214889526,False,3286
3290,2026-10-08,002201,-0.38824769854545593,False,3287
3291,2026-10-08,301279,-0.38870656490325928,False,3288
3292,2026-10-08,603659,-0.39064133167266846,False,3289
3293,2026-10-08,688089,-0.39310836791992188,False,3290
3294,2026-10-08,603966,-0.39415538311004639,False,3291
3295,2026-10-08,002907,-0.39447057247161865,False,3292
3296,2026-10-08,300580,-0.39838296175003052,False,3293
3297,2026-10-08,300493,-0.40306150913238525,False,3294
3298,2026-10-08,688292,-0.40727424621582031,False,3295
3299,2026-10-08,002724,-0.41115415096282959,False,3296
3300,2026-10-08,300514,-0.41345596313476562,False,3297
3301,2026-10-08,000157,-0.41500130295753479,False,3298
3302,2026-10-08,603165,-0.41775345802307129,False,3299
3303,2026-10-08,002106,-0.41873729228973389,False,3300
3304,2026-10-08,001228,-0.42161208391189575,False,3301
3305,2026-10-08,300314,-0.42439579963684082,False,3302
3306,2026-10-08,603081,-0.42604929208755493,False,3303
3307,2026-10-08,600905,-0.42766284942626953,False,3304
3308,2026-10-08,688033,-0.42785584926605225,False,3305
3309,2026-10-08,300320,-0.4278905987739563,False,3306
3310,2026-10-08,000599,-0.42822015285491943,False,3307
3311,2026-10-08,603700,-0.43102896213531494,False,3308
3312,2026-10-08,601066,-0.43200266361236572,False,3309
3313,2026-10-08,301221,-0.43316471576690674,False,3310
3314,2026-10-08,300551,-0.43318825960159302,False,3311
3315,2026-10-08,688570,-0.43349254131317139,False,3312
3316,2026-10-08,300254,-0.43837440013885498,False,3313
3317,2026-10-08,000909,-0.44125711917877197,False,3314
3318,2026-10-08,600037,-0.44314426183700562,False,3315
3319,2026-10-08,600143,-0.44411981105804443,False,3316
3320,2026-10-08,301125,-0.44442731142044067,False,3317
3321,2026-10-08,300077,-0.44460570812225342,False,3318
3322,2026-10-08,001222,-0.4476858377456665,False,3319
3323,2026-10-08,603833,-0.44795319437980652,False,3320
3324,2026-10-08,001325,-0.45103764533996582,False,3321
3325,2026-10-08,000055,-0.45128923654556274,False,3322
3326,2026-10-08,600063,-0.45135286450386047,False,3323
3327,2026-10-08,688378,-0.45326489210128784,False,3324
3328,2026-10-08,300057,-0.4551042914390564,False,3325
3329,2026-10-08,002414,-0.45588010549545288,False,3326
3330,2026-10-08,601689,-0.46028125286102295,False,3327
3331,2026-10-08,600350,-0.4614793062210083,False,3328
3332,2026-10-08,301522,-0.46227920055389404,False,3329
3333,2026-10-08,300071,-0.46489810943603516,False,3330
3334,2026-10-08,603790,-0.46691104769706726,False,3331
3335,2026-10-08,600754,-0.46867716312408447,False,3332
3336,2026-10-08,600208,-0.47011944651603699,False,3333
3337,2026-10-08,601398,-0.47162377834320068,False,3334
3338,2026-10-08,001230,-0.47621023654937744,False,3335
3339,2026-10-08,600132,-0.47674059867858887,False,3336
3340,2026-10-08,002932,-0.47701907157897949,False,3337
3341,2026-10-08,002683,-0.47722554206848145,False,3338
3342,2026-10-08,688323,-0.48021268844604492,False,3339
3343,2026-10-08,603459,-0.48072457313537598,False,3340
3344,2026-10-08,002097,-0.48203477263450623,False,3341
3345,2026-10-08,600519,-0.48428967595100403,False,3342
3346,2026-10-08,002063,-0.4847264289855957,False,3343
3347,2026-10-08,600750,-0.48560112714767456,False,3344
3348,2026-10-08,300669,-0.48670881986618042,False,3345
3349,2026-10-08,601860,-0.48846793174743652,False,3346
3350,2026-10-08,301372,-0.48964196443557739,False,3347
3351,2026-10-08,688319,-0.48984062671661377,False,3348
3352,2026-10-08,688012,-0.49012351036071777,False,3349
3353,2026-10-08,600281,-0.49350592494010925,False,3350
3354,2026-10-08,601702,-0.50103062391281128,False,3351
3355,2026-10-08,300623,-0.50103795528411865,False,3352
3356,2026-10-08,600958,-0.50725471973419189,False,3353
3357,2026-10-08,300484,-0.50796175003051758,False,3354
3358,2026-10-08,002595,-0.50824099779129028,False,3355
3359,2026-10-08,000610,-0.50918078422546387,False,3356
3360,2026-10-08,002268,-0.50949704647064209,False,3357
3361,2026-10-08,000518,-0.51428824663162231,False,3358
3362,2026-10-08,600919,-0.51451754570007324,False,3359
3363,2026-10-08,603039,-0.51800596714019775,False,3360
3364,2026-10-08,002478,-0.51819008588790894,False,3361
3365,2026-10-08,600779,-0.51874232292175293,False,3362
3366,2026-10-08,688223,-0.52059507369995117,False,3363
3367,2026-10-08,600235,-0.52650719881057739,False,3364
3368,2026-10-08,300217,-0.52926540374755859,False,3365
3369,2026-10-08,002806,-0.53214883804321289,False,3366
3370,2026-10-08,600352,-0.53259462118148804,False,3367
3371,2026-10-08,600517,-0.53292930126190186,False,3368
3372,2026-10-08,688581,-0.53677093982696533,False,3369
3373,2026-10-08,002011,-0.53747469186782837,False,3370
3374,2026-10-08,688726,-0.53792154788970947,False,3371
3375,2026-10-08,300815,-0.54387050867080688,False,3372
3376,2026-10-08,688302,-0.54700165987014771,False,3373
3377,2026-10-08,601001,-0.54716283082962036,False,3374
3378,2026-10-08,000975,-0.54746252298355103,False,3375
3379,2026-10-08,300009,-0.54906177520751953,False,3376
3380,2026-10-08,688657,-0.55919337272644043,False,3377
3381,2026-10-08,600188,-0.55961495637893677,False,3378
3382,2026-10-08,688683,-0.56963193416595459,False,3379
3383,2026-10-08,603678,-0.57050943374633789,False,3380
3384,2026-10-08,603368,-0.57149672508239746,False,3381
3385,2026-10-08,603381,-0.57287061214447021,False,3382
3386,2026-10-08,605499,-0.57339394092559814,False,3383
3387,2026-10-08,002811,-0.57472652196884155,False,3384
3388,2026-10-08,301007,-0.57517772912979126,False,3385
3389,2026-10-08,300428,-0.57730937004089355,False,3386
3390,2026-10-08,600160,-0.57888710498809814,False,3387
3391,2026-10-08,603803,-0.58179605007171631,False,3388
3392,2026-10-08,300841,-0.59249693155288696,False,3389
3393,2026-10-08,300377,-0.59524285793304443,False,3390
3394,2026-10-08,300823,-0.59771633148193359,False,3391
3395,2026-10-08,000712,-0.59804487228393555,False,3392
3396,2026-10-08,300332,-0.6005217432975769,False,3393
3397,2026-10-08,688469,-0.60412144660949707,False,3394
3398,2026-10-08,002057,-0.60555577278137207,False,3395
3399,2026-10-08,600226,-0.60806745290756226,False,3396
3400,2026-10-08,300482,-0.61028516292572021,False,3397
3401,2026-10-08,601778,-0.61127996444702148,False,3398
3402,2026-10-08,601166,-0.61459016799926758,False,3399
3403,2026-10-08,000807,-0.6149248480796814,False,3400
3404,2026-10-08,002217,-0.61829710006713867,False,3401
3405,2026-10-08,300961,-0.62159419059753418,False,3402
3406,2026-10-08,002032,-0.62400138378143311,False,3403
3407,2026-10-08,600113,-0.62469679117202759,False,3404
3408,2026-10-08,600056,-0.62517499923706055,False,3405
3409,2026-10-08,002115,-0.62605690956115723,False,3406
3410,2026-10-08,002373,-0.63014745712280273,False,3407
3411,2026-10-08,000048,-0.63306450843811035,False,3408
3412,2026-10-08,301187,-0.6332470178604126,False,3409
3413,2026-10-08,002529,-0.63523221015930176,False,3410
3414,2026-10-08,300444,-0.63696295022964478,False,3411
3415,2026-10-08,601619,-0.63766622543334961,False,3412
3416,2026-10-08,002830,-0.64161145687103271,False,3413
3417,2026-10-08,001387,-0.64352834224700928,False,3414
3418,2026-10-08,688136,-0.64373779296875,False,3415
3419,2026-10-08,600956,-0.64661580324172974,False,3416
3420,2026-10-08,301255,-0.64821231365203857,False,3417
3421,2026-10-08,600500,-0.65209412574768066,False,3418
3422,2026-10-08,600222,-0.65659034252166748,False,3419
3423,2026-10-08,300110,-0.65752840042114258,False,3420
3424,2026-10-08,002818,-0.65981996059417725,False,3421
3425,2026-10-08,301297,-0.66088390350341797,False,3422
3426,2026-10-08,688562,-0.66539943218231201,False,3423
3427,2026-10-08,300680,-0.66809618473052979,False,3424
3428,2026-10-08,002175,-0.66861283779144287,False,3425
3429,2026-10-08,002271,-0.67216825485229492,False,3426
3430,2026-10-08,601965,-0.67429876327514648,False,3427
3431,2026-10-08,603315,-0.67709589004516602,False,3428
3432,2026-10-08,600885,-0.67956912517547607,False,3429
3433,2026-10-08,600995,-0.68009912967681885,False,3430
3434,2026-10-08,003041,-0.68529748916625977,False,3431
3435,2026-10-08,301632,-0.68651431798934937,False,3432
3436,2026-10-08,601800,-0.6887630820274353,False,3433
3437,2026-10-08,600089,-0.69010913372039795,False,3434
3438,2026-10-08,002933,-0.69020760059356689,False,3435
3439,2026-10-08,688669,-0.69206142425537109,False,3436
3440,2026-10-08,603406,-0.69413864612579346,False,3437
3441,2026-10-08,000681,-0.69462859630584717,False,3438
3442,2026-10-08,301020,-0.69563257694244385,False,3439
3443,2026-10-08,002394,-0.70409691333770752,False,3440
3444,2026-10-08,688659,-0.70840966701507568,False,3441
3445,2026-10-08,601228,-0.71297073364257812,False,3442
3446,2026-10-08,688080,-0.71482276916503906,False,3443
3447,2026-10-08,300233,-0.71497529745101929,False,3444
3448,2026-10-08,000819,-0.71561014652252197,False,3445
3449,2026-10-08,603286,-0.7159002423286438,False,3446
3450,2026-10-08,600650,-0.71799886226654053,False,3447
3451,2026-10-08,600426,-0.7190091609954834,False,3448
3452,2026-10-08,301353,-0.72118818759918213,False,3449
3453,2026-10-08,002471,-0.72124385833740234,False,3450
3454,2026-10-08,601555,-0.72373956441879272,False,3451
3455,2026-10-08,002281,-0.72374629974365234,False,3452
3456,2026-10-08,002984,-0.72536039352416992,False,3453
3457,2026-10-08,300966,-0.72734701633453369,False,3454
3458,2026-10-08,600941,-0.73026108741760254,False,3455
3459,2026-10-08,300660,-0.73134875297546387,False,3456
3460,2026-10-08,002590,-0.7323572039604187,False,3457
3461,2026-10-08,603187,-0.74331498146057129,False,3458
3462,2026-10-08,002996,-0.74498593807220459,False,3459
3463,2026-10-08,688229,-0.74763476848602295,False,3460
3464,2026-10-08,000963,-0.75120317935943604,False,3461
3465,2026-10-08,600115,-0.75623792409896851,False,3462
3466,2026-10-08,688168,-0.76511788368225098,False,3463
3467,2026-10-08,600582,-0.76585334539413452,False,3464
3468,2026-10-08,603983,-0.76887726783752441,False,3465
3469,2026-10-08,600742,-0.77584576606750488,False,3466
3470,2026-10-08,300718,-0.77606856822967529,False,3467
3471,2026-10-08,300989,-0.77627480030059814,False,3468
3472,2026-10-08,688041,-0.78246062994003296,False,3469
3473,2026-10-08,688286,-0.78617191314697266,False,3470
3474,2026-10-08,000521,-0.79150348901748657,False,3471
3475,2026-10-08,300581,-0.79426002502441406,False,3472
3476,2026-10-08,000027,-0.79463070631027222,False,3473
3477,2026-10-08,603080,-0.79488062858581543,False,3474
3478,2026-10-08,002233,-0.7974698543548584,False,3475
3479,2026-10-08,301203,-0.79951310157775879,False,3476
3480,2026-10-08,688623,-0.80080461502075195,False,3477
3481,2026-10-08,688630,-0.80193042755126953,False,3478
3482,2026-10-08,688449,-0.8140716552734375,False,3479
3483,2026-10-08,300869,-0.81422138214111328,False,3480
3484,2026-10-08,301066,-0.81442326307296753,False,3481
3485,2026-10-08,603707,-0.8154987096786499,False,3482
3486,2026-10-08,605333,-0.81561905145645142,False,3483
3487,2026-10-08,300101,-0.82371997833251953,False,3484
3488,2026-10-08,000426,-0.82759076356887817,False,3485
3489,2026-10-08,603108,-0.82913106679916382,False,3486
3490,2026-10-08,688272,-0.8291698694229126,False,3487
3491,2026-10-08,000768,-0.82956600189208984,False,3488
3492,2026-10-08,300169,-0.83227318525314331,False,3489
3493,2026-10-08,605050,-0.83253657817840576,False,3490
3494,2026-10-08,301160,-0.83328640460968018,False,3491
3495,2026-10-08,603350,-0.83841639757156372,False,3492
3496,2026-10-08,603766,-0.84411495923995972,False,3493
3497,2026-10-08,301602,-0.84686338901519775,False,3494
3498,2026-10-08,600756,-0.8473207950592041,False,3495
3499,2026-10-08,603275,-0.84935015439987183,False,3496
3500,2026-10-08,300034,-0.85558605194091797,False,3497
3501,2026-10-08,600198,-0.85748159885406494,False,3498
3502,2026-10-08,002608,-0.86388134956359863,False,3499
3503,2026-10-08,600820,-0.86405789852142334,False,3500
3504,2026-10-08,688220,-0.86617147922515869,False,3501
3505,2026-10-08,300449,-0.86621940135955811,False,3502
3506,2026-10-08,603181,-0.87990736961364746,False,3503
3507,2026-10-08,000561,-0.88008499145507812,False,3504
3508,2026-10-08,688602,-0.88301801681518555,False,3505
3509,2026-10-08,300246,-0.88501632213592529,False,3506
3510,2026-10-08,301167,-0.88511162996292114,False,3507
3511,2026-10-08,688053,-0.88675010204315186,False,3508
3512,2026-10-08,001298,-0.88954538106918335,False,3509
3513,2026-10-08,688049,-0.88985484838485718,False,3510
3514,2026-10-08,688759,-0.89499515295028687,False,3511
3515,2026-10-08,600078,-0.8990175724029541,False,3512
3516,2026-10-08,300115,-0.90027034282684326,False,3513
3517,2026-10-08,300763,-0.90066730976104736,False,3514
3518,2026-10-08,300927,-0.90212821960449219,False,3515
3519,2026-10-08,603698,-0.903145432472229,False,3516
3520,2026-10-08,002921,-0.90375649929046631,False,3517
3521,2026-10-08,002179,-0.91163873672485352,False,3518
3522,2026-10-08,603663,-0.91635304689407349,False,3519
3523,2026-10-08,600761,-0.92554104328155518,False,3520
3524,2026-10-08,603083,-0.92906200885772705,False,3521
3525,2026-10-08,600993,-0.93073296546936035,False,3522
3526,2026-10-08,300205,-0.93170392513275146,False,3523
3527,2026-10-08,688387,-0.94317477941513062,False,3524
3528,2026-10-08,001328,-0.94564700126647949,False,3525
3529,2026-10-08,600734,-0.94632613658905029,False,3526
3530,2026-10-08,603021,-0.94866687059402466,False,3527
3531,2026-10-08,600416,-0.95086300373077393,False,3528
3532,2026-10-08,600621,-0.95325350761413574,False,3529
3533,2026-10-08,002162,-0.95413655042648315,False,3530
3534,2026-10-08,600048,-0.95640969276428223,False,3531
3535,2026-10-08,600050,-0.95693135261535645,False,3532
3536,2026-10-08,001289,-0.96051329374313354,False,3533
3537,2026-10-08,688505,-0.96201556921005249,False,3534
3538,2026-10-08,603303,-0.9695967435836792,False,3535
3539,2026-10-08,600316,-0.97005140781402588,False,3536
3540,2026-10-08,603589,-0.9745560884475708,False,3537
3541,2026-10-08,600863,-0.97576117515563965,False,3538
3542,2026-10-08,002928,-0.97789460420608521,False,3539
3543,2026-10-08,002658,-0.97917437553405762,False,3540
3544,2026-10-08,301531,-0.98156392574310303,False,3541
3545,2026-10-08,000987,-0.98421734571456909,False,3542
3546,2026-10-08,002517,-0.98448646068572998,False,3543
3547,2026-10-08,688303,-0.98540306091308594,False,3544
3548,2026-10-08,300477,-0.98616766929626465,False,3545
3549,2026-10-08,002348,-0.98703831434249878,False,3546
3550,2026-10-08,603207,-0.98747313022613525,False,3547
3551,2026-10-08,002849,-0.98880434036254883,False,3548
3552,2026-10-08,601233,-0.98916721343994141,False,3549
3553,2026-10-08,000593,-0.99356842041015625,False,3550
3554,2026-10-08,600064,-0.99434196949005127,False,3551
3555,2026-10-08,600119,-0.99904054403305054,False,3552
3556,2026-10-08,601658,-0.99992227554321289,False,3553
3557,2026-10-08,600076,-1.004097580909729,False,3554
3558,2026-10-08,603815,-1.0053286552429199,False,3555
3559,2026-10-08,000990,-1.0093934535980225,False,3556
3560,2026-10-08,300915,-1.0106360912322998,False,3557
3561,2026-10-08,300896,-1.0127385854721069,False,3558
3562,2026-10-08,000913,-1.0158040523529053,False,3559
3563,2026-10-08,600248,-1.0166645050048828,False,3560
3564,2026-10-08,688173,-1.0175759792327881,False,3561
3565,2026-10-08,300235,-1.0182604789733887,False,3562
3566,2026-10-08,000778,-1.0234290361404419,False,3563
3567,2026-10-08,002250,-1.0240960121154785,False,3564
3568,2026-10-08,002346,-1.0275893211364746,False,3565
3569,2026-10-08,600170,-1.0281640291213989,False,3566
3570,2026-10-08,301665,-1.0289618968963623,False,3567
3571,2026-10-08,600030,-1.0292236804962158,False,3568
3572,2026-10-08,002837,-1.0299860239028931,False,3569
3573,2026-10-08,300467,-1.03096604347229,False,3570
3574,2026-10-08,600166,-1.0337047576904297,False,3571
3575,2026-10-08,002728,-1.0379399061203003,False,3572
3576,2026-10-08,002883,-1.0386215448379517,False,3573
3577,2026-10-08,603825,-1.0425571203231812,False,3574
3578,2026-10-08,300203,-1.0445845127105713,False,3575
3579,2026-10-08,301580,-1.0449967384338379,False,3576
3580,2026-10-08,300200,-1.0462696552276611,False,3577
3581,2026-10-08,002451,-1.0493679046630859,False,3578
3582,2026-10-08,300710,-1.0501444339752197,False,3579
3583,2026-10-08,601399,-1.0531289577484131,False,3580
3584,2026-10-08,300008,-1.0538253784179688,False,3581
3585,2026-10-08,000509,-1.0549185276031494,False,3582
3586,2026-10-08,300556,-1.0578739643096924,False,3583
3587,2026-10-08,002838,-1.0593814849853516,False,3584
3588,2026-10-08,601618,-1.0619175434112549,False,3585
3589,2026-10-08,000811,-1.0677031278610229,False,3586
3590,2026-10-08,300214,-1.0693113803863525,False,3587
3591,2026-10-08,002978,-1.0709836483001709,False,3588
3592,2026-10-08,600720,-1.0734803676605225,False,3589
3593,2026-10-08,603610,-1.0767196416854858,False,3590
3594,2026-10-08,688819,-1.0771317481994629,False,3591
3595,2026-10-08,002474,-1.0777831077575684,False,3592
3596,2026-10-08,301382,-1.0823678970336914,False,3593
3597,2026-10-08,600107,-1.0829968452453613,False,3594
3598,2026-10-08,688508,-1.084958553314209,False,3595
3599,2026-10-08,000733,-1.0851134061813354,False,3596
3600,2026-10-08,002145,-1.086522102355957,False,3597
3601,2026-10-08,002985,-1.0867757797241211,False,3598
3602,2026-10-08,002307,-1.0891971588134766,False,3599
3603,2026-10-08,301622,-1.089256763458252,False,3600
3604,2026-10-08,603085,-1.0902881622314453,False,3601
3605,2026-10-08,688018,-1.0911377668380737,False,3602
3606,2026-10-08,002367,-1.093055248260498,False,3603
3607,2026-10-08,002293,-1.0936605930328369,False,3604
3608,2026-10-08,600888,-1.094571590423584,False,3605
3609,2026-10-08,000099,-1.0951094627380371,False,3606
3610,2026-10-08,603075,-1.0963009595870972,False,3607
3611,2026-10-08,301658,-1.0978740453720093,False,3608
3612,2026-10-08,002190,-1.0994179248809814,False,3609
3613,2026-10-08,600109,-1.1013578176498413,False,3610
3614,2026-10-08,002594,-1.1020996570587158,False,3611
3615,2026-10-08,002066,-1.1052308082580566,False,3612
3616,2026-10-08,600171,-1.1071202754974365,False,3613
3617,2026-10-08,601068,-1.1073863506317139,False,3614
3618,2026-10-08,603387,-1.1075776815414429,False,3615
3619,2026-10-08,605169,-1.1086846590042114,False,3616
3620,2026-10-08,300139,-1.1098434925079346,False,3617
3621,2026-10-08,603959,-1.1164369583129883,False,3618
3622,2026-10-08,300069,-1.116753101348877,False,3619
3623,2026-10-08,300158,-1.1175800561904907,False,3620
3624,2026-10-08,002592,-1.1188086271286011,False,3621
3625,2026-10-08,600864,-1.1198140382766724,False,3622
3626,2026-10-08,301557,-1.1221003532409668,False,3623
3627,2026-10-08,002225,-1.1243635416030884,False,3624
3628,2026-10-08,300337,-1.1264225244522095,False,3625
3629,2026-10-08,688511,-1.1271086931228638,False,3626
3630,2026-10-08,300258,-1.1285104751586914,False,3627
3631,2026-10-08,601688,-1.1303542852401733,False,3628
3632,2026-10-08,605099,-1.1308203935623169,False,3629
3633,2026-10-08,300365,-1.1317391395568848,False,3630
3634,2026-10-08,001282,-1.1358176469802856,False,3631
3635,2026-10-08,300173,-1.1385183334350586,False,3632
3636,2026-10-08,300454,-1.1511538028717041,False,3633
3637,2026-10-08,300181,-1.157353401184082,False,3634
3638,2026-10-08,600108,-1.1587798595428467,False,3635
3639,2026-10-08,600475,-1.160801887512207,False,3636
3640,2026-10-08,301195,-1.1654235124588013,False,3637
3641,2026-10-08,002304,-1.1665606498718262,False,3638
3642,2026-10-08,688234,-1.1684715747833252,False,3639
3643,2026-10-08,002270,-1.1688777208328247,False,3640
3644,2026-10-08,605577,-1.171738862991333,False,3641
3645,2026-10-08,603588,-1.1718877553939819,False,3642
3646,2026-10-08,688501,-1.172194242477417,False,3643
3647,2026-10-08,301391,-1.1739802360534668,False,3644
3648,2026-10-08,688289,-1.1749958992004395,False,3645
3649,2026-10-08,300590,-1.1779239177703857,False,3646
3650,2026-10-08,601995,-1.1839776039123535,False,3647
3651,2026-10-08,301458,-1.1857352256774902,False,3648
3652,2026-10-08,002936,-1.1883184909820557,False,3649
3653,2026-10-08,605305,-1.191800594329834,False,3650
3654,2026-10-08,001229,-1.1943039894104004,False,3651
3655,2026-10-08,300018,-1.1966278553009033,False,3652
3656,2026-10-08,688126,-1.1990787982940674,False,3653
3657,2026-10-08,601128,-1.1998951435089111,False,3654
3658,2026-10-08,002925,-1.2017844915390015,False,3655
3659,2026-10-08,301091,-1.2068262100219727,False,3656
3660,2026-10-08,300081,-1.2089592218399048,False,3657
3661,2026-10-08,600376,-1.2100656032562256,False,3658
3662,2026-10-08,688184,-1.2122898101806641,False,3659
3663,2026-10-08,603213,-1.2133162021636963,False,3660
3664,2026-10-08,002676,-1.2187256813049316,False,3661
3665,2026-10-08,688375,-1.2235631942749023,False,3662
3666,2026-10-08,301301,-1.2256079912185669,False,3663
3667,2026-10-08,600587,-1.2263113260269165,False,3664
3668,2026-10-08,300096,-1.2357617616653442,False,3665
3669,2026-10-08,600323,-1.2385387420654297,False,3666
3670,2026-10-08,688692,-1.2388920783996582,False,3667
3671,2026-10-08,301263,-1.2395663261413574,False,3668
3672,2026-10-08,688363,-1.2398264408111572,False,3669
3673,2026-10-08,603225,-1.2402955293655396,False,3670
3674,2026-10-08,002631,-1.2448078393936157,False,3671
3675,2026-10-08,002693,-1.246312141418457,False,3672
3676,2026-10-08,601958,-1.2464251518249512,False,3673
3677,2026-10-08,600979,-1.2467079162597656,False,3674
3678,2026-10-08,688718,-1.2477741241455078,False,3675
3679,2026-10-08,300187,-1.2495161294937134,False,3676
3680,2026-10-08,002130,-1.250491738319397,False,3677
3681,2026-10-08,603680,-1.2519717216491699,False,3678
3682,2026-10-08,688281,-1.2526819705963135,False,3679
3683,2026-10-08,603194,-1.2528520822525024,False,3680
3684,2026-10-08,301186,-1.2543010711669922,False,3681
3685,2026-10-08,300791,-1.2578339576721191,False,3682
3686,2026-10-08,603877,-1.2659850120544434,False,3683
3687,2026-10-08,688567,-1.2744245529174805,False,3684
3688,2026-10-08,600746,-1.2757830619812012,False,3685
3689,2026-10-08,301210,-1.2761533260345459,False,3686
3690,2026-10-08,603730,-1.2774282693862915,False,3687
3691,2026-10-08,000155,-1.2802083492279053,False,3688
3692,2026-10-08,600456,-1.2850022315979004,False,3689
3693,2026-10-08,300592,-1.2859723567962646,False,3690
3694,2026-10-08,688597,-1.2860720157623291,False,3691
3695,2026-10-08,688235,-1.2882590293884277,False,3692
3696,2026-10-08,000049,-1.2900152206420898,False,3693
3697,2026-10-08,301369,-1.2912132740020752,False,3694
3698,2026-10-08,300001,-1.2917501926422119,False,3695
3699,2026-10-08,002244,-1.2933938503265381,False,3696
3700,2026-10-08,603327,-1.2963660955429077,False,3697
3701,2026-10-08,688368,-1.3005827665328979,False,3698
3702,2026-10-08,000541,-1.3023167848587036,False,3699
3703,2026-10-08,600201,-1.3029502630233765,False,3700
3704,2026-10-08,688682,-1.3037140369415283,False,3701
3705,2026-10-08,000983,-1.303956151008606,False,3702
3706,2026-10-08,300984,-1.3039937019348145,False,3703
3707,2026-10-08,600096,-1.3051707744598389,False,3704
3708,2026-10-08,002161,-1.3123435974121094,False,3705
3709,2026-10-08,300761,-1.3125603199005127,False,3706
3710,2026-10-08,000637,-1.3138256072998047,False,3707
3711,2026-10-08,002876,-1.3149929046630859,False,3708
3712,2026-10-08,002940,-1.3160175085067749,False,3709
3713,2026-10-08,300455,-1.3167848587036133,False,3710
3714,2026-10-08,300520,-1.3185992240905762,False,3711
3715,2026-10-08,300692,-1.3228269815444946,False,3712
3716,2026-10-08,002895,-1.3247300386428833,False,3713
3717,2026-10-08,000617,-1.3275003433227539,False,3714
3718,2026-10-08,301613,-1.3287479877471924,False,3715
3719,2026-10-08,603160,-1.3311765193939209,False,3716
3720,2026-10-08,000953,-1.3328953981399536,False,3717
3721,2026-10-08,002533,-1.3330216407775879,False,3718
3722,2026-10-08,002173,-1.3341472148895264,False,3719
3723,2026-10-08,600740,-1.3416614532470703,False,3720
3724,2026-10-08,601669,-1.3432209491729736,False,3721
3725,2026-10-08,688271,-1.3478927612304688,False,3722
3726,2026-10-08,000543,-1.3524094820022583,False,3723
3727,2026-10-08,300969,-1.3575494289398193,False,3724
3728,2026-10-08,600359,-1.3594998121261597,False,3725
3729,2026-10-08,603296,-1.360851526260376,False,3726
3730,2026-10-08,600338,-1.3614926338195801,False,3727
3731,2026-10-08,301173,-1.3674812316894531,False,3728
3732,2026-10-08,600681,-1.3731871843338013,False,3729
3733,2026-10-08,688621,-1.3739234209060669,False,3730
3734,2026-10-08,002483,-1.3739506006240845,False,3731
3735,2026-10-08,000159,-1.3743166923522949,False,3732
3736,2026-10-08,300005,-1.37729811668396,False,3733
3737,2026-10-08,603871,-1.3805563449859619,False,3734
3738,2026-10-08,301171,-1.381929874420166,False,3735
3739,2026-10-08,002434,-1.3836026191711426,False,3736
3740,2026-10-08,600651,-1.3851586580276489,False,3737
3741,2026-10-08,601901,-1.3895760774612427,False,3738
3742,2026-10-08,300882,-1.3897836208343506,False,3739
3743,2026-10-08,300836,-1.393950343132019,False,3740
3744,2026-10-08,688111,-1.3977528810501099,False,3741
3745,2026-10-08,301092,-1.3984978199005127,False,3742
3746,2026-10-08,301591,-1.4002193212509155,False,3743
3747,2026-10-08,688513,-1.4009149074554443,False,3744
3748,2026-10-08,600749,-1.4009350538253784,False,3745
3749,2026-10-08,300343,-1.402093768119812,False,3746
3750,2026-10-08,300033,-1.4114704132080078,False,3747
3751,2026-10-08,600821,-1.4120500087738037,False,3748
3752,2026-10-08,301082,-1.4159246683120728,False,3749
3753,2026-10-08,600826,-1.4166815280914307,False,3750
3754,2026-10-08,300253,-1.4187412261962891,False,3751
3755,2026-10-08,300651,-1.4192023277282715,False,3752
3756,2026-10-08,605155,-1.4216799736022949,False,3753
3757,2026-10-08,002761,-1.4217031002044678,False,3754
3758,2026-10-08,301509,-1.4230468273162842,False,3755
3759,2026-10-08,600230,-1.4232680797576904,False,3756
3760,2026-10-08,002832,-1.4259417057037354,False,3757
3761,2026-10-08,600771,-1.4337313175201416,False,3758
3762,2026-10-08,000901,-1.4341988563537598,False,3759
3763,2026-10-08,600657,-1.4362635612487793,False,3760
3764,2026-10-08,301003,-1.4371607303619385,False,3761
3765,2026-10-08,301327,-1.4448995590209961,False,3762
3766,2026-10-08,688308,-1.4452937841415405,False,3763
3767,2026-10-08,002323,-1.447954535484314,False,3764
3768,2026-10-08,300483,-1.4558022022247314,False,3765
3769,2026-10-08,600372,-1.4570479393005371,False,3766
3770,2026-10-08,000970,-1.4630179405212402,False,3767
3771,2026-10-08,002480,-1.4631019830703735,False,3768
3772,2026-10-08,000151,-1.4645485877990723,False,3769
3773,2026-10-08,002050,-1.4704298973083496,False,3770
3774,2026-10-08,300528,-1.4710263013839722,False,3771
3775,2026-10-08,601727,-1.4732537269592285,False,3772
3776,2026-10-08,600491,-1.4742380380630493,False,3773
3777,2026-10-08,300091,-1.4757875204086304,False,3774
3778,2026-10-08,002550,-1.4764614105224609,False,3775
3779,2026-10-08,688639,-1.4768950939178467,False,3776
3780,2026-10-08,300458,-1.4779866933822632,False,3777
3781,2026-10-08,002283,-1.4792866706848145,False,3778
3782,2026-10-08,000062,-1.4795196056365967,False,3779
3783,2026-10-08,002377,-1.4799661636352539,False,3780
3784,2026-10-08,301558,-1.4800118207931519,False,3781
3785,2026-10-08,301683,-1.483222484588623,False,3782
3786,2026-10-08,301717,-1.4908301830291748,False,3783
3787,2026-10-08,600060,-1.4936002492904663,False,3784
3788,2026-10-08,688591,-1.4942755699157715,False,3785
3789,2026-10-08,601136,-1.4966886043548584,False,3786
3790,2026-10-08,605001,-1.5036702156066895,False,3787
3791,2026-10-08,002771,-1.5086114406585693,False,3788
3792,2026-10-08,300895,-1.5130519866943359,False,3789
3793,2026-10-08,688283,-1.5159440040588379,False,3790
3794,2026-10-08,688676,-1.5169155597686768,False,3791
3795,2026-10-08,600008,-1.5177791118621826,False,3792
3796,2026-10-08,603196,-1.5194337368011475,False,3793
3797,2026-10-08,601311,-1.5205789804458618,False,3794
3798,2026-10-08,601022,-1.5214732885360718,False,3795
3799,2026-10-08,002514,-1.5216711759567261,False,3796
3800,2026-10-08,600801,-1.5225974321365356,False,3797
3801,2026-10-08,601789,-1.5278307199478149,False,3798
3802,2026-10-08,002263,-1.5281596183776855,False,3799
3803,2026-10-08,688599,-1.5316787958145142,False,3800
3804,2026-10-08,300923,-1.5336815118789673,False,3801
3805,2026-10-08,002755,-1.5380758047103882,False,3802
3806,2026-10-08,002065,-1.5435636043548584,False,3803
3807,2026-10-08,000958,-1.5446436405181885,False,3804
3808,2026-10-08,000803,-1.5489336252212524,False,3805
3809,2026-10-08,603045,-1.5532921552658081,False,3806
3810,2026-10-08,600211,-1.5537393093109131,False,3807
3811,2026-10-08,000688,-1.5548014640808105,False,3808
3812,2026-10-08,300149,-1.5568487644195557,False,3809
3813,2026-10-08,300366,-1.5640379190444946,False,3810
3814,2026-10-08,300048,-1.5674707889556885,False,3811
3815,2026-10-08,688071,-1.5706487894058228,False,3812
3816,2026-10-08,603717,-1.5746506452560425,False,3813
3817,2026-10-08,300644,-1.5751631259918213,False,3814
3818,2026-10-08,002044,-1.5829321146011353,False,3815
3819,2026-10-08,600531,-1.5830667018890381,False,3816
3820,2026-10-08,605208,-1.584932804107666,False,3817
3821,2026-10-08,002455,-1.5871001482009888,False,3818
3822,2026-10-08,002049,-1.589383602142334,False,3819
3823,2026-10-08,000753,-1.5922683477401733,False,3820
3824,2026-10-08,002051,-1.5936123132705688,False,3821
3825,2026-10-08,001239,-1.5977146625518799,False,3822
3826,2026-10-08,603222,-1.5997905731201172,False,3823
3827,2026-10-08,000002,-1.6097455024719238,False,3824
3828,2026-10-08,688739,-1.6130979061126709,False,3825
3829,2026-10-08,600545,-1.6160218715667725,False,3826
3830,2026-10-08,301365,-1.6166512966156006,False,3827
3831,2026-10-08,300795,-1.6178274154663086,False,3828
3832,2026-10-08,300285,-1.6198551654815674,False,3829
3833,2026-10-08,601101,-1.6240710020065308,False,3830
3834,2026-10-08,002129,-1.6244492530822754,False,3831
3835,2026-10-08,601777,-1.6303181648254395,False,3832
3836,2026-10-08,600600,-1.6305201053619385,False,3833
3837,2026-10-08,601975,-1.6346316337585449,True,
3838,2026-10-08,605068,-1.6357314586639404,False,3834
3839,2026-10-08,600399,-1.6414457559585571,False,3835
3840,2026-10-08,600381,-1.6425362825393677,False,3836
3841,2026-10-08,301093,-1.6486825942993164,False,3837
3842,2026-10-08,000728,-1.6488378047943115,False,3838
3843,2026-10-08,603612,-1.652101993560791,False,3839
3844,2026-10-08,002537,-1.6529557704925537,False,3840
3845,2026-10-08,600867,-1.6532602310180664,False,3841
3846,2026-10-08,300395,-1.6536778211593628,False,3842
3847,2026-10-08,600458,-1.6613062620162964,False,3843
3848,2026-10-08,601888,-1.6642329692840576,False,3844
3849,2026-10-08,600315,-1.6657395362854004,False,3845
3850,2026-10-08,301395,-1.6734774112701416,False,3846
3851,2026-10-08,001227,-1.6766523122787476,False,3847
3852,2026-10-08,000756,-1.6771517992019653,False,3848
3853,2026-10-08,600550,-1.6784305572509766,False,3849
3854,2026-10-08,688553,-1.6816204786300659,False,3850
3855,2026-10-08,002218,-1.6842561960220337,False,3851
3856,2026-10-08,301033,-1.6846611499786377,False,3852
3857,2026-10-08,300568,-1.6877460479736328,False,3853
3858,2026-10-08,300380,-1.6891329288482666,False,3854
3859,2026-10-08,301105,-1.6903750896453857,False,3855
3860,2026-10-08,600830,-1.6945710182189941,False,3856
3861,2026-10-08,002911,-1.7088117599487305,False,3857
3862,2026-10-08,002670,-1.7106423377990723,False,3858
3863,2026-10-08,603602,-1.713200569152832,False,3859
3864,2026-10-08,601390,-1.7155876159667969,False,3860
3865,2026-10-08,301448,-1.7190598249435425,False,3861
3866,2026-10-08,002981,-1.721855640411377,False,3862
3867,2026-10-08,002564,-1.7231204509735107,False,3863
3868,2026-10-08,603990,-1.723665714263916,False,3864
3869,2026-10-08,603033,-1.7272293567657471,False,3865
3870,2026-10-08,000670,-1.7280604839324951,False,3866
3871,2026-10-08,002518,-1.7298241853713989,False,3867
3872,2026-10-08,601375,-1.7331733703613281,False,3868
3873,2026-10-08,603377,-1.7358121871948242,False,3869
3874,2026-10-08,688009,-1.7371814250946045,False,3870
3875,2026-10-08,301618,-1.7382466793060303,False,3871
3876,2026-10-08,000600,-1.7421538829803467,False,3872
3877,2026-10-08,002570,-1.7451785802841187,False,3873
3878,2026-10-08,000632,-1.7466483116149902,False,3874
3879,2026-10-08,300462,-1.755412220954895,False,3875
3880,2026-10-08,688611,-1.7606909275054932,False,3876
3881,2026-10-08,688057,-1.7613676786422729,False,3877
3882,2026-10-08,000766,-1.7617974281311035,False,3878
3883,2026-10-08,600725,-1.7624086141586304,False,3879
3884,2026-10-08,603444,-1.763278603553772,False,3880
3885,2026-10-08,001979,-1.7640602588653564,False,3881
3886,2026-10-08,002027,-1.7686806917190552,False,3882
3887,2026-10-08,601519,-1.7690153121948242,False,3883
3888,2026-10-08,600748,-1.7768867015838623,False,3884
3889,2026-10-08,603097,-1.7856764793395996,False,3885
3890,2026-10-08,002767,-1.7858521938323975,False,3886
3891,2026-10-08,603271,-1.7954490184783936,False,3887
3892,2026-10-08,000415,-1.7965219020843506,False,3888
3893,2026-10-08,600320,-1.7967966794967651,False,3889
3894,2026-10-08,601886,-1.7989709377288818,False,3890
3895,2026-10-08,603026,-1.8044722080230713,False,3891
3896,2026-10-08,002816,-1.8056144714355469,False,3892
3897,2026-10-08,600770,-1.8084261417388916,False,3893
3898,2026-10-08,300226,-1.8130404949188232,False,3894
3899,2026-10-08,603013,-1.814927339553833,False,3895
3900,2026-10-08,603421,-1.818587064743042,False,3896
3901,2026-10-08,300919,-1.8264696598052979,False,3897
3902,2026-10-08,603630,-1.8275779485702515,False,3898
3903,2026-10-08,300982,-1.829089879989624,False,3899
3904,2026-10-08,603363,-1.8304107189178467,False,3900
3905,2026-10-08,688091,-1.831148624420166,False,3901
3906,2026-10-08,603277,-1.8314049243927002,False,3902
3907,2026-10-08,300471,-1.8334226608276367,False,3903
3908,2026-10-08,002148,-1.8373007774353027,False,3904
3909,2026-10-08,301584,-1.8422366380691528,False,3905
3910,2026-10-08,002997,-1.8426239490509033,False,3906
3911,2026-10-08,600292,-1.8478579521179199,False,3907
3912,2026-10-08,002718,-1.8503792285919189,False,3908
3913,2026-10-08,002326,-1.8597424030303955,False,3909
3914,2026-10-08,600925,-1.8659695386886597,False,3910
3915,2026-10-08,603011,-1.8678624629974365,False,3911
3916,2026-10-08,300810,-1.8692096471786499,False,3912
3917,2026-10-08,301585,-1.8695909976959229,False,3913
3918,2026-10-08,600189,-1.872130274772644,False,3914
3919,2026-10-08,002015,-1.872161865234375,False,3915
3920,2026-10-08,300740,-1.8728756904602051,False,3916
3921,2026-10-08,688065,-1.8748723268508911,False,3917
3922,2026-10-08,000721,-1.8769856691360474,False,3918
3923,2026-10-08,002546,-1.8796950578689575,False,3919
3924,2026-10-08,688750,-1.8801485300064087,False,3920
3925,2026-10-08,605117,-1.8809159994125366,False,3921
3926,2026-10-08,003026,-1.8819409608840942,False,3922
3927,2026-10-08,603130,-1.8823436498641968,False,3923
3928,2026-10-08,300464,-1.8835393190383911,False,3924
3929,2026-10-08,600459,-1.8871332406997681,False,3925
3930,2026-10-08,688708,-1.8927509784698486,False,3926
3931,2026-10-08,002498,-1.8980892896652222,False,3927
3932,2026-10-08,301183,-1.9002697467803955,False,3928
3933,2026-10-08,300098,-1.9005075693130493,False,3929
3934,2026-10-08,688583,-1.9055202007293701,False,3930
3935,2026-10-08,688226,-1.9123489856719971,False,3931
3936,2026-10-08,688733,-1.9129316806793213,False,3932
3937,2026-10-08,600567,-1.9133059978485107,False,3933
3938,2026-10-08,301398,-1.9138127565383911,False,3934
3939,2026-10-08,603826,-1.919719934463501,False,3935
3940,2026-10-08,301002,-1.9206962585449219,False,3936
3941,2026-10-08,300587,-1.9275544881820679,False,3937
3942,2026-10-08,300147,-1.9313422441482544,False,3938
3943,2026-10-08,688337,-1.9325433969497681,False,3939
3944,2026-10-08,000601,-1.9334498643875122,False,3940
3945,2026-10-08,002240,-1.9338300228118896,False,3941
3946,2026-10-08,600022,-1.9378056526184082,False,3942
3947,2026-10-08,600868,-1.9380110502243042,False,3943
3948,2026-10-08,603008,-1.9393362998962402,False,3944
3949,2026-10-08,301280,-1.9434524774551392,False,3945
3950,2026-10-08,001280,-1.9447120428085327,False,3946
3951,2026-10-08,688361,-1.9449882507324219,False,3947
3952,2026-10-08,600390,-1.9506794214248657,False,3948
3953,2026-10-08,603077,-1.9511711597442627,False,3949
3954,2026-10-08,001296,-1.9553587436676025,False,3950
3955,2026-10-08,603733,-1.9556436538696289,False,3951
3956,2026-10-08,603268,-1.9599876403808594,False,3952
3957,2026-10-08,300472,-1.9647679328918457,False,3953
3958,2026-10-08,688349,-1.9655537605285645,False,3954
3959,2026-10-08,002042,-1.9721741676330566,False,3955
3960,2026-10-08,301525,-1.9728585481643677,False,3956
3961,2026-10-08,603352,-1.9730674028396606,False,3957
3962,2026-10-08,601179,-1.9731993675231934,False,3958
3963,2026-10-08,001382,-1.9740865230560303,False,3959
3964,2026-10-08,603579,-1.9773640632629395,False,3960
3965,2026-10-08,605168,-1.9802142381668091,False,3961
3966,2026-10-08,300676,-1.9804540872573853,False,3962
3967,2026-10-08,601899,-1.9827955961227417,False,3963
3968,2026-10-08,600558,-1.9836189746856689,False,3964
3969,2026-10-08,688082,-1.9930087327957153,False,3965
3970,2026-10-08,002801,-1.9982607364654541,False,3966
3971,2026-10-08,002235,-1.9995018243789673,False,3967
3972,2026-10-08,301707,-2.000377893447876,False,3968
3973,2026-10-08,688578,-2.001004695892334,False,3969
3974,2026-10-08,002318,-2.0037341117858887,False,3970
3975,2026-10-08,605077,-2.0049140453338623,False,3971
3976,2026-10-08,688208,-2.0076556205749512,False,3972
3977,2026-10-08,002178,-2.0158624649047852,False,3973
3978,2026-10-08,603809,-2.0175278186798096,False,3974
3979,2026-10-08,002422,-2.0296390056610107,False,3975
3980,2026-10-08,301038,-2.0336146354675293,False,3976
3981,2026-10-08,300835,-2.0424432754516602,False,3977
3982,2026-10-08,001356,-2.0446839332580566,False,3978
3983,2026-10-08,603167,-2.046518087387085,False,3979
3984,2026-10-08,603375,-2.0475623607635498,False,3980
3985,2026-10-08,300093,-2.051727294921875,False,3981
3986,2026-10-08,603806,-2.0570299625396729,False,3982
3987,2026-10-08,000967,-2.0588417053222656,False,3983
3988,2026-10-08,300518,-2.0592658519744873,False,3984
3989,2026-10-08,601117,-2.0618536472320557,False,3985
3990,2026-10-08,603755,-2.0636391639709473,False,3986
3991,2026-10-08,002955,-2.0665373802185059,False,3987
3992,2026-10-08,000166,-2.0694115161895752,False,3988
3993,2026-10-08,601319,-2.0716633796691895,False,3989
3994,2026-10-08,603611,-2.0727338790893555,False,3990
3995,2026-10-08,300011,-2.0728254318237305,False,3991
3996,2026-10-08,300613,-2.0778489112854004,False,3992
3997,2026-10-08,688370,-2.0827100276947021,False,3993
3998,2026-10-08,000635,-2.0967991352081299,False,3994
3999,2026-10-08,300020,-2.1012148857116699,False,3995
4000,2026-10-08,300053,-2.1027421951293945,False,3996
4001,2026-10-08,600148,-2.1072337627410889,False,3997
4002,2026-10-08,603679,-2.1141226291656494,False,3998
4003,2026-10-08,002396,-2.1176748275756836,False,3999
4004,2026-10-08,300234,-2.118408203125,False,4000
4005,2026-10-08,300609,-2.1250042915344238,False,4001
4006,2026-10-08,688183,-2.1298184394836426,False,4002
4007,2026-10-08,000777,-2.1353707313537598,False,4003
4008,2026-10-08,600236,-2.142052173614502,False,4004
4009,2026-10-08,600218,-2.1427199840545654,False,4005
4010,2026-10-08,600362,-2.1439309120178223,False,4006
4011,2026-10-08,300304,-2.1564393043518066,False,4007
4012,2026-10-08,601601,-2.1584451198577881,False,4008
4013,2026-10-08,688300,-2.1636600494384766,False,4009
4014,2026-10-08,002601,-2.1640849113464355,False,4010
4015,2026-10-08,300157,-2.1656477451324463,False,4011
4016,2026-10-08,000679,-2.1741733551025391,False,4012
4017,2026-10-08,600131,-2.1756443977355957,False,4013
4018,2026-10-08,301592,-2.1756958961486816,False,4014
4019,2026-10-08,002919,-2.1812126636505127,False,4015
4020,2026-10-08,600268,-2.1814908981323242,False,4016
4021,2026-10-08,688030,-2.1815619468688965,False,4017
4022,2026-10-08,001359,-2.1827101707458496,False,4018
4023,2026-10-08,002891,-2.1867406368255615,False,4019
4024,2026-10-08,301303,-2.1879169940948486,False,4020
4025,2026-10-08,300845,-2.1917660236358643,False,4021
4026,2026-10-08,002469,-2.1937921047210693,False,4022
4027,2026-10-08,603861,-2.1940908432006836,False,4023
4028,2026-10-08,300436,-2.1967129707336426,False,4024
4029,2026-10-08,301283,-2.1980199813842773,False,4025
4030,2026-10-08,002210,-2.2027583122253418,False,4026
4031,2026-10-08,688101,-2.2032768726348877,False,4027
4032,2026-10-08,688325,-2.2070386409759521,False,4028
4033,2026-10-08,000858,-2.2098004817962646,False,4029
4034,2026-10-08,300256,-2.2128586769104004,False,4030
4035,2026-10-08,601377,-2.2150387763977051,False,4031
4036,2026-10-08,603107,-2.2228045463562012,False,4032
4037,2026-10-08,601788,-2.2356553077697754,False,4033
4038,2026-10-08,002446,-2.2366065979003906,False,4034
4039,2026-10-08,603012,-2.2401847839355469,False,4035
4040,2026-10-08,603109,-2.2429478168487549,False,4036
4041,2026-10-08,301638,-2.2485318183898926,False,4037
4042,2026-10-08,000977,-2.2487683296203613,False,4038
4043,2026-10-08,000060,-2.2500088214874268,False,4039
4044,2026-10-08,300827,-2.2572481632232666,False,4040
4045,2026-10-08,600673,-2.2626688480377197,False,4041
4046,2026-10-08,600642,-2.2628049850463867,False,4042
4047,2026-10-08,600889,-2.2652883529663086,False,4043
4048,2026-10-08,603418,-2.2721133232116699,False,4044
4049,2026-10-08,000420,-2.2727949619293213,False,4045
4050,2026-10-08,002706,-2.2776942253112793,False,4046
4051,2026-10-08,603823,-2.2786216735839844,False,4047
4052,2026-10-08,300269,-2.2873787879943848,False,4048
4053,2026-10-08,603066,-2.29278564453125,False,4049
4054,2026-10-08,603798,-2.2947893142700195,False,4050
4055,2026-10-08,300283,-2.3008522987365723,False,4051
4056,2026-10-08,688105,-2.3026885986328125,False,4052
4057,2026-10-08,600233,-2.3034210205078125,False,4053
4058,2026-10-08,301108,-2.3037574291229248,False,4054
4059,2026-10-08,601881,-2.3109750747680664,False,4055
4060,2026-10-08,300473,-2.3185229301452637,False,4056
4061,2026-10-08,002521,-2.3257536888122559,False,4057
4062,2026-10-08,688805,-2.3287148475646973,False,4058
4063,2026-10-08,688689,-2.3319234848022461,False,4059
4064,2026-10-08,600763,-2.3379759788513184,False,4060
4065,2026-10-08,301418,-2.3430995941162109,False,4061
4066,2026-10-08,300811,-2.343836784362793,False,4062
4067,2026-10-08,300847,-2.3441190719604492,False,4063
4068,2026-10-08,301201,-2.3448219299316406,False,4064
4069,2026-10-08,300665,-2.3467426300048828,False,4065
4070,2026-10-08,300264,-2.3478214740753174,False,4066
4071,2026-10-08,301265,-2.3483757972717285,False,4067
4072,2026-10-08,601868,-2.3519051074981689,False,4068
4073,2026-10-08,300886,-2.361976146697998,False,4069
4074,2026-10-08,000676,-2.3641748428344727,False,4070
4075,2026-10-08,600337,-2.3661143779754639,False,4071
4076,2026-10-08,601866,-2.3665926456451416,False,4072
4077,2026-10-08,603050,-2.3680055141448975,False,4073
4078,2026-10-08,002317,-2.373849630355835,False,4074
4079,2026-10-08,601360,-2.3745212554931641,False,4075
4080,2026-10-08,688087,-2.3752741813659668,False,4076
4081,2026-10-08,600933,-2.3818056583404541,False,4077
4082,2026-10-08,000682,-2.3835172653198242,False,4078
4083,2026-10-08,688486,-2.3840570449829102,False,4079
4084,2026-10-08,603789,-2.394404411315918,False,4080
4085,2026-10-08,600111,-2.394463062286377,False,4081
4086,2026-10-08,000792,-2.4003925323486328,False,4082
4087,2026-10-08,600777,-2.4117846488952637,False,4083
4088,2026-10-08,300926,-2.4162676334381104,False,4084
4089,2026-10-08,301008,-2.4178709983825684,False,4085
4090,2026-10-08,300249,-2.4203743934631348,False,4086
4091,2026-10-08,301229,-2.4258267879486084,False,4087
4092,2026-10-08,002185,-2.4282057285308838,False,4088
4093,2026-10-08,688100,-2.4340217113494873,False,4089
4094,2026-10-08,603577,-2.4363343715667725,False,4090
4095,2026-10-08,000565,-2.4382052421569824,False,4091
4096,2026-10-08,601369,-2.4399094581604004,False,4092
4097,2026-10-08,002182,-2.441319465637207,False,4093
4098,2026-10-08,300059,-2.4428873062133789,False,4094
4099,2026-10-08,688500,-2.4470522403717041,False,4095
4100,2026-10-08,002053,-2.4544358253479004,False,4096
4101,2026-10-08,002131,-2.4561183452606201,False,4097
4102,2026-10-08,300185,-2.4567170143127441,False,4098
4103,2026-10-08,301137,-2.4756240844726562,False,4099
4104,2026-10-08,003002,-2.4785938262939453,False,4100
4105,2026-10-08,002335,-2.4794089794158936,False,4101
4106,2026-10-08,002169,-2.4813015460968018,False,4102
4107,2026-10-08,600167,-2.482255220413208,False,4103
4108,2026-10-08,300244,-2.4882378578186035,False,4104
4109,2026-10-08,301565,-2.4902420043945312,False,4105
4110,2026-10-08,002445,-2.4909317493438721,False,4106
4111,2026-10-08,600366,-2.49267578125,False,4107
4112,2026-10-08,000623,-2.4995410442352295,False,4108
4113,2026-10-08,301041,-2.5015487670898438,False,4109
4114,2026-10-08,600703,-2.5018668174743652,False,4110
4115,2026-10-08,601696,-2.5091619491577148,False,4111
4116,2026-10-08,600674,-2.5091867446899414,False,4112
4117,2026-10-08,600196,-2.512437105178833,False,4113
4118,2026-10-08,603300,-2.5133204460144043,False,4114
4119,2026-10-08,000068,-2.5169734954833984,False,4115
4120,2026-10-08,300711,-2.5265877246856689,False,4116
4121,2026-10-08,603725,-2.5291943550109863,False,4117
4122,2026-10-08,600679,-2.5359392166137695,False,4118
4123,2026-10-08,002780,-2.5385355949401855,False,4119
4124,2026-10-08,600232,-2.5388460159301758,False,4120
4125,2026-10-08,603979,-2.5411167144775391,False,4121
4126,2026-10-08,002438,-2.5421421527862549,False,4122
4127,2026-10-08,600893,-2.5444374084472656,False,4123
4128,2026-10-08,603797,-2.5466835498809814,False,4124
4129,2026-10-08,600395,-2.5468649864196777,False,4125
4130,2026-10-08,002893,-2.5506515502929688,False,4126
4131,2026-10-08,002736,-2.55135178565979,False,4127
4132,2026-10-08,600516,-2.56099534034729,False,4128
4133,2026-10-08,002790,-2.5688934326171875,False,4129
4134,2026-10-08,603365,-2.5788075923919678,False,4130
4135,2026-10-08,300555,-2.580366849899292,False,4131
4136,2026-10-08,002756,-2.5808613300323486,False,4132
4137,2026-10-08,600389,-2.5865223407745361,False,4133
4138,2026-10-08,688167,-2.5899221897125244,False,4134
4139,2026-10-08,603699,-2.5956685543060303,False,4135
4140,2026-10-08,688296,-2.5959935188293457,False,4136
4141,2026-10-08,002403,-2.6040620803833008,False,4137
4142,2026-10-08,605336,-2.6101734638214111,False,4138
4143,2026-10-08,002786,-2.619361400604248,False,4139
4144,2026-10-08,301680,-2.6255955696105957,False,4140
4145,2026-10-08,002715,-2.6266708374023438,False,4141
4146,2026-10-08,300916,-2.6331040859222412,False,4142
4147,2026-10-08,603198,-2.6352171897888184,False,4143
4148,2026-10-08,688816,-2.636333703994751,False,4144
4149,2026-10-08,600906,-2.6369733810424805,False,4145
4150,2026-10-08,002222,-2.6370024681091309,False,4146
4151,2026-10-08,300415,-2.6441679000854492,False,4147
4152,2026-10-08,000519,-2.6485519409179688,False,4148
4153,2026-10-08,002769,-2.652482271194458,False,4149
4154,2026-10-08,000691,-2.6570982933044434,False,4150
4155,2026-10-08,688179,-2.6591925621032715,False,4151
4156,2026-10-08,603281,-2.6621112823486328,False,4152
4157,2026-10-08,688702,-2.6626646518707275,False,4153
4158,2026-10-08,300251,-2.6679754257202148,False,4154
4159,2026-10-08,600702,-2.6685500144958496,False,4155
4160,2026-10-08,300991,-2.6707849502563477,False,4156
4161,2026-10-08,002236,-2.6767487525939941,False,4157
4162,2026-10-08,688425,-2.6781949996948242,False,4158
4163,2026-10-08,601949,-2.6797909736633301,False,4159
4164,2026-10-08,600483,-2.6824078559875488,False,4160
4165,2026-10-08,301207,-2.6855509281158447,False,4161
4166,2026-10-08,688709,-2.6884737014770508,False,4162
4167,2026-10-08,300419,-2.6916241645812988,False,4163
4168,2026-10-08,002896,-2.6935293674468994,False,4164
4169,2026-10-08,300191,-2.7001032829284668,False,4165
4170,2026-10-08,301498,-2.7013614177703857,False,4166
4171,2026-10-08,603885,-2.7039210796356201,False,4167
4172,2026-10-08,000686,-2.7066936492919922,False,4168
4173,2026-10-08,002276,-2.7082123756408691,False,4169
4174,2026-10-08,300801,-2.7125914096832275,False,4170
4175,2026-10-08,002926,-2.7214615345001221,False,4171
4176,2026-10-08,688022,-2.7214927673339844,False,4172
4177,2026-10-08,688656,-2.7275948524475098,False,4173
4178,2026-10-08,000545,-2.7333605289459229,False,4174
4179,2026-10-08,600509,-2.7337465286254883,False,4175
4180,2026-10-08,600730,-2.7382793426513672,False,4176
4181,2026-10-08,002193,-2.7447457313537598,False,4177
4182,2026-10-08,600790,-2.7449898719787598,False,4178
4183,2026-10-08,000530,-2.7450125217437744,False,4179
4184,2026-10-08,300170,-2.7460424900054932,False,4180
4185,2026-10-08,300037,-2.7481231689453125,False,4181
4186,2026-10-08,688517,-2.7570967674255371,False,4182
4187,2026-10-08,300363,-2.7606484889984131,False,4183
4188,2026-10-08,300550,-2.7633519172668457,False,4184
4189,2026-10-08,600737,-2.7634778022766113,False,4185
4190,2026-10-08,301212,-2.7725188732147217,False,4186
4191,2026-10-08,000737,-2.7788035869598389,False,4187
4192,2026-10-08,601158,-2.7792160511016846,False,4188
4193,2026-10-08,600067,-2.7817323207855225,False,4189
4194,2026-10-08,002195,-2.7834925651550293,False,4190
4195,2026-10-08,300324,-2.7938783168792725,False,4191
4196,2026-10-08,603086,-2.7973544597625732,False,4192
4197,2026-10-08,600726,-2.7977054119110107,False,4193
4198,2026-10-08,002124,-2.7983579635620117,False,4194
4199,2026-10-08,000056,-2.8013350963592529,False,4195
4200,2026-10-08,603370,-2.8022229671478271,False,4196
4201,2026-10-08,603366,-2.8031134605407715,False,4197
4202,2026-10-08,688767,-2.8039772510528564,False,4198
4203,2026-10-08,605188,-2.8064892292022705,False,4199
4204,2026-10-08,601021,-2.8072776794433594,False,4200
4205,2026-10-08,300769,-2.8078587055206299,False,4201
4206,2026-10-08,603004,-2.8137340545654297,False,4202
4207,2026-10-08,301060,-2.8150429725646973,False,4203
4208,2026-10-08,300470,-2.8165183067321777,False,4204
4209,2026-10-08,003030,-2.8202672004699707,False,4205
4210,2026-10-08,688663,-2.8204042911529541,False,4206
4211,2026-10-08,688163,-2.8238646984100342,False,4207
4212,2026-10-08,600739,-2.8291254043579102,False,4208
4213,2026-10-08,601999,-2.8306329250335693,False,4209
4214,2026-10-08,301197,-2.8333065509796143,False,4210
4215,2026-10-08,603527,-2.8362538814544678,False,4211
4216,2026-10-08,688426,-2.8373880386352539,False,4212
4217,2026-10-08,301575,-2.8426122665405273,False,4213
4218,2026-10-08,300397,-2.8432450294494629,False,4214
4219,2026-10-08,002046,-2.845416784286499,False,4215
4220,2026-10-08,603336,-2.8474574089050293,False,4216
4221,2026-10-08,688309,-2.8500528335571289,False,4217
4222,2026-10-08,001696,-2.8507506847381592,False,4218
4223,2026-10-08,601012,-2.8556838035583496,False,4219
4224,2026-10-08,600930,-2.8564057350158691,False,4220
4225,2026-10-08,000625,-2.8662233352661133,False,4221
4226,2026-10-08,300003,-2.8673763275146484,False,4222
4227,2026-10-08,002568,-2.870697021484375,False,4223
4228,2026-10-08,301687,-2.871795654296875,False,4224
4229,2026-10-08,688779,-2.8734989166259766,False,4225
4230,2026-10-08,002073,-2.8771743774414062,False,4226
4231,2026-10-08,002296,-2.8821566104888916,False,4227
4232,2026-10-08,601162,-2.8821828365325928,False,4228
4233,2026-10-08,600982,-2.883134126663208,False,4229
4234,2026-10-08,688277,-2.8844718933105469,False,4230
4235,2026-10-08,300432,-2.8853344917297363,False,4231
4236,2026-10-08,603019,-2.8854362964630127,False,4232
4237,2026-10-08,000767,-2.8866133689880371,False,4233
4238,2026-10-08,001312,-2.8936913013458252,False,4234
4239,2026-10-08,300860,-2.9084405899047852,False,4235
4240,2026-10-08,002440,-2.9140033721923828,False,4236
4241,2026-10-08,002312,-2.9167988300323486,False,4237
4242,2026-10-08,301026,-2.918147087097168,False,4238
4243,2026-10-08,002612,-2.9229686260223389,False,4239
4244,2026-10-08,003004,-2.9279685020446777,False,4240
4245,2026-10-08,688225,-2.9280328750610352,False,4241
4246,2026-10-08,688221,-2.9282858371734619,False,4242
4247,2026-10-08,002040,-2.9367706775665283,False,4243
4248,2026-10-08,300179,-2.9393134117126465,False,4244
4249,2026-10-08,002030,-2.9399352073669434,False,4245
4250,2026-10-08,688063,-2.9429061412811279,False,4246
4251,2026-10-08,300423,-2.9429469108581543,False,4247
4252,2026-10-08,000795,-2.9445037841796875,False,4248
4253,2026-10-08,002152,-2.9454159736633301,False,4249
4254,2026-10-08,300685,-2.9490535259246826,False,4250
4255,2026-10-08,301630,-2.9625153541564941,False,4251
4256,2026-10-08,301110,-2.9780764579772949,False,4252
4257,2026-10-08,301237,-2.9781498908996582,False,4253
4258,2026-10-08,001212,-2.9807002544403076,False,4254
4259,2026-10-08,300866,-2.9810385704040527,False,4255
4260,2026-10-08,300738,-2.9850983619689941,False,4256
4261,2026-10-08,300531,-2.9901735782623291,False,4257
4262,2026-10-08,688758,-2.9907796382904053,False,4258
4263,2026-10-08,603051,-2.9950556755065918,False,4259
4264,2026-10-08,600809,-2.9977316856384277,False,4260
4265,2026-10-08,300907,-2.9994862079620361,False,4261
4266,2026-10-08,000910,-3.0024466514587402,False,4262
4267,2026-10-08,301380,-3.0030612945556641,False,4263
4268,2026-10-08,688148,-3.0076394081115723,False,4264
4269,2026-10-08,001288,-3.0093936920166016,False,4265
4270,2026-10-08,300159,-3.0115947723388672,False,4266
4271,2026-10-08,300012,-3.0128223896026611,False,4267
4272,2026-10-08,002547,-3.0173220634460449,False,4268
4273,2026-10-08,000793,-3.0193133354187012,False,4269
4274,2026-10-08,002510,-3.0262236595153809,False,4270
4275,2026-10-08,601038,-3.0275683403015137,False,4271
4276,2026-10-08,000966,-3.0290727615356445,False,4272
4277,2026-10-08,001209,-3.0345339775085449,False,4273
4278,2026-10-08,600595,-3.039034366607666,False,4274
4279,2026-10-08,000727,-3.0414588451385498,False,4275
4280,2026-10-08,002466,-3.0535390377044678,False,4276
4281,2026-10-08,600879,-3.0537710189819336,False,4277
4282,2026-10-08,603236,-3.0642290115356445,False,4278
4283,2026-10-08,300122,-3.0657343864440918,False,4279
4284,2026-10-08,600765,-3.0686006546020508,False,4280
4285,2026-10-08,002024,-3.0714094638824463,False,4281
4286,2026-10-08,600686,-3.0730791091918945,False,4282
4287,2026-10-08,300505,-3.0731570720672607,False,4283
4288,2026-10-08,688275,-3.0736281871795654,False,4284
4289,2026-10-08,688489,-3.0740361213684082,False,4285
4290,2026-10-08,600999,-3.0748686790466309,False,4286
4291,2026-10-08,603939,-3.0790815353393555,False,4287
4292,2026-10-08,002456,-3.0817739963531494,False,4288
4293,2026-10-08,300296,-3.083364725112915,False,4289
4294,2026-10-08,300438,-3.0850968360900879,False,4290
4295,2026-10-08,688006,-3.0864198207855225,False,4291
4296,2026-10-08,605133,-3.0936264991760254,False,4292
4297,2026-10-08,688237,-3.0982036590576172,False,4293
4298,2026-10-08,688606,-3.0995233058929443,False,4294
4299,2026-10-08,688176,-3.1009187698364258,False,4295
4300,2026-10-08,300687,-3.1036665439605713,False,4296
4301,2026-10-08,300024,-3.1065535545349121,False,4297
4302,2026-10-08,300017,-3.1102557182312012,False,4298
4303,2026-10-08,600396,-3.11090087890625,False,4299
4304,2026-10-08,301617,-3.1118950843811035,False,4300
4305,2026-10-08,300085,-3.1130318641662598,False,4301
4306,2026-10-08,002039,-3.1142911911010742,False,4302
4307,2026-10-08,688177,-3.1193962097167969,False,4303
4308,2026-10-08,300364,-3.1264662742614746,False,4304
4309,2026-10-08,300369,-3.1341943740844727,False,4305
4310,2026-10-08,688187,-3.1379921436309814,False,4306
4311,2026-10-08,603301,-3.1384592056274414,False,4307
4312,2026-10-08,600369,-3.1402676105499268,False,4308
4313,2026-10-08,002151,-3.1415596008300781,False,4309
4314,2026-10-08,002295,-3.1424484252929688,False,4310
4315,2026-10-08,300123,-3.1427326202392578,False,4311
4316,2026-10-08,601990,-3.1470305919647217,False,4312
4317,2026-10-08,002673,-3.1502211093902588,False,4313
4318,2026-10-08,002188,-3.1530797481536865,False,4314
4319,2026-10-08,688192,-3.1609601974487305,False,4315
4320,2026-10-08,603112,-3.1622328758239746,False,4316
4321,2026-10-08,001283,-3.1627998352050781,False,4317
4322,2026-10-08,600478,-3.1650257110595703,False,4318
4323,2026-10-08,001369,-3.1715664863586426,False,4319
4324,2026-10-08,688077,-3.1716258525848389,False,4320
4325,2026-10-08,688123,-3.173060417175293,False,4321
4326,2026-10-08,000629,-3.1742799282073975,False,4322
4327,2026-10-08,688788,-3.1773560047149658,False,4323
4328,2026-10-08,603629,-3.1942119598388672,False,4324
4329,2026-10-08,688217,-3.214139461517334,False,4325
4330,2026-10-08,000791,-3.2161946296691895,False,4326
4331,2026-10-08,600038,-3.2205357551574707,False,4327
4332,2026-10-08,002256,-3.2206180095672607,False,4328
4333,2026-10-08,300072,-3.2251389026641846,False,4329
4334,2026-10-08,688339,-3.2266168594360352,False,4330
4335,2026-10-08,600356,-3.2287650108337402,False,4331
4336,2026-10-08,688011,-3.2326817512512207,False,4332
4337,2026-10-08,688359,-3.2382233142852783,False,4333
4338,2026-10-08,605162,-3.2426719665527344,False,4334
4339,2026-10-08,301061,-3.251645565032959,False,4335
4340,2026-10-08,000029,-3.2540369033813477,False,4336
4341,2026-10-08,603456,-3.2566466331481934,False,4337
4342,2026-10-08,600584,-3.2585828304290771,False,4338
4343,2026-10-08,300385,-3.2727856636047363,False,4339
4344,2026-10-08,002379,-3.2758688926696777,False,4340
4345,2026-10-08,002879,-3.2867417335510254,False,4341
4346,2026-10-08,300049,-3.2887470722198486,False,4342
4347,2026-10-08,002698,-3.291590690612793,False,4343
4348,2026-10-08,002294,-3.2917590141296387,False,4344
4349,2026-10-08,603496,-3.2957820892333984,False,4345
4350,2026-10-08,603681,-3.296694278717041,False,4346
4351,2026-10-08,301063,-3.3016867637634277,False,4347
4352,2026-10-08,002789,-3.3061313629150391,False,4348
4353,2026-10-08,600101,-3.3062806129455566,False,4349
4354,2026-10-08,300277,-3.3115067481994629,False,4350
4355,2026-10-08,600816,-3.3144440650939941,False,4351
4356,2026-10-08,301107,-3.3162367343902588,False,4352
4357,2026-10-08,600363,-3.318345308303833,False,4353
4358,2026-10-08,300204,-3.3184165954589844,False,4354
4359,2026-10-08,300221,-3.3202452659606934,False,4355
4360,2026-10-08,301148,-3.3206701278686523,False,4356
4361,2026-10-08,001872,-3.3304414749145508,False,4357
4362,2026-10-08,688256,-3.3351109027862549,False,4358
4363,2026-10-08,600997,-3.3419573307037354,False,4359
4364,2026-10-08,600130,-3.3428769111633301,False,4360
4365,2026-10-08,002213,-3.3434853553771973,False,4361
4366,2026-10-08,300490,-3.3510632514953613,False,4362
4367,2026-10-08,600768,-3.3583769798278809,False,4363
4368,2026-10-08,601890,-3.3637673854827881,False,4364
4369,2026-10-08,605298,-3.364633321762085,True,
4370,2026-10-08,300840,-3.370114803314209,False,4365
4371,2026-10-08,603638,-3.3763742446899414,False,4366
4372,2026-10-08,300573,-3.378220796585083,False,4367
4373,2026-10-08,600006,-3.378791332244873,False,4368
4374,2026-10-08,688712,-3.3787968158721924,False,4369
4375,2026-10-08,688092,-3.3794441223144531,False,4370
4376,2026-10-08,002125,-3.3862524032592773,False,4371
4377,2026-10-08,300319,-3.3907136917114258,False,4372
4378,2026-10-08,600518,-3.392587423324585,False,4373
4379,2026-10-08,301257,-3.4017398357391357,False,4374
4380,2026-10-08,603095,-3.4034161567687988,False,4375
4381,2026-10-08,600521,-3.4056668281555176,False,4376
4382,2026-10-08,600745,-3.4075689315795898,False,4377
4383,2026-10-08,002988,-3.4113442897796631,False,4378
4384,2026-10-08,300113,-3.411585807800293,False,4379
4385,2026-10-08,002156,-3.4141960144042969,False,4380
4386,2026-10-08,300708,-3.4152963161468506,False,4381
4387,2026-10-08,600562,-3.4195327758789062,False,4382
4388,2026-10-08,601127,-3.425628662109375,False,4383
4389,2026-10-08,688612,-3.4366722106933594,False,4384
4390,2026-10-08,002945,-3.4432072639465332,False,4385
4391,2026-10-08,000697,-3.4538414478302002,False,4386
4392,2026-10-08,002674,-3.4654555320739746,False,4387
4393,2026-10-08,600110,-3.4662861824035645,False,4388
4394,2026-10-08,300015,-3.4743633270263672,False,4389
4395,2026-10-08,002513,-3.4775431156158447,False,4390
4396,2026-10-08,002915,-3.4896316528320312,False,4391
4397,2026-10-08,002431,-3.4972274303436279,False,4392
4398,2026-10-08,300843,-3.5034914016723633,False,4393
4399,2026-10-08,001220,-3.5245499610900879,False,4394
4400,2026-10-08,300166,-3.5266590118408203,False,4395
4401,2026-10-08,301269,-3.5266799926757812,False,4396
4402,2026-10-08,301609,-3.5281884670257568,False,4397
4403,2026-10-08,002460,-3.5315041542053223,False,4398
4404,2026-10-08,002135,-3.5354475975036621,False,4399
4405,2026-10-08,300939,-3.5362722873687744,False,4400
4406,2026-10-08,600165,-3.5394313335418701,False,4401
4407,2026-10-08,000554,-3.5432095527648926,False,4402
4408,2026-10-08,605100,-3.5567080974578857,False,4403
4409,2026-10-08,300014,-3.557523250579834,False,4404
4410,2026-10-08,601877,-3.5710282325744629,False,4405
4411,2026-10-08,301152,-3.5756435394287109,False,4406
4412,2026-10-08,002309,-3.5831508636474609,False,4407
4413,2026-10-08,605186,-3.5849752426147461,False,4408
4414,2026-10-08,002611,-3.58821702003479,False,4409
4415,2026-10-08,603068,-3.612025260925293,False,4410
4416,2026-10-08,301166,-3.6136016845703125,False,4411
4417,2026-10-08,600611,-3.6163496971130371,False,4412
4418,2026-10-08,688315,-3.6171894073486328,False,4413
4419,2026-10-08,603205,-3.6209111213684082,False,4414
4420,2026-10-08,300031,-3.6267104148864746,False,4415
4421,2026-10-08,600929,-3.6275968551635742,False,4416
4422,2026-10-08,002146,-3.6279497146606445,False,4417
4423,2026-10-08,600012,-3.6346273422241211,False,4418
4424,2026-10-08,603737,-3.6453981399536133,False,4419
4425,2026-10-08,300806,-3.6485497951507568,False,4420
4426,2026-10-08,002347,-3.6498374938964844,False,4421
4427,2026-10-08,002497,-3.6506025791168213,False,4422
4428,2026-10-08,300266,-3.6542253494262695,False,4423
4429,2026-10-08,688200,-3.6568028926849365,False,4424
4430,2026-10-08,300074,-3.6573715209960938,False,4425
4431,2026-10-08,688316,-3.6652348041534424,False,4426
4432,2026-10-08,000417,-3.6692938804626465,False,4427
4433,2026-10-08,600895,-3.675931453704834,False,4428
4434,2026-10-08,301333,-3.6861090660095215,False,4429
4435,2026-10-08,600616,-3.6889622211456299,False,4430
4436,2026-10-08,300305,-3.6956560611724854,False,4431
4437,2026-10-08,002226,-3.6977245807647705,False,4432
4438,2026-10-08,600312,-3.7109460830688477,False,4433
4439,2026-10-08,300681,-3.7169075012207031,False,4434
4440,2026-10-08,000552,-3.7179827690124512,False,4435
4441,2026-10-08,688685,-3.7202348709106445,False,4436
4442,2026-10-08,688199,-3.7266428470611572,False,4437
4443,2026-10-08,601878,-3.7347390651702881,False,4438
4444,2026-10-08,002741,-3.7356688976287842,False,4439
4445,2026-10-08,600081,-3.739537239074707,False,4440
4446,2026-10-08,300931,-3.7422323226928711,False,4441
4447,2026-10-08,688353,-3.748842716217041,False,4442
4448,2026-10-08,688098,-3.7519056797027588,False,4443
4449,2026-10-08,002407,-3.7529463768005371,False,4444
4450,2026-10-08,000829,-3.7666161060333252,False,4445
4451,2026-10-08,300716,-3.7729265689849854,False,4446
4452,2026-10-08,300951,-3.7736136913299561,False,4447
4453,2026-10-08,000007,-3.7753767967224121,False,4448
4454,2026-10-08,603065,-3.7764420509338379,False,4449
4455,2026-10-08,300426,-3.7793745994567871,False,4450
4456,2026-10-08,688152,-3.7803382873535156,False,4451
4457,2026-10-08,300292,-3.7985367774963379,False,4452
4458,2026-10-08,600798,-3.8044984340667725,False,4453
4459,2026-10-08,002465,-3.8131341934204102,False,4454
4460,2026-10-08,688143,-3.8135161399841309,False,4455
4461,2026-10-08,002453,-3.8144474029541016,False,4456
4462,2026-10-08,300154,-3.8167026042938232,False,4457
4463,2026-10-08,300224,-3.8171532154083252,False,4458
4464,2026-10-08,002694,-3.8194127082824707,False,4459
4465,2026-10-08,001314,-3.8249626159667969,False,4460
4466,2026-10-08,603767,-3.8509807586669922,False,4461
4467,2026-10-08,603813,-3.854130744934082,False,4462
4468,2026-10-08,301079,-3.8564541339874268,False,4463
4469,2026-10-08,001237,-3.8647160530090332,False,4464
4470,2026-10-08,688213,-3.8674790859222412,False,4465
4471,2026-10-08,300317,-3.8811311721801758,False,4466
4472,2026-10-08,301396,-3.8854556083679199,False,4467
4473,2026-10-08,688443,-3.8897175788879395,False,4468
4474,2026-10-08,002600,-3.8928613662719727,False,4469
4475,2026-10-08,002204,-3.8932149410247803,False,4470
4476,2026-10-08,603218,-3.8971283435821533,False,4471
4477,2026-10-08,300333,-3.9000599384307861,False,4472
4478,2026-10-08,603192,-3.907257080078125,False,4473
4479,2026-10-08,601456,-3.9082674980163574,False,4474
4480,2026-10-08,301362,-3.9114420413970947,False,4475
4481,2026-10-08,688078,-3.9126100540161133,False,4476
4482,2026-10-08,600276,-3.9130227565765381,False,4477
4483,2026-10-08,600026,-3.914996862411499,True,
4484,2026-10-08,002553,-3.9233317375183105,False,4478
4485,2026-10-08,000639,-3.9271309375762939,False,4479
4486,2026-10-08,002425,-3.9288232326507568,False,4480
4487,2026-10-08,000012,-3.9303264617919922,False,4481
4488,2026-10-08,688186,-3.9328527450561523,False,4482
4489,2026-10-08,300852,-3.9399929046630859,False,4483
4490,2026-10-08,603908,-3.9452900886535645,False,4484
4491,2026-10-08,603093,-3.9604301452636719,False,4485
4492,2026-10-08,000513,-3.9734220504760742,False,4486
4493,2026-10-08,300383,-3.982499361038208,False,4487
4494,2026-10-08,603533,-3.9912333488464355,False,4488
4495,2026-10-08,688617,-3.9942331314086914,False,4489
4496,2026-10-08,300960,-3.9959316253662109,False,4490
4497,2026-10-08,300737,-4.0015544891357422,False,4491
4498,2026-10-08,300358,-4.0092849731445312,False,4492
4499,2026-10-08,605198,-4.0104899406433105,False,4493
4500,2026-10-08,688367,-4.0158367156982422,False,4494
4501,2026-10-08,603087,-4.0176234245300293,False,4495
4502,2026-10-08,300990,-4.0214204788208008,False,4496
4503,2026-10-08,300058,-4.0218648910522461,False,4497
4504,2026-10-08,002501,-4.0248422622680664,False,4498
4505,2026-10-08,000685,-4.0353579521179199,False,4499
4506,2026-10-08,300975,-4.0446615219116211,False,4500
4507,2026-10-08,301526,-4.0463132858276367,False,4501
4508,2026-10-08,605189,-4.0503354072570801,False,4502
4509,2026-10-08,300673,-4.0508384704589844,False,4503
4510,2026-10-08,300977,-4.0510220527648926,False,4504
4511,2026-10-08,300352,-4.0547246932983398,False,4505
4512,2026-10-08,301636,-4.06072998046875,False,4506
4513,2026-10-08,601991,-4.0610365867614746,False,4507
4514,2026-10-08,002939,-4.0642809867858887,False,4508
4515,2026-10-08,601279,-4.0666232109069824,False,4509
4516,2026-10-08,000839,-4.0709505081176758,False,4510
4517,2026-10-08,600010,-4.0722699165344238,False,4511
4518,2026-10-08,002207,-4.0745697021484375,False,4512
4519,2026-10-08,688156,-4.0759892463684082,False,4513
4520,2026-10-08,601336,-4.0897345542907715,False,4514
4521,2026-10-08,688202,-4.0969548225402832,False,4515
4522,2026-10-08,300190,-4.1020016670227051,False,4516
4523,2026-10-08,688808,-4.1021060943603516,False,4517
4524,2026-10-08,000692,-4.1143956184387207,False,4518
4525,2026-10-08,001257,-4.1157317161560059,False,4519
4526,2026-10-08,688116,-4.1168460845947266,False,4520
4527,2026-10-08,603230,-4.1287689208984375,False,4521
4528,2026-10-08,301219,-4.1289825439453125,False,4522
4529,2026-10-08,002472,-4.142974853515625,False,4523
4530,2026-10-08,300817,-4.1434431076049805,False,4524
4531,2026-10-08,002361,-4.145195484161377,False,4525
4532,2026-10-08,300779,-4.1591296195983887,False,4526
4533,2026-10-08,002881,-4.1624469757080078,False,4527
4534,2026-10-08,600551,-4.1636552810668945,False,4528
4535,2026-10-08,001323,-4.1640176773071289,False,4529
4536,2026-10-08,002719,-4.1889300346374512,False,4530
4537,2026-10-08,000503,-4.1979446411132812,False,4531
4538,2026-10-08,301085,-4.2094054222106934,False,4532
4539,2026-10-08,000695,-4.2139663696289062,False,4533
4540,2026-10-08,601718,-4.2173924446105957,False,4534
4541,2026-10-08,603701,-4.2186388969421387,False,4535
4542,2026-10-08,688311,-4.2267265319824219,False,4536
4543,2026-10-08,000859,-4.2278900146484375,False,4537
4544,2026-10-08,301236,-4.2350807189941406,False,4538
4545,2026-10-08,603020,-4.2370104789733887,False,4539
4546,2026-10-08,002653,-4.2525129318237305,False,4540
4547,2026-10-08,600095,-4.2555270195007324,False,4541
4548,2026-10-08,605196,-4.259213924407959,False,4542
4549,2026-10-08,603285,-4.2825756072998047,False,4543
4550,2026-10-08,001326,-4.2895135879516602,False,4544
4551,2026-10-08,300834,-4.295590877532959,False,4545
4552,2026-10-08,603507,-4.2987751960754395,False,4546
4553,2026-10-08,002797,-4.3018107414245605,False,4547
4554,2026-10-08,688551,-4.3227581977844238,False,4548
4555,2026-10-08,300076,-4.3389086723327637,False,4549
4556,2026-10-08,300394,-4.3439249992370605,False,4550
4557,2026-10-08,000021,-4.3457241058349609,False,4551
4558,2026-10-08,002382,-4.346926212310791,False,4552
4559,2026-10-08,000506,-4.3601932525634766,False,4553
4560,2026-10-08,600345,-4.3621673583984375,False,4554
4561,2026-10-08,688566,-4.3640990257263184,False,4555
4562,2026-10-08,300422,-4.3653960227966309,False,4556
4563,2026-10-08,300376,-4.3693857192993164,False,4557
4564,2026-10-08,300627,-4.3774290084838867,False,4558
4565,2026-10-08,600835,-4.3799839019775391,False,4559
4566,2026-10-08,688484,-4.3874959945678711,False,4560
4567,2026-10-08,601211,-4.3961172103881836,False,4561
4568,2026-10-08,001225,-4.4097585678100586,False,4562
4569,2026-10-08,300980,-4.4111509323120117,False,4563
4570,2026-10-08,000889,-4.4127383232116699,False,4564
4571,2026-10-08,002812,-4.4315476417541504,False,4565
4572,2026-10-08,603799,-4.4440841674804688,False,4566
4573,2026-10-08,605399,-4.4485907554626465,False,4567
4574,2026-10-08,603922,-4.4501638412475586,False,4568
4575,2026-10-08,600021,-4.4509868621826172,False,4569
4576,2026-10-08,000034,-4.4625864028930664,False,4570
4577,2026-10-08,688393,-4.4640731811523438,False,4571
4578,2026-10-08,301018,-4.4921507835388184,False,4572
4579,2026-10-08,001221,-4.4955987930297852,False,4573
4580,2026-10-08,603393,-4.4981231689453125,False,4574
4581,2026-10-08,002062,-4.5012912750244141,False,4575
4582,2026-10-08,601918,-4.5138607025146484,False,4576
4583,2026-10-08,600615,-4.5140218734741211,False,4577
4584,2026-10-08,002412,-4.5146222114562988,False,4578
4585,2026-10-08,301667,-4.5189337730407715,False,4579
4586,2026-10-08,300045,-4.5210471153259277,False,4580
4587,2026-10-08,301225,-4.5235610008239746,False,4581
4588,2026-10-08,300182,-4.5241246223449707,False,4582
4589,2026-10-08,002815,-4.5353097915649414,False,4583
4590,2026-10-08,688016,-4.5560598373413086,False,4584
4591,2026-10-08,002647,-4.5649909973144531,False,4585
4592,2026-10-08,688328,-4.5795965194702148,False,4586
4593,2026-10-08,300437,-4.5933599472045898,False,4587
4594,2026-10-08,603280,-4.5976443290710449,False,4588
4595,2026-10-08,301716,-4.6013517379760742,False,4589
4596,2026-10-08,000752,-4.6038932800292969,False,4590
4597,2026-10-08,603999,-4.6055707931518555,False,4591
4598,2026-10-08,688293,-4.6061077117919922,False,4592
4599,2026-10-08,603559,-4.6068668365478516,False,4593
4600,2026-10-08,001258,-4.6134881973266602,False,4594
4601,2026-10-08,688818,-4.6144895553588867,False,4595
4602,2026-10-08,301004,-4.6190767288208008,False,4596
4603,2026-10-08,300637,-4.6209497451782227,False,4597
4604,2026-10-08,002500,-4.6293373107910156,False,4598
4605,2026-10-08,300903,-4.6297588348388672,False,4599
4606,2026-10-08,600468,-4.6339130401611328,False,4600
4607,2026-10-08,002709,-4.6387133598327637,False,4601
4608,2026-10-08,300618,-4.6585884094238281,False,4602
4609,2026-10-08,300378,-4.6603488922119141,False,4603
4610,2026-10-08,003023,-4.662384033203125,False,4604
4611,2026-10-08,600846,-4.6679105758666992,False,4605
4612,2026-10-08,688171,-4.6711859703063965,False,4606
4613,2026-10-08,601099,-4.6816978454589844,False,4607
4614,2026-10-08,002230,-4.6818447113037109,False,4608
4615,2026-10-08,300163,-4.6941652297973633,False,4609
4616,2026-10-08,600851,-4.707514762878418,False,4610
4617,2026-10-08,300878,-4.7080926895141602,False,4611
4618,2026-10-08,003001,-4.714879035949707,False,4612
4619,2026-10-08,600221,-4.7220678329467773,False,4613
4620,2026-10-08,002638,-4.743553638458252,False,4614
4621,2026-10-08,600310,-4.7498407363891602,True,
4622,2026-10-08,300461,-4.7564458847045898,False,4615
4623,2026-10-08,002534,-4.761052131652832,False,4616
4624,2026-10-08,301015,-4.7616710662841797,False,4617
4625,2026-10-08,688008,-4.763216495513916,False,4618
4626,2026-10-08,300515,-4.7633037567138672,False,4619
4627,2026-10-08,601108,-4.7794618606567383,False,4620
4628,2026-10-08,001896,-4.8003573417663574,False,4621
4629,2026-10-08,301608,-4.8117876052856445,False,4622
4630,2026-10-08,300570,-4.8124985694885254,False,4623
4631,2026-10-08,688448,-4.8304829597473145,False,4624
4632,2026-10-08,000880,-4.8333425521850586,False,4625
4633,2026-10-08,000833,-4.8364872932434082,False,4626
4634,2026-10-08,688248,-4.845909595489502,False,4627
4635,2026-10-08,002249,-4.849668025970459,False,4628
4636,2026-10-08,603175,-4.8645458221435547,False,4629
4637,2026-10-08,300642,-4.8742742538452148,False,4630
4638,2026-10-08,600661,-4.877678394317627,False,4631
4639,2026-10-08,001393,-4.8819046020507812,False,4632
4640,2026-10-08,002457,-4.91192626953125,False,4633
4641,2026-10-08,300353,-4.9163122177124023,False,4634
4642,2026-10-08,300506,-4.9199972152709961,False,4635
4643,2026-10-08,301273,-4.9212431907653809,False,4636
4644,2026-10-08,002029,-4.927971363067627,False,4637
4645,2026-10-08,300953,-4.930506706237793,False,4638
4646,2026-10-08,002558,-4.9373288154602051,False,4639
4647,2026-10-08,600126,-4.9405422210693359,False,4640
4648,2026-10-08,301168,-4.941279411315918,False,4641
4649,2026-10-08,688768,-4.9450340270996094,False,4642
4650,2026-10-08,600539,-4.9516820907592773,False,4643
4651,2026-10-08,600406,-4.9552392959594727,False,4644
4652,2026-10-08,600592,-4.9636392593383789,False,4645
4653,2026-10-08,688809,-4.9713029861450195,False,4646
4654,2026-10-08,600272,-4.9854001998901367,False,4647
4655,2026-10-08,300474,-4.9932403564453125,False,4648
4656,2026-10-08,300746,-4.9957218170166016,False,4649
4657,2026-10-08,600641,-5.0039458274841309,False,4650
4658,2026-10-08,301669,-5.0171794891357422,False,4651
4659,2026-10-08,603210,-5.0222005844116211,False,4652
4660,2026-10-08,600857,-5.0224423408508301,False,4653
4661,2026-10-08,002972,-5.0249810218811035,False,4654
4662,2026-10-08,300171,-5.0269479751586914,False,4655
4663,2026-10-08,601016,-5.0345277786254883,False,4656
4664,2026-10-08,002819,-5.0396580696105957,False,4657
4665,2026-10-08,600360,-5.0401821136474609,False,4658
4666,2026-10-08,002956,-5.0425748825073242,False,4659
4667,2026-10-08,002389,-5.0471100807189941,False,4660
4668,2026-10-08,002927,-5.048433780670166,False,4661
4669,2026-10-08,003006,-5.0505733489990234,False,4662
4670,2026-10-08,688222,-5.0515875816345215,False,4663
4671,2026-10-08,605277,-5.0551915168762207,False,4664
4672,2026-10-08,688399,-5.0787444114685059,False,4665
4673,2026-10-08,301356,-5.0789632797241211,False,4666
4674,2026-10-08,002245,-5.0800576210021973,False,4667
4675,2026-10-08,688690,-5.087303638458252,False,4668
4676,2026-10-08,600685,-5.0916347503662109,False,4669
4677,2026-10-08,688538,-5.0942697525024414,False,4670
4678,2026-10-08,002139,-5.0957603454589844,False,4671
4679,2026-10-08,603137,-5.1018743515014648,True,
4680,2026-10-08,688005,-5.1094541549682617,False,4672
4681,2026-10-08,300671,-5.1265850067138672,False,4673
4682,2026-10-08,001207,-5.1314182281494141,False,4674
4683,2026-10-08,600698,-5.1370301246643066,False,4675
4684,2026-10-08,688238,-5.1409997940063477,False,4676
4685,2026-10-08,603219,-5.1422510147094727,False,4677
4686,2026-10-08,601238,-5.1441655158996582,False,4678
4687,2026-10-08,300723,-5.1555438041687012,False,4679
4688,2026-10-08,301390,-5.1661281585693359,False,4680
4689,2026-10-08,600301,-5.1737585067749023,False,4681
4690,2026-10-08,600839,-5.1758747100830078,False,4682
4691,2026-10-08,600764,-5.1809101104736328,False,4683
4692,2026-10-08,002935,-5.1812119483947754,False,4684
4693,2026-10-08,300602,-5.1829309463500977,False,4685
4694,2026-10-08,603435,-5.1863508224487305,False,4686
4695,2026-10-08,601567,-5.1893234252929688,False,4687
4696,2026-10-08,002687,-5.1904568672180176,True,
4697,2026-10-08,605011,-5.201056957244873,False,4688
4698,2026-10-08,300496,-5.2062721252441406,False,4689
4699,2026-10-08,002686,-5.208643913269043,False,4690
4700,2026-10-08,300672,-5.2111587524414062,False,4691
4701,2026-10-08,603615,-5.2122921943664551,False,4692
4702,2026-10-08,603601,-5.2186365127563477,False,4693
4703,2026-10-08,000669,-5.2197680473327637,False,4694
4704,2026-10-08,600418,-5.243161678314209,False,4695
4705,2026-10-08,300167,-5.244020938873291,False,4696
4706,2026-10-08,300347,-5.2556238174438477,False,4697
4707,2026-10-08,688678,-5.2609195709228516,False,4698
4708,2026-10-08,601611,-5.2811613082885742,False,4699
4709,2026-10-08,002734,-5.2873044013977051,False,4700
4710,2026-10-08,603113,-5.2888898849487305,False,4701
4711,2026-10-08,688073,-5.3068637847900391,False,4702
4712,2026-10-08,600579,-5.3079462051391602,False,4703
4713,2026-10-08,002383,-5.3253269195556641,False,4704
4714,2026-10-08,605128,-5.3366661071777344,False,4705
4715,2026-10-08,300875,-5.354578971862793,False,4706
4716,2026-10-08,000595,-5.3624377250671387,False,4707
4717,2026-10-08,002262,-5.3851995468139648,False,4708
4718,2026-10-08,688306,-5.3977432250976562,False,4709
4719,2026-10-08,600400,-5.4124722480773926,True,
4720,2026-10-08,300276,-5.4150152206420898,False,4710
4721,2026-10-08,601678,-5.425957202911377,False,4711
4722,2026-10-08,002232,-5.4267210960388184,False,4712
4723,2026-10-08,300876,-5.4269380569458008,False,4713
4724,2026-10-08,300683,-5.4356541633605957,False,4714
4725,2026-10-08,002340,-5.4395155906677246,False,4715
4726,2026-10-08,300765,-5.4453125,False,4716
4727,2026-10-08,000700,-5.4554958343505859,False,4717
4728,2026-10-08,688108,-5.455996036529541,False,4718
4729,2026-10-08,001233,-5.4576525688171387,False,4719
4730,2026-10-08,600573,-5.4715371131896973,False,4720
4731,2026-10-08,603661,-5.481132984161377,False,4721
4732,2026-10-08,688608,-5.5126614570617676,False,4722
4733,2026-10-08,300016,-5.5222845077514648,False,4723
4734,2026-10-08,301233,-5.5290670394897461,False,4724
4735,2026-10-08,301373,-5.5351467132568359,False,4725
4736,2026-10-08,300442,-5.5382986068725586,False,4726
4737,2026-10-08,002463,-5.5480327606201172,False,4727
4738,2026-10-08,300469,-5.5492467880249023,False,4728
4739,2026-10-08,688029,-5.5536994934082031,False,4729
4740,2026-10-08,300929,-5.5637598037719727,False,4730
4741,2026-10-08,300209,-5.5766811370849609,False,4731
4742,2026-10-08,603657,-5.590904712677002,False,4732
4743,2026-10-08,600577,-5.5927023887634277,False,4733
4744,2026-10-08,301228,-5.5949335098266602,False,4734
4745,2026-10-08,688781,-5.6118612289428711,False,4735
4746,2026-10-08,300311,-5.6178460121154785,False,4736
4747,2026-10-08,600843,-5.6241693496704102,False,4737
4748,2026-10-08,002768,-5.6347842216491699,False,4738
4749,2026-10-08,603042,-5.642427921295166,False,4739
4750,2026-10-08,300736,-5.6435017585754395,False,4740
4751,2026-10-08,000532,-5.6481990814208984,False,4741
4752,2026-10-08,000400,-5.64935302734375,False,4742
4753,2026-10-08,603293,-5.6567897796630859,False,4743
4754,2026-10-08,300390,-5.6707673072814941,False,4744
4755,2026-10-08,600818,-5.6739606857299805,False,4745
4756,2026-10-08,605255,-5.6947169303894043,False,4746
4757,2026-10-08,600610,-5.7145175933837891,False,4747
4758,2026-10-08,300142,-5.7167034149169922,False,4748
4759,2026-10-08,001368,-5.7197575569152832,False,4749
4760,2026-10-08,002171,-5.7228765487670898,False,4750
4761,2026-10-08,301226,-5.729557991027832,False,4751
4762,2026-10-08,600881,-5.7332372665405273,False,4752
4763,2026-10-08,688628,-5.7335543632507324,False,4753
4764,2026-10-08,600501,-5.7473783493041992,False,4754
4765,2026-10-08,000938,-5.7480030059814453,False,4755
4766,2026-10-08,002615,-5.7827978134155273,False,4756
4767,2026-10-08,002349,-5.7935295104980469,False,4757
4768,2026-10-08,302132,-5.795011043548584,False,4758
4769,2026-10-08,600206,-5.8114609718322754,False,4759
4770,2026-10-08,301587,-5.8146028518676758,False,4760
4771,2026-10-08,301358,-5.8251614570617676,False,4761
4772,2026-10-08,002095,-5.8491463661193848,False,4762
4773,2026-10-08,300210,-5.8497657775878906,False,4763
4774,2026-10-08,002141,-5.8627252578735352,False,4764
4775,2026-10-08,603468,-5.8766889572143555,False,4765
4776,2026-10-08,603982,-5.8795633316040039,False,4766
4777,2026-10-08,300212,-5.8830757141113281,False,4767
4778,2026-10-08,301316,-5.891791820526123,False,4768
4779,2026-10-08,600127,-5.9024543762207031,False,4769
4780,2026-10-08,301616,-5.9134464263916016,False,4770
4781,2026-10-08,600758,-5.9147329330444336,False,4771
4782,2026-10-08,000850,-5.9212841987609863,False,4772
4783,2026-10-08,300112,-5.9236750602722168,False,4773
4784,2026-10-08,600759,-5.9362802505493164,False,4774
4785,2026-10-08,688785,-5.9580445289611816,False,4775
4786,2026-10-08,600789,-5.9780054092407227,False,4776
4787,2026-10-08,688789,-6.0013113021850586,False,4777
4788,2026-10-08,000799,-6.0056266784667969,False,4778
4789,2026-10-08,002552,-6.0063033103942871,False,4779
4790,2026-10-08,603259,-6.0149283409118652,False,4780
4791,2026-10-08,600977,-6.0166583061218262,False,4781
4792,2026-10-08,000537,-6.0196466445922852,False,4782
4793,2026-10-08,603920,-6.028594970703125,False,4783
4794,2026-10-08,002137,-6.0296030044555664,False,4784
4795,2026-10-08,300068,-6.0642566680908203,False,4785
4796,2026-10-08,000058,-6.0678911209106445,False,4786
4797,2026-10-08,605566,-6.075897216796875,False,4787
4798,2026-10-08,000066,-6.095372200012207,False,4788
4799,2026-10-08,301099,-6.1073369979858398,False,4789
4800,2026-10-08,600072,-6.1259474754333496,False,4790
4801,2026-10-08,301678,-6.1361594200134277,False,4791
4802,2026-10-08,000630,-6.1368198394775391,False,4792
4803,2026-10-08,300649,-6.1476049423217773,False,4793
4804,2026-10-08,603578,-6.1912145614624023,False,4794
4805,2026-10-08,600325,-6.1914210319519043,False,4795
4806,2026-10-08,301487,-6.2057795524597168,False,4796
4807,2026-10-08,300853,-6.2083520889282227,False,4797
4808,2026-10-08,603038,-6.2104320526123047,False,4798
4809,2026-10-08,301656,-6.2131319046020508,False,4799
4810,2026-10-08,601579,-6.2179546356201172,False,4800
4811,2026-10-08,605058,-6.2210683822631836,False,4801
4812,2026-10-08,301238,-6.2319307327270508,False,4802
4813,2026-10-08,000713,-6.2425451278686523,False,4803
4814,2026-10-08,002961,-6.2699708938598633,False,4804
4815,2026-10-08,002773,-6.291290283203125,False,4805
4816,2026-10-08,301010,-6.2923083305358887,False,4806
4817,2026-10-08,002799,-6.3042373657226562,False,4807
4818,2026-10-08,600340,-6.3077034950256348,False,4808
4819,2026-10-08,002238,-6.3178138732910156,False,4809
4820,2026-10-08,688620,-6.3274803161621094,False,4810
4821,2026-10-08,300619,-6.3369407653808594,False,4811
4822,2026-10-08,601900,-6.3431873321533203,False,4812
4823,2026-10-08,603311,-6.3470983505249023,False,4813
4824,2026-10-08,603269,-6.352757453918457,False,4814
4825,2026-10-08,002735,-6.3740453720092773,False,4815
4826,2026-10-08,603407,-6.3750591278076172,False,4816
4827,2026-10-08,300198,-6.3887882232666016,False,4817
4828,2026-10-08,600778,-6.3941688537597656,False,4818
4829,2026-10-08,603727,-6.4028010368347168,False,4819
4830,2026-10-08,002426,-6.4137301445007324,False,4820
4831,2026-10-08,688796,-6.4184370040893555,False,4821
4832,2026-10-08,300725,-6.4259657859802246,False,4822
4833,2026-10-08,001248,-6.4543523788452148,False,4823
4834,2026-10-08,301389,-6.4669485092163086,False,4824
4835,2026-10-08,300877,-6.4719223976135254,False,4825
4836,2026-10-08,603500,-6.4918484687805176,False,4826
4837,2026-10-08,300040,-6.4960470199584961,False,4827
4838,2026-10-08,000014,-6.5131216049194336,False,4828
4839,2026-10-08,002468,-6.519139289855957,False,4829
4840,2026-10-08,002555,-6.5336198806762695,False,4830
4841,2026-10-08,603178,-6.5356760025024414,False,4831
4842,2026-10-08,603519,-6.5357847213745117,False,4832
4843,2026-10-08,300340,-6.5433125495910645,False,4833
4844,2026-10-08,600648,-6.5519227981567383,False,4834
4845,2026-10-08,688398,-6.5523786544799805,False,4835
4846,2026-10-08,600743,-6.5572576522827148,False,4836
4847,2026-10-08,688188,-6.5736408233642578,False,4837
4848,2026-10-08,002650,-6.5768775939941406,False,4838
4849,2026-10-08,002913,-6.6014280319213867,False,4839
4850,2026-10-08,600186,-6.6338338851928711,False,4840
4851,2026-10-08,688336,-6.6554718017578125,False,4841
4852,2026-10-08,001332,-6.6606569290161133,False,4842
4853,2026-10-08,002259,-6.6726551055908203,False,4843
4854,2026-10-08,000962,-6.6843347549438477,False,4844
4855,2026-10-08,600448,-6.7267580032348633,False,4845
4856,2026-10-08,002443,-6.7290916442871094,False,4846
4857,2026-10-08,001365,-6.7307896614074707,False,4847
4858,2026-10-08,600408,-6.7319221496582031,True,
4859,2026-10-08,002164,-6.7394595146179199,False,4848
4860,2026-10-08,688765,-6.7617020606994629,False,4849
4861,2026-10-08,000723,-6.7659134864807129,False,4850
4862,2026-10-08,300478,-6.7728142738342285,False,4851
4863,2026-10-08,600505,-6.7803373336791992,False,4852
4864,2026-10-08,688297,-6.8076248168945312,False,4853
4865,2026-10-08,301275,-6.8101949691772461,False,4854
4866,2026-10-08,600578,-6.8111934661865234,False,4855
4867,2026-10-08,300691,-6.8154654502868652,False,4856
4868,2026-10-08,600367,-6.8629775047302246,False,4857
4869,2026-10-08,603334,-6.8853597640991211,False,4858
4870,2026-10-08,300643,-6.9128069877624512,False,4859
4871,2026-10-08,300803,-6.9140996932983398,False,4860
4872,2026-10-08,603980,-6.9179115295410156,False,4861
4873,2026-10-08,300164,-6.9276614189147949,False,4862
4874,2026-10-08,300893,-6.9592704772949219,False,4863
4875,2026-10-08,603313,-6.9686570167541504,False,4864
4876,2026-10-08,600059,-6.9692325592041016,False,4865
4877,2026-10-08,300589,-6.9717884063720703,False,4866
4878,2026-10-08,600482,-6.9823236465454102,False,4867
4879,2026-10-08,000838,-7.036806583404541,False,4868
4880,2026-10-08,301550,-7.0501360893249512,False,4869
4881,2026-10-08,605178,-7.0619440078735352,False,4870
4882,2026-10-08,002923,-7.076939582824707,False,4871
4883,2026-10-08,001399,-7.077667236328125,False,4872
4884,2026-10-08,300129,-7.1512851715087891,False,4873
4885,2026-10-08,688046,-7.1528148651123047,False,4874
4886,2026-10-08,603773,-7.158118724822998,False,4875
4887,2026-10-08,301282,-7.1641950607299805,False,4876
4888,2026-10-08,603606,-7.1683535575866699,False,4877
4889,2026-10-08,603037,-7.1728487014770508,False,4878
4890,2026-10-08,301456,-7.1840624809265137,False,4879
4891,2026-10-08,603665,-7.1950664520263672,False,4880
4892,2026-10-08,301017,-7.1987123489379883,False,4881
4893,2026-10-08,603777,-7.2019824981689453,False,4882
4894,2026-10-08,688801,-7.2068324089050293,False,4883
4895,2026-10-08,002082,-7.2199015617370605,False,4884
4896,2026-10-08,301449,-7.2371878623962402,False,4885
4897,2026-10-08,300772,-7.2408733367919922,False,4886
4898,2026-10-08,002303,-7.2426009178161621,False,4887
4899,2026-10-08,002630,-7.2517685890197754,True,
4900,2026-10-08,603328,-7.2607975006103516,False,4888
4901,2026-10-08,600671,-7.272667407989502,False,4889
4902,2026-10-08,300584,-7.2786045074462891,False,4890
4903,2026-10-08,300572,-7.304661750793457,False,4891
4904,2026-10-08,002339,-7.3166294097900391,False,4892
4905,2026-10-08,688096,-7.3257007598876953,False,4893
4906,2026-10-08,300035,-7.3375754356384277,False,4894
4907,2026-10-08,688099,-7.3859524726867676,False,4895
4908,2026-10-08,603122,-7.4201602935791016,False,4896
4909,2026-10-08,603278,-7.4462242126464844,False,4897
4910,2026-10-08,605288,-7.4686870574951172,False,4898
4911,2026-10-08,600629,-7.4897756576538086,False,4899
4912,2026-10-08,001279,-7.5243139266967773,False,4900
4913,2026-10-08,301132,-7.5811467170715332,False,4901
4914,2026-10-08,300404,-7.5975675582885742,False,4902
4915,2026-10-08,300776,-7.6039566993713379,False,4903
4916,2026-10-08,603099,-7.6151490211486816,False,4904
4917,2026-10-08,600192,-7.6204242706298828,False,4905
4918,2026-10-08,603669,-7.6230568885803223,False,4906
4919,2026-10-08,300409,-7.654782772064209,False,4907
4920,2026-10-08,002119,-7.693596363067627,False,4908
4921,2026-10-08,003043,-7.7251138687133789,False,4909
4922,2026-10-08,300368,-7.7265219688415527,False,4910
4923,2026-10-08,688573,-7.7282009124755859,False,4911
4924,2026-10-08,300638,-7.739748477935791,False,4912
4925,2026-10-08,600815,-7.7599658966064453,False,4913
4926,2026-10-08,688212,-7.7932710647583008,False,4914
4927,2026-10-08,000006,-7.7991704940795898,False,4915
4928,2026-10-08,688025,-7.8114738464355469,False,4916
4929,2026-10-08,301230,-7.8224668502807617,False,4917
4930,2026-10-08,600792,-7.8372049331665039,False,4918
4931,2026-10-08,002990,-7.8728246688842773,False,4919
4932,2026-10-08,001400,-7.8774986267089844,False,4920
4933,2026-10-08,600732,-7.9590563774108887,False,4921
4934,2026-10-08,603189,-7.9693202972412109,True,
4935,2026-10-08,603822,-7.9938430786132812,False,4922
4936,2026-10-08,688218,-8.0111217498779297,False,4923
4937,2026-10-08,600812,-8.0248098373413086,True,
4938,2026-10-08,605177,-8.0429935455322266,False,4924
4939,2026-10-08,688512,-8.0766372680664062,False,4925
4940,2026-10-08,301583,-8.0810585021972656,False,4926
4941,2026-10-08,600722,-8.114471435546875,True,
4942,2026-10-08,688155,-8.1356754302978516,False,4927
4943,2026-10-08,000596,-8.1566066741943359,False,4928
4944,2026-10-08,603529,-8.2005348205566406,False,4929
4945,2026-10-08,605398,-8.2182884216308594,False,4930
4946,2026-10-08,600617,-8.2225837707519531,True,
4947,2026-10-08,300192,-8.2328128814697266,False,4931
4948,2026-10-08,301150,-8.2953462600708008,False,4932
4949,2026-10-08,603355,-8.3240585327148438,False,4933
4950,2026-10-08,300056,-8.3442802429199219,False,4934
4951,2026-10-08,688625,-8.3603363037109375,False,4935
4952,2026-10-08,000498,-8.3671474456787109,False,4936
4953,2026-10-08,600593,-8.4118194580078125,False,4937
4954,2026-10-08,000539,-8.4803304672241211,False,4938
4955,2026-10-08,301529,-8.530125617980957,False,4939
4956,2026-10-08,688331,-8.5415935516357422,False,4940
4957,2026-10-08,002512,-8.5585002899169922,False,4941
4958,2026-10-08,002192,-8.5635290145874023,False,4942
4959,2026-10-08,603863,-8.5713672637939453,True,
4960,2026-10-08,002180,-8.5818691253662109,False,4943
4961,2026-10-08,001376,-8.590606689453125,False,4944
4962,2026-10-08,300061,-8.6000118255615234,False,4945
4963,2026-10-08,603636,-8.6021146774291992,False,4946
4964,2026-10-08,688435,-8.6106348037719727,False,4947
4965,2026-10-08,688778,-8.6276693344116211,False,4948
4966,2026-10-08,600847,-8.6726226806640625,False,4949
4967,2026-10-08,603358,-8.6766147613525391,False,4950
4968,2026-10-08,603009,-8.711665153503418,False,4951
4969,2026-10-08,000973,-8.7182254791259766,False,4952
4970,2026-10-08,300489,-8.7754983901977539,False,4953
4971,2026-10-08,688835,-8.7958126068115234,False,4954
4972,2026-10-08,301486,-8.8158607482910156,False,4955
4973,2026-10-08,002869,-8.8243322372436523,True,
4974,2026-10-08,000869,-8.8755083084106445,True,
4975,2026-10-08,002821,-8.8887348175048828,False,4956
4976,2026-10-08,603391,-8.9041099548339844,False,4957
4977,2026-10-08,300501,-8.9094133377075195,False,4958
4978,2026-10-08,300569,-8.9171466827392578,False,4959
4979,2026-10-08,300759,-8.923431396484375,False,4960
4980,2026-10-08,300862,-8.9642696380615234,False,4961
4981,2026-10-08,600903,-8.9880533218383789,False,4962
4982,2026-10-08,002366,-8.9960765838623047,False,4963
4983,2026-10-08,301217,-8.9978742599487305,False,4964
4984,2026-10-08,002805,-9.0190620422363281,True,
4985,2026-10-08,688228,-9.0379524230957031,False,4965
4986,2026-10-08,603399,-9.0676593780517578,False,4966
4987,2026-10-08,603186,-9.0814619064331055,False,4967
4988,2026-10-08,300785,-9.0859775543212891,False,4968
4989,2026-10-08,600744,-9.1186752319335938,False,4969
4990,2026-10-08,000710,-9.1307134628295898,False,4970
4991,2026-10-08,600719,-9.170745849609375,False,4971
4992,2026-10-08,688655,-9.2320384979248047,False,4972
4993,2026-10-08,002428,-9.2513761520385742,False,4973
4994,2026-10-08,605388,-9.2650575637817383,False,4974
4995,2026-10-08,688432,-9.2858963012695312,False,4975
4996,2026-10-08,002261,-9.2968425750732422,False,4976
4997,2026-10-08,600094,-9.3034610748291016,False,4977
4998,2026-10-08,301633,-9.3121299743652344,False,4978
4999,2026-10-08,601872,-9.3743114471435547,False,4979
5000,2026-10-08,688755,-9.4238414764404297,False,4980
5001,2026-10-08,600619,-9.4317588806152344,False,4981
5002,2026-10-08,600513,-9.4458866119384766,True,
5003,2026-10-08,002436,-9.5210151672363281,False,4982
5004,2026-10-08,603188,-9.5591754913330078,False,4983
5005,2026-10-08,603127,-9.5791482925415039,False,4984
5006,2026-10-08,688122,-9.6161861419677734,False,4985
5007,2026-10-08,600289,-9.6461410522460938,False,4986
5008,2026-10-08,000981,-9.6912765502929688,False,4987
5009,2026-10-08,002058,-9.7000236511230469,True,
5010,2026-10-08,605088,-9.7013139724731445,False,4988
5011,2026-10-08,688707,-9.7129621505737305,False,4989
5012,2026-10-08,002494,-9.7591037750244141,False,4990
5013,2026-10-08,688066,-9.7776355743408203,False,4991
5014,2026-10-08,603376,-9.8162498474121094,False,4992
5015,2026-10-08,300339,-9.8353986740112305,False,4993
5016,2026-10-08,301030,-9.8713178634643555,False,4994
5017,2026-10-08,300243,-9.8730812072753906,False,4995
5018,2026-10-08,002439,-9.8789701461791992,False,4996
5019,2026-10-08,688662,-9.8939046859741211,False,4997
5020,2026-10-08,688806,-10.030320167541504,False,4998
5021,2026-10-08,688593,-10.041688919067383,False,4999
5022,2026-10-08,603067,-10.042776107788086,False,5000
5023,2026-10-08,000868,-10.06036376953125,False,5001
5024,2026-10-08,002031,-10.154982566833496,False,5002
5025,2026-10-08,300890,-10.239843368530273,False,5003
5026,2026-10-08,002640,-10.321939468383789,False,5004
5027,2026-10-08,300905,-10.33292293548584,False,5005
5028,2026-10-08,600644,-10.333093643188477,False,5006
5029,2026-10-08,600207,-10.340520858764648,False,5007
5030,2026-10-08,001266,-10.357831954956055,False,5008
5031,2026-10-08,301366,-10.372069358825684,False,5009
5032,2026-10-08,301419,-10.435002326965332,False,5010
5033,2026-10-08,001388,-10.475306510925293,False,5011
5034,2026-10-08,300702,-10.576051712036133,False,5012
5035,2026-10-08,301511,-10.628470420837402,False,5013
5036,2026-10-08,600721,-10.632085800170898,False,5014
5037,2026-10-08,002342,-10.637176513671875,False,5015
5038,2026-10-08,301115,-10.69586181640625,False,5016
5039,2026-10-08,301081,-10.776341438293457,False,5017
5040,2026-10-08,000158,-10.811697006225586,False,5018
5041,2026-10-08,301291,-10.845070838928223,False,5019
5042,2026-10-08,300199,-10.89217472076416,False,5020
5043,2026-10-08,300741,-10.931430816650391,False,5021
5044,2026-10-08,301325,-10.953290939331055,False,5022
5045,2026-10-08,603538,-10.960231781005859,False,5023
5046,2026-10-08,300457,-10.967479705810547,False,5024
5047,2026-10-08,002584,-10.968361854553223,False,5025
5048,2026-10-08,002212,-11.015138626098633,False,5026
5049,2026-10-08,300659,-11.061034202575684,False,5027
5050,2026-10-08,301122,-11.066043853759766,False,5028
5051,2026-10-08,300211,-11.207047462463379,False,5029
5052,2026-10-08,600884,-11.248648643493652,False,5030
5053,2026-10-08,001300,-11.273950576782227,True,
5054,2026-10-08,002490,-11.281501770019531,True,
5055,2026-10-08,002068,-11.320446968078613,False,5031
5056,2026-10-08,001206,-11.325344085693359,False,5032
5057,2026-10-08,002702,-11.341093063354492,True,
5058,2026-10-08,300981,-11.356683731079102,False,5033
5059,2026-10-08,300290,-11.436166763305664,False,5034
5060,2026-10-08,603002,-11.465805053710938,False,5035
5061,2026-10-08,600663,-11.511980056762695,True,
5062,2026-10-08,300911,-11.528787612915039,False,5036
5063,2026-10-08,688660,-11.53972053527832,False,5037
5064,2026-10-08,603978,-11.552620887756348,False,5038
5065,2026-10-08,002733,-11.561421394348145,True,
5066,2026-10-08,301209,-11.574291229248047,False,5039
5067,2026-10-08,603937,-11.651620864868164,False,5040
5068,2026-10-08,301662,-11.686197280883789,False,5041
5069,2026-10-08,000980,-11.690048217773438,False,5042
5070,2026-10-08,002846,-11.853534698486328,False,5043
5071,2026-10-08,603580,-11.858799934387207,False,5044
5072,2026-10-08,300909,-11.898036956787109,False,5045
5073,2026-10-08,300829,-11.907538414001465,False,5046
5074,2026-10-08,601015,-11.964609146118164,False,5047
5075,2026-10-08,002774,-11.985331535339355,True,
5076,2026-10-08,301080,-12.206503868103027,False,5048
5077,2026-10-08,300804,-12.294753074645996,False,5049
5078,2026-10-08,000823,-12.299860000610352,False,5050
5079,2026-10-08,001330,-12.302470207214355,False,5051
5080,2026-10-08,300413,-12.34428596496582,False,5052
5081,2026-10-08,301520,-12.42536735534668,False,5053
5082,2026-10-08,002285,-12.432598114013672,False,5054
5083,2026-10-08,300917,-12.472996711730957,False,5055
5084,2026-10-08,300675,-12.882401466369629,False,5056
5085,2026-10-08,688185,-12.913832664489746,False,5057
5086,2026-10-08,300073,-12.929521560668945,False,5058
5087,2026-10-08,002565,-12.936342239379883,True,
5088,2026-10-08,000592,-13.007596015930176,False,5059
5089,2026-10-08,603757,-13.101358413696289,False,5060
5090,2026-10-08,002617,-13.106525421142578,False,5061
5091,2026-10-08,002300,-13.122461318969727,False,5062
5092,2026-10-08,600503,-13.295217514038086,False,5063
5093,2026-10-08,002543,-13.345141410827637,False,5064
5094,2026-10-08,002951,-13.3509521484375,True,
5095,2026-10-08,300647,-13.37501335144043,False,5065
5096,2026-10-08,000739,-13.391176223754883,False,5066
5097,2026-10-08,688026,-13.399961471557617,False,5067
5098,2026-10-08,300850,-13.442218780517578,False,5068
5099,2026-10-08,688710,-13.468847274780273,False,5069
5100,2026-10-08,002242,-13.499881744384766,True,
5101,2026-10-08,688056,-13.519222259521484,False,5070
5102,2026-10-08,603788,-13.59730339050293,True,
5103,2026-10-08,603626,-13.634424209594727,False,5071
5104,2026-10-08,601208,-13.702024459838867,False,5072
5105,2026-10-08,603400,-13.727544784545898,False,5073
5106,2026-10-08,601026,-13.734391212463379,False,5074
5107,2026-10-08,603390,-13.775404930114746,False,5075
5108,2026-10-08,600707,-13.895955085754395,False,5076
5109,2026-10-08,300062,-13.918038368225098,False,5077
5110,2026-10-08,603373,-13.921926498413086,False,5078
5111,2026-10-08,301677,-13.934321403503418,False,5079
5112,2026-10-08,002205,-13.959221839904785,False,5080
5113,2026-10-08,002803,-13.977260589599609,False,5081
5114,2026-10-08,002836,-14.032642364501953,False,5082
5115,2026-10-08,688837,-14.061702728271484,False,5083
5116,2026-10-08,603693,-14.088441848754883,False,5084
5117,2026-10-08,300599,-14.181818008422852,False,5085
5118,2026-10-08,002636,-14.261821746826172,False,5086
5119,2026-10-08,002639,-14.452568054199219,False,5087
5120,2026-10-08,603906,-14.543136596679688,True,
5121,2026-10-08,000020,-14.591764450073242,False,5088
5122,2026-10-08,688004,-14.617345809936523,False,5089
5123,2026-10-08,688499,-14.662505149841309,False,5090
5124,2026-10-08,601956,-14.668832778930664,True,
5125,2026-10-08,600403,-14.692726135253906,False,5091
5126,2026-10-08,603928,-14.693639755249023,True,
5127,2026-10-08,601123,-14.706571578979492,False,5092
5128,2026-10-08,002703,-14.740983963012695,False,5093
5129,2026-10-08,605258,-14.773072242736816,False,5094
5130,2026-10-08,301119,-14.837004661560059,False,5095
5131,2026-10-08,301699,-14.964932441711426,False,5096
5132,2026-10-08,002298,-14.970603942871094,False,5097
5133,2026-10-08,600152,-14.975765228271484,False,5098
5134,2026-10-08,301697,-15.018739700317383,True,
5135,2026-10-08,301047,-15.130870819091797,False,5099
5136,2026-10-08,300684,-15.196751594543457,False,5100
5137,2026-10-08,301655,-15.219792366027832,False,5101
5138,2026-10-08,601091,-15.220499038696289,False,5102
5139,2026-10-08,600032,-15.263533592224121,False,5103
5140,2026-10-08,301218,-15.469539642333984,False,5104
5141,2026-10-08,300301,-15.901576042175293,False,5105
5142,2026-10-08,001246,-16.059438705444336,False,5106
5143,2026-10-08,688265,-16.089900970458984,False,5107
5144,2026-10-08,301599,-16.192075729370117,False,5108
5145,2026-10-08,603949,-16.201568603515625,False,5109
5146,2026-10-08,301262,-16.446136474609375,False,5110
5147,2026-10-08,001317,-16.469614028930664,False,5111
5148,2026-10-08,301310,-16.646646499633789,False,5112
5149,2026-10-08,600488,-16.784090042114258,False,5113
5150,2026-10-08,001336,-16.826112747192383,True,
5151,2026-10-08,002959,-16.908641815185547,False,5114
5152,2026-10-08,301689,-16.911029815673828,False,5115
5153,2026-10-08,000678,-16.969997406005859,False,5116
5154,2026-10-08,002679,-17.097055435180664,False,5117
5155,2026-10-08,300450,-17.162742614746094,False,5118
5156,2026-10-08,688175,-17.211387634277344,False,5119
5157,2026-10-08,688356,-17.49333381652832,False,5120
5158,2026-10-08,000011,-17.553934097290039,False,5121
5159,2026-10-08,300690,-17.610069274902344,False,5122
5160,2026-10-08,603968,-17.8328857421875,False,5123
5161,2026-10-08,301560,-17.871818542480469,False,5124
5162,2026-10-08,603105,-18.094406127929688,False,5125
5163,2026-10-08,603686,-18.113241195678711,False,5126
5164,2026-10-08,300207,-18.142999649047852,False,5127
5165,2026-10-08,002074,-18.224124908447266,False,5128
5166,2026-10-08,300300,-18.659847259521484,False,5129
5167,2026-10-08,002316,-18.667591094970703,False,5130
5168,2026-10-08,002467,-18.723854064941406,False,5131
5169,2026-10-08,301311,-19.088100433349609,False,5132
5170,2026-10-08,002669,-19.112131118774414,False,5133
5171,2026-10-08,000504,-19.267230987548828,False,5134
5172,2026-10-08,605069,-19.329067230224609,False,5135
5173,2026-10-08,601811,-19.492290496826172,False,5136
5174,2026-10-08,300443,-19.673160552978516,False,5137
5175,2026-10-08,000993,-19.986576080322266,False,5138
5176,2026-10-08,300530,-20.052755355834961,True,
5177,2026-10-08,603248,-20.117788314819336,False,5139
5178,2026-10-08,603092,-20.363788604736328,False,5140
5179,2026-10-08,001216,-20.577035903930664,False,5141
5180,2026-10-08,002172,-20.579195022583008,False,5142
5181,2026-10-08,002882,-20.770309448242188,False,5143
5182,2026-10-08,002912,-21.336702346801758,False,5144
5183,2026-10-08,601086,-21.430549621582031,False,5145
5184,2026-10-08,600121,-21.471776962280273,False,5146
5185,2026-10-08,603266,-21.96074104309082,False,5147
5186,2026-10-08,603200,-22.313501358032227,True,
5187,2026-10-08,000560,-22.579305648803711,False,5148
5188,2026-10-08,002580,-22.607149124145508,False,5149
5189,2026-10-08,300522,-23.107528686523438,True,
5190,2026-10-08,605378,-23.237949371337891,True,
5191,2026-10-08,601218,-24.03254508972168,False,5150
5192,2026-10-08,002866,-25.124591827392578,True,
5193,2026-10-08,688244,-25.522613525390625,False,5151
5194,2026-10-08,301155,-26.136472702026367,False,5152
5195,2026-10-08,300904,-28.406652450561523,False,5153
5196,2026-10-08,600802,-29.056861877441406,False,5154
5197,2026-10-08,301234,-29.331005096435547,False,5155
5198,2026-10-08,301190,-29.83464241027832,False,5156
5199,2026-10-08,002531,-29.898805618286133,False,5157
5200,2026-10-08,603073,-31.978126525878906,True,
5201,2026-10-08,002962,-31.980852127075195,False,5158
5202,2026-10-08,300162,-32.456748962402344,False,5159
5203,2026-10-08,688137,-33.227767944335938,False,5160
5204,2026-10-08,002487,-34.035610198974609,False,5161
5205,2026-10-08,002614,-35.109783172607422,False,5162
5206,2026-10-08,002717,-36.931049346923828,False,5163
5207,2026-10-08,600241,-36.994293212890625,True,
5208,2026-10-08,605366,-38.655834197998047,False,5164
5209,2026-10-08,301513,-43.253963470458984,False,5165
