rank_all,date,code,signal,close_limit_up,rank_ex_limit_up
1,2026-09-29,600825,30.727866883620933,True,
2,2026-09-29,605303,26.902542138584668,True,
3,2026-09-29,000523,15.81854286093929,False,1
4,2026-09-29,601118,15.801686903378759,False,2
5,2026-09-29,000019,15.688570309514843,False,3
6,2026-09-29,001299,14.904080631789389,False,4
7,2026-09-29,000911,14.525912551995038,False,5
8,2026-09-29,600865,14.139755288688315,False,6
9,2026-09-29,000505,13.952905796698536,False,7
10,2026-09-29,002855,13.869642454635093,False,8
11,2026-09-29,003040,13.575807182887392,False,9
12,2026-09-29,000017,13.535161531967992,False,10
13,2026-09-29,000972,13.085558125498542,False,11
14,2026-09-29,002084,12.920714991216204,False,12
15,2026-09-29,000812,12.810895755891005,False,13
16,2026-09-29,688031,12.767441871146545,False,14
17,2026-09-29,600251,12.754151978178331,False,15
18,2026-09-29,603123,12.744336479050412,False,16
19,2026-09-29,688629,12.676506469374688,False,17
20,2026-09-29,002470,12.284142961115613,False,18
21,2026-09-29,603270,12.07471522350129,False,19
22,2026-09-29,000430,12.066422431811954,False,20
23,2026-09-29,300709,12.063020468595509,False,21
24,2026-09-29,002743,12.057395609583663,False,22
25,2026-09-29,600313,11.608653047439009,False,23
26,2026-09-29,002041,11.243072630674964,False,24
27,2026-09-29,603696,11.110747752706354,False,25
28,2026-09-29,603082,11.0527761504585,False,26
29,2026-09-29,002286,11.031357965306729,False,27
30,2026-09-29,603378,10.945225368147792,False,28
31,2026-09-29,001338,10.932485807106561,False,29
32,2026-09-29,300189,10.774031901116206,False,30
33,2026-09-29,600506,10.758579372311846,False,31
34,2026-09-29,301688,10.582706870958603,False,32
35,2026-09-29,600039,10.492989438719743,False,33
36,2026-09-29,605179,10.477427133724245,False,34
37,2026-09-29,301058,10.46423149971962,False,35
38,2026-09-29,603721,10.446930336024606,False,36
39,2026-09-29,600969,10.357657201527443,False,37
40,2026-09-29,600272,10.349355481040547,False,38
41,2026-09-29,002637,10.346270332383217,False,39
42,2026-09-29,000716,10.329058408992392,False,40
43,2026-09-29,600844,10.237457721742729,False,41
44,2026-09-29,600610,10.109249641024427,False,42
45,2026-09-29,003013,10.056480730296158,False,43
46,2026-09-29,002862,10.028781053914592,False,44
47,2026-09-29,300816,10.001269158972548,False,45
48,2026-09-29,002561,9.925946065656273,False,46
49,2026-09-29,603395,9.9202582165752045,False,47
50,2026-09-29,002661,9.9143014071552891,False,48
51,2026-09-29,600318,9.9054768542479685,False,49
52,2026-09-29,603161,9.7891736269305198,False,50
53,2026-09-29,600227,9.7755433571799841,False,51
54,2026-09-29,603448,9.7202998750514489,False,52
55,2026-09-29,300901,9.7159211602013542,False,53
56,2026-09-29,002548,9.6939620940229627,False,54
57,2026-09-29,002888,9.61424766622115,False,55
58,2026-09-29,600613,9.6094666357143304,False,56
59,2026-09-29,300313,9.563578638178754,False,57
60,2026-09-29,603113,9.5220977726906373,False,58
61,2026-09-29,600892,9.4377934565935533,False,59
62,2026-09-29,603137,9.4326534108337121,False,60
63,2026-09-29,301043,9.3561491863109545,False,61
64,2026-09-29,300889,9.3543040264604223,False,62
65,2026-09-29,002856,9.320187335471001,False,63
66,2026-09-29,603778,9.2717983015185474,False,64
67,2026-09-29,000586,9.2613478035274373,False,65
68,2026-09-29,002081,9.2599932389187423,False,66
69,2026-09-29,688196,9.2427453062993408,False,67
70,2026-09-29,603269,9.1899002839884396,False,68
71,2026-09-29,000722,9.1890173850187384,False,69
72,2026-09-29,300387,9.1323129548985413,False,70
73,2026-09-29,300427,9.1092160743040189,False,71
74,2026-09-29,300106,9.099764623297002,False,72
75,2026-09-29,603216,9.0826255662015924,False,73
76,2026-09-29,601366,9.0189840866636892,False,74
77,2026-09-29,002772,8.9952544536255363,False,75
78,2026-09-29,600785,8.9741493946179283,False,76
79,2026-09-29,601083,8.9636059302357491,False,77
80,2026-09-29,300268,8.9625046239176172,False,78
81,2026-09-29,603819,8.9164994991226791,False,79
82,2026-09-29,300998,8.8660242552573258,False,80
83,2026-09-29,002910,8.8538283481208211,False,81
84,2026-09-29,002976,8.7896359570690663,False,82
85,2026-09-29,000798,8.7861255675870424,False,83
86,2026-09-29,603257,8.7858515580908509,False,84
87,2026-09-29,600664,8.7852998093165304,False,85
88,2026-09-29,002224,8.7817478051488003,False,86
89,2026-09-29,001366,8.731972575953364,False,87
90,2026-09-29,300265,8.6943268146955646,False,88
91,2026-09-29,603976,8.6889298895324227,False,89
92,2026-09-29,002622,8.6879912089844602,False,90
93,2026-09-29,600156,8.6714054615095986,False,91
94,2026-09-29,601566,8.6534709346428649,False,92
95,2026-09-29,000779,8.6364509058327954,False,93
96,2026-09-29,000985,8.6247086110694902,False,94
97,2026-09-29,000949,8.6189590256999118,False,95
98,2026-09-29,600303,8.6117067533038423,False,96
99,2026-09-29,600992,8.5773567653421523,False,97
100,2026-09-29,300922,8.5519385834508554,False,98
101,2026-09-29,300345,8.5276663560656498,False,99
102,2026-09-29,603331,8.5140219490375273,False,100
103,2026-09-29,002828,8.5085384606915149,False,101
104,2026-09-29,002886,8.4927073834561053,False,102
105,2026-09-29,002109,8.4587668664550399,False,103
106,2026-09-29,603106,8.4471394756409612,False,104
107,2026-09-29,605108,8.4119699447977396,False,105
108,2026-09-29,600333,8.3492134585511337,False,106
109,2026-09-29,603406,8.3410432428354007,False,107
110,2026-09-29,002820,8.2688610380642533,False,108
111,2026-09-29,002519,8.2259923687899317,False,109
112,2026-09-29,002952,8.2252587558682357,False,110
113,2026-09-29,688646,8.2179329416150164,False,111
114,2026-09-29,000558,8.209389552929558,False,112
115,2026-09-29,600722,8.1971925335519806,False,113
116,2026-09-29,600354,8.1434663734368424,False,114
117,2026-09-29,002385,8.1225066426495758,False,115
118,2026-09-29,301326,8.1170840234065835,False,116
119,2026-09-29,603258,8.0919944516708782,False,117
120,2026-09-29,002742,8.0868621420520324,False,118
121,2026-09-29,603139,8.0692682958744975,False,119
122,2026-09-29,603102,7.9855477141112745,False,120
123,2026-09-29,002918,7.9839765698489442,False,121
124,2026-09-29,002868,7.9284406948545403,False,122
125,2026-09-29,300615,7.8706615388306513,False,123
126,2026-09-29,002265,7.8691996798827848,False,124
127,2026-09-29,300854,7.851667845006788,False,125
128,2026-09-29,601606,7.8382395495446069,False,126
129,2026-09-29,301227,7.8376365926075175,False,127
130,2026-09-29,603162,7.8292646462398956,False,128
131,2026-09-29,002696,7.8245754830652388,False,129
132,2026-09-29,300892,7.8027774632161888,False,130
133,2026-09-29,603189,7.7999271958883805,False,131
134,2026-09-29,300749,7.7844455104912473,False,132
135,2026-09-29,300992,7.7699751897617046,False,133
136,2026-09-29,300612,7.7698094568752269,False,134
137,2026-09-29,001209,7.7675814732485771,False,135
138,2026-09-29,002328,7.7669069580792538,False,136
139,2026-09-29,601700,7.7516965156472324,False,137
140,2026-09-29,002762,7.744114790944562,False,138
141,2026-09-29,300562,7.7434477291635071,False,139
142,2026-09-29,688084,7.7176491224850681,False,140
143,2026-09-29,003036,7.7059329853846785,False,141
144,2026-09-29,301539,7.7026366504783832,False,142
145,2026-09-29,002691,7.6935184874178848,False,143
146,2026-09-29,300880,7.6720499300914824,False,144
147,2026-09-29,603860,7.652825139367323,False,145
148,2026-09-29,000626,7.647877171405387,False,146
149,2026-09-29,603685,7.621721257630413,False,147
150,2026-09-29,603058,7.5961232499257338,False,148
151,2026-09-29,000816,7.5771803757886049,False,149
152,2026-09-29,300967,7.5744384662020821,False,150
153,2026-09-29,301151,7.5598715222915489,False,151
154,2026-09-29,300825,7.5521323693353857,False,152
155,2026-09-29,300970,7.5295113832278346,False,153
156,2026-09-29,002418,7.527507686405138,False,154
157,2026-09-29,600249,7.5218262907187761,False,155
158,2026-09-29,300164,7.483021741129809,False,156
159,2026-09-29,603318,7.47137061375828,False,157
160,2026-09-29,600596,7.469414240218553,False,158
161,2026-09-29,002291,7.4605695075236724,False,159
162,2026-09-29,301399,7.4532984193660479,False,160
163,2026-09-29,300381,7.4151933315213503,False,161
164,2026-09-29,600408,7.4047538317187964,False,162
165,2026-09-29,600228,7.4039538904753357,False,163
166,2026-09-29,002957,7.3843839685547961,False,164
167,2026-09-29,300913,7.378381284874922,False,165
168,2026-09-29,603221,7.3694590594118754,False,166
169,2026-09-29,603059,7.3591641620877315,False,167
170,2026-09-29,601007,7.3511116216155852,False,168
171,2026-09-29,301116,7.3137272220498586,False,169
172,2026-09-29,301072,7.2995814255977489,False,170
173,2026-09-29,301009,7.2779593602619563,False,171
174,2026-09-29,002092,7.2651745304188822,False,172
175,2026-09-29,000061,7.2554425084907113,False,173
176,2026-09-29,603235,7.2481866373084518,False,174
177,2026-09-29,600598,7.2011258383339136,False,175
178,2026-09-29,002165,7.199216689729897,False,176
179,2026-09-29,605567,7.1878119591135787,False,177
180,2026-09-29,603708,7.1830844180442304,False,178
181,2026-09-29,002627,7.1756280831241588,False,179
182,2026-09-29,300497,7.1728575971127739,False,180
183,2026-09-29,600828,7.1622833038428197,False,181
184,2026-09-29,603177,7.1389215140963138,False,182
185,2026-09-29,603619,7.1388293251341457,False,183
186,2026-09-29,300898,7.1221607546883954,False,184
187,2026-09-29,000929,7.0923957600308745,False,185
188,2026-09-29,600581,7.0858496292594051,False,186
189,2026-09-29,002159,7.0560835282515644,False,187
190,2026-09-29,600327,7.0546412424522265,False,188
191,2026-09-29,002556,7.0524052184727584,False,189
192,2026-09-29,002581,7.0441588777427535,False,190
193,2026-09-29,688433,7.030450887479601,False,191
194,2026-09-29,600776,7.0281498953831845,False,192
195,2026-09-29,002022,7.027527504905474,False,193
196,2026-09-29,600838,7.0210229303610987,False,194
197,2026-09-29,002186,7.0175365436271377,False,195
198,2026-09-29,301027,7.0122853729605632,False,196
199,2026-09-29,002481,7.0030071934471367,False,197
200,2026-09-29,603687,6.9908144155399903,False,198
201,2026-09-29,002852,6.988263800695119,False,199
202,2026-09-29,300504,6.9879507529415843,False,200
203,2026-09-29,600135,6.9846432375269725,False,201
204,2026-09-29,300577,6.9714404872568121,False,202
205,2026-09-29,603128,6.9622224453865673,False,203
206,2026-09-29,600543,6.959268079343869,False,204
207,2026-09-29,600343,6.9477031970282255,False,205
208,2026-09-29,600706,6.9437789414466913,False,206
209,2026-09-29,605089,6.9236597457630706,False,207
210,2026-09-29,000890,6.8899091945445043,False,208
211,2026-09-29,301156,6.8756367225154627,False,209
212,2026-09-29,300338,6.8743334722281828,False,210
213,2026-09-29,603255,6.8663343114197612,False,211
214,2026-09-29,300094,6.859141375858556,False,212
215,2026-09-29,002613,6.8489144645717808,False,213
216,2026-09-29,002817,6.8272497644608032,False,214
217,2026-09-29,000998,6.8236504630989874,False,215
218,2026-09-29,600971,6.8136179303733959,False,216
219,2026-09-29,301298,6.7919674726314074,False,217
220,2026-09-29,003042,6.7907441066233316,False,218
221,2026-09-29,002199,6.7566187087397891,False,219
222,2026-09-29,000524,6.7563211569383563,False,220
223,2026-09-29,603600,6.7513429378789045,False,221
224,2026-09-29,002652,6.726743760036646,False,222
225,2026-09-29,000702,6.7242770418116535,False,223
226,2026-09-29,600184,6.7048381963866026,False,224
227,2026-09-29,300987,6.6911127391608627,False,225
228,2026-09-29,603408,6.6880054763324068,False,226
229,2026-09-29,603869,6.6855554942937632,False,227
230,2026-09-29,002567,6.6829840787770181,False,228
231,2026-09-29,600103,6.6754543261549983,False,229
232,2026-09-29,301337,6.6707193283788602,False,230
233,2026-09-29,002458,6.6616116346704004,False,231
234,2026-09-29,002194,6.6601396120891012,False,232
235,2026-09-29,000037,6.643176361915426,False,233
236,2026-09-29,001318,6.6378064736569815,False,234
237,2026-09-29,002922,6.62705262511441,False,235
238,2026-09-29,001201,6.6251763593333219,False,236
239,2026-09-29,300707,6.6090572037780788,False,237
240,2026-09-29,603779,6.6029750767977786,False,238
241,2026-09-29,301052,6.6022584262483166,False,239
242,2026-09-29,002357,6.6021949108491631,False,240
243,2026-09-29,002086,6.5993630219851376,False,241
244,2026-09-29,300538,6.5902231088076952,False,242
245,2026-09-29,002408,6.5861943365086351,False,243
246,2026-09-29,600965,6.546834274608063,False,244
247,2026-09-29,300786,6.5450871914163891,False,245
248,2026-09-29,603089,6.5438981136752625,False,246
249,2026-09-29,002072,6.5433423112044506,False,247
250,2026-09-29,002104,6.5417530685462282,False,248
251,2026-09-29,002873,6.5200123871729705,False,249
252,2026-09-29,603628,6.5163378019315079,False,250
253,2026-09-29,603926,6.5098724490824278,False,251
254,2026-09-29,600410,6.4992724422846937,False,252
255,2026-09-29,301159,6.4939022677884291,False,253
256,2026-09-29,001255,6.481870139493326,False,254
257,2026-09-29,002229,6.4637866730616507,False,255
258,2026-09-29,603989,6.4563312495140082,False,256
259,2026-09-29,300788,6.44860853328918,False,257
260,2026-09-29,001373,6.4448403872551507,False,258
261,2026-09-29,002795,6.4445065365685439,False,259
262,2026-09-29,002995,6.4439030501086272,False,260
263,2026-09-29,603359,6.4321520996062382,False,261
264,2026-09-29,000525,6.4282162557787768,False,262
265,2026-09-29,603180,6.4244943175287448,False,263
266,2026-09-29,301025,6.4036798593299729,False,264
267,2026-09-29,000952,6.4001151986496883,False,265
268,2026-09-29,301317,6.3952654676664284,False,266
269,2026-09-29,603817,6.3876716559004931,False,267
270,2026-09-29,001360,6.3799351236198785,False,268
271,2026-09-29,000968,6.3795599495420774,False,269
272,2026-09-29,600594,6.3779435157621229,False,270
273,2026-09-29,002362,6.3749678943051435,False,271
274,2026-09-29,002719,6.3652303968725317,False,272
275,2026-09-29,600697,6.3561648862563924,False,273
276,2026-09-29,301181,6.3510562938689015,False,274
277,2026-09-29,002522,6.3399805743180044,False,275
278,2026-09-29,300252,6.3364465308759943,False,276
279,2026-09-29,301300,6.3363778022402064,False,277
280,2026-09-29,002871,6.3343146555067591,False,278
281,2026-09-29,002953,6.3042270827293017,False,279
282,2026-09-29,002825,6.3018865315881865,False,280
283,2026-09-29,002694,6.3004880264231673,False,281
284,2026-09-29,300884,6.2925873487060766,False,282
285,2026-09-29,002272,6.2902015521609984,False,283
286,2026-09-29,301489,6.2881084974940684,False,284
287,2026-09-29,603402,6.2669108646522371,False,285
288,2026-09-29,001260,6.264293609915458,False,286
289,2026-09-29,300920,6.2595718524553288,False,287
290,2026-09-29,000735,6.2548574057883526,False,288
291,2026-09-29,603719,6.2537733167794389,False,289
292,2026-09-29,605339,6.2512879458061335,False,290
293,2026-09-29,301056,6.245587747950383,False,291
294,2026-09-29,000759,6.2445948027672271,False,292
295,2026-09-29,600714,6.2423346222255818,False,293
296,2026-09-29,603506,6.2291195862542112,False,294
297,2026-09-29,301216,6.2269531440184771,False,295
298,2026-09-29,000878,6.2261191838520746,False,296
299,2026-09-29,603330,6.2174973832394169,False,297
300,2026-09-29,001316,6.2145601209100114,False,298
301,2026-09-29,000153,6.2133340898961213,False,299
302,2026-09-29,600967,6.2124377936118353,False,300
303,2026-09-29,605007,6.2022183069972279,False,301
304,2026-09-29,300591,6.2021490597015951,False,302
305,2026-09-29,300997,6.1923960194129606,False,303
306,2026-09-29,300468,6.1793987293486516,False,304
307,2026-09-29,002571,6.1752260988885439,False,305
308,2026-09-29,000902,6.1639561308710107,False,306
309,2026-09-29,002306,6.1580916477910019,False,307
310,2026-09-29,300087,6.1530643139270706,False,308
311,2026-09-29,002942,6.1516839352111052,False,309
312,2026-09-29,000536,6.146398729202339,False,310
313,2026-09-29,605337,6.1386446550742217,False,311
314,2026-09-29,600858,6.1336739819856447,False,312
315,2026-09-29,600624,6.1328491844212545,False,313
316,2026-09-29,688480,6.1292389542104164,False,314
317,2026-09-29,600975,6.1122526337644896,False,315
318,2026-09-29,301395,6.0989861396450671,False,316
319,2026-09-29,002536,6.097277669802641,False,317
320,2026-09-29,603739,6.0960506684204869,False,318
321,2026-09-29,601116,6.0947137672355609,False,319
322,2026-09-29,300653,6.0918048464180625,False,320
323,2026-09-29,688468,6.0829794972586431,False,321
324,2026-09-29,002234,6.0819859686754967,False,322
325,2026-09-29,002758,6.07878845305585,False,323
326,2026-09-29,601061,6.0772947768591692,False,324
327,2026-09-29,600300,6.0754488620200489,False,325
328,2026-09-29,688288,6.074045784938793,False,326
329,2026-09-29,300583,6.073603494638486,False,327
330,2026-09-29,688668,6.0721163547002153,False,328
331,2026-09-29,603353,6.0704227873864989,False,329
332,2026-09-29,603151,6.0683894375837797,False,330
333,2026-09-29,600388,6.0637052214628389,False,331
334,2026-09-29,688429,6.0620214259713405,False,332
335,2026-09-29,002969,6.0617511983927379,False,333
336,2026-09-29,300386,6.0526761260918009,False,334
337,2026-09-29,301133,6.0471881216855641,False,335
338,2026-09-29,300010,6.041151653345965,False,336
339,2026-09-29,603536,6.0337678675037729,False,337
340,2026-09-29,002570,6.0236497981016095,False,338
341,2026-09-29,002763,6.0021257778508206,False,339
342,2026-09-29,301500,6.0008028576020198,False,340
343,2026-09-29,300722,5.994726606028375,False,341
344,2026-09-29,300858,5.9821645744205769,False,342
345,2026-09-29,600917,5.9795189063309504,False,343
346,2026-09-29,301598,5.9773135535426674,False,344
347,2026-09-29,002115,5.9758745108151983,False,345
348,2026-09-29,605009,5.9670930022383839,False,346
349,2026-09-29,002746,5.9609747037993639,False,347
350,2026-09-29,000488,5.9590408441895004,False,348
351,2026-09-29,000931,5.9546308976533755,False,349
352,2026-09-29,603307,5.9531990395653427,False,350
353,2026-09-29,301305,5.951971418825158,False,351
354,2026-09-29,300929,5.9444214631575498,False,352
355,2026-09-29,600162,5.937088459676847,False,353
356,2026-09-29,000526,5.9255182199437328,False,354
357,2026-09-29,603677,5.9193256308264148,False,355
358,2026-09-29,301376,5.9124260421203321,False,356
359,2026-09-29,001322,5.9102032023625455,False,357
360,2026-09-29,600936,5.9097597810551363,False,358
361,2026-09-29,603101,5.9095204489163606,False,359
362,2026-09-29,600075,5.9066161161189008,False,360
363,2026-09-29,605167,5.9039961387604274,False,361
364,2026-09-29,300945,5.8974317970087533,False,362
365,2026-09-29,600386,5.867616829925046,False,363
366,2026-09-29,688060,5.8658107447161285,False,364
367,2026-09-29,688007,5.8643373197826572,False,365
368,2026-09-29,603888,5.8591699257309831,False,366
369,2026-09-29,605199,5.8456312993162225,False,367
370,2026-09-29,000995,5.8382213235302327,False,368
371,2026-09-29,601929,5.8321758839040916,False,369
372,2026-09-29,000856,5.8290429610430872,False,370
373,2026-09-29,605268,5.8288669808616707,False,371
374,2026-09-29,300448,5.8276476289157024,False,372
375,2026-09-29,002947,5.8063367773249253,False,373
376,2026-09-29,600989,5.8014330146727033,False,374
377,2026-09-29,002227,5.7999674442445812,False,375
378,2026-09-29,603823,5.7980977131883726,False,376
379,2026-09-29,301158,5.7973577776995002,False,377
380,2026-09-29,002107,5.797052087178681,False,378
381,2026-09-29,002973,5.7911806978038003,False,379
382,2026-09-29,603043,5.7896324859316799,False,380
383,2026-09-29,002982,5.7858254377660341,False,381
384,2026-09-29,002121,5.7713898689230749,False,382
385,2026-09-29,301065,5.7709726965351589,False,383
386,2026-09-29,600105,5.7698962360870905,False,384
387,2026-09-29,688013,5.7683490757463476,False,385
388,2026-09-29,002299,5.7583864765113493,False,386
389,2026-09-29,300859,5.7459398772323915,False,387
390,2026-09-29,301066,5.7457672813767369,False,388
391,2026-09-29,000703,5.7419777186103271,False,389
392,2026-09-29,301577,5.7366454488234009,False,390
393,2026-09-29,603273,5.7146561664918432,False,391
394,2026-09-29,003037,5.6970452418172419,False,392
395,2026-09-29,300865,5.6904410833099321,False,393
396,2026-09-29,300784,5.6873889163945588,False,394
397,2026-09-29,001208,5.6785151208669289,False,395
398,2026-09-29,603982,5.6757563618542726,False,396
399,2026-09-29,603329,5.6620296306880302,False,397
400,2026-09-29,603729,5.6610870843076313,False,398
401,2026-09-29,301037,5.6561024071846147,False,399
402,2026-09-29,601038,5.6557039131219415,False,400
403,2026-09-29,000428,5.6545612475890774,False,401
404,2026-09-29,002365,5.6414302673645231,False,402
405,2026-09-29,002931,5.6384483614357972,False,403
406,2026-09-29,301309,5.63475736651354,False,404
407,2026-09-29,300517,5.6345159132226117,False,405
408,2026-09-29,002197,5.6262096455570125,False,406
409,2026-09-29,301006,5.6260473859131848,False,407
410,2026-09-29,603879,5.6244898289229432,False,408
411,2026-09-29,002986,5.6194398563952532,False,409
412,2026-09-29,002575,5.6176042538413533,False,410
413,2026-09-29,301533,5.6160651887089443,False,411
414,2026-09-29,300968,5.6089543846380367,False,412
415,2026-09-29,003009,5.5819750592411914,False,413
416,2026-09-29,600793,5.5779416226145635,False,414
417,2026-09-29,688670,5.5742640866074256,False,415
418,2026-09-29,000925,5.570889472999859,False,416
419,2026-09-29,600257,5.5656710513407184,False,417
420,2026-09-29,300535,5.5635219846388368,False,418
421,2026-09-29,688132,5.5628897392660042,False,419
422,2026-09-29,002349,5.5611795358553726,False,420
423,2026-09-29,000937,5.5557219549638397,False,421
424,2026-09-29,600855,5.5524157433225891,False,422
425,2026-09-29,301446,5.5392585868753388,False,423
426,2026-09-29,600617,5.5314536112323056,False,424
427,2026-09-29,605180,5.5258397070262228,False,425
428,2026-09-29,688215,5.5216168672994446,False,426
429,2026-09-29,002321,5.5215563046014786,False,427
430,2026-09-29,002442,5.5158088469325479,False,428
431,2026-09-29,301505,5.5121529929598916,False,429
432,2026-09-29,605598,5.5056724558364856,False,430
433,2026-09-29,002354,5.497815244761731,False,431
434,2026-09-29,300414,5.4936216147844039,False,432
435,2026-09-29,605218,5.4783303198633169,False,433
436,2026-09-29,300081,5.4735345851594737,False,434
437,2026-09-29,000698,5.4723858635000884,False,435
438,2026-09-29,688061,5.4684502093341223,False,436
439,2026-09-29,002716,5.4649423762075422,False,437
440,2026-09-29,600279,5.4640591469948738,False,438
441,2026-09-29,301117,5.4638749526616852,False,439
442,2026-09-29,300683,5.4628672488041206,False,440
443,2026-09-29,002977,5.4584739608227331,False,441
444,2026-09-29,300711,5.4469524982321627,False,442
445,2026-09-29,605033,5.4444901790266149,False,443
446,2026-09-29,601952,5.4405410726909365,False,444
447,2026-09-29,300740,5.4324456649369655,False,445
448,2026-09-29,600487,5.4176334420857,False,446
449,2026-09-29,605158,5.4132135252651308,False,447
450,2026-09-29,301068,5.4080799735066689,False,448
451,2026-09-29,605266,5.4077030052049002,False,449
452,2026-09-29,688836,5.4060187491850078,False,450
453,2026-09-29,600018,5.3959955650452684,False,451
454,2026-09-29,001333,5.3957673837737765,False,452
455,2026-09-29,300747,5.3795638084781112,False,453
456,2026-09-29,605500,5.3776061279351275,False,454
457,2026-09-29,603787,5.3717694372823361,False,455
458,2026-09-29,601212,5.3654980408082258,False,456
459,2026-09-29,603950,5.3517606929738202,False,457
460,2026-09-29,603682,5.3495562954294638,False,458
461,2026-09-29,300050,5.3465004096267057,False,459
462,2026-09-29,002376,5.3388634113676314,False,460
463,2026-09-29,600255,5.3368528409083051,False,461
464,2026-09-29,000903,5.3362113229684134,False,462
465,2026-09-29,301232,5.3308067822629468,False,463
466,2026-09-29,301089,5.3263787436752095,False,464
467,2026-09-29,605122,5.3231511093423105,False,465
468,2026-09-29,002721,5.3188876099532507,False,466
469,2026-09-29,603895,5.3183707252088492,False,467
470,2026-09-29,688389,5.318221919189293,False,468
471,2026-09-29,301299,5.2970231868966096,False,469
472,2026-09-29,603238,5.2884632515930363,False,470
473,2026-09-29,001395,5.2790601235142729,False,471
474,2026-09-29,688355,5.2784822550701058,False,472
475,2026-09-29,002215,5.2703320735279569,False,473
476,2026-09-29,002017,5.2702963982649322,False,474
477,2026-09-29,300588,5.2685137159760593,False,475
478,2026-09-29,600463,5.2659888713054057,False,476
479,2026-09-29,600486,5.2640101931023295,False,477
480,2026-09-29,002551,5.2588729826777723,False,478
481,2026-09-29,600368,5.254165022621387,False,479
482,2026-09-29,000803,5.2506058582324906,False,480
483,2026-09-29,301289,5.248498528366575,False,481
484,2026-09-29,003011,5.242866390393865,False,482
485,2026-09-29,300030,5.2370838653018259,False,483
486,2026-09-29,002802,5.2356940683467492,False,484
487,2026-09-29,000912,5.2330961419841957,False,485
488,2026-09-29,002705,5.2321265060140201,False,486
489,2026-09-29,300483,5.227012121162959,False,487
490,2026-09-29,600097,5.2221943333368532,False,488
491,2026-09-29,002370,5.2205832033565143,False,489
492,2026-09-29,301357,5.218544469986961,False,490
493,2026-09-29,688459,5.2133748835274725,False,491
494,2026-09-29,300607,5.2108614677519105,False,492
495,2026-09-29,300645,5.2093968201124836,False,493
496,2026-09-29,688699,5.2072703532856206,False,494
497,2026-09-29,002644,5.2013673487281666,False,495
498,2026-09-29,600800,5.2004445264498473,False,496
499,2026-09-29,688552,5.1983761289724093,False,497
500,2026-09-29,600082,5.1850601631881581,False,498
501,2026-09-29,002678,5.1762232849604279,False,499
502,2026-09-29,688790,5.1752950984157806,False,500
503,2026-09-29,300755,5.1746124439948273,False,501
504,2026-09-29,300837,5.171893664162754,False,502
505,2026-09-29,300830,5.171600528200349,False,503
506,2026-09-29,301005,5.166959901554498,False,504
507,2026-09-29,688569,5.1658820869651372,False,505
508,2026-09-29,000550,5.1652100023408352,False,506
509,2026-09-29,002672,5.163718498161181,False,507
510,2026-09-29,301408,5.1606627835853169,False,508
511,2026-09-29,600860,5.1566759281755346,False,509
512,2026-09-29,002869,5.154888793456327,False,510
513,2026-09-29,600824,5.152235514196903,False,511
514,2026-09-29,688350,5.1495378799191007,False,512
515,2026-09-29,603227,5.1384704284729636,False,513
516,2026-09-29,002949,5.1317235283044074,False,514
517,2026-09-29,002732,5.1195528704898603,False,515
518,2026-09-29,000533,5.1188896871536276,False,516
519,2026-09-29,000421,5.1184359180727945,False,517
520,2026-09-29,600760,5.0993335055023925,False,518
521,2026-09-29,603016,5.0944095127072435,False,519
522,2026-09-29,600693,5.0929529186251035,False,520
523,2026-09-29,301169,5.0879740668911984,False,521
524,2026-09-29,301206,5.0825131192084791,False,522
525,2026-09-29,301193,5.081080780492532,False,523
526,2026-09-29,600336,5.0803225899913347,False,524
527,2026-09-29,002629,5.066090704203857,False,525
528,2026-09-29,605003,5.0599043427016515,False,526
529,2026-09-29,002778,5.0563008588432128,False,527
530,2026-09-29,603168,5.0545417029963993,False,528
531,2026-09-29,300407,5.0521450198752591,False,529
532,2026-09-29,605300,5.0483490564233762,False,530
533,2026-09-29,601568,5.0438348660034356,False,531
534,2026-09-29,000815,5.0383848763151038,False,532
535,2026-09-29,603208,5.0341151469400165,False,533
536,2026-09-29,603272,5.0305018933467878,False,534
537,2026-09-29,688565,5.0249219146724258,False,535
538,2026-09-29,002897,5.0224233208425613,False,536
539,2026-09-29,601890,5.0206812945552191,False,537
540,2026-09-29,300152,5.0130897340454785,False,538
541,2026-09-29,000059,5.0069941267982454,False,539
542,2026-09-29,300328,5.0009476555915757,False,540
543,2026-09-29,003012,5.0006539910484422,False,541
544,2026-09-29,300783,4.9964886972293145,False,542
545,2026-09-29,603326,4.9881996362052377,False,543
546,2026-09-29,301178,4.9810229495178326,False,544
547,2026-09-29,001231,4.9799277744961987,False,545
548,2026-09-29,000822,4.9697291113050284,False,546
549,2026-09-29,603637,4.9641353475688854,False,547
550,2026-09-29,605098,4.9625487577183476,False,548
551,2026-09-29,002766,4.9622130891371405,False,549
552,2026-09-29,002012,4.9589312748587755,False,550
553,2026-09-29,603022,4.9481046240903321,False,551
554,2026-09-29,002355,4.9442270041284768,False,552
555,2026-09-29,000928,4.9385005513662001,False,553
556,2026-09-29,002908,4.9372679517978275,False,554
557,2026-09-29,002589,4.933709187228116,False,555
558,2026-09-29,603382,4.9327900290691362,False,556
559,2026-09-29,300371,4.9241678331593066,False,557
560,2026-09-29,600073,4.9230230953644067,False,558
561,2026-09-29,688015,4.9223914709845369,False,559
562,2026-09-29,603129,4.9167913859941734,False,560
563,2026-09-29,301102,4.9142735575251271,False,561
564,2026-09-29,300719,4.9100839622121368,False,562
565,2026-09-29,300807,4.9059052716571276,False,563
566,2026-09-29,301367,4.9007402360904644,False,564
567,2026-09-29,603115,4.9000810349864743,False,565
568,2026-09-29,301266,4.8913620547110312,False,566
569,2026-09-29,002094,4.8909478216606974,False,567
570,2026-09-29,300838,4.8908219566387761,False,568
571,2026-09-29,688210,4.8858607468884383,False,569
572,2026-09-29,603076,4.8854606716105717,False,570
573,2026-09-29,301022,4.8851664916924946,False,571
574,2026-09-29,301011,4.8809384718171049,False,572
575,2026-09-29,300132,4.8757387529263632,False,573
576,2026-09-29,002574,4.8664833452955287,False,574
577,2026-09-29,301141,4.8658219520541799,False,575
578,2026-09-29,300731,4.8651664196820352,False,576
579,2026-09-29,601065,4.8554332057121243,False,577
580,2026-09-29,002596,4.8524890768683857,False,578
581,2026-09-29,300875,4.8436874889086656,False,579
582,2026-09-29,300374,4.8426538337158656,False,580
583,2026-09-29,300565,4.8382908828620907,False,581
584,2026-09-29,603558,4.8340003684071799,False,582
585,2026-09-29,301126,4.8283547990269033,False,583
586,2026-09-29,301220,4.8282710665817481,False,584
587,2026-09-29,603639,4.8265443980617269,False,585
588,2026-09-29,001238,4.8212906084991332,False,586
589,2026-09-29,301469,4.8186657004977018,False,587
590,2026-09-29,301123,4.8136087307560445,False,588
591,2026-09-29,300822,4.8069570587471251,False,589
592,2026-09-29,605488,4.8001338403478861,False,590
593,2026-09-29,300849,4.8000413769823211,False,591
594,2026-09-29,300578,4.7983552595284138,False,592
595,2026-09-29,300677,4.7880782212025581,False,593
596,2026-09-29,300813,4.7806292327060707,False,594
597,2026-09-29,600822,4.7787957826954335,False,595
598,2026-09-29,002015,4.7764215755148509,False,596
599,2026-09-29,001319,4.7764098229302023,False,597
600,2026-09-29,600419,4.7761000957909703,False,598
601,2026-09-29,002861,4.7733232978963365,False,599
602,2026-09-29,600735,4.7721246172250407,False,600
603,2026-09-29,603565,4.7695341656746679,False,601
604,2026-09-29,002946,4.7657188244561146,False,602
605,2026-09-29,300753,4.7584582909284929,False,603
606,2026-09-29,603488,4.757710827103435,False,604
607,2026-09-29,001210,4.7572908783011183,False,605
608,2026-09-29,600882,4.7569450260681707,False,606
609,2026-09-29,002111,4.7534855526326387,False,607
610,2026-09-29,600540,4.7502566680039049,False,608
611,2026-09-29,301213,4.7443765512036258,False,609
612,2026-09-29,300571,4.7392533691249428,False,610
613,2026-09-29,600829,4.7337476103337455,False,611
614,2026-09-29,605286,4.7307216568347394,False,612
615,2026-09-29,300103,4.7294835170758986,False,613
616,2026-09-29,603466,4.7270087056421168,False,614
617,2026-09-29,002648,4.7256108451238301,False,615
618,2026-09-29,300994,4.7247814480700452,False,616
619,2026-09-29,603595,4.7231106371472293,False,617
620,2026-09-29,002970,4.722889934883522,False,618
621,2026-09-29,002476,4.7203317610914768,False,619
622,2026-09-29,300575,4.7186444474375895,False,620
623,2026-09-29,600346,4.7139794058351763,False,621
624,2026-09-29,600883,4.7120934180703085,False,622
625,2026-09-29,603722,4.7111336451594577,False,623
626,2026-09-29,001378,4.7067522327583911,False,624
627,2026-09-29,603896,4.7039559374976729,False,625
628,2026-09-29,688069,4.7003072953777414,False,626
629,2026-09-29,301335,4.6991000740716666,False,627
630,2026-09-29,300546,4.6985465822253101,False,628
631,2026-09-29,300625,4.6970820157029891,False,629
632,2026-09-29,603960,4.6969744622173941,False,630
633,2026-09-29,603176,4.6903753148572473,False,631
634,2026-09-29,002360,4.6874186287674799,False,632
635,2026-09-29,603132,4.6790389741332419,False,633
636,2026-09-29,002646,4.6750003627204375,False,634
637,2026-09-29,002516,4.6736617638387248,False,635
638,2026-09-29,002689,4.6677057749112638,False,636
639,2026-09-29,688592,4.6662165229025696,False,637
640,2026-09-29,688070,4.6631046059461454,False,638
641,2026-09-29,300996,4.6597872570019234,False,639
642,2026-09-29,603706,4.6589902193544992,False,640
643,2026-09-29,300021,4.6587398973912011,False,641
644,2026-09-29,002792,4.6547881088050769,False,642
645,2026-09-29,603668,4.6527948703482629,False,643
646,2026-09-29,601728,4.6454221117261438,False,644
647,2026-09-29,603182,4.6432519839807345,False,645
648,2026-09-29,003029,4.6430715482988969,False,646
649,2026-09-29,002069,4.6415376531471697,False,647
650,2026-09-29,600834,4.6314488509560325,False,648
651,2026-09-29,002686,4.6263570454568814,False,649
652,2026-09-29,301131,4.626351906805148,False,650
653,2026-09-29,300826,4.6193317256763606,False,651
654,2026-09-29,688326,4.6192395612419244,False,652
655,2026-09-29,300123,4.618552850269193,False,653
656,2026-09-29,301313,4.6050586628887569,False,654
657,2026-09-29,603903,4.603734293714898,False,655
658,2026-09-29,002330,4.6012480561586191,False,656
659,2026-09-29,003039,4.5925492988884136,False,657
660,2026-09-29,002206,4.5914893763155415,False,658
661,2026-09-29,600136,4.5912622470262541,False,659
662,2026-09-29,301157,4.589047785763583,False,660
663,2026-09-29,688193,4.5885936486674348,False,661
664,2026-09-29,603709,4.577289834338,False,662
665,2026-09-29,600428,4.5766036755643658,False,663
666,2026-09-29,002682,4.5765695304756857,False,664
667,2026-09-29,002297,4.5701829088000467,False,665
668,2026-09-29,603079,4.5695406851490308,False,666
669,2026-09-29,000683,4.5622250170254084,False,667
670,2026-09-29,002573,4.5537229227238853,False,668
671,2026-09-29,000529,4.5500623589830758,False,669
672,2026-09-29,002157,4.5400747089136235,False,670
673,2026-09-29,000407,4.5392889837291879,False,671
674,2026-09-29,603338,4.5370829539174,False,672
675,2026-09-29,603569,4.5359953768699555,False,673
676,2026-09-29,601858,4.5322160013105304,False,674
677,2026-09-29,300780,4.5301005042006164,False,675
678,2026-09-29,603718,4.5281509500069346,False,676
679,2026-09-29,002375,4.5272182801564753,False,677
680,2026-09-29,301088,4.5252505518692976,False,678
681,2026-09-29,600319,4.5217939297133007,False,679
682,2026-09-29,301429,4.50357557356861,False,680
683,2026-09-29,688285,4.5018275927908871,False,681
684,2026-09-29,600071,4.4984940152203672,False,682
685,2026-09-29,603383,4.4970167332123907,False,683
686,2026-09-29,002166,4.4956523087718381,False,684
687,2026-09-29,600371,4.4938759861262589,False,685
688,2026-09-29,601368,4.4929211209679973,False,686
689,2026-09-29,002788,4.4916209694100164,False,687
690,2026-09-29,301112,4.4868367050546167,False,688
691,2026-09-29,001222,4.4859421661276624,False,689
692,2026-09-29,600872,4.4849006986702449,False,690
693,2026-09-29,002857,4.4827210577614061,False,691
694,2026-09-29,000333,4.4824561250969621,False,692
695,2026-09-29,002489,4.4799847288172723,False,693
696,2026-09-29,000813,4.479951552479136,False,694
697,2026-09-29,603866,4.4769197534098613,False,695
698,2026-09-29,603880,4.4768115831197033,False,696
699,2026-09-29,603017,4.4741617403897314,False,697
700,2026-09-29,300329,4.4666209963777703,False,698
701,2026-09-29,000564,4.4654798683116956,False,699
702,2026-09-29,301290,4.4643039715845312,False,700
703,2026-09-29,300978,4.4623803295461322,False,701
704,2026-09-29,603758,4.4606136686786622,False,702
705,2026-09-29,600746,4.4601899657911179,False,703
706,2026-09-29,002390,4.4601164405327509,False,704
707,2026-09-29,600650,4.455786800321702,False,705
708,2026-09-29,002753,4.4556386611028689,False,706
709,2026-09-29,001259,4.4506376238198921,False,707
710,2026-09-29,301163,4.4504501166258299,False,708
711,2026-09-29,002999,4.448279145180031,False,709
712,2026-09-29,300928,4.4446522728456186,False,710
713,2026-09-29,003027,4.4262344715367714,False,711
714,2026-09-29,603121,4.421775844636274,False,712
715,2026-09-29,688156,4.4087988543883405,False,713
716,2026-09-29,000788,4.4076269598083773,False,714
717,2026-09-29,301686,4.3979409426998561,False,715
718,2026-09-29,000751,4.3951848152487605,False,716
719,2026-09-29,301228,4.3930478173975764,False,717
720,2026-09-29,301040,4.3914388275610445,False,718
721,2026-09-29,603351,4.3899461138456051,False,719
722,2026-09-29,600968,4.3895371038579949,False,720
723,2026-09-29,600378,4.3871795303771641,False,721
724,2026-09-29,301113,4.386049415712602,False,722
725,2026-09-29,301129,4.3841792215046915,False,723
726,2026-09-29,301261,4.3786682691110155,False,724
727,2026-09-29,603899,4.3786110939099183,False,725
728,2026-09-29,688526,4.3785589593304035,False,726
729,2026-09-29,000547,4.3783431912289306,False,727
730,2026-09-29,600876,4.3750984484821736,False,728
731,2026-09-29,600191,4.3750061963144127,False,729
732,2026-09-29,001269,4.3733978018636996,False,730
733,2026-09-29,002599,4.3729268759687443,False,731
734,2026-09-29,600444,4.3561277263043099,False,732
735,2026-09-29,002105,4.3545646753136067,False,733
736,2026-09-29,603551,4.353084788956755,False,734
737,2026-09-29,002485,4.3429061548223187,False,735
738,2026-09-29,603839,4.3408028253597513,False,736
739,2026-09-29,603810,4.339454920530482,False,737
740,2026-09-29,301173,4.338502372510133,False,738
741,2026-09-29,688686,4.336777641734562,False,739
742,2026-09-29,600774,4.3327603991883361,False,740
743,2026-09-29,001268,4.3272556272764184,False,741
744,2026-09-29,301318,4.3271207526754001,False,742
745,2026-09-29,002688,4.3264717814224101,False,743
746,2026-09-29,603284,4.3253241273470877,False,744
747,2026-09-29,688329,4.3220160445810567,False,745
748,2026-09-29,301555,4.3204302866167481,False,746
749,2026-09-29,002353,4.3202372379161096,False,747
750,2026-09-29,002826,4.3194373127135801,False,748
751,2026-09-29,300494,4.3192859312271894,False,749
752,2026-09-29,300867,4.3178772169271218,False,750
753,2026-09-29,600626,4.3171918867277217,False,751
754,2026-09-29,601233,4.3121381009586486,False,752
755,2026-09-29,000553,4.3070369976805765,False,753
756,2026-09-29,002998,4.3002147355858202,False,754
757,2026-09-29,300153,4.2986576319245433,False,755
758,2026-09-29,688201,4.2967602287779059,False,756
759,2026-09-29,603282,4.2946386736260855,False,757
760,2026-09-29,000869,4.2926275867335217,False,758
761,2026-09-29,002096,4.2918344513697733,False,759
762,2026-09-29,300079,4.2891279252736192,False,760
763,2026-09-29,002880,4.287743443377054,False,761
764,2026-09-29,002752,4.2861920885142588,False,762
765,2026-09-29,603308,4.2827456367643268,False,763
766,2026-09-29,300729,4.2718421559982565,False,764
767,2026-09-29,000955,4.2666688482994664,False,765
768,2026-09-29,300150,4.2660361045105644,False,766
769,2026-09-29,688533,4.2619644782778696,False,767
770,2026-09-29,603886,4.261493912097043,False,768
771,2026-09-29,300937,4.2610648083409917,False,769
772,2026-09-29,600538,4.2597617271037329,False,770
773,2026-09-29,600348,4.2588270821336014,False,771
774,2026-09-29,688366,4.2584217384140821,False,772
775,2026-09-29,002088,4.2581649864388638,False,773
776,2026-09-29,002632,4.2516869223385072,False,774
777,2026-09-29,601238,4.2494130437124698,True,
778,2026-09-29,301223,4.2437537454384353,False,775
779,2026-09-29,000597,4.2408376045081635,False,776
780,2026-09-29,603393,4.2373106141405863,False,777
781,2026-09-29,300585,4.233489715482877,False,778
782,2026-09-29,300175,4.2294558828519948,False,779
783,2026-09-29,002033,4.227485988319633,False,780
784,2026-09-29,603297,4.2193048301694764,False,781
785,2026-09-29,603556,4.2171530926801601,False,782
786,2026-09-29,002543,4.2162608479294841,False,783
787,2026-09-29,002875,4.2106796917377309,False,784
788,2026-09-29,603800,4.2075270436402619,False,785
789,2026-09-29,301170,4.2020271234782385,False,786
790,2026-09-29,603700,4.2016012402495768,False,787
791,2026-09-29,001202,4.2007920892513084,False,788
792,2026-09-29,000548,4.1986097258721351,False,789
793,2026-09-29,603711,4.1985237962259241,False,790
794,2026-09-29,001256,4.1968115356738505,False,791
795,2026-09-29,600302,4.1956239044839272,False,792
796,2026-09-29,002677,4.1931325633547365,False,793
797,2026-09-29,301073,4.1850771310988026,False,794
798,2026-09-29,002279,4.1837284293532004,False,795
799,2026-09-29,601008,4.1830964182760662,False,796
800,2026-09-29,000605,4.1804839006526402,False,797
801,2026-09-29,603958,4.1789054933453018,False,798
802,2026-09-29,688620,4.1740288102307268,False,799
803,2026-09-29,300342,4.1729876489678377,False,800
804,2026-09-29,300947,4.1659998650274215,False,801
805,2026-09-29,600395,4.1643435970604417,False,802
806,2026-09-29,605580,4.1641087473562788,False,803
807,2026-09-29,002563,4.1611264124203107,False,804
808,2026-09-29,001358,4.1579432463664503,False,805
809,2026-09-29,002987,4.1564322114185632,False,806
810,2026-09-29,002940,4.1559978376210012,False,807
811,2026-09-29,600280,4.1533349402918116,False,808
812,2026-09-29,301083,4.1491431641146139,False,809
813,2026-09-29,000852,4.1480856976899139,False,810
814,2026-09-29,002950,4.1445693380618458,False,811
815,2026-09-29,601956,4.1439278407778337,False,812
816,2026-09-29,300888,4.1423407331503128,False,813
817,2026-09-29,301302,4.1413857287927556,False,814
818,2026-09-29,300952,4.1375150122759017,False,815
819,2026-09-29,688510,4.1373509511693349,False,816
820,2026-09-29,603021,4.1309905321616531,False,817
821,2026-09-29,300608,4.129394324186654,False,818
822,2026-09-29,002098,4.1233962446607819,False,819
823,2026-09-29,000705,4.1214579850614177,False,820
824,2026-09-29,600236,4.1150496754486605,False,821
825,2026-09-29,300700,4.1149550627174438,False,822
826,2026-09-29,002133,4.1123985625242936,False,823
827,2026-09-29,301370,4.111374768958858,False,824
828,2026-09-29,300950,4.1099737292752225,False,825
829,2026-09-29,003028,4.100642447472107,False,826
830,2026-09-29,601528,4.0991028827024447,False,827
831,2026-09-29,300557,4.0981849505994914,False,828
832,2026-09-29,600256,4.0979406375057881,False,829
833,2026-09-29,300663,4.0876273783920958,False,830
834,2026-09-29,002657,4.0863998050946897,False,831
835,2026-09-29,688246,4.0847196476214158,False,832
836,2026-09-29,002333,4.0697781703651739,False,833
837,2026-09-29,300513,4.0656299269651592,False,834
838,2026-09-29,688239,4.0591762691808784,False,835
839,2026-09-29,688125,4.0572730423041179,False,836
840,2026-09-29,002332,4.0529131702233148,False,837
841,2026-09-29,603348,4.0523944997328964,False,838
842,2026-09-29,603828,4.0510667685193473,False,839
843,2026-09-29,300593,4.0497667980493182,False,840
844,2026-09-29,603676,4.0427128775489276,False,841
845,2026-09-29,002535,4.0333046114818583,False,842
846,2026-09-29,003016,4.031737855068414,False,843
847,2026-09-29,301287,4.0313636773038803,False,844
848,2026-09-29,002329,4.0287342000644237,False,845
849,2026-09-29,301515,4.028420818996266,False,846
850,2026-09-29,600611,4.0269365674964988,False,847
851,2026-09-29,603030,4.025569352745956,False,848
852,2026-09-29,002983,4.0231423258413361,False,849
853,2026-09-29,600819,4.020376501186373,False,850
854,2026-09-29,603190,4.0168305613993054,False,851
855,2026-09-29,301295,4.0138908842521621,False,852
856,2026-09-29,002965,4.0126723141140097,False,853
857,2026-09-29,688648,4.0072789351990545,False,854
858,2026-09-29,603136,4.0062395954467132,False,855
859,2026-09-29,688466,4.0057020261500398,False,856
860,2026-09-29,300384,4.0055757374039267,False,857
861,2026-09-29,603320,4.0052776830971482,False,858
862,2026-09-29,002114,4.0019465160723922,False,859
863,2026-09-29,300940,4.0018016842619222,False,860
864,2026-09-29,300225,3.9978920544179744,False,861
865,2026-09-29,301288,3.997397248334809,False,862
866,2026-09-29,600618,3.996510042971825,False,863
867,2026-09-29,603919,3.9937981287745168,False,864
868,2026-09-29,688579,3.9936025525275953,False,865
869,2026-09-29,000590,3.9926792060351826,False,866
870,2026-09-29,301378,3.992498419527541,False,867
871,2026-09-29,301501,3.9910158356691849,False,868
872,2026-09-29,600791,3.9887713384737218,False,869
873,2026-09-29,688377,3.9784955038328036,False,870
874,2026-09-29,300318,3.9764448300233752,False,871
875,2026-09-29,000301,3.9761301361561032,False,872
876,2026-09-29,603223,3.9737488009676132,False,873
877,2026-09-29,603321,3.9727076044678853,False,874
878,2026-09-29,300824,3.96650666641988,False,875
879,2026-09-29,301028,3.9663280432586996,False,876
880,2026-09-29,601969,3.9646291243913843,False,877
881,2026-09-29,301256,3.9611695541506475,False,878
882,2026-09-29,688338,3.959574234446551,False,879
883,2026-09-29,600180,3.956235833045588,False,880
884,2026-09-29,600128,3.9551677542339085,False,881
885,2026-09-29,300941,3.9502445076219872,False,882
886,2026-09-29,688607,3.9490054473137453,False,883
887,2026-09-29,002478,3.9467596796517914,False,884
888,2026-09-29,600365,3.9464681550317353,False,885
889,2026-09-29,300870,3.9460980403786197,False,886
890,2026-09-29,688523,3.9459981230991099,False,887
891,2026-09-29,000978,3.9441168732533951,False,888
892,2026-09-29,002004,3.9393258070992054,False,889
893,2026-09-29,600138,3.9322585218866672,False,890
894,2026-09-29,002008,3.9247191519061944,False,891
895,2026-09-29,301428,3.9243951252725253,False,892
896,2026-09-29,300102,3.9225522777612776,False,893
897,2026-09-29,300993,3.9209976325204021,False,894
898,2026-09-29,300798,3.9190586661484339,False,895
899,2026-09-29,605138,3.9148764056991707,False,896
900,2026-09-29,301119,3.9139069991296855,False,897
901,2026-09-29,603363,3.9121783345158585,False,898
902,2026-09-29,600398,3.9080944282945249,False,899
903,2026-09-29,300602,3.9064020889222499,False,900
904,2026-09-29,601107,3.9041436444592303,False,901
905,2026-09-29,600250,3.9037361750883304,False,902
906,2026-09-29,301035,3.8948506761175379,False,903
907,2026-09-29,002112,3.8935735967262008,False,904
908,2026-09-29,300536,3.8892997468930277,False,905
909,2026-09-29,002779,3.8867082638186363,False,906
910,2026-09-29,688601,3.8860879474192993,False,907
911,2026-09-29,601168,3.8830569043955028,False,908
912,2026-09-29,301212,3.8811158914401922,False,909
913,2026-09-29,002343,3.8804490989777838,False,910
914,2026-09-29,002198,3.8800300328116855,False,911
915,2026-09-29,601808,3.8790807026032872,False,912
916,2026-09-29,300533,3.8763769008136699,False,913
917,2026-09-29,002537,3.8751907731024042,False,914
918,2026-09-29,605006,3.8696787184204084,False,915
919,2026-09-29,301603,3.8668923357798208,False,916
920,2026-09-29,000419,3.8640799681480837,False,917
921,2026-09-29,688276,3.8633846493032027,False,918
922,2026-09-29,603096,3.8613043916423315,False,919
923,2026-09-29,301078,3.8569616974667436,False,920
924,2026-09-29,688581,3.8511801669800536,False,921
925,2026-09-29,002127,3.848275791802199,False,922
926,2026-09-29,300632,3.8481729966205771,False,923
927,2026-09-29,301103,3.8432127424098681,False,924
928,2026-09-29,600530,3.8429709698294956,False,925
929,2026-09-29,605338,3.8414678556069255,False,926
930,2026-09-29,002490,3.8411961023523835,False,927
931,2026-09-29,603261,3.8361453927918423,False,928
932,2026-09-29,688371,3.8313091464812929,False,929
933,2026-09-29,603317,3.8302377849972129,False,930
934,2026-09-29,301606,3.8262862776760564,False,931
935,2026-09-29,002059,3.8213754325870619,False,932
936,2026-09-29,301127,3.8192471020798577,False,933
937,2026-09-29,300547,3.8182045284941948,False,934
938,2026-09-29,601011,3.8117605612918384,False,935
939,2026-09-29,002462,3.810015077349695,False,936
940,2026-09-29,688615,3.809480994666071,False,937
941,2026-09-29,688701,3.8052791293153199,False,938
942,2026-09-29,002498,3.8025092161507543,False,939
943,2026-09-29,000888,3.8018672290331468,False,940
944,2026-09-29,003017,3.7992787991775145,False,941
945,2026-09-29,300298,3.798672639794141,False,942
946,2026-09-29,002597,3.7952262116814013,False,943
947,2026-09-29,000409,3.792927727663828,False,944
948,2026-09-29,603097,3.7928491506473456,False,945
949,2026-09-29,301106,3.7925530429779681,False,946
950,2026-09-29,000887,3.7910408400953983,False,947
951,2026-09-29,603836,3.7896599093155405,False,948
952,2026-09-29,000919,3.782712842617606,False,949
953,2026-09-29,688568,3.781488019137496,False,950
954,2026-09-29,688190,3.780567190049378,False,951
955,2026-09-29,300552,3.7784112827798788,False,952
956,2026-09-29,002040,3.7710737442226807,False,953
957,2026-09-29,603153,3.7686457070997625,False,954
958,2026-09-29,600469,3.7645950316613668,False,955
959,2026-09-29,688191,3.7607764746910703,False,956
960,2026-09-29,688021,3.7534181864194736,False,957
961,2026-09-29,301567,3.7519814066106392,False,958
962,2026-09-29,002700,3.7493640243379027,False,959
963,2026-09-29,603057,3.7458012754865746,False,960
964,2026-09-29,300399,3.7447699292509702,False,961
965,2026-09-29,300667,3.7428510228667164,False,962
966,2026-09-29,002847,3.7271072112036041,False,963
967,2026-09-29,603071,3.7233253070784045,False,964
968,2026-09-29,600873,3.7188878083097885,False,965
969,2026-09-29,002430,3.7186551005527866,False,966
970,2026-09-29,002748,3.7168328909846289,False,967
971,2026-09-29,688826,3.7151895721823296,False,968
972,2026-09-29,300254,3.7145768956080865,False,969
973,2026-09-29,301386,3.7130311658650559,False,970
974,2026-09-29,603391,3.7127135186292115,False,971
975,2026-09-29,300322,3.7105476870145293,False,972
976,2026-09-29,002890,3.7104821063386302,False,973
977,2026-09-29,300126,3.7083886822458849,False,974
978,2026-09-29,002337,3.7030312831266112,False,975
979,2026-09-29,301032,3.7025334517003055,False,976
980,2026-09-29,600023,3.6971413578983592,False,977
981,2026-09-29,301138,3.6856264503905871,False,978
982,2026-09-29,300194,3.685227763392652,False,979
983,2026-09-29,688716,3.6841658353958149,False,980
984,2026-09-29,301062,3.6838272341971496,False,981
985,2026-09-29,688051,3.6807298668642057,False,982
986,2026-09-29,605319,3.6765759112171041,False,983
987,2026-09-29,300636,3.6741491426077681,False,984
988,2026-09-29,000070,3.6726612727820389,False,985
989,2026-09-29,603586,3.6706138840083309,False,986
990,2026-09-29,603006,3.6700698761542103,False,987
991,2026-09-29,688585,3.6677840566807651,False,988
992,2026-09-29,300697,3.6675027819797372,False,989
993,2026-09-29,002188,3.6622574407533737,False,990
994,2026-09-29,300943,3.6607834654192293,False,991
995,2026-09-29,688373,3.6569113636859933,False,992
996,2026-09-29,002258,3.653797603844477,False,993
997,2026-09-29,002757,3.6428142415640115,False,994
998,2026-09-29,600955,3.6424404960291707,False,995
999,2026-09-29,002782,3.6417924684444118,False,996
1000,2026-09-29,600775,3.6396798208490728,False,997
1001,2026-09-29,002083,3.6390951542171264,False,998
1002,2026-09-29,605289,3.6377597606257748,False,999
1003,2026-09-29,603535,3.6310980970578068,False,1000
1004,2026-09-29,301098,3.6220806274808046,False,1001
1005,2026-09-29,002722,3.6215349679381736,False,1002
1006,2026-09-29,601919,3.6184271550320801,False,1003
1007,2026-09-29,002576,3.6142675926057599,False,1004
1008,2026-09-29,688428,3.6139130113072548,False,1005
1009,2026-09-29,300332,3.6110218268621908,False,1006
1010,2026-09-29,600107,3.6098175820787155,False,1007
1011,2026-09-29,600612,3.6054228448193726,False,1008
1012,2026-09-29,688075,3.6025014287039001,False,1009
1013,2026-09-29,001230,3.598584672819821,False,1010
1014,2026-09-29,002545,3.5950113171775895,False,1011
1015,2026-09-29,688410,3.5945891762028435,False,1012
1016,2026-09-29,688161,3.5919775169215136,False,1013
1017,2026-09-29,603727,3.589819854813963,False,1014
1018,2026-09-29,000619,3.5878093301496436,False,1015
1019,2026-09-29,688372,3.5853804707282344,False,1016
1020,2026-09-29,301272,3.5850216357887144,False,1017
1021,2026-09-29,002181,3.5848837204946964,False,1018
1022,2026-09-29,605155,3.5838035291572701,False,1019
1023,2026-09-29,300887,3.5807268213660888,False,1020
1024,2026-09-29,605365,3.5800193927748842,False,1021
1025,2026-09-29,300516,3.5775270915598876,False,1022
1026,2026-09-29,300131,3.5733371423460012,False,1023
1027,2026-09-29,601882,3.5732445292312982,False,1024
1028,2026-09-29,600755,3.5719143545591936,False,1025
1029,2026-09-29,603053,3.5718379173174526,False,1026
1030,2026-09-29,300449,3.5683794446694046,False,1027
1031,2026-09-29,300238,3.565915964087401,False,1028
1032,2026-09-29,688606,3.563096593507515,False,1029
1033,2026-09-29,002267,3.5628864974263097,False,1030
1034,2026-09-29,003007,3.5541862157431612,False,1031
1035,2026-09-29,000862,3.5521736103665011,False,1032
1036,2026-09-29,688211,3.5464167859602678,False,1033
1037,2026-09-29,001226,3.5410699274406485,False,1034
1038,2026-09-29,600310,3.5409790840957398,False,1035
1039,2026-09-29,603917,3.5408525548090344,False,1036
1040,2026-09-29,601333,3.5402820762514571,False,1037
1041,2026-09-29,002917,3.5401726925931642,False,1038
1042,2026-09-29,001380,3.5372507934232629,False,1039
1043,2026-09-29,001282,3.5367972621901744,False,1040
1044,2026-09-29,688369,3.5349235013806455,False,1041
1045,2026-09-29,605169,3.5335617618965687,False,1042
1046,2026-09-29,001239,3.5324879171256747,False,1043
1047,2026-09-29,300710,3.5272025829905287,False,1044
1048,2026-09-29,600508,3.5214220308893847,False,1045
1049,2026-09-29,603728,3.5200247818325345,False,1046
1050,2026-09-29,601121,3.5158333980328682,False,1047
1051,2026-09-29,603325,3.5152385060966806,False,1048
1052,2026-09-29,600980,3.5137134187926042,False,1049
1053,2026-09-29,002798,3.5099982835146442,False,1050
1054,2026-09-29,002692,3.5089563973863265,False,1051
1055,2026-09-29,300958,3.5073335267932793,False,1052
1056,2026-09-29,601330,3.5039155770844386,False,1053
1057,2026-09-29,301588,3.5025415179702479,False,1054
1058,2026-09-29,001286,3.5020485037398239,False,1055
1059,2026-09-29,600195,3.5015427091880986,False,1056
1060,2026-09-29,688375,3.5011392516722815,False,1057
1061,2026-09-29,600803,3.4978916746944284,False,1058
1062,2026-09-29,603041,3.4970727655505973,False,1059
1063,2026-09-29,603209,3.4968121690775513,False,1060
1064,2026-09-29,002554,3.4955870498338726,False,1061
1065,2026-09-29,600229,3.4834698018341372,False,1062
1066,2026-09-29,300069,3.4788633234962365,False,1063
1067,2026-09-29,603233,3.4775502102001132,False,1064
1068,2026-09-29,000520,3.477416696079441,False,1065
1069,2026-09-29,300462,3.4765639895687972,False,1066
1070,2026-09-29,600737,3.4656533186092018,False,1067
1071,2026-09-29,600052,3.4637079073361265,False,1068
1072,2026-09-29,301336,3.4632762848785097,False,1069
1073,2026-09-29,300973,3.4631582989479637,False,1070
1074,2026-09-29,688420,3.4602597208218677,False,1071
1075,2026-09-29,000899,3.45841842353851,False,1072
1076,2026-09-29,603215,3.455834804776809,False,1073
1077,2026-09-29,603090,3.4502310289573064,False,1074
1078,2026-09-29,002712,3.4463312883714079,False,1075
1079,2026-09-29,002557,3.4462631303169347,False,1076
1080,2026-09-29,002628,3.4450059768709327,False,1077
1081,2026-09-29,003816,3.4406468433384556,False,1078
1082,2026-09-29,002451,3.4402230540436047,False,1079
1083,2026-09-29,605166,3.4372233838962698,False,1080
1084,2026-09-29,002132,3.4353147298606914,False,1081
1085,2026-09-29,000650,3.434982494109879,False,1082
1086,2026-09-29,000026,3.4335044083683064,False,1083
1087,2026-09-29,002687,3.4324197199559539,False,1084
1088,2026-09-29,301507,3.4304148790164279,False,1085
1089,2026-09-29,300549,3.4291260530101262,False,1086
1090,2026-09-29,600287,3.4289008379552142,False,1087
1091,2026-09-29,300597,3.4230214277987105,False,1088
1092,2026-09-29,605296,3.420862840957525,False,1089
1093,2026-09-29,300250,3.4192456546314642,False,1090
1094,2026-09-29,002416,3.4176318412503615,False,1091
1095,2026-09-29,601123,3.4144083120193738,False,1092
1096,2026-09-29,688236,3.4133793735767526,False,1093
1097,2026-09-29,603091,3.4131875485498422,False,1094
1098,2026-09-29,000408,3.4126002671975613,False,1095
1099,2026-09-29,002562,3.4070407905240128,False,1096
1100,2026-09-29,002103,3.4065536649342238,False,1097
1101,2026-09-29,600188,3.4039648391273438,False,1098
1102,2026-09-29,300942,3.4020423818660692,False,1099
1103,2026-09-29,001217,3.4011496969923951,False,1100
1104,2026-09-29,301039,3.3996761385405123,False,1101
1105,2026-09-29,002140,3.388625503415843,False,1102
1106,2026-09-29,000906,3.3884024140955455,False,1103
1107,2026-09-29,603848,3.3842416524090231,False,1104
1108,2026-09-29,600396,3.3842356881186451,False,1105
1109,2026-09-29,688113,3.3785533671409773,False,1106
1110,2026-09-29,300933,3.3747288971128819,False,1107
1111,2026-09-29,603439,3.3711609510641782,False,1108
1112,2026-09-29,300479,3.3660269937362108,False,1109
1113,2026-09-29,600783,3.3643018228112549,False,1110
1114,2026-09-29,301118,3.3625192401604194,False,1111
1115,2026-09-29,603150,3.3595610370085116,False,1112
1116,2026-09-29,600769,3.3575056576683915,False,1113
1117,2026-09-29,688335,3.3563754006920803,False,1114
1118,2026-09-29,301024,3.3563145489005417,False,1115
1119,2026-09-29,300025,3.3536958090382556,False,1116
1120,2026-09-29,605259,3.3514999749396317,False,1117
1121,2026-09-29,603165,3.3494607181173075,False,1118
1122,2026-09-29,605183,3.3460014684097907,False,1119
1123,2026-09-29,603027,3.3451010896623723,False,1120
1124,2026-09-29,301278,3.3396312903079659,False,1121
1125,2026-09-29,603587,3.3342493656114307,False,1122
1126,2026-09-29,600575,3.3318609991887671,False,1123
1127,2026-09-29,002391,3.3303860195892758,False,1124
1128,2026-09-29,600547,3.3292997099427977,False,1125
1129,2026-09-29,688539,3.3250539115659805,False,1126
1130,2026-09-29,603655,3.322575825948924,False,1127
1131,2026-09-29,002038,3.3151857380180809,False,1128
1132,2026-09-29,300564,3.3145079414117373,False,1129
1133,2026-09-29,300698,3.3142778715509102,False,1130
1134,2026-09-29,600455,3.3079646977927259,False,1131
1135,2026-09-29,301036,3.3077922523774457,False,1132
1136,2026-09-29,001379,3.307561518012696,False,1133
1137,2026-09-29,601326,3.3075416331888765,False,1134
1138,2026-09-29,688551,3.3015521580529574,False,1135
1139,2026-09-29,300543,3.3006363745206011,False,1136
1140,2026-09-29,002149,3.3001241860110269,False,1137
1141,2026-09-29,301519,3.2880213962420983,False,1138
1142,2026-09-29,300662,3.2834742779444359,False,1139
1143,2026-09-29,002028,3.2819956884212367,False,1140
1144,2026-09-29,300594,3.2819257581849151,False,1141
1145,2026-09-29,001331,3.2781839774028012,False,1142
1146,2026-09-29,002539,3.2749682283101649,False,1143
1147,2026-09-29,603231,3.2739915639654065,False,1144
1148,2026-09-29,600880,3.2734343871908269,False,1145
1149,2026-09-29,688529,3.2724771469589449,False,1146
1150,2026-09-29,688528,3.2718939240278591,False,1147
1151,2026-09-29,600057,3.2716567618500636,False,1148
1152,2026-09-29,601216,3.2691507293350015,False,1149
1153,2026-09-29,000957,3.2688916870080655,False,1150
1154,2026-09-29,603855,3.267568914477025,False,1151
1155,2026-09-29,601616,3.264684147688155,False,1152
1156,2026-09-29,301161,3.263604318858099,False,1153
1157,2026-09-29,000561,3.2619278305694186,False,1154
1158,2026-09-29,301090,3.2613831359379617,False,1155
1159,2026-09-29,002843,3.2607258398224634,False,1156
1160,2026-09-29,300245,3.2596121291676394,False,1157
1161,2026-09-29,601898,3.2487893585386636,False,1158
1162,2026-09-29,000909,3.2486923079400811,False,1159
1163,2026-09-29,300545,3.2407843710903443,False,1160
1164,2026-09-29,688737,3.2404470315784186,False,1161
1165,2026-09-29,000411,3.2402419092399248,False,1162
1166,2026-09-29,300271,3.2401819064623179,False,1163
1167,2026-09-29,600439,3.2352200824108941,False,1164
1168,2026-09-29,300402,3.2350358471704066,False,1165
1169,2026-09-29,688387,3.2270070436623892,False,1166
1170,2026-09-29,600273,3.2264852397339387,False,1167
1171,2026-09-29,600053,3.2239821226419547,False,1168
1172,2026-09-29,600299,3.2226475609585084,False,1169
1173,2026-09-29,603211,3.2195926097076737,False,1170
1174,2026-09-29,300052,3.2176449224502752,False,1171
1175,2026-09-29,300240,3.2166017496447021,False,1172
1176,2026-09-29,603135,3.2113344590089898,False,1173
1177,2026-09-29,601827,3.2067594725327435,False,1174
1178,2026-09-29,603339,3.2035050403971934,False,1175
1179,2026-09-29,301279,3.2020717460511552,False,1176
1180,2026-09-29,300971,3.2006564761583989,False,1177
1181,2026-09-29,301296,3.1971777565196549,False,1178
1182,2026-09-29,600222,3.1967278428380306,False,1179
1183,2026-09-29,603310,3.1941558934409811,False,1180
1184,2026-09-29,000603,3.1937505539254705,False,1181
1185,2026-09-29,002196,3.1921310261196725,False,1182
1186,2026-09-29,001325,3.1890337789732457,False,1183
1187,2026-09-29,300935,3.1877284963922818,False,1184
1188,2026-09-29,300013,3.1866326807187204,False,1185
1189,2026-09-29,600119,3.1860678270934288,False,1186
1190,2026-09-29,301636,3.1855855673971081,False,1187
1191,2026-09-29,301277,3.1845845496196157,False,1188
1192,2026-09-29,600239,3.1781233961926914,False,1189
1193,2026-09-29,300796,3.1770516784135383,False,1190
1194,2026-09-29,603088,3.1768237664805845,False,1191
1195,2026-09-29,300999,3.1764182329881692,False,1192
1196,2026-09-29,002707,3.1753519671217156,False,1193
1197,2026-09-29,002865,3.1751366970266166,False,1194
1198,2026-09-29,601699,3.1746189245342427,False,1195
1199,2026-09-29,002713,3.169451904804744,False,1196
1200,2026-09-29,601698,3.1660938109373422,False,1197
1201,2026-09-29,603332,3.1658073059338694,False,1198
1202,2026-09-29,000401,3.1645046908710821,False,1199
1203,2026-09-29,000001,3.1633843391919232,False,1200
1204,2026-09-29,300962,3.1614358424011559,False,1201
1205,2026-09-29,603889,3.1588148291085489,False,1202
1206,2026-09-29,301413,3.1564285991914671,False,1203
1207,2026-09-29,001278,3.1541014598672281,False,1204
1208,2026-09-29,688269,3.1540941769874031,False,1205
1209,2026-09-29,301197,3.1511059109648927,False,1206
1210,2026-09-29,002493,3.1494803535107665,False,1207
1211,2026-09-29,300227,3.149099915763852,False,1208
1212,2026-09-29,002177,3.145061006619005,False,1209
1213,2026-09-29,600118,3.1438458858475582,False,1210
1214,2026-09-29,600141,3.1432840029221536,False,1211
1215,2026-09-29,688449,3.1398121339907981,False,1212
1216,2026-09-29,603356,3.1395748680132924,False,1213
1217,2026-09-29,000707,3.1361928758870836,False,1214
1218,2026-09-29,603990,3.1352309103223313,False,1215
1219,2026-09-29,300308,3.1339360011171049,False,1216
1220,2026-09-29,301276,3.1324016256758611,False,1217
1221,2026-09-29,605368,3.1319282020837531,False,1218
1222,2026-09-29,603366,3.1296717389763207,False,1219
1223,2026-09-29,300511,3.1232103691131172,False,1220
1224,2026-09-29,688588,3.1222783007803034,False,1221
1225,2026-09-29,688616,3.1209746300619479,False,1222
1226,2026-09-29,603868,3.1208990224857134,False,1223
1227,2026-09-29,688455,3.1198836040353868,False,1224
1228,2026-09-29,603557,3.1151563803832238,False,1225
1229,2026-09-29,688671,3.109696763593595,False,1226
1230,2026-09-29,300679,3.1091580164512713,False,1227
1231,2026-09-29,002144,3.0920129141436741,False,1228
1232,2026-09-29,600525,3.0824446757771584,False,1229
1233,2026-09-29,600125,3.0808943960376469,False,1230
1234,2026-09-29,688305,3.0796315790233395,False,1231
1235,2026-09-29,600548,3.0787702442807001,False,1232
1236,2026-09-29,603517,3.0786658055895346,False,1233
1237,2026-09-29,301049,3.0747076781885321,False,1234
1238,2026-09-29,601598,3.074247814959163,False,1235
1239,2026-09-29,301059,3.0740756336119897,False,1236
1240,2026-09-29,300508,3.0722528289131543,False,1237
1241,2026-09-29,002830,3.0610017259877456,False,1238
1242,2026-09-29,688157,3.0590128092900395,False,1239
1243,2026-09-29,001218,3.0571521908514674,False,1240
1244,2026-09-29,603172,3.0556596643284388,False,1241
1245,2026-09-29,688089,3.0553717398433626,False,1242
1246,2026-09-29,603689,3.0546673956573893,False,1243
1247,2026-09-29,300295,3.0543044221766413,False,1244
1248,2026-09-29,300521,3.0522093476052872,False,1245
1249,2026-09-29,600080,3.0509672282109221,False,1246
1250,2026-09-29,603690,3.050909666798912,False,1247
1251,2026-09-29,603081,3.0494584525806814,False,1248
1252,2026-09-29,301198,3.0470678214754945,False,1249
1253,2026-09-29,603900,3.0455272758691248,False,1250
1254,2026-09-29,603341,3.0429281056593256,False,1251
1255,2026-09-29,600470,3.0426541330734258,False,1252
1256,2026-09-29,300871,3.0380615759788401,False,1253
1257,2026-09-29,605566,3.031039876006473,False,1254
1258,2026-09-29,601169,3.028322727449241,False,1255
1259,2026-09-29,301258,3.0281688387856205,False,1256
1260,2026-09-29,002980,3.0281175043455706,False,1257
1261,2026-09-29,300561,3.0236141316290261,False,1258
1262,2026-09-29,002582,3.0220948829144323,False,1259
1263,2026-09-29,600887,3.0198353195683909,False,1260
1264,2026-09-29,002322,3.0183046082664515,False,1261
1265,2026-09-29,002284,3.0181542374526407,False,1262
1266,2026-09-29,000720,3.012937809564082,False,1263
1267,2026-09-29,300956,3.0085460965031503,False,1264
1268,2026-09-29,000830,3.0069547150823102,False,1265
1269,2026-09-29,002560,3.0038374515473354,False,1266
1270,2026-09-29,300789,3.0024090025079366,False,1267
1271,2026-09-29,603131,3.0018380996841034,False,1268
1272,2026-09-29,002461,3.0014237710433096,False,1269
1273,2026-09-29,002668,2.9990979808005074,False,1270
1274,2026-09-29,002023,2.9980807713392053,False,1271
1275,2026-09-29,300306,2.992779066263485,False,1272
1276,2026-09-29,600028,2.9925067949499375,False,1273
1277,2026-09-29,600305,2.9911622456624953,False,1274
1278,2026-09-29,002878,2.9859487927194639,False,1275
1279,2026-09-29,605298,2.9856587615331036,False,1276
1280,2026-09-29,301231,2.9855028361758542,False,1277
1281,2026-09-29,600328,2.9852920456839094,False,1278
1282,2026-09-29,600962,2.981720029370067,False,1279
1283,2026-09-29,301468,2.9795978818720266,False,1280
1284,2026-09-29,300183,2.9776891721828163,False,1281
1285,2026-09-29,000755,2.9773990200265303,False,1282
1286,2026-09-29,300790,2.9740463963578541,False,1283
1287,2026-09-29,603324,2.973330016565165,False,1284
1288,2026-09-29,600084,2.9717451615312691,False,1285
1289,2026-09-29,603788,2.971222835990126,False,1286
1290,2026-09-29,601666,2.9702002259022278,False,1287
1291,2026-09-29,600433,2.9692941686387542,False,1288
1292,2026-09-29,600715,2.9648360598037029,False,1289
1293,2026-09-29,301185,2.9624266667512065,False,1290
1294,2026-09-29,603660,2.9624221427325708,False,1291
1295,2026-09-29,605588,2.9617704701082692,False,1292
1296,2026-09-29,601139,2.9615697918252715,False,1293
1297,2026-09-29,301360,2.9606558532101785,False,1294
1298,2026-09-29,002993,2.9598839383149498,False,1295
1299,2026-09-29,002078,2.9598403053828179,False,1296
1300,2026-09-29,300733,2.9573080803062739,False,1297
1301,2026-09-29,688590,2.9567626701672483,False,1298
1302,2026-09-29,300949,2.951995541977448,False,1299
1303,2026-09-29,301488,2.9494471004917626,False,1300
1304,2026-09-29,600682,2.9485929379290416,False,1301
1305,2026-09-29,603098,2.9481116283775535,False,1302
1306,2026-09-29,600529,2.9475221776363205,False,1303
1307,2026-09-29,600833,2.9425954445266953,False,1304
1308,2026-09-29,688212,2.9419375934303877,False,1305
1309,2026-09-29,600497,2.9416416906984719,False,1306
1310,2026-09-29,688206,2.9372747307049689,False,1307
1311,2026-09-29,301087,2.9259767711857538,False,1308
1312,2026-09-29,300143,2.9242865159611511,False,1309
1313,2026-09-29,001965,2.9240959233086423,False,1310
1314,2026-09-29,689009,2.9229044109048328,False,1311
1315,2026-09-29,002725,2.920966343177104,False,1312
1316,2026-09-29,300743,2.9172930539334914,False,1313
1317,2026-09-29,000729,2.9172163162588132,False,1314
1318,2026-09-29,000576,2.9143826244204805,False,1315
1319,2026-09-29,300717,2.9135217378781939,False,1316
1320,2026-09-29,301479,2.9130555177602142,False,1317
1321,2026-09-29,601018,2.9125743398150132,False,1318
1322,2026-09-29,688679,2.9108833884252139,False,1319
1323,2026-09-29,688258,2.9091812766535821,False,1320
1324,2026-09-29,301330,2.9059735926153705,False,1321
1325,2026-09-29,601512,2.9028643245240628,False,1322
1326,2026-09-29,603032,2.9002383592623087,False,1323
1327,2026-09-29,300335,2.8982230483071616,False,1324
1328,2026-09-29,600616,2.8966140271448442,False,1325
1329,2026-09-29,600716,2.895234691333096,False,1326
1330,2026-09-29,300930,2.895041365213642,False,1327
1331,2026-09-29,600219,2.89300709825421,False,1328
1332,2026-09-29,603633,2.8914523812573125,False,1329
1333,2026-09-29,002841,2.8907965029910327,False,1330
1334,2026-09-29,600108,2.8877375339330182,False,1331
1335,2026-09-29,001335,2.8864904737118038,False,1332
1336,2026-09-29,600425,2.8846665059000385,False,1333
1337,2026-09-29,603955,2.8843608034342871,False,1334
1338,2026-09-29,601001,2.8841515690467685,False,1335
1339,2026-09-29,603262,2.8783448927539208,False,1336
1340,2026-09-29,603609,2.8759363037669488,False,1337
1341,2026-09-29,300616,2.8740716302303397,False,1338
1342,2026-09-29,301557,2.8737471658224942,False,1339
1343,2026-09-29,688282,2.8733395368144494,False,1340
1344,2026-09-29,600572,2.8721430844720763,False,1341
1345,2026-09-29,603916,2.8691146901506683,False,1342
1346,2026-09-29,301372,2.8674679856558565,False,1343
1347,2026-09-29,300648,2.8640955971495123,False,1344
1348,2026-09-29,300095,2.8629479176598553,False,1345
1349,2026-09-29,301019,2.8629204328586062,False,1346
1350,2026-09-29,603315,2.8618549135847906,False,1347
1351,2026-09-29,603055,2.8564643808741641,False,1348
1352,2026-09-29,300078,2.855177322959638,False,1349
1353,2026-09-29,300086,2.8545689047519582,False,1350
1354,2026-09-29,688571,2.8512787363844589,False,1351
1355,2026-09-29,688575,2.8506778378476483,False,1352
1356,2026-09-29,603863,2.8457858824782472,False,1353
1357,2026-09-29,300370,2.8453928927489995,False,1354
1358,2026-09-29,600938,2.8434574525470091,False,1355
1359,2026-09-29,600941,2.8369512056850033,False,1356
1360,2026-09-29,688322,2.8359100926928296,False,1357
1361,2026-09-29,301270,2.8340574812129908,False,1358
1362,2026-09-29,603008,2.8340049954614988,False,1359
1363,2026-09-29,601518,2.833997067185313,False,1360
1364,2026-09-29,301096,2.8323407522331383,False,1361
1365,2026-09-29,300278,2.831991389187769,False,1362
1366,2026-09-29,002269,2.8319056469213599,False,1363
1367,2026-09-29,002960,2.8316217892489406,False,1364
1368,2026-09-29,688160,2.8290060480443588,False,1365
1369,2026-09-29,688141,2.8282205813371641,False,1366
1370,2026-09-29,002588,2.8256849231712375,False,1367
1371,2026-09-29,300918,2.8249197840804721,False,1368
1372,2026-09-29,002883,2.8243562254760812,False,1369
1373,2026-09-29,603385,2.8215683998848222,False,1370
1374,2026-09-29,002749,2.8214308010480322,False,1371
1375,2026-09-29,605507,2.8214148203468836,False,1372
1376,2026-09-29,002251,2.8202100128138596,False,1373
1377,2026-09-29,003035,2.8189769024279379,False,1374
1378,2026-09-29,600794,2.8172814216798754,False,1375
1379,2026-09-29,301003,2.8171534133588518,False,1376
1380,2026-09-29,600309,2.8139538631889245,False,1377
1381,2026-09-29,688800,2.8131667990529747,False,1378
1382,2026-09-29,300908,2.8119742390463047,False,1379
1383,2026-09-29,600151,2.8109535062328943,False,1380
1384,2026-09-29,300452,2.8094784257377809,False,1381
1385,2026-09-29,601963,2.8092213514496005,False,1382
1386,2026-09-29,000731,2.8062504260908359,False,1383
1387,2026-09-29,000655,2.8050628819248948,False,1384
1388,2026-09-29,603499,2.8044460723631293,False,1385
1389,2026-09-29,002047,2.8012660473131263,False,1386
1390,2026-09-29,600713,2.7940451961686228,False,1387
1391,2026-09-29,688260,2.7929309326090954,False,1388
1392,2026-09-29,603279,2.7807240494486534,False,1389
1393,2026-09-29,600678,2.7799923010705268,False,1390
1394,2026-09-29,001328,2.7792649697086147,False,1391
1395,2026-09-29,688657,2.7782389313691587,False,1392
1396,2026-09-29,301306,2.7758126382379769,False,1393
1397,2026-09-29,301508,2.7729356433255776,False,1394
1398,2026-09-29,603409,2.7717125805365574,False,1395
1399,2026-09-29,600546,2.7707097671941878,False,1396
1400,2026-09-29,301067,2.7697517597678032,False,1397
1401,2026-09-29,000908,2.7695811773238472,False,1398
1402,2026-09-29,300762,2.7682241829166818,False,1399
1403,2026-09-29,300621,2.7679183827265552,False,1400
1404,2026-09-29,000096,2.7666073998364991,False,1401
1405,2026-09-29,002275,2.7647666938404574,False,1402
1406,2026-09-29,002248,2.7633047965652335,False,1403
1407,2026-09-29,603191,2.7614387080295653,False,1404
1408,2026-09-29,601916,2.7594447872602594,False,1405
1409,2026-09-29,001215,2.7560806399944338,False,1406
1410,2026-09-29,301586,2.7558518093097266,False,1407
1411,2026-09-29,600481,2.7541802922751701,False,1408
1412,2026-09-29,301042,2.753973052932051,False,1409
1413,2026-09-29,002492,2.7538188824199539,False,1410
1414,2026-09-29,002606,2.7532088701726889,False,1411
1415,2026-09-29,300145,2.753034487970039,False,1412
1416,2026-09-29,601225,2.7522000552588795,False,1413
1417,2026-09-29,002155,2.7513748539349816,False,1414
1418,2026-09-29,002399,2.7469050020681873,False,1415
1419,2026-09-29,301397,2.7456814169213817,False,1416
1420,2026-09-29,300109,2.7399815105631564,False,1417
1421,2026-09-29,601388,2.7392309340565326,False,1418
1422,2026-09-29,300598,2.7361614823199285,False,1419
1423,2026-09-29,301439,2.7333693816281839,False,1420
1424,2026-09-29,000930,2.7331720155886776,False,1421
1425,2026-09-29,601600,2.731993519831625,False,1422
1426,2026-09-29,300128,2.7317281312416095,False,1423
1427,2026-09-29,002484,2.7302962354497815,False,1424
1428,2026-09-29,605177,2.7268470791010646,False,1425
1429,2026-09-29,603585,2.7249535420630173,False,1426
1430,2026-09-29,603193,2.7206958465503988,False,1427
1431,2026-09-29,300846,2.7190086131064213,False,1428
1432,2026-09-29,002538,2.7188741269041601,False,1429
1433,2026-09-29,603516,2.7163439657469817,False,1430
1434,2026-09-29,000715,2.7161821765796521,False,1431
1435,2026-09-29,002662,2.7154940285376612,False,1432
1436,2026-09-29,301600,2.7141195330529078,False,1433
1437,2026-09-29,301121,2.7139763069558205,False,1434
1438,2026-09-29,300771,2.7136864438222701,False,1435
1439,2026-09-29,600017,2.7127571403401953,False,1436
1440,2026-09-29,600519,2.7123120750268805,False,1437
1441,2026-09-29,300912,2.7118147612268686,False,1438
1442,2026-09-29,300961,2.7114528405124325,False,1439
1443,2026-09-29,603369,2.7081825416826288,False,1440
1444,2026-09-29,600476,2.7062882219497331,False,1441
1445,2026-09-29,603987,2.7041278509558841,False,1442
1446,2026-09-29,600104,2.7010701796199879,False,1443
1447,2026-09-29,600223,2.6988270904981295,False,1444
1448,2026-09-29,603605,2.6944880915181124,False,1445
1449,2026-09-29,688067,2.6943699306490472,False,1446
1450,2026-09-29,688698,2.6905870802981098,False,1447
1451,2026-09-29,300842,2.682934556977735,False,1448
1452,2026-09-29,600496,2.6828541390950162,False,1449
1453,2026-09-29,601101,2.6782425056713848,False,1450
1454,2026-09-29,300758,2.6724229830233215,False,1451
1455,2026-09-29,000151,2.6695717900023741,False,1452
1456,2026-09-29,600796,2.6678059301857457,False,1453
1457,2026-09-29,603648,2.6659085550550397,False,1454
1458,2026-09-29,000820,2.6645425720766509,False,1455
1459,2026-09-29,603015,2.6645022717312736,False,1456
1460,2026-09-29,002660,2.6610941935460803,False,1457
1461,2026-09-29,601886,2.6597542322093846,False,1458
1462,2026-09-29,301292,2.6541963262562875,False,1459
1463,2026-09-29,301499,2.652385803674906,False,1460
1464,2026-09-29,002301,2.6516966031893299,False,1461
1465,2026-09-29,300955,2.6504213092868003,False,1462
1466,2026-09-29,603070,2.648897184362708,False,1463
1467,2026-09-29,600217,2.6483087174630247,False,1464
1468,2026-09-29,600731,2.6470781801485788,False,1465
1469,2026-09-29,301136,2.6455381793148591,False,1466
1470,2026-09-29,001301,2.6420195085872891,False,1467
1471,2026-09-29,688118,2.6414663515144126,False,1468
1472,2026-09-29,688507,2.6393257112633917,False,1469
1473,2026-09-29,603912,2.6392852330117758,False,1470
1474,2026-09-29,300965,2.6392468841269645,False,1471
1475,2026-09-29,002001,2.6362070654753285,False,1472
1476,2026-09-29,300563,2.6337298308914425,False,1473
1477,2026-09-29,300424,2.631114852617277,False,1474
1478,2026-09-29,002920,2.63087771553813,False,1475
1479,2026-09-29,603199,2.6306917808727461,False,1476
1480,2026-09-29,002032,2.6285949115589298,False,1477
1481,2026-09-29,601231,2.6254355637564726,False,1478
1482,2026-09-29,000089,2.6243846358257819,False,1479
1483,2026-09-29,603217,2.6243807294716035,False,1480
1484,2026-09-29,600199,2.6230054641067575,False,1481
1485,2026-09-29,600415,2.6228143086079676,False,1482
1486,2026-09-29,002547,2.6221194861498756,False,1483
1487,2026-09-29,600814,2.6215698212282614,False,1484
1488,2026-09-29,002153,2.6166544499918056,False,1485
1489,2026-09-29,688038,2.6108156144400869,False,1486
1490,2026-09-29,301208,2.6079261890090866,False,1487
1491,2026-09-29,002681,2.6076179824738626,False,1488
1492,2026-09-29,600150,2.6072531697004555,False,1489
1493,2026-09-29,000736,2.606174791437263,False,1490
1494,2026-09-29,002117,2.6058716256695456,False,1491
1495,2026-09-29,601577,2.6045393464857316,False,1492
1496,2026-09-29,002102,2.6021299484695843,False,1493
1497,2026-09-29,001313,2.6019642086827415,False,1494
1498,2026-09-29,600665,2.599806971030179,False,1495
1499,2026-09-29,600173,2.5997128015857389,False,1496
1500,2026-09-29,000035,2.5993248496656913,False,1497
1501,2026-09-29,002221,2.597560862858316,False,1498
1502,2026-09-29,002623,2.59689440388801,False,1499
1503,2026-09-29,600718,2.5932130224146124,False,1500
1504,2026-09-29,300006,2.5931707535873358,False,1501
1505,2026-09-29,600007,2.5924325500248604,False,1502
1506,2026-09-29,002702,2.5897202764778342,False,1503
1507,2026-09-29,688788,2.5894971161738387,False,1504
1508,2026-09-29,603590,2.5889020472722954,False,1505
1509,2026-09-29,000701,2.5874910705204406,False,1506
1510,2026-09-29,600694,2.5807027265909448,False,1507
1511,2026-09-29,301165,2.5787355329521935,False,1508
1512,2026-09-29,600961,2.5774388110163962,False,1509
1513,2026-09-29,688176,2.5758066687184429,False,1510
1514,2026-09-29,600871,2.5754631778956849,False,1511
1515,2026-09-29,688807,2.575004352711793,False,1512
1516,2026-09-29,002419,2.5694309694179851,False,1513
1517,2026-09-29,301363,2.5685778851566305,False,1514
1518,2026-09-29,688121,2.567048690703388,False,1515
1519,2026-09-29,300721,2.5653417520293855,False,1516
1520,2026-09-29,300417,2.5633913096359464,False,1517
1521,2026-09-29,301571,2.5629975969038146,False,1518
1522,2026-09-29,000709,2.5606952087448636,False,1519
1523,2026-09-29,300119,2.5565749661215817,False,1520
1524,2026-09-29,300851,2.5533982667531565,False,1521
1525,2026-09-29,301516,2.5531702081923031,False,1522
1526,2026-09-29,000425,2.5502479556706183,False,1523
1527,2026-09-29,002173,2.5491720535049756,False,1524
1528,2026-09-29,601009,2.5485451623545865,False,1525
1529,2026-09-29,002524,2.5452935970632344,False,1526
1530,2026-09-29,300726,2.5434015779411552,False,1527
1531,2026-09-29,002577,2.5430808450970694,False,1528
1532,2026-09-29,300239,2.5374043342990871,False,1529
1533,2026-09-29,300610,2.536685741608196,False,1530
1534,2026-09-29,002626,2.5353604792992037,False,1531
1535,2026-09-29,603477,2.5313782119307442,False,1532
1536,2026-09-29,603299,2.5241950444356984,False,1533
1537,2026-09-29,300099,2.5197757621491155,False,1534
1538,2026-09-29,300932,2.5190199573206149,False,1535
1539,2026-09-29,002759,2.5184205662686248,False,1536
1540,2026-09-29,300134,2.5152613427269284,False,1537
1541,2026-09-29,000628,2.5135192901999965,False,1538
1542,2026-09-29,002345,2.5132668119521613,False,1539
1543,2026-09-29,301268,2.5119956790857607,False,1540
1544,2026-09-29,603759,2.5115257011970025,False,1541
1545,2026-09-29,600963,2.5097438233838236,False,1542
1546,2026-09-29,001324,2.509147333891165,False,1543
1547,2026-09-29,300712,2.5065094166755757,False,1544
1548,2026-09-29,300664,2.5056135211760462,False,1545
1549,2026-09-29,000977,2.5037086697899271,False,1546
1550,2026-09-29,000568,2.4997061127792448,False,1547
1551,2026-09-29,603023,2.4977260524926117,False,1548
1552,2026-09-29,300430,2.4955633745912049,False,1549
1553,2026-09-29,002885,2.4954019180190583,False,1550
1554,2026-09-29,002420,2.4935844308856101,False,1551
1555,2026-09-29,600573,2.4925765398381849,False,1552
1556,2026-09-29,600212,2.492176609320381,False,1553
1557,2026-09-29,301012,2.4920795421090451,False,1554
1558,2026-09-29,000859,2.4919636027552889,False,1555
1559,2026-09-29,002253,2.4895198956213282,False,1556
1560,2026-09-29,301235,2.4883441288680483,False,1557
1561,2026-09-29,300331,2.4876015584151197,False,1558
1562,2026-09-29,001206,2.4821606793744091,False,1559
1563,2026-09-29,600116,2.4807263343468815,False,1560
1564,2026-09-29,000920,2.4786071309193454,False,1561
1565,2026-09-29,002835,2.4774337665373465,False,1562
1566,2026-09-29,300441,2.4769665664606948,False,1563
1567,2026-09-29,000802,2.476578698621974,False,1564
1568,2026-09-29,300791,2.4751612813667618,False,1565
1569,2026-09-29,000690,2.4749531335481838,False,1566
1570,2026-09-29,605056,2.4730420636611061,False,1567
1571,2026-09-29,603599,2.4713036392855008,False,1568
1572,2026-09-29,688358,2.4697876664061305,False,1569
1573,2026-09-29,300180,2.4672187087128554,False,1570
1574,2026-09-29,000708,2.4574770833331474,False,1571
1575,2026-09-29,301595,2.4571098897022532,False,1572
1576,2026-09-29,002544,2.4562682249143757,False,1573
1577,2026-09-29,000572,2.456000514018096,False,1574
1578,2026-09-29,301616,2.4503174558714234,False,1575
1579,2026-09-29,300465,2.449245945062005,False,1576
1580,2026-09-29,601816,2.449154176074106,False,1577
1581,2026-09-29,688310,2.4477442671085008,False,1578
1582,2026-09-29,002327,2.4468021117671448,False,1579
1583,2026-09-29,301512,2.4456110950797831,False,1580
1584,2026-09-29,000726,2.4391402205951866,False,1581
1585,2026-09-29,002045,2.4352744460776501,False,1582
1586,2026-09-29,301371,2.4344610804209417,False,1583
1587,2026-09-29,600117,2.4336211780686545,False,1584
1588,2026-09-29,603712,2.4325345697619496,False,1585
1589,2026-09-29,300144,2.425833596669527,False,1586
1590,2026-09-29,601500,2.4239474013463429,False,1587
1591,2026-09-29,688129,2.4232977335266908,False,1588
1592,2026-09-29,600216,2.4220231925809332,False,1589
1593,2026-09-29,301013,2.4204329717378643,False,1590
1594,2026-09-29,603429,2.4173663523817375,False,1591
1595,2026-09-29,000633,2.4172288404853326,False,1592
1596,2026-09-29,300775,2.4155242229384664,False,1593
1597,2026-09-29,600727,2.4146013290789941,False,1594
1598,2026-09-29,000818,2.4122563131568828,False,1595
1599,2026-09-29,600315,2.4107209763543143,False,1596
1600,2026-09-29,600987,2.4095946290712527,False,1597
1601,2026-09-29,601998,2.4090561137298869,False,1598
1602,2026-09-29,300868,2.4090434980710569,False,1599
1603,2026-09-29,600597,2.4041162541251362,False,1600
1604,2026-09-29,001213,2.4032918984729954,False,1601
1605,2026-09-29,603158,2.4017805124133593,False,1602
1606,2026-09-29,002800,2.4009533755755124,False,1603
1607,2026-09-29,002850,2.4005841974589686,False,1604
1608,2026-09-29,603897,2.3977879426945101,False,1605
1609,2026-09-29,600869,2.3976598576857411,False,1606
1610,2026-09-29,000610,2.3958933521501389,False,1607
1611,2026-09-29,688696,2.3949350346235603,False,1608
1612,2026-09-29,603489,2.3937320383940288,False,1609
1613,2026-09-29,002616,2.3934430088811602,False,1610
1614,2026-09-29,300375,2.3924381692928387,False,1611
1615,2026-09-29,002532,2.377679814084031,False,1612
1616,2026-09-29,300628,2.3776040701930863,False,1613
1617,2026-09-29,301180,2.3705110631582955,False,1614
1618,2026-09-29,301172,2.3668942466062513,False,1615
1619,2026-09-29,301203,2.3663886721855008,False,1616
1620,2026-09-29,300062,2.3632101060336312,False,1617
1621,2026-09-29,301128,2.3628675770567105,False,1618
1622,2026-09-29,300897,2.3625375376447919,False,1619
1623,2026-09-29,301293,2.3597721760861274,False,1620
1624,2026-09-29,600711,2.3593973798899985,False,1621
1625,2026-09-29,300542,2.3553755182179481,False,1622
1626,2026-09-29,000692,2.3510563486307823,False,1623
1627,2026-09-29,300512,2.3493835809911854,False,1624
1628,2026-09-29,002690,2.3443554107638152,False,1625
1629,2026-09-29,002683,2.3438505639792977,False,1626
1630,2026-09-29,300519,2.3426341748041817,False,1627
1631,2026-09-29,601019,2.3383074007381848,False,1628
1632,2026-09-29,000876,2.3368571065176287,False,1629
1633,2026-09-29,002649,2.3322782420364385,False,1630
1634,2026-09-29,301048,2.3284214337215268,False,1631
1635,2026-09-29,600026,2.3264982925088513,False,1632
1636,2026-09-29,301517,2.3253184656180927,False,1633
1637,2026-09-29,002318,2.3238127849009853,False,1634
1638,2026-09-29,600339,2.3211164892376805,False,1635
1639,2026-09-29,601058,2.3204407283864699,False,1636
1640,2026-09-29,300359,2.3201567772895872,False,1637
1641,2026-09-29,002154,2.3182549290320269,False,1638
1642,2026-09-29,688403,2.313063723730771,False,1639
1643,2026-09-29,002872,2.3083394157181498,False,1640
1644,2026-09-29,603568,2.3044350749595086,False,1641
1645,2026-09-29,300745,2.3017146321569526,False,1642
1646,2026-09-29,002423,2.3015044930952793,False,1643
1647,2026-09-29,002381,2.2985520722642807,False,1644
1648,2026-09-29,603608,2.2968864786792587,False,1645
1649,2026-09-29,300915,2.2953296628932738,False,1646
1650,2026-09-29,603107,2.2943389192494044,False,1647
1651,2026-09-29,605005,2.2932734251678926,False,1648
1652,2026-09-29,603967,2.2931789512232896,False,1649
1653,2026-09-29,001205,2.2915533632781164,False,1650
1654,2026-09-29,002991,2.2901891914176975,False,1651
1655,2026-09-29,688357,2.2893611062850749,False,1652
1656,2026-09-29,300348,2.2881146275517863,False,1653
1657,2026-09-29,300294,2.2872626344490574,False,1654
1658,2026-09-29,002760,2.2863918909133742,False,1655
1659,2026-09-29,300319,2.2831162516754295,False,1656
1660,2026-09-29,600676,2.28142568298543,False,1657
1661,2026-09-29,300045,2.2774526050942345,False,1658
1662,2026-09-29,002209,2.2772802815696349,False,1659
1663,2026-09-29,000651,2.277029145625324,False,1660
1664,2026-09-29,003008,2.2752333988397515,False,1661
1665,2026-09-29,002344,2.2742234001041735,False,1662
1666,2026-09-29,603567,2.2725815149068844,False,1663
1667,2026-09-29,688576,2.2700577224356113,False,1664
1668,2026-09-29,603933,2.2697489934030135,False,1665
1669,2026-09-29,603130,2.2692744529794018,False,1666
1670,2026-09-29,300925,2.2692399779999093,False,1667
1671,2026-09-29,301315,2.2668906566178051,False,1668
1672,2026-09-29,600986,2.2651421430464027,False,1669
1673,2026-09-29,000905,2.2640460369305169,False,1670
1674,2026-09-29,300906,2.2635094409219185,False,1671
1675,2026-09-29,002363,2.2629449404194291,False,1672
1676,2026-09-29,603618,2.2616742654518616,False,1673
1677,2026-09-29,600812,2.2598485393142349,False,1674
1678,2026-09-29,300463,2.2514466907875872,False,1675
1679,2026-09-29,688102,2.2499094446037997,False,1676
1680,2026-09-29,605028,2.2475719346264791,False,1677
1681,2026-09-29,002356,2.2456024682289781,False,1678
1682,2026-09-29,002427,2.2441160820845734,False,1679
1683,2026-09-29,003019,2.2439698570827007,False,1680
1684,2026-09-29,300839,2.2402731596689476,False,1681
1685,2026-09-29,603111,2.2375143833569195,False,1682
1686,2026-09-29,600129,2.2356916566823006,False,1683
1687,2026-09-29,600576,2.2339749090810495,False,1684
1688,2026-09-29,001300,2.2300369506666846,False,1685
1689,2026-09-29,600692,2.2294841241575307,False,1686
1690,2026-09-29,600252,2.2265897122352576,False,1687
1691,2026-09-29,600475,2.2253094216017475,False,1688
1692,2026-09-29,601186,2.2215961034772298,False,1689
1693,2026-09-29,600426,2.219480452519234,False,1690
1694,2026-09-29,600571,2.2155505700591527,False,1691
1695,2026-09-29,300770,2.2138043411094208,False,1692
1696,2026-09-29,301101,2.2130663184554709,False,1693
1697,2026-09-29,002404,2.2076965580480561,False,1694
1698,2026-09-29,002727,2.2062004551068553,False,1695
1699,2026-09-29,688312,2.2050969727112282,False,1696
1700,2026-09-29,688818,2.2038131984340259,False,1697
1701,2026-09-29,600167,2.2020576191415122,False,1698
1702,2026-09-29,300084,2.2003496803832321,False,1699
1703,2026-09-29,600295,2.2003187816969807,False,1700
1704,2026-09-29,001223,2.1998071510780353,False,1701
1705,2026-09-29,002421,2.1994602503075491,False,1702
1706,2026-09-29,603026,2.1988626392633273,False,1703
1707,2026-09-29,300230,2.1988413507502056,False,1704
1708,2026-09-29,002655,2.1987407613664685,False,1705
1709,2026-09-29,601126,2.1967082287300062,False,1706
1710,2026-09-29,600435,2.1928434073688505,False,1707
1711,2026-09-29,605299,2.1872093735808171,False,1708
1712,2026-09-29,600099,2.1871432222669216,False,1709
1713,2026-09-29,688717,2.1853667909591472,False,1710
1714,2026-09-29,002243,2.1831638649207399,False,1711
1715,2026-09-29,688793,2.1828922434180096,False,1712
1716,2026-09-29,600536,2.1826933134272322,False,1713
1717,2026-09-29,000738,2.1812204231576433,False,1714
1718,2026-09-29,603607,2.1799845034622067,False,1715
1719,2026-09-29,603616,2.1788216381581114,False,1716
1720,2026-09-29,601608,2.1717995831985286,False,1717
1721,2026-09-29,002274,2.1710973099175277,False,1718
1722,2026-09-29,688418,2.163905586920305,False,1719
1723,2026-09-29,300848,2.1618437608568906,False,1720
1724,2026-09-29,600866,2.1610893443026646,False,1721
1725,2026-09-29,301388,2.159928497277297,False,1722
1726,2026-09-29,000615,2.1596551917735276,False,1723
1727,2026-09-29,688411,2.1577199696139333,False,1724
1728,2026-09-29,688693,2.1534624143804266,False,1725
1729,2026-09-29,000789,2.152874538783629,False,1726
1730,2026-09-29,601799,2.1521423411729237,False,1727
1731,2026-09-29,603948,2.1516326591446022,False,1728
1732,2026-09-29,601033,2.149382074451478,False,1729
1733,2026-09-29,301590,2.1420150856336813,False,1730
1734,2026-09-29,600399,2.1404220201313526,False,1731
1735,2026-09-29,300403,2.1370583952375348,False,1732
1736,2026-09-29,600900,2.135924780195031,False,1733
1737,2026-09-29,001323,2.13452060387583,False,1734
1738,2026-09-29,601006,2.1329251189812464,False,1735
1739,2026-09-29,002479,2.1328631491683065,False,1736
1740,2026-09-29,300161,2.1328564929446774,False,1737
1741,2026-09-29,000757,2.1315954694673338,False,1738
1742,2026-09-29,301051,2.1313120617701302,False,1739
1743,2026-09-29,002578,2.1309249003841377,False,1740
1744,2026-09-29,002270,2.1298128534764951,False,1741
1745,2026-09-29,000403,2.1284329321847162,False,1742
1746,2026-09-29,603929,2.1258560070581547,False,1743
1747,2026-09-29,300603,2.1243830826651395,False,1744
1748,2026-09-29,002833,2.1240655236061041,False,1745
1749,2026-09-29,603617,2.1221731464537177,False,1746
1750,2026-09-29,301029,2.1196344402829217,False,1747
1751,2026-09-29,000563,2.1194184934250586,False,1748
1752,2026-09-29,000923,2.1151461346648119,False,1749
1753,2026-09-29,688557,2.113218115339798,False,1750
1754,2026-09-29,000969,2.1128224134779074,False,1751
1755,2026-09-29,301459,2.1113149203472048,False,1752
1756,2026-09-29,600262,2.1081990799694768,False,1753
1757,2026-09-29,600691,2.1052395802468493,False,1754
1758,2026-09-29,600283,2.1018894083204298,False,1755
1759,2026-09-29,002796,2.098416309834211,False,1756
1760,2026-09-29,300191,2.096235918929958,False,1757
1761,2026-09-29,605055,2.0918766965565423,False,1758
1762,2026-09-29,002884,2.0902407163059737,False,1759
1763,2026-09-29,300032,2.0884008682681579,False,1760
1764,2026-09-29,601702,2.0878264634283523,False,1761
1765,2026-09-29,600712,2.0862523869575149,False,1762
1766,2026-09-29,603768,2.0752841429240836,False,1763
1767,2026-09-29,002250,2.0727927394985937,False,1764
1768,2026-09-29,002211,2.0689728521455102,False,1765
1769,2026-09-29,000933,2.065811051164455,False,1766
1770,2026-09-29,600740,2.0655340335585048,False,1767
1771,2026-09-29,601633,2.0653703918367916,False,1768
1772,2026-09-29,300165,2.0644756545998488,False,1769
1773,2026-09-29,002402,2.0594661781660943,False,1770
1774,2026-09-29,688680,2.0592654951837859,False,1771
1775,2026-09-29,301100,2.0581614761716249,False,1772
1776,2026-09-29,603078,2.0570278863491742,False,1773
1777,2026-09-29,600267,2.0529886644769526,False,1774
1778,2026-09-29,002853,2.052476625861781,False,1775
1779,2026-09-29,000570,2.0490872608118518,False,1776
1780,2026-09-29,688619,2.0481442962474716,False,1777
1781,2026-09-29,300486,2.0476487534664418,False,1778
1782,2026-09-29,601928,2.0439067399934223,False,1779
1783,2026-09-29,300092,2.0392819755575546,False,1780
1784,2026-09-29,600238,2.0362587835595325,False,1781
1785,2026-09-29,600973,2.0351425348448071,False,1782
1786,2026-09-29,601921,2.0350611732007362,False,1783
1787,2026-09-29,000697,2.0293589016464244,False,1784
1788,2026-09-29,300141,2.0293317195924425,False,1785
1789,2026-09-29,000546,2.0212427049188615,False,1786
1790,2026-09-29,600990,2.0157548400143916,False,1787
1791,2026-09-29,600570,2.0079614546585645,False,1788
1792,2026-09-29,601599,2.002380533666527,False,1789
1793,2026-09-29,600620,2.001306479497464,False,1790
1794,2026-09-29,300812,2.001017537277332,False,1791
1795,2026-09-29,300808,1.9989157663094217,False,1792
1796,2026-09-29,600787,1.9881444538879331,False,1793
1797,2026-09-29,000559,1.9879875218042928,False,1794
1798,2026-09-29,002108,1.983073786790545,False,1795
1799,2026-09-29,603195,1.9756535808491047,False,1796
1800,2026-09-29,300701,1.974035890181737,False,1797
1801,2026-09-29,301665,1.9738055217992247,False,1798
1802,2026-09-29,300111,1.9715520365503929,False,1799
1803,2026-09-29,002630,1.9694829481756062,False,1800
1804,2026-09-29,300624,1.968813238928669,False,1801
1805,2026-09-29,000410,1.9687581721700722,False,1802
1806,2026-09-29,000501,1.9675795659292641,False,1803
1807,2026-09-29,300004,1.9628397160201019,False,1804
1808,2026-09-29,688151,1.9627529116452314,False,1805
1809,2026-09-29,603029,1.9614782340712524,False,1806
1810,2026-09-29,001386,1.9579226818718953,False,1807
1811,2026-09-29,002052,1.955934225864179,False,1808
1812,2026-09-29,300444,1.9546020790452767,False,1809
1813,2026-09-29,600854,1.949254171076519,False,1810
1814,2026-09-29,688558,1.9475307913660891,False,1811
1815,2026-09-29,605369,1.945713863567065,False,1812
1816,2026-09-29,300699,1.9448207409969414,False,1813
1817,2026-09-29,603210,1.9442667221116547,False,1814
1818,2026-09-29,688658,1.9440452800927925,False,1815
1819,2026-09-29,603205,1.9426494000080132,False,1816
1820,2026-09-29,002793,1.9405203954108698,False,1817
1821,2026-09-29,301125,1.9397555901138581,False,1818
1822,2026-09-29,600645,1.9376437882311852,False,1819
1823,2026-09-29,301596,1.9369711596323966,False,1820
1824,2026-09-29,300455,1.9363991631673965,False,1821
1825,2026-09-29,002387,1.9350618361417817,False,1822
1826,2026-09-29,300299,1.9323194493911284,False,1823
1827,2026-09-29,603878,1.9315826891231631,False,1824
1828,2026-09-29,300705,1.9313733193412816,False,1825
1829,2026-09-29,002380,1.9301596262429861,False,1826
1830,2026-09-29,301260,1.9295198633667225,False,1827
1831,2026-09-29,603119,1.9283349815060209,False,1828
1832,2026-09-29,002607,1.9276141191246896,False,1829
1833,2026-09-29,600025,1.9256354643008586,False,1830
1834,2026-09-29,603237,1.9241978071299459,False,1831
1835,2026-09-29,301548,1.9200364718058573,False,1832
1836,2026-09-29,002620,1.9155679406126591,False,1833
1837,2026-09-29,000551,1.9143179932950589,False,1834
1838,2026-09-29,603291,1.9142353448949669,False,1835
1839,2026-09-29,600004,1.914198584084823,False,1836
1840,2026-09-29,001289,1.9121213644540949,False,1837
1841,2026-09-29,002282,1.9111040446721272,False,1838
1842,2026-09-29,300067,1.9059360940235437,False,1839
1843,2026-09-29,688093,1.9045782708973868,False,1840
1844,2026-09-29,000573,1.9026634861113529,False,1841
1845,2026-09-29,300820,1.9019250074268954,False,1842
1846,2026-09-29,002128,1.9018344859397871,False,1843
1847,2026-09-29,601113,1.8964003901959994,False,1844
1848,2026-09-29,000796,1.8948167587236457,False,1845
1849,2026-09-29,002488,1.8944173820070462,False,1846
1850,2026-09-29,600359,1.8939937450163569,False,1847
1851,2026-09-29,301381,1.8933017195534294,False,1848
1852,2026-09-29,601200,1.8924349629639967,False,1849
1853,2026-09-29,301551,1.8919737441386721,False,1850
1854,2026-09-29,002176,1.8919427228164625,False,1851
1855,2026-09-29,000557,1.8909870887329721,False,1852
1856,2026-09-29,002182,1.8895727266772213,False,1853
1857,2026-09-29,002302,1.8892420315734682,False,1854
1858,2026-09-29,603613,1.8890636213192493,False,1855
1859,2026-09-29,300899,1.8875822147636443,False,1856
1860,2026-09-29,603103,1.8830645185682489,False,1857
1861,2026-09-29,002055,1.8816339613570165,False,1858
1862,2026-09-29,301503,1.8742489993600886,False,1859
1863,2026-09-29,688631,1.8727527723903712,False,1860
1864,2026-09-29,605555,1.8707362061843456,False,1861
1865,2026-09-29,002948,1.869979506545939,False,1862
1866,2026-09-29,605389,1.8642640967013477,False,1863
1867,2026-09-29,000719,1.8562042400595762,False,1864
1868,2026-09-29,300396,1.855849020619988,False,1865
1869,2026-09-29,300864,1.8549813014255223,False,1866
1870,2026-09-29,688295,1.8540330684615416,False,1867
1871,2026-09-29,603883,1.8524186950459849,False,1868
1872,2026-09-29,600754,1.8519473593025797,False,1869
1873,2026-09-29,600753,1.8510519680495729,False,1870
1874,2026-09-29,301332,1.8504870955769066,False,1871
1875,2026-09-29,300902,1.8482905157917959,False,1872
1876,2026-09-29,300907,1.8481769245329585,False,1873
1877,2026-09-29,003015,1.8480169860821491,False,1874
1878,2026-09-29,301001,1.8451768111343312,False,1875
1879,2026-09-29,601628,1.8450417082137038,False,1876
1880,2026-09-29,002864,1.8449183015737765,False,1877
1881,2026-09-29,000429,1.83844275681215,False,1878
1882,2026-09-29,000989,1.8374144445861167,False,1879
1883,2026-09-29,000620,1.8341325137986697,False,1880
1884,2026-09-29,002142,1.8334370190369687,False,1881
1885,2026-09-29,002454,1.8303579110067789,False,1882
1886,2026-09-29,002401,1.830274519330465,False,1883
1887,2026-09-29,002189,1.8297222544173564,False,1884
1888,2026-09-29,301239,1.8250690473024993,False,1885
1889,2026-09-29,601022,1.8214849079346997,False,1886
1890,2026-09-29,600197,1.8206591866518445,False,1887
1891,2026-09-29,300509,1.8201792245761159,False,1888
1892,2026-09-29,601665,1.8195927087582573,False,1889
1893,2026-09-29,603212,1.818484622050621,False,1890
1894,2026-09-29,603086,1.8176187691631078,False,1891
1895,2026-09-29,300703,1.8175059195626617,False,1892
1896,2026-09-29,300855,1.817505675826524,False,1893
1897,2026-09-29,002184,1.8158094670783247,False,1894
1898,2026-09-29,300472,1.814142963339572,False,1895
1899,2026-09-29,000065,1.8104376927482908,False,1896
1900,2026-09-29,301558,1.8083924906009115,False,1897
1901,2026-09-29,601000,1.8070417078363021,False,1898
1902,2026-09-29,300596,1.8062462776876806,False,1899
1903,2026-09-29,002899,1.8057649044657871,False,1900
1904,2026-09-29,002136,1.8052595458602418,False,1901
1905,2026-09-29,002202,1.804377981082903,False,1902
1906,2026-09-29,300314,1.8017075670418479,False,1903
1907,2026-09-29,600679,1.7998435881720798,False,1904
1908,2026-09-29,002424,1.7985443335087972,False,1905
1909,2026-09-29,002122,1.7981638237494382,False,1906
1910,2026-09-29,301609,1.7979404546964071,False,1907
1911,2026-09-29,688618,1.792988312693145,False,1908
1912,2026-09-29,300289,1.7919464338507369,False,1909
1913,2026-09-29,603309,1.7918967641402239,False,1910
1914,2026-09-29,300138,1.7917868913175239,False,1911
1915,2026-09-29,301200,1.7905322001774868,False,1912
1916,2026-09-29,603173,1.7905184303778106,False,1913
1917,2026-09-29,600187,1.7900093525983709,False,1914
1918,2026-09-29,002406,1.7894665401191725,False,1915
1919,2026-09-29,600381,1.7855351987293457,False,1916
1920,2026-09-29,000881,1.7819597634600428,False,1917
1921,2026-09-29,603126,1.7811039620476543,False,1918
1922,2026-09-29,601965,1.7801755502166976,False,1919
1923,2026-09-29,301097,1.779259424837909,False,1920
1924,2026-09-29,002933,1.7761890323989138,False,1921
1925,2026-09-29,603360,1.7726433402457953,False,1922
1926,2026-09-29,002432,1.7716923604296904,False,1923
1927,2026-09-29,688333,1.7695115875262941,False,1924
1928,2026-09-29,002006,1.7689541083363434,False,1925
1929,2026-09-29,601318,1.7675534487749054,False,1926
1930,2026-09-29,600379,1.7654923960001097,False,1927
1931,2026-09-29,002968,1.7595234288035297,False,1928
1932,2026-09-29,600830,1.7594412846585481,False,1929
1933,2026-09-29,000507,1.758552737045775,False,1930
1934,2026-09-29,000717,1.7564084120523105,False,1931
1935,2026-09-29,301361,1.7549201229328941,False,1932
1936,2026-09-29,605287,1.7542190776002882,False,1933
1937,2026-09-29,603060,1.7534050038735229,False,1934
1938,2026-09-29,300147,1.7519922626982085,False,1935
1939,2026-09-29,603316,1.7466354919622193,False,1936
1940,2026-09-29,002247,1.7460539623470317,False,1937
1941,2026-09-29,603202,1.7457634292605948,False,1938
1942,2026-09-29,603275,1.7452581368674678,False,1939
1943,2026-09-29,600848,1.7447930826396874,False,1940
1944,2026-09-29,300693,1.7425028080214935,False,1941
1945,2026-09-29,600158,1.7401933441457715,False,1942
1946,2026-09-29,601968,1.7391589246916022,False,1943
1947,2026-09-29,600668,1.7362158692591469,False,1944
1948,2026-09-29,603398,1.730096712888094,False,1945
1949,2026-09-29,600352,1.7259934533542725,False,1946
1950,2026-09-29,000809,1.7246604502405263,False,1947
1951,2026-09-29,300946,1.7225378980872614,False,1948
1952,2026-09-29,300980,1.7225072381643936,False,1949
1953,2026-09-29,002839,1.7159022314386152,False,1950
1954,2026-09-29,603528,1.7124954243736732,False,1951
1955,2026-09-29,301353,1.7100455961696914,False,1952
1956,2026-09-29,002697,1.7097823733389004,False,1953
1957,2026-09-29,603825,1.7093997055979369,False,1954
1958,2026-09-29,300614,1.7090057592239649,False,1955
1959,2026-09-29,688681,1.7080072902516763,False,1956
1960,2026-09-29,300756,1.7066837053667097,False,1957
1961,2026-09-29,001390,1.703449417465515,False,1958
1962,2026-09-29,002170,1.7029389259223406,False,1959
1963,2026-09-29,688298,1.692944050829571,False,1960
1964,2026-09-29,600507,1.6909374112307978,False,1961
1965,2026-09-29,688268,1.6909231537168476,False,1962
1966,2026-09-29,300500,1.6907706057617293,False,1963
1967,2026-09-29,600566,1.6896093935767431,False,1964
1968,2026-09-29,601096,1.6871038003191914,False,1965
1969,2026-09-29,600984,1.6838716239255735,False,1966
1970,2026-09-29,600590,1.6820463645738788,False,1967
1971,2026-09-29,002810,1.6812788300367654,False,1968
1972,2026-09-29,600422,1.6780055213880232,False,1969
1973,2026-09-29,002530,1.677735437975024,False,1970
1974,2026-09-29,300750,1.674967746133978,False,1971
1975,2026-09-29,001391,1.674019341397917,False,1972
1976,2026-09-29,300793,1.6673940824207794,False,1973
1977,2026-09-29,300065,1.6672855060855281,False,1974
1978,2026-09-29,301331,1.6650018221988616,False,1975
1979,2026-09-29,600203,1.6638218317747109,False,1976
1980,2026-09-29,002903,1.6627331939752821,False,1977
1981,2026-09-29,603698,1.6626996887226198,False,1978
1982,2026-09-29,300257,1.6613249698588759,False,1979
1983,2026-09-29,688289,1.6610769226933819,False,1980
1984,2026-09-29,688259,1.6548833586235339,False,1981
1985,2026-09-29,002009,1.6522041469490423,False,1982
1986,2026-09-29,300193,1.6517323529820316,False,1983
1987,2026-09-29,300351,1.6512427373433343,False,1984
1988,2026-09-29,688076,1.647569645815202,False,1985
1989,2026-09-29,002966,1.646863167614625,False,1986
1990,2026-09-29,603028,1.6458375642155358,False,1987
1991,2026-09-29,300354,1.6431847432994138,False,1988
1992,2026-09-29,000423,1.6422325056671911,False,1989
1993,2026-09-29,300172,1.6390393414539921,False,1990
1994,2026-09-29,300307,1.638448020066253,False,1991
1995,2026-09-29,002163,1.6343078412443275,False,1992
1996,2026-09-29,000042,1.632740410220245,False,1993
1997,2026-09-29,300097,1.6325948371545145,False,1994
1998,2026-09-29,601677,1.6321529103335521,False,1995
1999,2026-09-29,603312,1.6320323170003623,False,1996
2000,2026-09-29,002448,1.6305619916036025,False,1997
2001,2026-09-29,300844,1.6296772026916955,False,1998
2002,2026-09-29,600919,1.6288273404322848,False,1999
2003,2026-09-29,002842,1.6278996535042514,False,2000
2004,2026-09-29,600159,1.626848683820425,False,2001
2005,2026-09-29,000860,1.625025218708847,False,2002
2006,2026-09-29,605118,1.6226908936104973,False,2003
2007,2026-09-29,300255,1.6208667776060517,False,2004
2008,2026-09-29,300582,1.6205886527942803,False,2005
2009,2026-09-29,300579,1.6191067347367347,False,2006
2010,2026-09-29,002863,1.6178454549910888,False,2007
2011,2026-09-29,600568,1.6165147174501551,False,2008
2012,2026-09-29,600231,1.6151577816294236,False,2009
2013,2026-09-29,002801,1.6149889311542021,False,2010
2014,2026-09-29,300478,1.6127763953022092,False,2011
2015,2026-09-29,600688,1.607848307166895,False,2012
2016,2026-09-29,600149,1.6067425687111041,False,2013
2017,2026-09-29,002120,1.6067323983939117,False,2014
2018,2026-09-29,301535,1.6067242395220731,False,2015
2019,2026-09-29,603956,1.6058994815834371,False,2016
2020,2026-09-29,600605,1.6046750755926404,False,2017
2021,2026-09-29,000758,1.6037529972378064,False,2018
2022,2026-09-29,603276,1.6032414294647714,False,2019
2023,2026-09-29,605077,1.6031840612660699,False,2020
2024,2026-09-29,300445,1.5973707513332174,False,2021
2025,2026-09-29,002444,1.5921541848144891,False,2022
2026,2026-09-29,002729,1.5918864508955715,False,2023
2027,2026-09-29,600100,1.5889352944650554,False,2024
2028,2026-09-29,000571,1.5849244420755051,False,2025
2029,2026-09-29,688691,1.58113919336873,False,2026
2030,2026-09-29,300657,1.5808216707160803,False,2027
2031,2026-09-29,603707,1.5807631591988462,False,2028
2032,2026-09-29,600307,1.5806816054351431,False,2029
2033,2026-09-29,601801,1.5791148612509018,False,2030
2034,2026-09-29,603335,1.5753983276326569,False,2031
2035,2026-09-29,688169,1.5749922846421498,False,2032
2036,2026-09-29,605066,1.5725342164318552,False,2033
2037,2026-09-29,688229,1.5690473650914623,False,2034
2038,2026-09-29,300051,1.5672720555578901,False,2035
2039,2026-09-29,688255,1.567119365855026,False,2036
2040,2026-09-29,002877,1.5638666686474494,False,2037
2041,2026-09-29,300247,1.5631191390577266,False,2038
2042,2026-09-29,300674,1.5628185609262957,False,2039
2043,2026-09-29,301668,1.5624429016132928,False,2040
2044,2026-09-29,601226,1.5609850297379526,False,2041
2045,2026-09-29,600550,1.5598372286687836,False,2042
2046,2026-09-29,688096,1.5596330309211783,False,2043
2047,2026-09-29,603683,1.5564599372536467,False,2044
2048,2026-09-29,300451,1.5552350047287931,False,2045
2049,2026-09-29,000897,1.5515330360559452,False,2046
2050,2026-09-29,603062,1.5473331624758857,False,2047
2051,2026-09-29,300989,1.5417630433781688,False,2048
2052,2026-09-29,002266,1.5410769889469389,False,2049
2053,2026-09-29,002822,1.5402670685290905,False,2050
2054,2026-09-29,300831,1.5400821912179183,False,2051
2055,2026-09-29,002374,1.5369890291317714,False,2052
2056,2026-09-29,300649,1.5353969168182739,False,2053
2057,2026-09-29,600446,1.5353220201026139,False,2054
2058,2026-09-29,301518,1.5309010038265056,False,2055
2059,2026-09-29,300767,1.5301304488033372,False,2056
2060,2026-09-29,600409,1.5280350895299379,False,2057
2061,2026-09-29,000915,1.5280176000809562,False,2058
2062,2026-09-29,300635,1.5278904331468648,False,2059
2063,2026-09-29,600729,1.5275600355302266,False,2060
2064,2026-09-29,603031,1.5264041220291857,False,2061
2065,2026-09-29,600033,1.5227249520045056,False,2062
2066,2026-09-29,600076,1.5187081587131881,False,2063
2067,2026-09-29,301079,1.5165902661853643,False,2064
2068,2026-09-29,300286,1.5140405416500964,False,2065
2069,2026-09-29,300048,1.5133860126987024,False,2066
2070,2026-09-29,002780,1.5116174025017988,False,2067
2071,2026-09-29,301368,1.510285698764646,False,2068
2072,2026-09-29,688317,1.5091781872169754,False,2069
2073,2026-09-29,603201,1.5086322405069428,False,2070
2074,2026-09-29,300288,1.507340923209747,False,2071
2075,2026-09-29,600805,1.503914446159079,False,2072
2076,2026-09-29,300275,1.5035363562453044,False,2073
2077,2026-09-29,002671,1.5030877521156385,False,2074
2078,2026-09-29,603656,1.5008929379860625,False,2075
2079,2026-09-29,000936,1.4985938714088565,False,2076
2080,2026-09-29,300341,1.4983168025776032,False,2077
2081,2026-09-29,603337,1.4955796005573332,False,2078
2082,2026-09-29,605011,1.4953318308586634,False,2079
2083,2026-09-29,600684,1.493954937516595,False,2080
2084,2026-09-29,300560,1.4936394768062708,False,2081
2085,2026-09-29,688062,1.4905859787337363,False,2082
2086,2026-09-29,002126,1.4883660021715308,False,2083
2087,2026-09-29,603009,1.4873263762359901,False,2084
2088,2026-09-29,300157,1.4854785720858925,False,2085
2089,2026-09-29,600897,1.4837843149062033,False,2086
2090,2026-09-29,603075,1.4830988521082598,False,2087
2091,2026-09-29,002317,1.4829872506606372,False,2088
2092,2026-09-29,300631,1.4812058854248296,False,2089
2093,2026-09-29,002320,1.4800221414189245,False,2090
2094,2026-09-29,000895,1.476200849432461,False,2091
2095,2026-09-29,600215,1.4758279998588573,False,2092
2096,2026-09-29,300814,1.4731095747475382,False,2093
2097,2026-09-29,001296,1.4717118046411626,False,2094
2098,2026-09-29,000636,1.4701582239038569,False,2095
2099,2026-09-29,300555,1.4689184812083447,False,2096
2100,2026-09-29,300686,1.4660162051765704,False,2097
2101,2026-09-29,600261,1.4647600131381933,False,2098
2102,2026-09-29,603323,1.4641151226262208,False,2099
2103,2026-09-29,003041,1.4570109418112949,False,2100
2104,2026-09-29,002395,1.4562349908109493,False,2101
2105,2026-09-29,601798,1.4549201293380043,False,2102
2106,2026-09-29,600662,1.4483707620654291,False,2103
2107,2026-09-29,601187,1.4442039951954437,False,2104
2108,2026-09-29,600779,1.4429245068576622,False,2105
2109,2026-09-29,301211,1.4428872268355746,False,2106
2110,2026-09-29,601825,1.4401628177977956,False,2107
2111,2026-09-29,301167,1.4378926749647185,False,2108
2112,2026-09-29,688133,1.4372184537929975,False,2109
2113,2026-09-29,601002,1.4369544954802018,False,2110
2114,2026-09-29,600926,1.4367633770641655,False,2111
2115,2026-09-29,300105,1.4346601337513516,False,2112
2116,2026-09-29,600331,1.4342807684156236,False,2113
2117,2026-09-29,688316,1.4342487648317499,False,2114
2118,2026-09-29,688189,1.4334639757365721,False,2115
2119,2026-09-29,002410,1.4323304581629395,False,2116
2120,2026-09-29,605090,1.4321440507533585,False,2117
2121,2026-09-29,301186,1.4321327664666601,False,2118
2122,2026-09-29,000555,1.4320680049036112,False,2119
2123,2026-09-29,601010,1.4294696214789524,False,2120
2124,2026-09-29,003000,1.4274659588850036,False,2121
2125,2026-09-29,300810,1.4258170151669247,False,2122
2126,2026-09-29,600281,1.4257797093412667,False,2123
2127,2026-09-29,600560,1.4236606968609165,False,2124
2128,2026-09-29,301286,1.4197738357689067,False,2125
2129,2026-09-29,600643,1.4135455128530225,False,2126
2130,2026-09-29,002972,1.4131802450044952,False,2127
2131,2026-09-29,601857,1.4078287250340513,False,2128
2132,2026-09-29,300670,1.4060695195439319,False,2129
2133,2026-09-29,601088,1.4039975633619695,False,2130
2134,2026-09-29,688598,1.4039256469110053,False,2131
2135,2026-09-29,600085,1.4017986287798561,False,2132
2136,2026-09-29,002085,1.3987050805682908,False,2133
2137,2026-09-29,002496,1.3984175429197871,False,2134
2138,2026-09-29,600818,1.3961317750357449,False,2135
2139,2026-09-29,301093,1.388867209006307,False,2136
2140,2026-09-29,002305,1.3855004903057921,False,2137
2141,2026-09-29,603882,1.3837871002019806,False,2138
2142,2026-09-29,300650,1.3828434054383818,False,2139
2143,2026-09-29,300800,1.3763092886243307,False,2140
2144,2026-09-29,603171,1.3757842245696792,False,2141
2145,2026-09-29,601077,1.3735502186313102,False,2142
2146,2026-09-29,603357,1.3734334858924058,False,2143
2147,2026-09-29,002393,1.3721490317869467,False,2144
2148,2026-09-29,300447,1.3705007640277882,False,2145
2149,2026-09-29,600586,1.3702829091448692,False,2146
2150,2026-09-29,688195,1.369534828807121,False,2147
2151,2026-09-29,600420,1.3616700695639827,False,2148
2152,2026-09-29,603277,1.3576061988798509,False,2149
2153,2026-09-29,600282,1.354004977671784,False,2150
2154,2026-09-29,002287,1.3535244075460882,False,2151
2155,2026-09-29,600137,1.3526402842131375,False,2152
2156,2026-09-29,300972,1.3504383286431387,False,2153
2157,2026-09-29,688586,1.3489054525660933,False,2154
2158,2026-09-29,300492,1.3486222068631353,False,2155
2159,2026-09-29,002787,1.347775221553285,False,2156
2160,2026-09-29,600959,1.3476789011785897,False,2157
2161,2026-09-29,301202,1.3423427927868727,False,2158
2162,2026-09-29,688687,1.3390155017794969,False,2159
2163,2026-09-29,603520,1.3381228027726639,False,2160
2164,2026-09-29,301339,1.3379138536098047,False,2161
2165,2026-09-29,300766,1.337316407301159,False,2162
2166,2026-09-29,688153,1.3321378949864742,False,2163
2167,2026-09-29,300113,1.3320019388460584,False,2164
2168,2026-09-29,605305,1.3315457811090565,False,2165
2169,2026-09-29,300218,1.3308560230372155,False,2166
2170,2026-09-29,300514,1.3287444908570061,False,2167
2171,2026-09-29,300357,1.3276842546517351,False,2168
2172,2026-09-29,600335,1.3228873606444258,False,2169
2173,2026-09-29,000598,1.3222655684416238,False,2170
2174,2026-09-29,301000,1.320378915579056,False,2171
2175,2026-09-29,001279,1.3200282108173256,False,2172
2176,2026-09-29,688363,1.3197587537515658,False,2173
2177,2026-09-29,002003,1.3196241559732576,False,2174
2178,2026-09-29,300293,1.319014792906523,False,2175
2179,2026-09-29,000402,1.3187011828164112,False,2176
2180,2026-09-29,000863,1.317768005530056,False,2177
2181,2026-09-29,003021,1.3153265264245459,False,2178
2182,2026-09-29,603416,1.3140489984574093,False,2179
2183,2026-09-29,002016,1.3137573123633284,False,2180
2184,2026-09-29,603099,1.3125203654932673,False,2181
2185,2026-09-29,001277,1.307521599520566,False,2182
2186,2026-09-29,603518,1.3072137925802858,False,2183
2187,2026-09-29,688626,1.3060637879096086,False,2184
2188,2026-09-29,603296,1.3042741012504069,False,2185
2189,2026-09-29,002718,1.3026571290168545,False,2186
2190,2026-09-29,688135,1.3020410339948494,False,2187
2191,2026-09-29,002893,1.3012461157120061,False,2188
2192,2026-09-29,601939,1.296269937718312,False,2189
2193,2026-09-29,600066,1.2960494404786718,False,2190
2194,2026-09-29,301328,1.2960209748474991,False,2191
2195,2026-09-29,600738,1.2958542169714715,False,2192
2196,2026-09-29,688577,1.2938001341253904,False,2193
2197,2026-09-29,600000,1.2918907028149493,False,2194
2198,2026-09-29,300651,1.2912286544560225,False,2195
2199,2026-09-29,300923,1.2905467483220754,False,2196
2200,2026-09-29,300833,1.2886262644877955,False,2197
2201,2026-09-29,600351,1.2885061237692645,False,2198
2202,2026-09-29,002469,1.2878199368626202,False,2199
2203,2026-09-29,600079,1.2865697029678356,False,2200
2204,2026-09-29,300792,1.2859405609547172,False,2201
2205,2026-09-29,688109,1.2825589170701532,False,2202
2206,2026-09-29,601865,1.2811495154504042,False,2203
2207,2026-09-29,603486,1.2795940050200159,False,2204
2208,2026-09-29,000821,1.277325618581916,False,2205
2209,2026-09-29,600874,1.2759247010363115,False,2206
2210,2026-09-29,605080,1.275780819000123,False,2207
2211,2026-09-29,600827,1.2754880187765147,False,2208
2212,2026-09-29,002654,1.2753805145633295,False,2209
2213,2026-09-29,300692,1.2749646212178714,False,2210
2214,2026-09-29,000338,1.2734565231671606,False,2211
2215,2026-09-29,002110,1.269935209776869,False,2212
2216,2026-09-29,300881,1.2695555229342421,False,2213
2217,2026-09-29,688697,1.2689893730135877,False,2214
2218,2026-09-29,300797,1.2685731109995015,False,2215
2219,2026-09-29,300425,1.2685507220538645,False,2216
2220,2026-09-29,603049,1.2635680914870444,False,2217
2221,2026-09-29,688184,1.2617522581158216,False,2218
2222,2026-09-29,301552,1.2608005982206076,False,2219
2223,2026-09-29,600429,1.2596619496782975,False,2220
2224,2026-09-29,000156,1.257907433612159,False,2221
2225,2026-09-29,000617,1.2577375424304735,False,2222
2226,2026-09-29,603036,1.2572753159604011,False,2223
2227,2026-09-29,002412,1.256840514640392,False,2224
2228,2026-09-29,301057,1.2527303835409587,False,2225
2229,2026-09-29,300724,1.2517914342032517,False,2226
2230,2026-09-29,002255,1.2516804244501016,False,2227
2231,2026-09-29,300652,1.2481076720108162,False,2228
2232,2026-09-29,301320,1.2433623171262287,False,2229
2233,2026-09-29,000951,1.2414077555157339,False,2230
2234,2026-09-29,600288,1.2408586516625715,False,2231
2235,2026-09-29,002783,1.2373366651498103,False,2232
2236,2026-09-29,600377,1.2364558468747391,False,2233
2237,2026-09-29,002403,1.2356254987852131,False,2234
2238,2026-09-29,688010,1.2337818599056758,False,2235
2239,2026-09-29,300682,1.2337678636735028,False,2236
2240,2026-09-29,300401,1.23116827678924,False,2237
2241,2026-09-29,688058,1.2283364296581447,False,2238
2242,2026-09-29,000828,1.228264478655106,False,2239
2243,2026-09-29,603790,1.227748488780906,False,2240
2244,2026-09-29,603789,1.2272297565712358,False,2241
2245,2026-09-29,002134,1.2264877625226069,False,2242
2246,2026-09-29,601800,1.2259658142416967,False,2243
2247,2026-09-29,301584,1.2231236398197023,False,2244
2248,2026-09-29,002666,1.2208112928594588,False,2245
2249,2026-09-29,688273,1.2197978289429101,False,2246
2250,2026-09-29,600966,1.2195488857384555,False,2247
2251,2026-09-29,002021,1.2179616187368842,False,2248
2252,2026-09-29,300272,1.2158637194361814,False,2249
2253,2026-09-29,301629,1.2151056781867355,False,2250
2254,2026-09-29,003025,1.2115878440495687,False,2251
2255,2026-09-29,688053,1.2115133127731097,False,2252
2256,2026-09-29,603214,1.2102953685200859,False,2253
2257,2026-09-29,603829,1.2088013503353929,False,2254
2258,2026-09-29,300137,1.2081915594790706,False,2255
2259,2026-09-29,601177,1.2050817647272294,False,2256
2260,2026-09-29,300818,1.2031349779852847,False,2257
2261,2026-09-29,688562,1.2030522762987166,False,2258
2262,2026-09-29,002929,1.2014128711780867,False,2259
2263,2026-09-29,603511,1.201218757197636,False,2260
2264,2026-09-29,002608,1.1991243175541038,False,2261
2265,2026-09-29,603601,1.1971531489650906,False,2262
2266,2026-09-29,000050,1.1969545845451046,False,2263
2267,2026-09-29,002483,1.1964163772397116,False,2264
2268,2026-09-29,301120,1.1960135499903977,False,2265
2269,2026-09-29,688582,1.1957245610194851,False,2266
2270,2026-09-29,000935,1.1946600942345578,False,2267
2271,2026-09-29,688030,1.1941241558524083,False,2268
2272,2026-09-29,688036,1.1927559929275229,False,2269
2273,2026-09-29,300986,1.1903150244483014,False,2270
2274,2026-09-29,002520,1.1895661589971962,False,2271
2275,2026-09-29,000030,1.1889689427621435,False,2272
2276,2026-09-29,601188,1.184579504052008,False,2273
2277,2026-09-29,600580,1.1845232376410524,False,2274
2278,2026-09-29,300121,1.1844285312791947,False,2275
2279,2026-09-29,688360,1.1824131553366071,False,2276
2280,2026-09-29,301601,1.1784978647869977,False,2277
2281,2026-09-29,002641,1.1751443687471339,False,2278
2282,2026-09-29,300446,1.1723513587486332,False,2279
2283,2026-09-29,600308,1.1707118676045727,False,2280
2284,2026-09-29,605151,1.1701803868771372,False,2281
2285,2026-09-29,688085,1.1681204161148375,False,2282
2286,2026-09-29,000825,1.1674902829249099,False,2283
2287,2026-09-29,688081,1.1649760164153555,False,2284
2288,2026-09-29,301257,1.16406144150716,False,2285
2289,2026-09-29,688002,1.1622611319882936,False,2286
2290,2026-09-29,301199,1.1610720281854705,False,2287
2291,2026-09-29,600780,1.1581464706108118,False,2288
2292,2026-09-29,000422,1.1568664883541588,False,2289
2293,2026-09-29,688050,1.1542469480797124,False,2290
2294,2026-09-29,000039,1.1484464138177202,False,2291
2295,2026-09-29,601298,1.147518621075549,False,2292
2296,2026-09-29,600177,1.1468512713181485,False,2293
2297,2026-09-29,001337,1.1453810609816082,False,2294
2298,2026-09-29,601975,1.1431504721903099,False,2295
2299,2026-09-29,301255,1.1430504207805869,False,2296
2300,2026-09-29,600423,1.1406720140462165,False,2297
2301,2026-09-29,002528,1.139582130831883,False,2298
2302,2026-09-29,688580,1.1393870342125005,False,2299
2303,2026-09-29,000983,1.1393784896602575,False,2300
2304,2026-09-29,002054,1.1382391034138357,False,2301
2305,2026-09-29,000677,1.1362742298283552,False,2302
2306,2026-09-29,301301,1.1353302854638385,False,2303
2307,2026-09-29,603856,1.132327142467898,False,2304
2308,2026-09-29,000893,1.1293577089267737,False,2305
2309,2026-09-29,600998,1.1278319519677442,False,2306
2310,2026-09-29,600338,1.1266777230396947,False,2307
2311,2026-09-29,300503,1.1246502720924039,False,2308
2312,2026-09-29,600557,1.124301961409965,False,2309
2313,2026-09-29,300637,1.1237952009730299,False,2310
2314,2026-09-29,600035,1.1232719983678541,False,2311
2315,2026-09-29,300715,1.1213700487895699,False,2312
2316,2026-09-29,605016,1.1182757503241554,False,2313
2317,2026-09-29,688278,1.1151156415254906,False,2314
2318,2026-09-29,002183,1.1112643247662257,False,2315
2319,2026-09-29,002985,1.1111539633998793,False,2316
2320,2026-09-29,300601,1.1094735296799483,False,2317
2321,2026-09-29,300026,1.1078670875130996,False,2318
2322,2026-09-29,000538,1.1049337326751021,False,2319
2323,2026-09-29,002036,1.1020392973460771,False,2320
2324,2026-09-29,688501,1.0994210619298763,False,2321
2325,2026-09-29,603169,1.095647658268414,False,2322
2326,2026-09-29,603080,1.0956068257323892,False,2323
2327,2026-09-29,688677,1.0954335783670759,False,2324
2328,2026-09-29,002324,1.0933357044951606,False,2325
2329,2026-09-29,601992,1.0927011570855523,False,2326
2330,2026-09-29,600561,1.0905972257450207,False,2327
2331,2026-09-29,601838,1.090014451074391,False,2328
2332,2026-09-29,002076,1.0865994325543609,False,2329
2333,2026-09-29,603005,1.0836244926077265,False,2330
2334,2026-09-29,300927,1.0824372977310821,False,2331
2335,2026-09-29,002603,1.0773461594679152,False,2332
2336,2026-09-29,688127,1.077185687851046,False,2333
2337,2026-09-29,600621,1.0743395678266388,False,2334
2338,2026-09-29,300400,1.0734112452846718,False,2335
2339,2026-09-29,300617,1.07259778897951,False,2336
2340,2026-09-29,300316,1.07164249501144,False,2337
2341,2026-09-29,301602,1.0696465587555282,False,2338
2342,2026-09-29,600019,1.0684357281855785,False,2339
2343,2026-09-29,688395,1.0667778183771301,False,2340
2344,2026-09-29,301248,1.0661624857559771,False,2341
2345,2026-09-29,002351,1.0655357779864556,False,2342
2346,2026-09-29,603901,1.0651397832571508,False,2343
2347,2026-09-29,300966,1.0584270537070362,False,2344
2348,2026-09-29,002151,1.0536293844966329,False,2345
2349,2026-09-29,002386,1.0507501927778029,False,2346
2350,2026-09-29,600736,1.0489035034959131,False,2347
2351,2026-09-29,603288,1.0488549896536115,False,2348
2352,2026-09-29,300896,1.0471387929691278,False,2349
2353,2026-09-29,002007,1.0443905776957325,False,2350
2354,2026-09-29,300559,1.0384823340144651,False,2351
2355,2026-09-29,000668,1.0378947229533435,False,2352
2356,2026-09-29,300148,1.0316833494510438,False,2353
2357,2026-09-29,600183,1.0296758522403184,False,2354
2358,2026-09-29,688695,1.0263990520607487,False,2355
2359,2026-09-29,600666,1.0256673549608797,False,2356
2360,2026-09-29,603159,1.0242705348776133,False,2357
2361,2026-09-29,600583,1.0220792373104146,False,2358
2362,2026-09-29,600332,1.0209605526883685,False,2359
2363,2026-09-29,002932,1.0208834036464767,False,2360
2364,2026-09-29,600036,1.0161708966970902,False,2361
2365,2026-09-29,601988,1.0102821289260144,False,2362
2366,2026-09-29,301137,1.0062988159080648,False,2363
2367,2026-09-29,600863,1.0056973617080365,False,2364
2368,2026-09-29,300658,1.004742446716913,False,2365
2369,2026-09-29,603970,1.004493942330805,False,2366
2370,2026-09-29,300763,1.0043904097315475,False,2367
2371,2026-09-29,600845,1.000747389266329,False,2368
2372,2026-09-29,603367,1.0004895661820297,False,2369
2373,2026-09-29,002162,0.99973577940595049,False,2370
2374,2026-09-29,001219,0.99634405787311486,False,2371
2375,2026-09-29,002079,0.99626135687116557,False,2372
2376,2026-09-29,603918,0.99443288589084666,False,2373
2377,2026-09-29,001336,0.99046523083395854,False,2374
2378,2026-09-29,002030,0.98896142416173938,False,2375
2379,2026-09-29,301033,0.98888911462577278,False,2376
2380,2026-09-29,600741,0.98793746096939872,False,2377
2381,2026-09-29,301060,0.98747322902540191,False,2378
2382,2026-09-29,002809,0.98599318720071771,False,2379
2383,2026-09-29,688299,0.98526788661009279,False,2380
2384,2026-09-29,603381,0.98313588674047026,False,2381
2385,2026-09-29,002658,0.98205113285397916,False,2382
2386,2026-09-29,688270,0.98202510132875886,False,2383
2387,2026-09-29,603271,0.98081099921624926,False,2384
2388,2026-09-29,301578,0.97448084907308452,False,2385
2389,2026-09-29,002900,0.97426428206085935,False,2386
2390,2026-09-29,002659,0.97322019967159923,False,2387
2391,2026-09-29,600689,0.97296634471049503,False,2388
2392,2026-09-29,300027,0.97279291205354779,False,2389
2393,2026-09-29,600742,0.97104809683538429,False,2390
2394,2026-09-29,603333,0.968935863097939,False,2391
2395,2026-09-29,300600,0.96720777740964925,False,2392
2396,2026-09-29,002891,0.96477300310535519,False,2393
2397,2026-09-29,002508,0.9630746252142649,False,2394
2398,2026-09-29,300539,0.95843795358847395,False,2395
2399,2026-09-29,603786,0.9574847335459975,False,2396
2400,2026-09-29,002201,0.95594274335471685,False,2397
2401,2026-09-29,688291,0.9531415847366379,False,2398
2402,2026-09-29,002361,0.95286459677345436,False,2399
2403,2026-09-29,600527,0.95180195063370587,False,2400
2404,2026-09-29,603928,0.95129509995409001,False,2401
2405,2026-09-29,002511,0.95097394426053805,False,2402
2406,2026-09-29,002019,0.94718951162712628,False,2403
2407,2026-09-29,002459,0.94658146180092051,False,2404
2408,2026-09-29,002587,0.94515900916325735,False,2405
2409,2026-09-29,603755,0.94372980879403623,False,2406
2410,2026-09-29,000877,0.94242716277966476,False,2407
2411,2026-09-29,600928,0.94187117239603202,False,2408
2412,2026-09-29,603283,0.94098087243734962,False,2409
2413,2026-09-29,300393,0.9370720897300876,False,2410
2414,2026-09-29,600877,0.93570483837452056,False,2411
2415,2026-09-29,688080,0.93496173736131682,False,2412
2416,2026-09-29,601595,0.93456047480871685,False,2413
2417,2026-09-29,600648,0.93422269037292605,False,2414
2418,2026-09-29,600329,0.93313174475377214,False,2415
2419,2026-09-29,600361,0.9319835778223784,False,2416
2420,2026-09-29,300232,0.93196100893450207,False,2417
2421,2026-09-29,002951,0.9293759502918032,False,2418
2422,2026-09-29,600773,0.92872856757007849,False,2419
2423,2026-09-29,002609,0.92779708397632721,False,2420
2424,2026-09-29,000776,0.92710396262620165,False,2421
2425,2026-09-29,600269,0.92449547747158523,False,2422
2426,2026-09-29,688033,0.9230551832133469,False,2423
2427,2026-09-29,688560,0.92301384843536205,False,2424
2428,2026-09-29,000959,0.92276685656013291,False,2425
2429,2026-09-29,300595,0.92159458385892212,False,2426
2430,2026-09-29,000589,0.92002753369510604,False,2427
2431,2026-09-29,603666,0.91947988821548798,False,2428
2432,2026-09-29,688009,0.91868656239963387,False,2429
2433,2026-09-29,600710,0.91412484864023402,False,2430
2434,2026-09-29,601156,0.91319070647507461,False,2431
2435,2026-09-29,000800,0.91209960386779398,False,2432
2436,2026-09-29,002346,0.90848372457481019,False,2433
2437,2026-09-29,600875,0.9059626615749381,False,2434
2438,2026-09-29,300440,0.90353947892821551,False,2435
2439,2026-09-29,002923,0.89830288751839804,False,2436
2440,2026-09-29,300948,0.89783024672315181,False,2437
2441,2026-09-29,002633,0.89669707731801551,False,2438
2442,2026-09-29,600271,0.89525736292777447,False,2439
2443,2026-09-29,300466,0.89205336078662567,False,2440
2444,2026-09-29,603530,0.89127939768251063,False,2441
2445,2026-09-29,600027,0.88525392685250359,False,2442
2446,2026-09-29,600985,0.88440512192890053,False,2443
2447,2026-09-29,000762,0.88384529763747133,False,2444
2448,2026-09-29,301566,0.88242781945084203,False,2445
2449,2026-09-29,300160,0.88148000747056088,False,2446
2450,2026-09-29,301111,0.87917276601506034,False,2447
2451,2026-09-29,000712,0.87916726672209167,False,2448
2452,2026-09-29,300412,0.87680456780572591,False,2449
2453,2026-09-29,000528,0.87547137806892761,False,2450
2454,2026-09-29,688509,0.87527757588363464,False,2451
2455,2026-09-29,300916,0.87183594100494421,False,2452
2456,2026-09-29,605060,0.87128351082802513,False,2453
2457,2026-09-29,000032,0.869258937316298,False,2454
2458,2026-09-29,688198,0.8687361140052452,False,2455
2459,2026-09-29,000681,0.86729291172526135,False,2456
2460,2026-09-29,603117,0.86588881897872794,False,2457
2461,2026-09-29,300540,0.8658772539733901,False,2458
2462,2026-09-29,600717,0.8643712587072061,False,2459
2463,2026-09-29,300976,0.86137568331582459,False,2460
2464,2026-09-29,300242,0.85998056007560653,False,2461
2465,2026-09-29,300258,0.85472044055756857,False,2462
2466,2026-09-29,300177,0.8546076278040835,False,2463
2467,2026-09-29,600089,0.8544566465778296,False,2464
2468,2026-09-29,002930,0.85417537925406017,False,2465
2469,2026-09-29,603260,0.8536725555017407,False,2466
2470,2026-09-29,600528,0.85236402250647325,False,2467
2471,2026-09-29,002214,0.85133697825917887,False,2468
2472,2026-09-29,002876,0.84788183785161642,False,2469
2473,2026-09-29,603596,0.84748196259176167,False,2470
2474,2026-09-29,688078,0.84671746125385405,False,2471
2475,2026-09-29,000833,0.84615539456082667,False,2472
2476,2026-09-29,001270,0.84573012228971212,False,2473
2477,2026-09-29,688314,0.84518358518789327,False,2474
2478,2026-09-29,601828,0.84380577982116733,False,2475
2479,2026-09-29,301319,0.83759686528343136,False,2476
2480,2026-09-29,300669,0.8375382931894485,False,2477
2481,2026-09-29,000665,0.83595065849507899,False,2478
2482,2026-09-29,300891,0.83455638915561403,False,2479
2483,2026-09-29,300355,0.83059620822207458,False,2480
2484,2026-09-29,605333,0.83004743231056399,False,2481
2485,2026-09-29,002278,0.82763748950565386,False,2482
2486,2026-09-29,601766,0.82438943734608594,False,2483
2487,2026-09-29,002101,0.82022266350481265,False,2484
2488,2026-09-29,300459,0.82005564115797169,False,2485
2489,2026-09-29,003020,0.81426758831502566,False,2486
2490,2026-09-29,301192,0.81277149166251483,False,2487
2491,2026-09-29,002445,0.80787642729164677,False,2488
2492,2026-09-29,300883,0.80591642026091392,False,2489
2493,2026-09-29,688376,0.80549681068519319,False,2490
2494,2026-09-29,688047,0.80475592220387493,False,2491
2495,2026-09-29,600589,0.8044251957349704,False,2492
2496,2026-09-29,301449,0.80391327847379013,False,2493
2497,2026-09-29,300220,0.80320404404715284,False,2494
2498,2026-09-29,002377,0.8028815234005493,False,2495
2499,2026-09-29,605116,0.80232770149098487,False,2496
2500,2026-09-29,300118,0.80086605343051731,False,2497
2501,2026-09-29,300389,0.79644249192690264,False,2498
2502,2026-09-29,001288,0.79547405424396622,False,2499
2503,2026-09-29,300633,0.79501559196697102,False,2500
2504,2026-09-29,301559,0.79344453212279031,False,2501
2505,2026-09-29,000672,0.79322952389661527,False,2502
2506,2026-09-29,603992,0.79307188886292534,False,2503
2507,2026-09-29,002984,0.79197425840451574,False,2504
2508,2026-09-29,000927,0.791729069840025,False,2505
2509,2026-09-29,601005,0.79159898562430442,False,2506
2510,2026-09-29,600658,0.79072690432261028,False,2507
2511,2026-09-29,002747,0.7876563291396792,False,2508
2512,2026-09-29,000531,0.78696526668000288,False,2509
2513,2026-09-29,300777,0.78583880668091122,False,2510
2514,2026-09-29,600956,0.78498730077897383,False,2511
2515,2026-09-29,600072,0.78481785798101633,False,2512
2516,2026-09-29,300107,0.78345186938950107,False,2513
2517,2026-09-29,603969,0.78314383871030913,False,2514
2518,2026-09-29,002765,0.7799798376054986,False,2515
2519,2026-09-29,002369,0.77942483583837696,False,2516
2520,2026-09-29,000639,0.77812227582320803,False,2517
2521,2026-09-29,605196,0.7763574701541357,False,2518
2522,2026-09-29,301538,0.7759757804080365,False,2519
2523,2026-09-29,300856,0.7745495025457525,False,2520
2524,2026-09-29,603995,0.77444146369623845,False,2521
2525,2026-09-29,002090,0.77406103111352031,False,2522
2526,2026-09-29,000565,0.7722827840647648,False,2523
2527,2026-09-29,002011,0.76983167886959114,False,2524
2528,2026-09-29,301682,0.76621380153619012,False,2525
2529,2026-09-29,600556,0.76612976543017142,False,2526
2530,2026-09-29,603977,0.76579481928771431,False,2527
2531,2026-09-29,301175,0.76329470949708877,False,2528
2532,2026-09-29,300619,0.7625841126804076,False,2529
2533,2026-09-29,002979,0.76083096970338793,False,2530
2534,2026-09-29,600683,0.75939726090339732,False,2531
2535,2026-09-29,603458,0.75832844294292789,False,2532
2536,2026-09-29,300080,0.75816703013472619,False,2533
2537,2026-09-29,601166,0.75603026958751873,False,2534
2538,2026-09-29,300639,0.75490362858127602,False,2535
2539,2026-09-29,002216,0.75452647357580283,False,2536
2540,2026-09-29,601985,0.75388924457716422,False,2537
2541,2026-09-29,002832,0.74955648018936349,False,2538
2542,2026-09-29,002737,0.74925737432290873,False,2539
2543,2026-09-29,300019,0.74850932143099946,False,2540
2544,2026-09-29,603515,0.74641713129420184,False,2541
2545,2026-09-29,603813,0.7444338357140462,False,2542
2546,2026-09-29,300471,0.7441924281997534,False,2543
2547,2026-09-29,002304,0.73623723418401477,False,2544
2548,2026-09-29,002905,0.73607620147161779,False,2545
2549,2026-09-29,601880,0.73513211536648571,False,2546
2550,2026-09-29,688165,0.73454792500654775,False,2547
2551,2026-09-29,300136,0.733402699493789,False,2548
2552,2026-09-29,002116,0.73332420723499148,False,2549
2553,2026-09-29,000810,0.73172640539712985,False,2550
2554,2026-09-29,300380,0.72811978270318645,False,2551
2555,2026-09-29,002064,0.72760895621084332,False,2552
2556,2026-09-29,600056,0.72759371407998685,False,2553
2557,2026-09-29,603566,0.72038430875224924,False,2554
2558,2026-09-29,603280,0.71959781170846249,False,2555
2559,2026-09-29,301179,0.71902932775154782,False,2556
2560,2026-09-29,603816,0.71873938849711161,False,2557
2561,2026-09-29,600935,0.71755153814137129,False,2558
2562,2026-09-29,002643,0.71389439883598294,False,2559
2563,2026-09-29,300673,0.71360402657639455,False,2560
2564,2026-09-29,603167,0.71230913270243068,False,2561
2565,2026-09-29,300488,0.70844731628251989,False,2562
2566,2026-09-29,002755,0.70728627463481297,False,2563
2567,2026-09-29,600438,0.70616757599014646,False,2564
2568,2026-09-29,605099,0.70464485492195106,False,2565
2569,2026-09-29,688330,0.70370594392711849,False,2566
2570,2026-09-29,002313,0.70037217767818183,False,2567
2571,2026-09-29,301491,0.69768212705521204,False,2568
2572,2026-09-29,300988,0.69752710567285825,False,2569
2573,2026-09-29,603811,0.69669206890965096,False,2570
2574,2026-09-29,301082,0.69618002567611481,False,2571
2575,2026-09-29,002449,0.69395815382034987,False,2572
2576,2026-09-29,688595,0.68958498783873279,False,2573
2577,2026-09-29,688638,0.68920424816646708,False,2574
2578,2026-09-29,300421,0.68827836057723801,False,2575
2579,2026-09-29,601607,0.68679250125565439,False,2576
2580,2026-09-29,300581,0.68456053129733485,False,2577
2581,2026-09-29,300127,0.68324406127014636,False,2578
2582,2026-09-29,300366,0.68138439196836043,False,2579
2583,2026-09-29,002409,0.68050593810483795,False,2580
2584,2026-09-29,600120,0.67769016619750055,False,2581
2585,2026-09-29,603072,0.67752644365672898,False,2582
2586,2026-09-29,002895,0.6718959144627934,False,2583
2587,2026-09-29,300042,0.67001025059643493,False,2584
2588,2026-09-29,600831,0.66771487621072068,False,2585
2589,2026-09-29,001306,0.6658248605064121,False,2586
2590,2026-09-29,603387,0.6619983046536515,False,2587
2591,2026-09-29,301696,0.66170788152699234,False,2588
2592,2026-09-29,603898,0.66123511001960478,False,2589
2593,2026-09-29,688334,0.65795015385940769,False,2590
2594,2026-09-29,300640,0.65489923341486644,False,2591
2595,2026-09-29,688570,0.65323156557711037,False,2592
2596,2026-09-29,000917,0.65193078285890871,False,2593
2597,2026-09-29,603370,0.64957560028195604,False,2594
2598,2026-09-29,688162,0.64759102495623022,False,2595
2599,2026-09-29,600178,0.64566774741490751,False,2596
2600,2026-09-29,002160,0.64333877561437203,False,2597
2601,2026-09-29,688022,0.64298653836038122,False,2598
2602,2026-09-29,300801,0.6408060236858969,False,2599
2603,2026-09-29,002526,0.64079792665721835,False,2600
2604,2026-09-29,301076,0.63983472346594805,False,2601
2605,2026-09-29,688365,0.63944180796452643,False,2602
2606,2026-09-29,002075,0.63885667552020275,False,2603
2607,2026-09-29,300267,0.63841976447963766,False,2604
2608,2026-09-29,688139,0.63622388961361587,False,2605
2609,2026-09-29,002805,0.63429192465097917,False,2606
2610,2026-09-29,688128,0.6335704311139958,False,2607
2611,2026-09-29,301053,0.6326862118110439,False,2608
2612,2026-09-29,301658,0.63166404809230403,False,2609
2613,2026-09-29,603220,0.63019923197136185,False,2610
2614,2026-09-29,600635,0.63019743514508253,False,2611
2615,2026-09-29,688347,0.62855410405100498,False,2612
2616,2026-09-29,600979,0.62763527269676123,False,2613
2617,2026-09-29,002806,0.62565175216620439,False,2614
2618,2026-09-29,300158,0.62444850282022457,False,2615
2619,2026-09-29,300101,0.62023586769189065,False,2616
2620,2026-09-29,300326,0.61927934166170395,False,2617
2621,2026-09-29,002818,0.61800583831663636,False,2618
2622,2026-09-29,688158,0.61737899381740124,False,2619
2623,2026-09-29,300879,0.61608059791605951,False,2620
2624,2026-09-29,300036,0.61469911769971985,False,2621
2625,2026-09-29,600493,0.61455247704599225,False,2622
2626,2026-09-29,301050,0.61232425601920271,False,2623
2627,2026-09-29,600960,0.61104816549103669,False,2624
2628,2026-09-29,301528,0.60949725105058961,False,2625
2629,2026-09-29,301267,0.6088441303911476,False,2626
2630,2026-09-29,000058,0.60857015329411079,False,2627
2631,2026-09-29,000517,0.60455344189883231,False,2628
2632,2026-09-29,688290,0.60337289364134694,False,2629
2633,2026-09-29,300279,0.60291343167044442,False,2630
2634,2026-09-29,002014,0.59927203530472029,False,2631
2635,2026-09-29,600751,0.59716693381007446,False,2632
2636,2026-09-29,300219,0.59435926444471532,False,2633
2637,2026-09-29,002664,0.59426175692958361,False,2634
2638,2026-09-29,600637,0.59415908426637754,False,2635
2639,2026-09-29,300841,0.59304561480089513,False,2636
2640,2026-09-29,603063,0.59221922359580548,False,2637
2641,2026-09-29,688828,0.59041351767128558,False,2638
2642,2026-09-29,688166,0.58858830114727356,False,2639
2643,2026-09-29,688798,0.58674511136627916,False,2640
2644,2026-09-29,600163,0.5858615221078356,False,2641
2645,2026-09-29,002060,0.58326718892081519,False,2642
2646,2026-09-29,601398,0.58232751387730608,False,2643
2647,2026-09-29,002129,0.58152258373161447,False,2644
2648,2026-09-29,605599,0.5813416307079996,False,2645
2649,2026-09-29,605018,0.57706905322109114,False,2646
2650,2026-09-29,002441,0.57640685869706787,False,2647
2651,2026-09-29,000858,0.57613851919278103,False,2648
2652,2026-09-29,002892,0.57559800912997794,False,2649
2653,2026-09-29,600995,0.57487093332554817,False,2650
2654,2026-09-29,603020,0.57110228951306308,False,2651
2655,2026-09-29,002228,0.56907415039904197,False,2652
2656,2026-09-29,002870,0.56805592186060294,False,2653
2657,2026-09-29,600483,0.56704827657572454,False,2654
2658,2026-09-29,002034,0.56652229879731486,False,2655
2659,2026-09-29,600051,0.5641720394232097,False,2656
2660,2026-09-29,603018,0.56333359475949774,False,2657
2661,2026-09-29,002414,0.55949453959406215,False,2658
2662,2026-09-29,600795,0.55945971033141129,False,2659
2663,2026-09-29,300529,0.55775466015537645,False,2660
2664,2026-09-29,300678,0.55739297620500894,False,2661
2665,2026-09-29,688095,0.55735615995001297,False,2662
2666,2026-09-29,301585,0.55703264903825644,False,2663
2667,2026-09-29,300434,0.5538231428222663,False,2664
2668,2026-09-29,600817,0.55311512449755318,False,2665
2669,2026-09-29,600511,0.5526623459346327,False,2666
2670,2026-09-29,601111,0.5519866703453431,False,2667
2671,2026-09-29,000062,0.55195041671017897,False,2668
2672,2026-09-29,300274,0.55143129514288725,False,2669
2673,2026-09-29,600058,0.54917316695178053,False,2670
2674,2026-09-29,002685,0.54785501769573508,False,2671
2675,2026-09-29,600925,0.54631341482901519,False,2672
2676,2026-09-29,688726,0.54099851668862253,False,2673
2677,2026-09-29,300043,0.53987880765198637,False,2674
2678,2026-09-29,000926,0.53854881068905769,False,2675
2679,2026-09-29,300550,0.53842783943363992,False,2676
2680,2026-09-29,603818,0.53766693343748884,False,2677
2681,2026-09-29,603334,0.53737064186232697,False,2678
2682,2026-09-29,603194,0.53450935543422573,False,2679
2683,2026-09-29,601020,0.53329771829153427,False,2680
2684,2026-09-29,600210,0.53216082898635708,False,2681
2685,2026-09-29,002311,0.52963313732272432,False,2682
2686,2026-09-29,601163,0.5290781256853152,False,2683
2687,2026-09-29,688017,0.52880742819943283,False,2684
2688,2026-09-29,688511,0.52871960227121817,False,2685
2689,2026-09-29,603716,0.52826982640421161,False,2686
2690,2026-09-29,600600,0.5265809616144832,False,2687
2691,2026-09-29,002992,0.52609662411489355,False,2688
2692,2026-09-29,600350,0.52527515694132576,False,2689
2693,2026-09-29,600886,0.52441683410411233,False,2690
2694,2026-09-29,600526,0.5236580299435194,False,2691
2695,2026-09-29,600289,0.51842429314577809,False,2692
2696,2026-09-29,300248,0.51827081987785961,False,2693
2697,2026-09-29,600449,0.51572944446519453,False,2694
2698,2026-09-29,688301,0.51477796132217635,False,2695
2699,2026-09-29,688787,0.51129920169081611,False,2696
2700,2026-09-29,600789,0.50750028926363688,False,2697
2701,2026-09-29,301622,0.50551716285580506,False,2698
2702,2026-09-29,002919,0.50128511047035873,False,2699
2703,2026-09-29,601991,0.49951057439552482,False,2700
2704,2026-09-29,600859,0.49950774528269482,False,2701
2705,2026-09-29,002911,0.49779868860406951,False,2702
2706,2026-09-29,600479,0.49705515976039116,False,2703
2707,2026-09-29,300008,0.49516170065517578,False,2704
2708,2026-09-29,301632,0.49494900986523549,False,2705
2709,2026-09-29,301246,0.49165745348653894,False,2706
2710,2026-09-29,300435,0.49115943885409413,False,2707
2711,2026-09-29,601228,0.49018195413658994,False,2708
2712,2026-09-29,300476,0.48887049140946703,False,2709
2713,2026-09-29,603077,0.48867823155849566,False,2710
2714,2026-09-29,603658,0.48344955057697442,False,2711
2715,2026-09-29,603155,0.48234884423963525,False,2712
2716,2026-09-29,002906,0.48036439374761319,False,2713
2717,2026-09-29,300720,0.48014694072544595,False,2714
2718,2026-09-29,000988,0.47357710704901312,False,2715
2719,2026-09-29,603239,0.47223682582442827,False,2716
2720,2026-09-29,002549,0.47102362861127611,False,2717
2721,2026-09-29,688003,0.47083462296018874,False,2718
2722,2026-09-29,301153,0.4673279151680334,False,2719
2723,2026-09-29,002190,0.46609379771262982,False,2720
2724,2026-09-29,603100,0.46516287733581602,False,2721
2725,2026-09-29,001312,0.4646345193420931,False,2722
2726,2026-09-29,300782,0.46438545838174972,False,2723
2727,2026-09-29,600801,0.46247819927849376,False,2724
2728,2026-09-29,001236,0.45770303849600524,False,2725
2729,2026-09-29,601997,0.45762901751880714,False,2726
2730,2026-09-29,601179,0.4572922451415885,False,2727
2731,2026-09-29,600559,0.45680227340252344,False,2728
2732,2026-09-29,002130,0.45501502221302159,False,2729
2733,2026-09-29,301387,0.45449381167965763,False,2730
2734,2026-09-29,603993,0.45313038468531475,False,2731
2735,2026-09-29,002726,0.4485363042451409,False,2732
2736,2026-09-29,300281,0.44781192473962461,False,2733
2737,2026-09-29,603352,0.44624617042664871,False,2734
2738,2026-09-29,603927,0.44259520444292422,False,2735
2739,2026-09-29,301421,0.44152764888376617,False,2736
2740,2026-09-29,002456,0.4406596567967479,False,2737
2741,2026-09-29,301556,0.43993047853465539,False,2738
2742,2026-09-29,001367,0.43828982288832685,False,2739
2743,2026-09-29,002407,0.43680099091180291,False,2740
2744,2026-09-29,601933,0.43448711768104958,False,2741
2745,2026-09-29,600623,0.4291936133069052,False,2742
2746,2026-09-29,603881,0.42445064151502249,False,2743
2747,2026-09-29,300861,0.42373948239432224,False,2744
2748,2026-09-29,603213,0.42316052601501752,False,2745
2749,2026-09-29,603890,0.41934831946802642,False,2746
2750,2026-09-29,002037,0.41686619875504816,False,2747
2751,2026-09-29,300055,0.41344726721133018,False,2748
2752,2026-09-29,688556,0.41283160569713484,False,2749
2753,2026-09-29,002158,0.41248504180660261,False,2750
2754,2026-09-29,301683,0.41227441491654993,False,2751
2755,2026-09-29,601336,0.41174166554698899,False,2752
2756,2026-09-29,301345,0.41132146102569589,False,2753
2757,2026-09-29,003010,0.40336204659518238,False,2754
2758,2026-09-29,601996,0.40312258836520121,False,2755
2759,2026-09-29,300556,0.40233882984911862,False,2756
2760,2026-09-29,300222,0.39865245162898472,False,2757
2761,2026-09-29,601199,0.39837756181624451,False,2758
2762,2026-09-29,002168,0.39319344988862515,False,2759
2763,2026-09-29,002440,0.39271307039680414,False,2760
2764,2026-09-29,600009,0.38900962721556237,False,2761
2765,2026-09-29,301252,0.38799624036536601,False,2762
2766,2026-09-29,600169,0.38730369608529669,False,2763
2767,2026-09-29,688602,0.38432555462471951,False,2764
2768,2026-09-29,300482,0.38412907820139175,False,2765
2769,2026-09-29,600970,0.38389314321876578,False,2766
2770,2026-09-29,002723,0.3834030999039324,False,2767
2771,2026-09-29,600606,0.38176821349725154,False,2768
2772,2026-09-29,000723,0.3740842357592653,False,2769
2773,2026-09-29,603421,0.37391966147156031,False,2770
2774,2026-09-29,300249,0.3681126440592829,False,2771
2775,2026-09-29,000008,0.36344892201133994,False,2772
2776,2026-09-29,300130,0.36228213321711134,False,2773
2777,2026-09-29,600461,0.36170082637246104,False,2774
2778,2026-09-29,002889,0.36125434403710766,False,2775
2779,2026-09-29,301321,0.36069136099671251,False,2776
2780,2026-09-29,688797,0.36049815325558709,False,2777
2781,2026-09-29,002338,0.35571190396047569,False,2778
2782,2026-09-29,601619,0.35553928417046654,False,2779
2783,2026-09-29,603166,0.34957477514297175,False,2780
2784,2026-09-29,301148,0.34830711540662596,False,2781
2785,2026-09-29,001339,0.34661655578752937,False,2782
2786,2026-09-29,688027,0.34520645466689315,False,2783
2787,2026-09-29,688117,0.34393098731559346,False,2784
2788,2026-09-29,300343,0.34380556784387251,False,2785
2789,2026-09-29,300176,0.34317393771021631,False,2786
2790,2026-09-29,002738,0.34272885302963452,False,2787
2791,2026-09-29,002566,0.33952797287216896,False,2788
2792,2026-09-29,600901,0.33801266266307195,False,2789
2793,2026-09-29,000837,0.33720946805043794,False,2790
2794,2026-09-29,300847,0.33503574578826384,False,2791
2795,2026-09-29,603680,0.33439174472908983,False,2792
2796,2026-09-29,688777,0.33236121439750987,False,2793
2797,2026-09-29,300525,0.3313457057227982,False,2794
2798,2026-09-29,603012,0.32919378623499357,False,2795
2799,2026-09-29,300498,0.32619606007447866,False,2796
2800,2026-09-29,300957,0.32359020998742793,False,2797
2801,2026-09-29,600168,0.32349083607347051,False,2798
2802,2026-09-29,601888,0.32151925181825686,False,2799
2803,2026-09-29,002693,0.31848413611754789,False,2800
2804,2026-09-29,603286,0.31751711418899453,False,2801
2805,2026-09-29,688522,0.31103136112869678,False,2802
2806,2026-09-29,000155,0.3097466271054663,False,2803
2807,2026-09-29,301016,0.30959158795057851,False,2804
2808,2026-09-29,603125,0.30804147435390572,False,2805
2809,2026-09-29,000950,0.30625003429914122,False,2806
2810,2026-09-29,600639,0.30112383118362107,False,2807
2811,2026-09-29,301166,0.29926211158918403,False,2808
2812,2026-09-29,002824,0.298878489532588,False,2809
2813,2026-09-29,605123,0.29490354855851431,False,2810
2814,2026-09-29,601319,0.29482206790427379,False,2811
2815,2026-09-29,301379,0.29454823592207846,False,2812
2816,2026-09-29,300217,0.29421498024765846,False,2813
2817,2026-09-29,600370,0.29415814322268918,False,2814
2818,2026-09-29,002529,0.29023724670937678,False,2815
2819,2026-09-29,601717,0.28654082218671328,False,2816
2820,2026-09-29,001311,0.28596647973714973,False,2817
2821,2026-09-29,600535,0.28578707172420659,False,2818
2822,2026-09-29,301697,0.28265623606654822,False,2819
2823,2026-09-29,000028,0.27225536898890335,False,2820
2824,2026-09-29,600630,0.27048376770590288,False,2821
2825,2026-09-29,301105,0.26736048576703819,False,2822
2826,2026-09-29,002452,0.26558449173558785,False,2823
2827,2026-09-29,600185,0.25920096999062425,False,2824
2828,2026-09-29,002858,0.25442653198308207,False,2825
2829,2026-09-29,688227,0.25430326444621421,False,2826
2830,2026-09-29,000965,0.25211483072471685,False,2827
2831,2026-09-29,600029,0.2507708971632327,False,2828
2832,2026-09-29,301667,0.25063886401282276,False,2829
2833,2026-09-29,002067,0.25043935607474666,False,2830
2834,2026-09-29,688231,0.24914870510611764,False,2831
2835,2026-09-29,600501,0.24897672487453684,False,2832
2836,2026-09-29,300506,0.24752119397116801,False,2833
2837,2026-09-29,000826,0.24603186083420614,False,2834
2838,2026-09-29,300821,0.24298359993773366,False,2835
2839,2026-09-29,605050,0.2425119815646597,False,2836
2840,2026-09-29,601696,0.24051089915056623,False,2837
2841,2026-09-29,300140,0.2402887525800288,False,2838
2842,2026-09-29,002807,0.2379978666979512,False,2839
2843,2026-09-29,603801,0.23737254629052629,False,2840
2844,2026-09-29,600452,0.23733195427703152,False,2841
2845,2026-09-29,603355,0.23263141785822783,False,2842
2846,2026-09-29,603612,0.23199283296686324,False,2843
2847,2026-09-29,300979,0.23066410493707207,False,2844
2848,2026-09-29,002848,0.22719630534839341,False,2845
2849,2026-09-29,688757,0.22363557172851478,False,2846
2850,2026-09-29,688251,0.22181759565865045,False,2847
2851,2026-09-29,301176,0.22176586281986777,False,2848
2852,2026-09-29,600730,0.21886873779360608,False,2849
2853,2026-09-29,688543,0.21719306824605777,False,2850
2854,2026-09-29,300735,0.2162875660516913,False,2851
2855,2026-09-29,600988,0.21167382488081316,False,2852
2856,2026-09-29,002350,0.21133446875439499,False,2853
2857,2026-09-29,600745,0.21055851771263301,False,2854
2858,2026-09-29,600278,0.20816676576186066,False,2855
2859,2026-09-29,601089,0.20708358277085148,False,2856
2860,2026-09-29,002398,0.20668998103096348,False,2857
2861,2026-09-29,003038,0.20614643162153312,False,2858
2862,2026-09-29,002066,0.20528189930960594,False,2859
2863,2026-09-29,603579,0.20437253295164204,False,2860
2864,2026-09-29,605008,0.20288236859594361,False,2861
2865,2026-09-29,603533,0.20221387296711071,True,
2866,2026-09-29,000958,0.20131163555396436,False,2862
2867,2026-09-29,688055,0.2005258223663044,False,2863
2868,2026-09-29,300022,0.19845579532579993,False,2864
2869,2026-09-29,605318,0.19810108618110389,False,2865
2870,2026-09-29,300963,0.19378603745841105,False,2866
2871,2026-09-29,688722,0.19214362888137071,False,2867
2872,2026-09-29,605376,0.19016577067452411,False,2868
2873,2026-09-29,000999,0.19004956033881637,False,2869
2874,2026-09-29,300205,0.18707103644460055,False,2870
2875,2026-09-29,600549,0.18597919835730092,False,2871
2876,2026-09-29,601106,0.18528213609673083,False,2872
2877,2026-09-29,300388,0.18349359836124202,False,2873
2878,2026-09-29,603197,0.1765694511266187,False,2874
2879,2026-09-29,002591,0.17459322166083069,False,2875
2880,2026-09-29,688018,0.17331468416732354,False,2876
2881,2026-09-29,002334,0.17240747307973059,False,2877
2882,2026-09-29,600523,0.17220187611846582,False,2878
2883,2026-09-29,000791,0.16992081441923679,False,2879
2884,2026-09-29,600265,0.16513254074907113,False,2880
2885,2026-09-29,600157,0.16272629150450757,False,2881
2886,2026-09-29,300532,0.15935520265693293,False,2882
2887,2026-09-29,002063,0.15454317877633073,False,2883
2888,2026-09-29,300315,0.1538886046590322,False,2884
2889,2026-09-29,002867,0.1477507274187797,False,2885
2890,2026-09-29,601236,0.14697765660588635,False,2886
2891,2026-09-29,300485,0.14695817900140717,False,2887
2892,2026-09-29,603906,0.1428852312798452,False,2888
2893,2026-09-29,002938,0.14056104345177012,False,2889
2894,2026-09-29,600905,0.14005733724546721,False,2890
2895,2026-09-29,002996,0.13998055364106632,False,2891
2896,2026-09-29,002907,0.13913210626100697,False,2892
2897,2026-09-29,002829,0.13889836418239554,False,2893
2898,2026-09-29,301613,0.13608731905041366,False,2894
2899,2026-09-29,300284,0.13397012482157777,False,2895
2900,2026-09-29,688111,0.13381743591065309,False,2896
2901,2026-09-29,301077,0.13199549982183112,False,2897
2902,2026-09-29,601588,0.13061430321764556,False,2898
2903,2026-09-29,301383,0.12994359502397446,False,2899
2904,2026-09-29,002674,0.12719859788867627,False,2900
2905,2026-09-29,688520,0.12578465719746457,False,2901
2906,2026-09-29,002927,0.12456128082962281,False,2902
2907,2026-09-29,002624,0.12411937324842537,False,2903
2908,2026-09-29,601288,0.1217164853781143,False,2904
2909,2026-09-29,002152,0.12154896173666252,False,2905
2910,2026-09-29,002010,0.12109809541640359,False,2906
2911,2026-09-29,002988,0.12027299418819737,False,2907
2912,2026-09-29,688718,0.12001466807206618,False,2908
2913,2026-09-29,600690,0.11928592746347977,False,2909
2914,2026-09-29,002590,0.11626545602080607,False,2910
2915,2026-09-29,600110,0.11515333311208176,False,2911
2916,2026-09-29,600587,0.1131661654205236,False,2912
2917,2026-09-29,688217,0.1045573234230881,False,2913
2918,2026-09-29,300885,0.099473571868370581,False,2914
2919,2026-09-29,001266,0.09612035612422809,False,2915
2920,2026-09-29,603843,0.093669957837573259,False,2916
2921,2026-09-29,300541,0.09018238753405472,False,2917
2922,2026-09-29,002941,0.088755141419526784,False,2918
2923,2026-09-29,688805,0.084846475944596711,False,2919
2924,2026-09-29,301522,0.083448532675807208,False,2920
2925,2026-09-29,000612,0.082122996122662661,False,2921
2926,2026-09-29,603170,0.080607446108053926,False,2922
2927,2026-09-29,603206,0.080493891488131908,False,2923
2928,2026-09-29,002515,0.078521307595655565,False,2924
2929,2026-09-29,301638,0.078450522904769726,False,2925
2930,2026-09-29,688536,0.077289535837013035,False,2926
2931,2026-09-29,603726,0.076557177783812491,False,2927
2932,2026-09-29,600016,0.075904552255824154,False,2928
2933,2026-09-29,688307,0.072398878275312717,False,2929
2934,2026-09-29,300168,0.070911373214060047,False,2930
2935,2026-09-29,603766,0.06433984357070488,False,2931
2936,2026-09-29,002695,0.059447399650755739,False,2932
2937,2026-09-29,301398,0.057814481593073674,False,2933
2938,2026-09-29,603322,0.056330534347115435,True,
2939,2026-09-29,000898,0.055917718386230497,False,2934
2940,2026-09-29,000750,0.055828665409588141,False,2935
2941,2026-09-29,002394,0.052004162704488044,False,2936
2942,2026-09-29,301285,0.047549765940250732,False,2937
2943,2026-09-29,002150,0.044164534376299081,False,2938
2944,2026-09-29,000518,0.043760470613634972,False,2939
2945,2026-09-29,600660,0.043513141734304428,False,2940
2946,2026-09-29,603998,0.040397651162086268,False,2941
2947,2026-09-29,600810,0.037735429375269303,False,2942
2948,2026-09-29,301026,0.037557295072000896,False,2943
2949,2026-09-29,301222,0.037403302127193672,False,2944
2950,2026-09-29,300900,0.036658975792023263,False,2945
2951,2026-09-29,001232,0.035923119044762863,False,2946
2952,2026-09-29,300760,0.035857695028342129,False,2947
2953,2026-09-29,603000,0.033206918234427896,False,2948
2954,2026-09-29,600757,0.025652784636576609,False,2949
2955,2026-09-29,600198,0.025231369826418049,False,2950
2956,2026-09-29,603797,0.02480706973752822,False,2951
2957,2026-09-29,605222,0.021566892014047045,False,2952
2958,2026-09-29,688219,0.019918642946727738,False,2953
2959,2026-09-29,603931,0.017245892386129724,False,2954
2960,2026-09-29,301581,0.017077402066303704,False,2955
2961,2026-09-29,300689,0.015857095308068669,False,2956
2962,2026-09-29,688223,0.014553192558971251,False,2957
2963,2026-09-29,603093,0.0087575270149554685,False,2958
2964,2026-09-29,000652,0.004711373058916779,False,2959
2965,2026-09-29,600031,0.003013599492561081,False,2960
2966,2026-09-29,603185,0.0014119542733361246,False,2961
2967,2026-09-29,002378,0.0010398847301615888,False,2962
2968,2026-09-29,603519,0.00051916590517431249,False,2963
2969,2026-09-29,600477,-0.0021433944337087008,False,2964
2970,2026-09-29,600054,-0.002283677386379579,False,2965
2971,2026-09-29,601137,-0.0030336743097826857,False,2966
2972,2026-09-29,600230,-0.0038287621325482357,False,2967
2973,2026-09-29,002043,-0.0050974487765199639,False,2968
2974,2026-09-29,688327,-0.0058187154574140809,False,2969
2975,2026-09-29,603004,-0.0092333884211547312,False,2970
2976,2026-09-29,300091,-0.010941985768798179,False,2971
2977,2026-09-29,600604,-0.012614770556186206,False,2972
2978,2026-09-29,603662,-0.017639741435371892,False,2973
2979,2026-09-29,600030,-0.018472171090800571,False,2974
2980,2026-09-29,688508,-0.019661570777720239,False,2975
2981,2026-09-29,603389,-0.022281836594626458,False,2976
2982,2026-09-29,000566,-0.022491075231256596,False,2977
2983,2026-09-29,300426,-0.023362125592415794,False,2978
2984,2026-09-29,603650,-0.024431081385306364,False,2979
2985,2026-09-29,002706,-0.024877168101896108,False,2980
2986,2026-09-29,600809,-0.025750768426067383,False,2981
2987,2026-09-29,300695,-0.026225739644659074,False,2982
2988,2026-09-29,603659,-0.031146852191863861,False,2983
2989,2026-09-29,600480,-0.031196531777001019,False,2984
2990,2026-09-29,601021,-0.034410306471424068,False,2985
2991,2026-09-29,300453,-0.039056497832215653,False,2986
2992,2026-09-29,603822,-0.039278129163471981,False,2987
2993,2026-09-29,688516,-0.040739036912289306,False,2988
2994,2026-09-29,603377,-0.041197768620255593,False,2989
2995,2026-09-29,000922,-0.041279765401719737,False,2990
2996,2026-09-29,603959,-0.042099808737877442,False,2991
2997,2026-09-29,300605,-0.042990259735473435,False,2992
2998,2026-09-29,002207,-0.045205376169951572,False,2993
2999,2026-09-29,000514,-0.046311023478615043,False,2994
3000,2026-09-29,688676,-0.046394591619088654,False,2995
3001,2026-09-29,002273,-0.051610200452193888,False,2996
3002,2026-09-29,300142,-0.053599431680134701,False,2997
3003,2026-09-29,688302,-0.055848440253780773,False,2998
3004,2026-09-29,601966,-0.062893173778471034,False,2999
3005,2026-09-29,600726,-0.062977159676720573,False,3000
3006,2026-09-29,600020,-0.063104689244505074,False,3001
3007,2026-09-29,300215,-0.0632627537210112,False,3002
3008,2026-09-29,600391,-0.063455061293656412,False,3003
3009,2026-09-29,600078,-0.065705179043530071,False,3004
3010,2026-09-29,603701,-0.067411869794093082,False,3005
3011,2026-09-29,600628,-0.070145470262525933,False,3006
3012,2026-09-29,605189,-0.070205577191914559,False,3007
3013,2026-09-29,600143,-0.074368454432652498,False,3008
3014,2026-09-29,000581,-0.075183273049878707,False,3009
3015,2026-09-29,300420,-0.075760689637329792,False,3010
3016,2026-09-29,603803,-0.07712536168259243,False,3011
3017,2026-09-29,600436,-0.0789723216353449,False,3012
3018,2026-09-29,300857,-0.079995982060865334,False,3013
3019,2026-09-29,002315,-0.082814221859104031,False,3014
3020,2026-09-29,002486,-0.087878438583957497,False,3015
3021,2026-09-29,300873,-0.091298235907889991,False,3016
3022,2026-09-29,301221,-0.093010733830400261,False,3017
3023,2026-09-29,600853,-0.093891715750828997,False,3018
3024,2026-09-29,300416,-0.094572151527392512,False,3019
3025,2026-09-29,001285,-0.095291115410220062,False,3020
3026,2026-09-29,002663,-0.095836089684969483,False,3021
3027,2026-09-29,301135,-0.099959486461625557,False,3022
3028,2026-09-29,000100,-0.10035100645644124,False,3023
3029,2026-09-29,002675,-0.10254761382896072,False,3024
3030,2026-09-29,300235,-0.10387723079488387,False,3025
3031,2026-09-29,600602,-0.10466158167187678,False,3026
3032,2026-09-29,600495,-0.10507422903372943,False,3027
3033,2026-09-29,300146,-0.1058890391364149,False,3028
3034,2026-09-29,600993,-0.10627054650278689,False,3029
3035,2026-09-29,300203,-0.11344087610314119,False,3030
3036,2026-09-29,603505,-0.11423909949979083,False,3031
3037,2026-09-29,002099,-0.11508442509839778,False,3032
3038,2026-09-29,300256,-0.11513869656956766,False,3033
3039,2026-09-29,688475,-0.11542497881493752,False,3034
3040,2026-09-29,002358,-0.11635525658197254,False,3035
3041,2026-09-29,000678,-0.1197667740657673,True,
3042,2026-09-29,600202,-0.11986444144515906,False,3036
3043,2026-09-29,300778,-0.12010878030397193,False,3037
3044,2026-09-29,002372,-0.12205827956160675,False,3038
3045,2026-09-29,600161,-0.12535467432555736,False,3039
3046,2026-09-29,002405,-0.12682625378837678,False,3040
3047,2026-09-29,000848,-0.12908602971814742,False,3041
3048,2026-09-29,002831,-0.1309087120556145,False,3042
3049,2026-09-29,600894,-0.13168947650153273,False,3043
3050,2026-09-29,002790,-0.13421172024949402,False,3044
3051,2026-09-29,300869,-0.13666097995108295,False,3045
3052,2026-09-29,688071,-0.13680276574117434,False,3046
3053,2026-09-29,600930,-0.13688621115928257,False,3047
3054,2026-09-29,002491,-0.13919924229705627,False,3048
3055,2026-09-29,301589,-0.14032694950163482,False,3049
3056,2026-09-29,603085,-0.1447299058691609,False,3050
3057,2026-09-29,002217,-0.14490592643869604,False,3051
3058,2026-09-29,300406,-0.14614731816506121,False,3052
3059,2026-09-29,688617,-0.14678572937722389,False,3053
3060,2026-09-29,300063,-0.15075964931830987,False,3054
3061,2026-09-29,600784,-0.15345839114465809,False,3055
3062,2026-09-29,300815,-0.15443805143343747,False,3056
3063,2026-09-29,002026,-0.15536092428358805,False,3057
3064,2026-09-29,600850,-0.15559638508823848,False,3058
3065,2026-09-29,002097,-0.16140093716607651,False,3059
3066,2026-09-29,605499,-0.16241062515898463,False,3060
3067,2026-09-29,000055,-0.16625777139966935,False,3061
3068,2026-09-29,000663,-0.16798088899686991,False,3062
3069,2026-09-29,688136,-0.17048514698069139,False,3063
3070,2026-09-29,601456,-0.1714546160341831,False,3064
3071,2026-09-29,300995,-0.17149013189816459,False,3065
3072,2026-09-29,001283,-0.17202516808740198,False,3066
3073,2026-09-29,301007,-0.1730120462770679,False,3067
3074,2026-09-29,300149,-0.17339333320810013,False,3068
3075,2026-09-29,300197,-0.17456734730352322,False,3069
3076,2026-09-29,605133,-0.17705877139053583,False,3070
3077,2026-09-29,003005,-0.1796340769155142,False,3071
3078,2026-09-29,688390,-0.17969421613145475,False,3072
3079,2026-09-29,600578,-0.18055201957833433,False,3073
3080,2026-09-29,300781,-0.18237809202891808,False,3074
3081,2026-09-29,600353,-0.18411048267609376,False,3075
3082,2026-09-29,300173,-0.18419850098690782,False,3076
3083,2026-09-29,603196,-0.1842669270720001,False,3077
3084,2026-09-29,300507,-0.18672879827320732,False,3078
3085,2026-09-29,600879,-0.18908305314741625,False,3079
3086,2026-09-29,300752,-0.18931603292270072,False,3080
3087,2026-09-29,002593,-0.19256983961885266,False,3081
3088,2026-09-29,002777,-0.1999326943592219,False,3082
3089,2026-09-29,688597,-0.20424506355949124,False,3083
3090,2026-09-29,002400,-0.20507471512022768,False,3084
3091,2026-09-29,600055,-0.20672852780417561,False,3085
3092,2026-09-29,688609,-0.21174084769054557,False,3086
3093,2026-09-29,300757,-0.21452501470487145,False,3087
3094,2026-09-29,002193,-0.21647283118003646,False,3088
3095,2026-09-29,002292,-0.21758455234611046,False,3089
3096,2026-09-29,301707,-0.21799035184147864,False,3090
3097,2026-09-29,688728,-0.21822820817886246,False,3091
3098,2026-09-29,000544,-0.22239618950233853,False,3092
3099,2026-09-29,300460,-0.22330121428027128,False,3093
3100,2026-09-29,300666,-0.22639904980697301,False,3094
3101,2026-09-29,300477,-0.2265409044990716,False,3095
3102,2026-09-29,002625,-0.22865905929580199,False,3096
3103,2026-09-29,600927,-0.22980028324655921,False,3097
3104,2026-09-29,688776,-0.23263124071999197,False,3098
3105,2026-09-29,600622,-0.23788155780767006,False,3099
3106,2026-09-29,301509,-0.23836344837875312,False,3100
3107,2026-09-29,603319,-0.23900221170815339,False,3101
3108,2026-09-29,600096,-0.23983129361807509,False,3102
3109,2026-09-29,300405,-0.24006328309618108,False,3103
3110,2026-09-29,600322,-0.24053883722551106,False,3104
3111,2026-09-29,601068,-0.24066979307248942,False,3105
3112,2026-09-29,300576,-0.24249555512838583,False,3106
3113,2026-09-29,301195,-0.2433837273167625,False,3107
3114,2026-09-29,688391,-0.24422039878743229,False,3108
3115,2026-09-29,002540,-0.24435910160300867,False,3109
3116,2026-09-29,300809,-0.2452098733782051,False,3110
3117,2026-09-29,603039,-0.24597784314656201,False,3111
3118,2026-09-29,688610,-0.24991108114040039,False,3112
3119,2026-09-29,300481,-0.25013863737582503,False,3113
3120,2026-09-29,001369,-0.25125121102211601,False,3114
3121,2026-09-29,600372,-0.25204308279714405,False,3115
3122,2026-09-29,688237,-0.25470270193897793,False,3116
3123,2026-09-29,301207,-0.25829271053038783,False,3117
3124,2026-09-29,600243,-0.26132134276643659,False,3118
3125,2026-09-29,000607,-0.26158375341050055,True,
3126,2026-09-29,300334,-0.26331136152249379,False,3119
3127,2026-09-29,000921,-0.26438691155382921,False,3120
3128,2026-09-29,000669,-0.26577636845119751,False,3121
3129,2026-09-29,300196,-0.27108727932617993,False,3122
3130,2026-09-29,002191,-0.2717187942860444,False,3123
3131,2026-09-29,002218,-0.27321429067141589,False,3124
3132,2026-09-29,301359,-0.27368550539869552,False,3125
3133,2026-09-29,301109,-0.27526192546158934,False,3126
3134,2026-09-29,601069,-0.27580446118884494,False,3127
3135,2026-09-29,300537,-0.27626038224098393,False,3128
3136,2026-09-29,688100,-0.27683818249539655,False,3129
3137,2026-09-29,300805,-0.27707495775380564,False,3130
3138,2026-09-29,603007,-0.2782913561459105,False,3131
3139,2026-09-29,300135,-0.28216291443854058,False,3132
3140,2026-09-29,002585,-0.2824604270933988,False,3133
3141,2026-09-29,688633,-0.2888161261715021,False,3134
3142,2026-09-29,688249,-0.29026930229617354,False,3135
3143,2026-09-29,600756,-0.29338636312444616,False,3136
3144,2026-09-29,300433,-0.29544350808358866,False,3137
3145,2026-09-29,301283,-0.29641766647463785,False,3138
3146,2026-09-29,300040,-0.29885357476685759,False,3139
3147,2026-09-29,000554,-0.29980430052095119,False,3140
3148,2026-09-29,002564,-0.30018086287426016,False,3141
3149,2026-09-29,002523,-0.30054807744205059,False,3142
3150,2026-09-29,002364,-0.30165552512811056,False,3143
3151,2026-09-29,688077,-0.30594269915331357,False,3144
3152,2026-09-29,600234,-0.30607655364461728,False,3145
3153,2026-09-29,600681,-0.3078146298581711,False,3146
3154,2026-09-29,600510,-0.30833967022059194,False,3147
3155,2026-09-29,002415,-0.30838841176198273,False,3148
3156,2026-09-29,600268,-0.3098200337288024,False,3149
3157,2026-09-29,002598,-0.31034096038851411,False,3150
3158,2026-09-29,601727,-0.31193652931966087,False,3151
3159,2026-09-29,002761,-0.31343682555442381,False,3152
3160,2026-09-29,300071,-0.31645472350018666,False,3153
3161,2026-09-29,002592,-0.32169640531958921,False,3154
3162,2026-09-29,688159,-0.32202985571361264,False,3155
3163,2026-09-29,600088,-0.32334203775458015,False,3156
3164,2026-09-29,000900,-0.32540138368540661,False,3157
3165,2026-09-29,002027,-0.32966872924386115,False,3158
3166,2026-09-29,603048,-0.33033064577077731,False,3159
3167,2026-09-29,300066,-0.33102975287967107,False,3160
3168,2026-09-29,000099,-0.33107541409475538,False,3161
3169,2026-09-29,300034,-0.33311743029101293,False,3162
3170,2026-09-29,688126,-0.3401972533426314,False,3163
3171,2026-09-29,603893,-0.3462524147316417,False,3164
3172,2026-09-29,601901,-0.34774254318109005,False,3165
3173,2026-09-29,002057,-0.34911775541707379,False,3166
3174,2026-09-29,600808,-0.35003002561889462,False,3167
3175,2026-09-29,002936,-0.35044431818394495,False,3168
3176,2026-09-29,001203,-0.3514613240333766,False,3169
3177,2026-09-29,688351,-0.35182405942244549,False,3170
3178,2026-09-29,002605,-0.35218289552438142,False,3171
3179,2026-09-29,002310,-0.35408815450016951,False,3172
3180,2026-09-29,300641,-0.35516631443732122,False,3173
3181,2026-09-29,002174,-0.35831986867731302,False,3174
3182,2026-09-29,000045,-0.36043711206194051,False,3175
3183,2026-09-29,688472,-0.36047910259137761,False,3176
3184,2026-09-29,300668,-0.36062592678028937,False,3177
3185,2026-09-29,603225,-0.36387230439044227,False,3178
3186,2026-09-29,688553,-0.36546460052581486,False,3179
3187,2026-09-29,300270,-0.36579396717155155,False,3180
3188,2026-09-29,002382,-0.37202244023769349,False,3181
3189,2026-09-29,600246,-0.3742409024163238,False,3182
3190,2026-09-29,001396,-0.37798955977454041,False,3183
3191,2026-09-29,600232,-0.37849742770291822,False,3184
3192,2026-09-29,688172,-0.38238643011337836,False,3185
3193,2026-09-29,000838,-0.38683412710716458,False,3186
3194,2026-09-29,002053,-0.3872031750443814,False,3187
3195,2026-09-29,300622,-0.38883871759646693,False,3188
3196,2026-09-29,600498,-0.38951374446287268,False,3189
3197,2026-09-29,603988,-0.39046253542126941,False,3190
3198,2026-09-29,300654,-0.39280596851662963,False,3191
3199,2026-09-29,688702,-0.39487310436810352,False,3192
3200,2026-09-29,301069,-0.39535692928891175,False,3193
3201,2026-09-29,603040,-0.39556516741005721,False,3194
3202,2026-09-29,600996,-0.40339976879483036,False,3195
3203,2026-09-29,688665,-0.40406559623917304,False,3196
3204,2026-09-29,601908,-0.40949141601523892,False,3197
3205,2026-09-29,002550,-0.41006725286090762,False,3198
3206,2026-09-29,603703,-0.41274755224878362,False,3199
3207,2026-09-29,300241,-0.41293276623425712,False,3200
3208,2026-09-29,605086,-0.41369817939182107,False,3201
3209,2026-09-29,301020,-0.41497892597357389,False,3202
3210,2026-09-29,601128,-0.41659995887067769,False,3203
3211,2026-09-29,600797,-0.41660226205496786,False,3204
3212,2026-09-29,300327,-0.41966941710206851,False,3205
3213,2026-09-29,600012,-0.41989276565503764,False,3206
3214,2026-09-29,001872,-0.42020508608555596,False,3207
3215,2026-09-29,688267,-0.4220598917771925,False,3208
3216,2026-09-29,600918,-0.42228410446491682,False,3209
3217,2026-09-29,300233,-0.42271593264200147,False,3210
3218,2026-09-29,000159,-0.42318219926436096,False,3211
3219,2026-09-29,688098,-0.42325856649206317,False,3212
3220,2026-09-29,600537,-0.42403851267468551,False,3213
3221,2026-09-29,600211,-0.42432264022473132,False,3214
3222,2026-09-29,000088,-0.42538914708761588,False,3215
3223,2026-09-29,688106,-0.42650509574496898,False,3216
3224,2026-09-29,002651,-0.4270145136424694,False,3217
3225,2026-09-29,600298,-0.42982430238384006,False,3218
3226,2026-09-29,301536,-0.43089316345995854,False,3219
3227,2026-09-29,601328,-0.43247018419461192,False,3220
3228,2026-09-29,688739,-0.43346267752821088,False,3221
3229,2026-09-29,300187,-0.43409549674767223,False,3222
3230,2026-09-29,002256,-0.43445277048425934,False,3223
3231,2026-09-29,002656,-0.43523195551191862,False,3224
3232,2026-09-29,000027,-0.43891336877608911,False,3225
3233,2026-09-29,688119,-0.43948922749635289,False,3226
3234,2026-09-29,002475,-0.44685377955249383,False,3227
3235,2026-09-29,002739,-0.44734089816593992,False,3228
3236,2026-09-29,688232,-0.44892439362309389,False,3229
3237,2026-09-29,300077,-0.45179033554137227,False,3230
3238,2026-09-29,300074,-0.45198602261237708,False,3231
3239,2026-09-29,002254,-0.45257454270101177,False,3232
3240,2026-09-29,000516,-0.45326999677741497,False,3233
3241,2026-09-29,300428,-0.46273313234597901,False,3234
3242,2026-09-29,688659,-0.46310250208464188,False,3235
3243,2026-09-29,688272,-0.46412800764160755,False,3236
3244,2026-09-29,601668,-0.46717389928374387,False,3237
3245,2026-09-29,300713,-0.46725628773558359,False,3238
3246,2026-09-29,600750,-0.47021134422926336,False,3239
3247,2026-09-29,600323,-0.47111136788112162,False,3240
3248,2026-09-29,688653,-0.47286752166474177,False,3241
3249,2026-09-29,688639,-0.47564557354027759,False,3242
3250,2026-09-29,600062,-0.4832750011009046,False,3243
3251,2026-09-29,301018,-0.48610139167737243,False,3244
3252,2026-09-29,600362,-0.48947180494531128,False,3245
3253,2026-09-29,002237,-0.49966437804435071,False,3246
3254,2026-09-29,301392,-0.50486328088700638,False,3247
3255,2026-09-29,301391,-0.50605315762007685,False,3248
3256,2026-09-29,601158,-0.50616250359818671,False,3249
3257,2026-09-29,601778,-0.51139102501332934,False,3250
3258,2026-09-29,300761,-0.51624852756060313,False,3251
3259,2026-09-29,600558,-0.51998321621083221,False,3252
3260,2026-09-29,002650,-0.52157406504513948,False,3253
3261,2026-09-29,300656,-0.52931905617637698,False,3254
3262,2026-09-29,300125,-0.53018316094314433,False,3255
3263,2026-09-29,600704,-0.53153965884337617,False,3256
3264,2026-09-29,000010,-0.53256325123691117,False,3257
3265,2026-09-29,600456,-0.53757002481768212,False,3258
3266,2026-09-29,001287,-0.543718531279893,False,3259
3267,2026-09-29,300694,-0.54424510971538598,False,3260
3268,2026-09-29,688981,-0.54679436869742659,False,3261
3269,2026-09-29,688589,-0.54867773092767658,False,3262
3270,2026-09-29,301281,-0.55662357796567452,False,3263
3271,2026-09-29,000713,-0.56418411443796745,False,3264
3272,2026-09-29,600592,-0.56500927802813483,False,3265
3273,2026-09-29,300840,-0.56670956761193048,False,3266
3274,2026-09-29,603380,-0.56689447213368216,False,3267
3275,2026-09-29,603303,-0.56744907319865157,False,3268
3276,2026-09-29,300259,-0.57194679285324357,False,3269
3277,2026-09-29,600405,-0.57865954944895681,False,3270
3278,2026-09-29,301303,-0.57884972614775976,False,3271
3279,2026-09-29,600638,-0.58007752281826663,False,3272
3280,2026-09-29,300303,-0.58011480053274855,False,3273
3281,2026-09-29,300990,-0.58144186130413078,False,3274
3282,2026-09-29,300795,-0.5837517647975381,False,3275
3283,2026-09-29,600655,-0.58397286170114915,False,3276
3284,2026-09-29,000886,-0.58464886793551163,False,3277
3285,2026-09-29,600037,-0.58521782477836592,False,3278
3286,2026-09-29,300832,-0.58782612548511137,False,3279
3287,2026-09-29,300041,-0.59233517817115988,False,3280
3288,2026-09-29,002226,-0.59547107992058235,False,3281
3289,2026-09-29,601311,-0.59548908116877852,False,3282
3290,2026-09-29,600468,-0.59942109039582392,False,3283
3291,2026-09-29,300613,-0.60107697593220832,False,3284
3292,2026-09-29,300802,-0.60196905157118019,False,3285
3293,2026-09-29,002180,-0.60393823027881521,False,3286
3294,2026-09-29,001356,-0.60545060031620179,False,3287
3295,2026-09-29,003018,-0.60688269623020119,False,3288
3296,2026-09-29,603871,-0.60922588545878087,False,3289
3297,2026-09-29,688266,-0.61082245956305004,False,3290
3298,2026-09-29,002845,-0.61267895512771164,False,3291
3299,2026-09-29,603776,-0.61329005577896201,False,3292
3300,2026-09-29,002200,-0.61341620325109592,False,3293
3301,2026-09-29,601138,-0.61355757689393353,False,3294
3302,2026-09-29,300919,-0.61769257466864924,False,3295
3303,2026-09-29,300122,-0.61834888390807552,False,3296
3304,2026-09-29,605336,-0.62001787847311207,False,3297
3305,2026-09-29,001298,-0.62162416739422888,False,3298
3306,2026-09-29,603887,-0.62179020065176216,False,3299
3307,2026-09-29,600375,-0.62327037805023988,False,3300
3308,2026-09-29,688636,-0.62488490590339918,False,3301
3309,2026-09-29,600983,-0.62685483463656011,False,3302
3310,2026-09-29,300324,-0.62726835842067263,False,3303
3311,2026-09-29,300195,-0.62961581011811019,False,3304
3312,2026-09-29,600416,-0.63590754856513731,False,3305
3313,2026-09-29,600862,-0.6374109989681378,False,3306
3314,2026-09-29,300155,-0.64090563442157045,False,3307
3315,2026-09-29,002975,-0.64225015406318842,False,3308
3316,2026-09-29,600981,-0.6430477963297192,False,3309
3317,2026-09-29,002967,-0.64442664130992589,False,3310
3318,2026-09-29,688362,-0.65064190019598778,False,3311
3319,2026-09-29,300773,-0.65129498135230479,False,3312
3320,2026-09-29,600820,-0.65654557440498396,False,3313
3321,2026-09-29,002572,-0.65743034118669619,False,3314
3322,2026-09-29,600513,-0.65756515332618581,False,3315
3323,2026-09-29,002277,-0.65828317281883764,False,3316
3324,2026-09-29,000661,-0.66266895232254541,False,3317
3325,2026-09-29,300983,-0.66466651403319199,False,3318
3326,2026-09-29,000721,-0.66487764863013321,False,3319
3327,2026-09-29,300894,-0.66642633391836703,False,3320
3328,2026-09-29,603368,-0.66995208983136711,False,3321
3329,2026-09-29,600259,-0.67323945314339717,False,3322
3330,2026-09-29,601609,-0.67339696735784427,False,3323
3331,2026-09-29,600130,-0.67426670632443553,False,3324
3332,2026-09-29,601098,-0.67677932637747373,False,3325
3333,2026-09-29,300321,-0.6775714326936142,False,3326
3334,2026-09-29,300634,-0.67919595042311443,False,3327
3335,2026-09-29,600782,-0.68284044271492583,False,3328
3336,2026-09-29,002507,-0.68304602171006978,False,3329
3337,2026-09-29,300001,-0.68480652215142557,False,3330
3338,2026-09-29,000777,-0.68491053920918787,False,3331
3339,2026-09-29,000521,-0.68529315036254523,False,3332
3340,2026-09-29,002495,-0.68583212463319598,False,3333
3341,2026-09-29,688180,-0.6931495623040691,False,3334
3342,2026-09-29,688559,-0.69437557131976768,False,3335
3343,2026-09-29,000567,-0.6972355043221935,False,3336
3344,2026-09-29,301182,-0.69760739647742209,False,3337
3345,2026-09-29,688772,-0.70325579571534691,False,3338
3346,2026-09-29,603052,-0.70512402373533423,False,3339
3347,2026-09-29,002676,-0.7108883219365949,False,3340
3348,2026-09-29,000534,-0.71168374635352816,False,3341
3349,2026-09-29,688020,-0.71457473382780012,False,3342
3350,2026-09-29,603583,-0.71796385847506605,False,3343
3351,2026-09-29,000783,-0.72172774736848022,False,3344
3352,2026-09-29,301215,-0.72453733754437966,False,3345
3353,2026-09-29,600113,-0.7247326818984603,False,3346
3354,2026-09-29,688309,-0.72610745704945412,False,3347
3355,2026-09-29,301502,-0.72931549193507528,False,3348
3356,2026-09-29,600653,-0.73014234357165719,False,3349
3357,2026-09-29,688392,-0.7302991094002147,False,3350
3358,2026-09-29,301327,-0.7310909616694079,False,3351
3359,2026-09-29,688550,-0.73198071048453794,False,3352
3360,2026-09-29,002728,-0.73249072478202604,False,3353
3361,2026-09-29,000519,-0.73458819764034033,False,3354
3362,2026-09-29,002131,-0.73575770675334184,False,3355
3363,2026-09-29,000901,-0.73731686476841585,False,3356
3364,2026-09-29,301669,-0.74283687875561788,False,3357
3365,2026-09-29,600133,-0.74609387844982344,False,3358
3366,2026-09-29,000875,-0.74674450927278346,False,3359
3367,2026-09-29,300510,-0.74680463892675153,False,3360
3368,2026-09-29,001368,-0.75075033169544492,False,3361
3369,2026-09-29,000990,-0.75083002417388656,False,3362
3370,2026-09-29,601866,-0.75184386781080914,False,3363
3371,2026-09-29,002048,-0.75452000998983082,False,3364
3372,2026-09-29,603061,-0.75540125541292191,False,3365
3373,2026-09-29,000768,-0.76363563474608265,False,3366
3374,2026-09-29,002512,-0.76366013132371946,False,3367
3375,2026-09-29,688321,-0.76474812684924975,False,3368
3376,2026-09-29,300020,-0.76476065433143181,False,3369
3377,2026-09-29,688039,-0.76513007540182754,False,3370
3378,2026-09-29,688083,-0.76888170716264215,False,3371
3379,2026-09-29,000885,-0.77546807922321515,False,3372
3380,2026-09-29,001332,-0.77720926315249605,False,3373
3381,2026-09-29,601688,-0.77827878627853198,False,3374
3382,2026-09-29,000404,-0.77866794985144383,False,3375
3383,2026-09-29,600373,-0.78545851112345089,False,3376
3384,2026-09-29,603876,-0.78822329812879754,False,3377
3385,2026-09-29,000913,-0.79061801494205319,False,3378
3386,2026-09-29,603986,-0.79152414369550339,False,3379
3387,2026-09-29,600114,-0.79266836641154881,False,3380
3388,2026-09-29,601999,-0.79420374500372048,False,3381
3389,2026-09-29,300823,-0.79633441621231849,False,3382
3390,2026-09-29,002645,-0.79950485283713313,False,3383
3391,2026-09-29,605188,-0.80149957739397726,False,3384
3392,2026-09-29,600382,-0.80500974362496014,False,3385
3393,2026-09-29,688708,-0.80768598662190105,False,3386
3394,2026-09-29,300124,-0.80815905598453863,False,3387
3395,2026-09-29,600633,-0.81673402333251888,False,3388
3396,2026-09-29,301525,-0.81760445313717645,False,3389
3397,2026-09-29,300768,-0.82231981386972941,False,3390
3398,2026-09-29,600885,-0.82579558535853015,False,3391
3399,2026-09-29,600155,-0.82758837267383489,False,3392
3400,2026-09-29,300320,-0.83189704346268911,False,3393
3401,2026-09-29,688443,-0.83232238544400583,False,3394
3402,2026-09-29,300439,-0.83327161700848307,False,3395
3403,2026-09-29,600724,-0.83724088753905068,False,3396
3404,2026-09-29,688612,-0.83730806562183413,False,3397
3405,2026-09-29,300033,-0.84001770180019641,False,3398
3406,2026-09-29,600582,-0.84067510027718695,False,3399
3407,2026-09-29,603991,-0.84121469724766706,False,3400
3408,2026-09-29,688518,-0.84474083189353399,False,3401
3409,2026-09-29,000966,-0.84755422776627554,False,3402
3410,2026-09-29,002049,-0.84798851828388555,False,3403
3411,2026-09-29,688767,-0.85064654604456225,False,3404
3412,2026-09-29,600798,-0.85137969752271525,False,3405
3413,2026-09-29,001308,-0.85461865870134734,False,3406
3414,2026-09-29,000782,-0.85570187019762345,False,3407
3415,2026-09-29,300661,-0.85594940980020606,False,3408
3416,2026-09-29,601100,-0.85894461737418104,False,3409
3417,2026-09-29,301329,-0.86130724197501418,False,3410
3418,2026-09-29,688479,-0.86218918101899888,False,3411
3419,2026-09-29,300606,-0.86703295312742679,False,3412
3420,2026-09-29,601339,-0.86840688086524886,False,3413
3421,2026-09-29,002352,-0.87100615804830372,False,3414
3422,2026-09-29,002056,-0.87220272044295832,False,3415
3423,2026-09-29,002937,-0.87693679432718641,False,3416
3424,2026-09-29,605228,-0.88089637633252793,False,3417
3425,2026-09-29,603025,-0.88092214980407746,False,3418
3426,2026-09-29,300229,-0.88323531335844674,False,3419
3427,2026-09-29,688107,-0.89422682448442603,False,3420
3428,2026-09-29,601515,-0.89628223529051432,False,3421
3429,2026-09-29,001211,-0.89802545758445063,False,3422
3430,2026-09-29,603298,-0.9017896574360097,False,3423
3431,2026-09-29,000510,-0.90445087622626907,False,3424
3432,2026-09-29,601066,-0.9108271161148711,False,3425
3433,2026-09-29,002482,-0.91665645100826154,False,3426
3434,2026-09-29,603858,-0.91717865580608349,False,3427
3435,2026-09-29,001280,-0.91808622004361407,False,3428
3436,2026-09-29,300458,-0.92015479531285083,False,3429
3437,2026-09-29,002020,-0.92475056896563723,False,3430
3438,2026-09-29,000882,-0.92516944288282144,False,3431
3439,2026-09-29,603501,-0.92655324698138397,False,3432
3440,2026-09-29,301107,-0.92922389692418339,False,3433
3441,2026-09-29,300377,-0.92930262947620212,False,3434
3442,2026-09-29,600131,-0.93018019162539667,False,3435
3443,2026-09-29,600499,-0.93063082665442609,False,3436
3444,2026-09-29,688320,-0.93141485111038835,False,3437
3445,2026-09-29,002223,-0.93352535344845244,False,3438
3446,2026-09-29,603877,-0.93464450312635794,False,3439
3447,2026-09-29,600050,-0.93485189866655571,False,3440
3448,2026-09-29,301201,-0.93638553390659163,False,3441
3449,2026-09-29,600467,-0.93713398051141583,False,3442
3450,2026-09-29,600771,-0.93832826346640075,False,3443
3451,2026-09-29,603229,-0.94183574713355478,False,3444
3452,2026-09-29,600685,-0.94680570115813589,False,3445
3453,2026-09-29,000801,-0.94813052652816299,False,3446
3454,2026-09-29,605208,-0.95276442559805663,False,3447
3455,2026-09-29,688281,-0.95689206035833352,False,3448
3456,2026-09-29,600749,-0.96002562017156745,False,3449
3457,2026-09-29,000807,-0.96258094228807756,False,3450
3458,2026-09-29,301380,-0.96669176609380392,False,3451
3459,2026-09-29,600703,-0.97125915471829583,False,3452
3460,2026-09-29,603578,-0.97472498741341207,False,3453
3461,2026-09-29,000797,-0.97665455953112534,False,3454
3462,2026-09-29,002709,-0.97765922771453395,False,3455
3463,2026-09-29,603508,-0.97948889054824684,False,3456
3464,2026-09-29,300046,-0.98798857669878926,False,3457
3465,2026-09-29,600292,-0.99038099469065932,False,3458
3466,2026-09-29,300467,-0.99132059198766709,False,3459
3467,2026-09-29,601390,-0.99227409287725354,False,3460
3468,2026-09-29,301626,-0.9926970427103643,False,3461
3469,2026-09-29,603661,-0.99535827105039987,False,3462
3470,2026-09-29,002565,-0.99997063220141946,False,3463
3471,2026-09-29,688072,-1.0013081868135876,False,3464
3472,2026-09-29,688283,-1.0029587901184804,False,3465
3473,2026-09-29,688786,-1.00322817485586,False,3466
3474,2026-09-29,300774,-1.0034189982395509,False,3467
3475,2026-09-29,301162,-1.0041201178523136,False,3468
3476,2026-09-29,301314,-1.0082911105837806,False,3469
3477,2026-09-29,600356,-1.0096740028523479,False,3470
3478,2026-09-29,300360,-1.0101569655773857,False,3471
3479,2026-09-29,301662,-1.010968188929358,False,3472
3480,2026-09-29,603350,-1.0126384486830666,False,3473
3481,2026-09-29,688032,-1.0142850841318602,False,3474
3482,2026-09-29,300882,-1.024226749383091,False,3475
3483,2026-09-29,002446,-1.0309241736474357,False,3476
3484,2026-09-29,300204,-1.0331327212440127,False,3477
3485,2026-09-29,002546,-1.0356547957693851,False,3478
3486,2026-09-29,600841,-1.0362299893810951,False,3479
3487,2026-09-29,000541,-1.0365822700549612,False,3480
3488,2026-09-29,300234,-1.0420048848292289,False,3481
3489,2026-09-29,603207,-1.042208413758833,False,3482
3490,2026-09-29,001382,-1.0426473902365698,False,3483
3491,2026-09-29,688177,-1.0444791949304546,False,3484
3492,2026-09-29,301130,-1.0487441518147511,False,3485
3493,2026-09-29,601127,-1.0496558574200088,False,3486
3494,2026-09-29,603010,-1.0500267377184709,False,3487
3495,2026-09-29,688759,-1.0546424420253024,False,3488
3496,2026-09-29,301010,-1.0580192305348395,False,3489
3497,2026-09-29,000795,-1.0580193925389374,False,3490
3498,2026-09-29,688505,-1.0580445755929053,False,3491
3499,2026-09-29,002586,-1.0592359240174807,False,3492
3500,2026-09-29,603713,-1.0614496200345378,False,3493
3501,2026-09-29,688192,-1.0657303069568174,False,3494
3502,2026-09-29,301217,-1.0661036765831362,False,3495
3503,2026-09-29,002471,-1.0738935631705595,False,3496
3504,2026-09-29,600864,-1.0745050799573863,False,3497
3505,2026-09-29,603611,-1.0755620068255678,False,3498
3506,2026-09-29,301358,-1.0773223365395492,False,3499
3507,2026-09-29,301152,-1.0781966879497877,False,3500
3508,2026-09-29,300811,-1.0787029225075002,False,3501
3509,2026-09-29,601229,-1.0800409538702576,False,3502
3510,2026-09-29,600763,-1.0814214699359508,False,3503
3511,2026-09-29,301187,-1.082762762393688,False,3504
3512,2026-09-29,300893,-1.0834438262025892,False,3505
3513,2026-09-29,301023,-1.0877012065931448,False,3506
3514,2026-09-29,002065,-1.0910743606320179,False,3507
3515,2026-09-29,688019,-1.0913635546734262,False,3508
3516,2026-09-29,603219,-1.093525919377023,False,3509
3517,2026-09-29,002100,-1.0943798631385258,False,3510
3518,2026-09-29,600867,-1.0963330441161432,False,3511
3519,2026-09-29,301038,-1.0972953001852848,False,3512
3520,2026-09-29,000545,-1.0977345452664564,False,3513
3521,2026-09-29,688352,-1.0983486870725707,False,3514
3522,2026-09-29,000625,-1.1027861992133974,False,3515
3523,2026-09-29,003022,-1.1083855413026953,False,3516
3524,2026-09-29,688729,-1.1093612528604382,False,3517
3525,2026-09-29,603069,-1.1121563667885366,False,3518
3526,2026-09-29,002714,-1.1140561231736581,False,3519
3527,2026-09-29,603808,-1.1148201732357537,False,3520
3528,2026-09-29,300174,-1.1152521341591652,False,3521
3529,2026-09-29,603379,-1.1167548813173465,False,3522
3530,2026-09-29,600109,-1.1174369717722656,False,3523
3531,2026-09-29,002050,-1.1192187651878338,False,3524
3532,2026-09-29,688506,-1.1200957455807961,False,3525
3533,2026-09-29,300206,-1.1203347081179831,False,3526
3534,2026-09-29,600708,-1.1243518104634838,False,3527
3535,2026-09-29,688345,-1.12639740390334,False,3528
3536,2026-09-29,002513,-1.1264309075316927,False,3529
3537,2026-09-29,688811,-1.1314821102476758,False,3530
3538,2026-09-29,001227,-1.134134944368852,False,3531
3539,2026-09-29,000679,-1.134625917632297,False,3532
3540,2026-09-29,001228,-1.1363797347052009,False,3533
3541,2026-09-29,601877,-1.1413545940696395,False,3534
3542,2026-09-29,688720,-1.1413555178228023,False,3535
3543,2026-09-29,600458,-1.1414167444434333,False,3536
3544,2026-09-29,300429,-1.1421696064945788,False,3537
3545,2026-09-29,605377,-1.14342701477507,False,3538
3546,2026-09-29,688519,-1.1496195358005363,False,3539
3547,2026-09-29,603192,-1.1528735841984983,False,3540
3548,2026-09-29,300015,-1.1580807351466744,False,3541
3549,2026-09-29,300231,-1.1597646705971862,False,3542
3550,2026-09-29,000688,-1.1607477023568069,False,3543
3551,2026-09-29,002233,-1.1619512499024554,False,3544
3552,2026-09-29,002208,-1.1629569902131496,False,3545
3553,2026-09-29,601555,-1.1711058757002912,False,3546
3554,2026-09-29,301618,-1.1786729597568089,False,3547
3555,2026-09-29,000599,-1.1815937569324839,False,3548
3556,2026-09-29,300226,-1.1820891559394031,False,3549
3557,2026-09-29,603198,-1.1827935105279099,False,3550
3558,2026-09-29,603187,-1.1841842592993679,False,3551
3559,2026-09-29,601958,-1.1854169255179974,False,3552
3560,2026-09-29,301061,-1.1862429842837721,False,3553
3561,2026-09-29,600585,-1.186812871593137,False,3554
3562,2026-09-29,001225,-1.1895957429399777,False,3555
3563,2026-09-29,003030,-1.1915809636036725,False,3556
3564,2026-09-29,002887,-1.1992621855967904,False,3557
3565,2026-09-29,603589,-1.2012630602677601,False,3558
3566,2026-09-29,603290,-1.2028529022634054,False,3559
3567,2026-09-29,688247,-1.2038648577484314,False,3560
3568,2026-09-29,300936,-1.2069640896889304,False,3561
3569,2026-09-29,002239,-1.2079217903553332,False,3562
3570,2026-09-29,002179,-1.2088462172086947,False,3563
3571,2026-09-29,601718,-1.2106918242117688,False,3564
3572,2026-09-29,300346,-1.2137296913752924,False,3565
3573,2026-09-29,605020,-1.2137894725214367,False,3566
3574,2026-09-29,300863,-1.2163608786439526,False,3567
3575,2026-09-29,300644,-1.2191245675335249,False,3568
3576,2026-09-29,603983,-1.2220755485842991,False,3569
3577,2026-09-29,601860,-1.2301705441943491,False,3570
3578,2026-09-29,603156,-1.2401006850745342,False,3571
3579,2026-09-29,300872,-1.2410049196265904,False,3572
3580,2026-09-29,003003,-1.2418693844217987,False,3573
3581,2026-09-29,300024,-1.2431733895904988,False,3574
3582,2026-09-29,002437,-1.2462882729328548,False,3575
3583,2026-09-29,000790,-1.2466893214607357,False,3576
3584,2026-09-29,600761,-1.2470927390178848,False,3577
3585,2026-09-29,600015,-1.24935821681215,False,3578
3586,2026-09-29,301070,-1.2505845618021449,False,3579
3587,2026-09-29,688692,-1.2514216609906765,False,3580
3588,2026-09-29,002955,-1.252022376811909,False,3581
3589,2026-09-29,002978,-1.2533405590755904,False,3582
3590,2026-09-29,688091,-1.2541840517030298,False,3583
3591,2026-09-29,600997,-1.2609873359571713,False,3584
3592,2026-09-29,301338,-1.2622035285054234,False,3585
3593,2026-09-29,601222,-1.2663850640808054,False,3586
3594,2026-09-29,688627,-1.2673127412385585,False,3587
3595,2026-09-29,301498,-1.268191957834202,False,3588
3596,2026-09-29,600221,-1.2729484338902775,False,3589
3597,2026-09-29,300337,-1.2759135932926873,False,3590
3598,2026-09-29,688563,-1.277573069284704,False,3591
3599,2026-09-29,300210,-1.2837046160984409,False,3592
3600,2026-09-29,600397,-1.2846972034076698,False,3593
3601,2026-09-29,300732,-1.2863548362423223,False,3594
3602,2026-09-29,603697,-1.2869070071656377,False,3595
3603,2026-09-29,600512,-1.2900696948654875,False,3596
3604,2026-09-29,600728,-1.2910501617184336,False,3597
3605,2026-09-29,603289,-1.2949051095813588,False,3598
3606,2026-09-29,603014,-1.2969265429390262,False,3599
3607,2026-09-29,688383,-1.3028825153763575,False,3600
3608,2026-09-29,688103,-1.3073120142072847,False,3601
3609,2026-09-29,688063,-1.3083615961369583,False,3602
3610,2026-09-29,601869,-1.3129183354440515,False,3603
3611,2026-09-29,300418,-1.3141688519106478,False,3604
3612,2026-09-29,600106,-1.3142644840594393,False,3605
3613,2026-09-29,002252,-1.3171349547479239,False,3606
3614,2026-09-29,002559,-1.3178468374154479,False,3607
3615,2026-09-29,002091,-1.3222491326972761,False,3608
3616,2026-09-29,002138,-1.3263017957238765,False,3609
3617,2026-09-29,300680,-1.3306701171770392,False,3610
3618,2026-09-29,600235,-1.3309961625503859,False,3611
3619,2026-09-29,300665,-1.331977657606537,False,3612
3620,2026-09-29,002294,-1.3319893061436576,False,3613
3621,2026-09-29,000695,-1.3342203144620535,False,3614
3622,2026-09-29,002413,-1.3354927016993718,False,3615
3623,2026-09-29,600081,-1.3419689753074688,False,3616
3624,2026-09-29,600642,-1.3420590238709764,False,3617
3625,2026-09-29,603577,-1.3423545320164409,False,3618
3626,2026-09-29,300982,-1.3440721737549688,False,3619
3627,2026-09-29,603861,-1.3473816935268774,False,3620
3628,2026-09-29,000509,-1.3485602992912282,False,3621
3629,2026-09-29,300566,-1.3500570844557003,False,3622
3630,2026-09-29,300003,-1.3506401986624179,False,3623
3631,2026-09-29,002271,-1.3527997556808002,False,3624
3632,2026-09-29,601686,-1.3533697914261702,False,3625
3633,2026-09-29,688348,-1.3534182912559043,False,3626
3634,2026-09-29,301075,-1.3542805435829892,False,3627
3635,2026-09-29,600218,-1.354685211555011,False,3628
3636,2026-09-29,601615,-1.3556338128500951,False,3629
3637,2026-09-29,001221,-1.3577740944207983,False,3630
3638,2026-09-29,600098,-1.3592304304534073,False,3631
3639,2026-09-29,003023,-1.3592926701748813,False,3632
3640,2026-09-29,600516,-1.3608983992330028,False,3633
3641,2026-09-29,001914,-1.3614451342497031,False,3634
3642,2026-09-29,600182,-1.3616459449524523,False,3635
3643,2026-09-29,600389,-1.3628210092180408,False,3636
3644,2026-09-29,300817,-1.3648857695494485,False,3637
3645,2026-09-29,603922,-1.367086632378941,False,3638
3646,2026-09-29,002879,-1.368235754857146,False,3639
3647,2026-09-29,603610,-1.3704981201009725,False,3640
3648,2026-09-29,603181,-1.3716174784406796,False,3641
3649,2026-09-29,002425,-1.3718879118580487,False,3642
3650,2026-09-29,688396,-1.3743392082722923,False,3643
3651,2026-09-29,600063,-1.3817322076383651,False,3644
3652,2026-09-29,601636,-1.3949455933756423,False,3645
3653,2026-09-29,603730,-1.3965730209306213,False,3646
3654,2026-09-29,688651,-1.398412438735734,False,3647
3655,2026-09-29,603997,-1.3990791745771702,False,3648
3656,2026-09-29,300246,-1.3991116094309888,False,3649
3657,2026-09-29,002323,-1.3996662949574454,False,3650
3658,2026-09-29,600123,-1.4017162489517456,False,3651
3659,2026-09-29,600326,-1.4024105322576941,False,3652
3660,2026-09-29,002025,-1.4048569977338299,False,3653
3661,2026-09-29,002241,-1.4055264697779115,False,3654
3662,2026-09-29,300484,-1.4058432852869391,False,3655
3663,2026-09-29,603163,-1.407286702460731,False,3656
3664,2026-09-29,600489,-1.4077309634602917,False,3657
3665,2026-09-29,300053,-1.4088907382990281,False,3658
3666,2026-09-29,688370,-1.4108456004535825,False,3659
3667,2026-09-29,301323,-1.4135019451227158,False,3660
3668,2026-09-29,300310,-1.4144999482183804,False,3661
3669,2026-09-29,300845,-1.4223827758073466,False,3662
3670,2026-09-29,688382,-1.4238303618201562,False,3663
3671,2026-09-29,603344,-1.4260046754914157,False,3664
3672,2026-09-29,301510,-1.427562194695422,False,3665
3673,2026-09-29,000166,-1.4310248917540476,False,3666
3674,2026-09-29,301348,-1.4346288592983729,False,3667
3675,2026-09-29,000609,-1.4394117380299152,False,3668
3676,2026-09-29,688661,-1.4491536627502994,False,3669
3677,2026-09-29,000049,-1.4505876895568617,False,3670
3678,2026-09-29,688023,-1.4556043020811968,False,3671
3679,2026-09-29,002175,-1.4556203706398243,False,3672
3680,2026-09-29,600011,-1.4556955390796116,False,3673
3681,2026-09-29,601003,-1.4588676763331183,False,3674
3682,2026-09-29,002314,-1.4592110660403161,False,3675
3683,2026-09-29,300611,-1.461548899348428,False,3676
3684,2026-09-29,600285,-1.4647525950326827,False,3677
3685,2026-09-29,688683,-1.465446899677828,False,3678
3686,2026-09-29,300921,-1.4673823509765929,False,3679
3687,2026-09-29,301630,-1.468548387621174,False,3680
3688,2026-09-29,000601,-1.4694747070355716,False,3681
3689,2026-09-29,688766,-1.4715954295725204,False,3682
3690,2026-09-29,002928,-1.4728185448439881,False,3683
3691,2026-09-29,002823,-1.4730291375161855,False,3684
3692,2026-09-29,688131,-1.4774276551409056,False,3685
3693,2026-09-29,300554,-1.4798786247068296,False,3686
3694,2026-09-29,300323,-1.4809008904269545,False,3687
3695,2026-09-29,603999,-1.4834900676361664,False,3688
3696,2026-09-29,300214,-1.4866260598302783,False,3689
3697,2026-09-29,301322,-1.4897633010932152,False,3690
3698,2026-09-29,603908,-1.4949266563020218,False,3691
3699,2026-09-29,002701,-1.4954773928199849,False,3692
3700,2026-09-29,688271,-1.5009911549967694,False,3693
3701,2026-09-29,300688,-1.5010596973420114,False,3694
3702,2026-09-29,300727,-1.5056868842969025,False,3695
3703,2026-09-29,603939,-1.5083051445178559,False,3696
3704,2026-09-29,600661,-1.5119007198625061,False,3697
3705,2026-09-29,002533,-1.51228188525018,False,3698
3706,2026-09-29,301177,-1.5144085902704931,False,3699
3707,2026-09-29,000963,-1.5148477030255549,False,3700
3708,2026-09-29,300228,-1.5151190342844232,False,3701
3709,2026-09-29,301259,-1.5158506236244023,False,3702
3710,2026-09-29,603305,-1.5183505303431768,False,3703
3711,2026-09-29,300184,-1.519297711658274,False,3704
3712,2026-09-29,600515,-1.5314384038345055,False,3705
3713,2026-09-29,002225,-1.5322655754886056,False,3706
3714,2026-09-29,601669,-1.5354995821272044,False,3707
3715,2026-09-29,301608,-1.5410305104374746,False,3708
3716,2026-09-29,002569,-1.5420784914189323,False,3709
3717,2026-09-29,688209,-1.5437001354755491,False,3710
3718,2026-09-29,300748,-1.5464406713508989,False,3711
3719,2026-09-29,603938,-1.551079883441365,False,3712
3720,2026-09-29,002106,-1.5514438406152635,False,3713
3721,2026-09-29,600958,-1.5634808496699399,False,3714
3722,2026-09-29,600569,-1.5656570048384006,False,3715
3723,2026-09-29,600060,-1.5665757929578388,False,3716
3724,2026-09-29,688819,-1.5685791888239051,False,3717
3725,2026-09-29,600064,-1.5830280964684755,False,3718
3726,2026-09-29,600248,-1.5878303011449639,False,3719
3727,2026-09-29,002455,-1.5917431034822296,False,3720
3728,2026-09-29,000539,-1.5933839641911867,False,3721
3729,2026-09-29,603966,-1.5959705955771413,False,3722
3730,2026-09-29,002506,-1.596850136430815,False,3723
3731,2026-09-29,002838,-1.6019842265826931,False,3724
3732,2026-09-29,002316,-1.6053564093551929,False,3725
3733,2026-09-29,688400,-1.6053724606247,False,3726
3734,2026-09-29,688439,-1.6070874584872257,False,3727
3735,2026-09-29,002724,-1.6100718973515806,False,3728
3736,2026-09-29,000530,-1.6108252221346713,False,3729
3737,2026-09-29,300349,-1.6110425826906281,False,3730
3738,2026-09-29,002035,-1.6129060145362804,False,3731
3739,2026-09-29,002161,-1.614226939933558,False,3732
3740,2026-09-29,688280,-1.6171709723479906,False,3733
3741,2026-09-29,300475,-1.6197586308325715,False,3734
3742,2026-09-29,301015,-1.6251433196665739,False,3735
3743,2026-09-29,002331,-1.6262693266495361,False,3736
3744,2026-09-29,688130,-1.6288880896739317,False,3737
3745,2026-09-29,300057,-1.6294401409551202,False,3738
3746,2026-09-29,300049,-1.636631378507496,False,3739
3747,2026-09-29,688367,-1.637295580050075,False,3740
3748,2026-09-29,688343,-1.6397029409303339,False,3741
3749,2026-09-29,600316,-1.6428831703235347,False,3742
3750,2026-09-29,600166,-1.6452942746633428,False,3743
3751,2026-09-29,000711,-1.6482042179410068,False,3744
3752,2026-09-29,300584,-1.659552904814285,False,3745
3753,2026-09-29,300502,-1.6606557670038788,False,3746
3754,2026-09-29,688425,-1.6616047304564756,False,3747
3755,2026-09-29,300287,-1.6623508249622636,False,3748
3756,2026-09-29,002283,-1.6624913990435335,False,3749
3757,2026-09-29,600517,-1.6658644586613462,False,3750
3758,2026-09-29,301055,-1.6662618820838169,False,3751
3759,2026-09-29,600770,-1.6692662963028848,False,3752
3760,2026-09-29,688252,-1.6740243236053451,False,3753
3761,2026-09-29,302132,-1.6779394200842683,False,3754
3762,2026-09-29,600615,-1.6787892336566355,False,3755
3763,2026-09-29,002635,-1.6802719014026579,False,3756
3764,2026-09-29,301046,-1.7038295736445921,False,3757
3765,2026-09-29,688386,-1.7081931512236981,False,3758
3766,2026-09-29,002095,-1.7107677077958403,False,3759
3767,2026-09-29,688088,-1.7137759080343911,False,3760
3768,2026-09-29,000623,-1.7168225464835518,False,3761
3769,2026-09-29,002786,-1.7183093410702901,False,3762
3770,2026-09-29,000761,-1.7201290592486396,False,3763
3771,2026-09-29,002204,-1.7234564188584507,False,3764
3772,2026-09-29,600893,-1.7258645037163691,False,3765
3773,2026-09-29,301251,-1.7267010065619162,False,3766
3774,2026-09-29,301229,-1.7288083190986818,False,3767
3775,2026-09-29,002791,-1.7291481793164731,False,3768
3776,2026-09-29,300373,-1.7312702451141107,False,3769
3777,2026-09-29,300432,-1.7349997147188894,False,3770
3778,2026-09-29,300769,-1.7387332022725746,False,3771
3779,2026-09-29,600153,-1.7393600006926468,False,3772
3780,2026-09-29,002602,-1.7404996887764472,False,3773
3781,2026-09-29,301565,-1.7446957795173836,False,3774
3782,2026-09-29,001267,-1.7452225637450698,False,3775
3783,2026-09-29,688682,-1.7457190980879966,False,3776
3784,2026-09-29,300931,-1.7474329470711765,False,3777
3785,2026-09-29,688398,-1.7480696085707939,False,3778
3786,2026-09-29,002368,-1.7492261419812736,False,3779
3787,2026-09-29,300093,-1.7552917610803838,False,3780
3788,2026-09-29,601658,-1.7658960172220006,False,3781
3789,2026-09-29,002527,-1.771545754176584,False,3782
3790,2026-09-29,301045,-1.7726065655648147,False,3783
3791,2026-09-29,600520,-1.7726823274062076,False,3784
3792,2026-09-29,600061,-1.7752805713586293,False,3785
3793,2026-09-29,002715,-1.783218373117478,False,3786
3794,2026-09-29,688796,-1.7833473255590886,False,3787
3795,2026-09-29,600577,-1.786676277843722,False,3788
3796,2026-09-29,300333,-1.7890278161975908,False,3789
3797,2026-09-29,600603,-1.789880717853767,False,3790
3798,2026-09-29,002997,-1.7951887810626588,False,3791
3799,2026-09-29,603345,-1.7973215804159297,False,3792
3800,2026-09-29,603186,-1.7975134762395388,False,3793
3801,2026-09-29,603392,-1.7988504210094756,False,3794
3802,2026-09-29,603013,-1.8029008228775214,False,3795
3803,2026-09-29,002460,-1.8106531436866882,False,3796
3804,2026-09-29,002730,-1.8145826602118682,False,3797
3805,2026-09-29,300886,-1.8247236207715209,False,3798
3806,2026-09-29,600132,-1.8252396606415191,False,3799
3807,2026-09-29,002647,-1.8315435140477545,False,3800
3808,2026-09-29,688026,-1.8325170761940717,False,3801
3809,2026-09-29,600284,-1.8411829234292809,False,3802
3810,2026-09-29,300011,-1.8414126783648044,False,3803
3811,2026-09-29,002811,-1.8436129795799756,False,3804
3812,2026-09-29,301355,-1.8450824520930527,False,3805
3813,2026-09-29,000975,-1.8494767627153677,False,3806
3814,2026-09-29,300115,-1.8499521488577133,False,3807
3815,2026-09-29,601136,-1.8501846320665372,False,3808
3816,2026-09-29,002392,-1.8533787056249287,False,3809
3817,2026-09-29,688148,-1.8614228014368104,False,3810
3818,2026-09-29,300263,-1.862116696603997,False,3811
3819,2026-09-29,000009,-1.8694210789843555,False,3812
3820,2026-09-29,601878,-1.8733059061898931,False,3813
3821,2026-09-29,002541,-1.8745131081313779,False,3814
3822,2026-09-29,603737,-1.8746489692884181,False,3815
3823,2026-09-29,000792,-1.878526441423126,False,3816
3824,2026-09-29,600392,-1.8797775634547735,False,3817
3825,2026-09-29,688065,-1.8800960264145186,False,3818
3826,2026-09-29,301188,-1.8803418903104268,False,3819
3827,2026-09-29,300017,-1.8817554775114487,False,3820
3828,2026-09-29,000007,-1.8903837329974247,False,3821
3829,2026-09-29,300590,-1.8922678628201666,False,3822
3830,2026-09-29,688484,-1.8976304724076964,False,3823
3831,2026-09-29,600179,-1.8977227976225708,False,3824
3832,2026-09-29,000637,-1.9037929012322605,False,3825
3833,2026-09-29,603538,-1.9052186246128464,False,3826
3834,2026-09-29,600237,-1.9084013285324324,False,3827
3835,2026-09-29,600663,-1.9113337317010566,False,3828
3836,2026-09-29,600320,-1.9163024313142847,False,3829
3837,2026-09-29,688485,-1.9211041508844695,False,3830
3838,2026-09-29,002703,-1.9215018781639506,False,3831
3839,2026-09-29,003032,-1.9223345988104785,False,3832
3840,2026-09-29,002634,-1.9309829692485323,False,3833
3841,2026-09-29,688656,-1.9340215790732835,False,3834
3842,2026-09-29,002246,-1.935708732659656,False,3835
3843,2026-09-29,001896,-1.9374464462961773,False,3836
3844,2026-09-29,000631,-1.9470017611027541,False,3837
3845,2026-09-29,002203,-1.9487034458583925,False,3838
3846,2026-09-29,603203,-1.9522391227422431,False,3839
3847,2026-09-29,300397,-1.9527804469877936,False,3840
3848,2026-09-29,603867,-1.9536778662079437,False,3841
3849,2026-09-29,002583,-1.9537838925036266,False,3842
3850,2026-09-29,000778,-1.9577567927588668,False,3843
3851,2026-09-29,301418,-1.9591162029563947,False,3844
3852,2026-09-29,600889,-1.9617358756426946,False,3845
3853,2026-09-29,301575,-1.9679092366741884,False,3846
3854,2026-09-29,002240,-1.968435826480091,False,3847
3855,2026-09-29,000880,-1.9710029987076592,False,3848
3856,2026-09-29,605288,-1.9717520433837628,False,3849
3857,2026-09-29,601995,-1.9737277643939772,False,3850
3858,2026-09-29,000157,-1.975293501974738,False,3851
3859,2026-09-29,002612,-1.9771334365403823,False,3852
3860,2026-09-29,688068,-1.978106144561973,False,3853
3861,2026-09-29,688795,-1.9781489440964366,False,3854
3862,2026-09-29,688296,-1.9807017866330752,False,3855
3863,2026-09-29,300520,-1.982063475473244,False,3856
3864,2026-09-29,600521,-1.9835735413882616,False,3857
3865,2026-09-29,002600,-1.9991181586362525,False,3858
3866,2026-09-29,603527,-2.0052442530204431,False,3859
3867,2026-09-29,601279,-2.0052767504762028,False,3860
3868,2026-09-29,300200,-2.009588794597152,False,3861
3869,2026-09-29,301607,-2.0101193449523906,False,3862
3870,2026-09-29,600720,-2.0111134289426666,False,3863
3871,2026-09-29,603112,-2.0116845665747336,False,3864
3872,2026-09-29,603738,-2.0137502320087077,False,3865
3873,2026-09-29,002373,-2.0164953055806674,False,3866
3874,2026-09-29,688182,-2.0198668423283133,False,3867
3875,2026-09-29,600165,-2.0203133614557336,False,3868
3876,2026-09-29,000078,-2.0213991621215306,False,3869
3877,2026-09-29,000728,-2.0259265578293917,False,3870
3878,2026-09-29,300910,-2.0382955815427386,False,3871
3879,2026-09-29,688001,-2.0458567551179319,False,3872
3880,2026-09-29,000819,-2.0499829254671753,False,3873
3881,2026-09-29,002958,-2.0501017667142643,False,3874
3882,2026-09-29,688531,-2.0513552084617137,False,3875
3883,2026-09-29,600567,-2.0522316198671966,False,3876
3884,2026-09-29,002595,-2.0569460478347272,False,3877
3885,2026-09-29,600563,-2.0581496954242495,False,3878
3886,2026-09-29,002293,-2.0589041969370818,False,3879
3887,2026-09-29,688623,-2.0629304258492849,False,3880
3888,2026-09-29,000063,-2.0675861143763372,False,3881
3889,2026-09-29,600861,-2.068821118612608,False,3882
3890,2026-09-29,000552,-2.0698471114900352,False,3883
3891,2026-09-29,688220,-2.0722329652788276,False,3884
3892,2026-09-29,002123,-2.073938040265038,False,3885
3893,2026-09-29,000953,-2.0788246370357863,False,3886
3894,2026-09-29,000938,-2.079107678870697,False,3887
3895,2026-09-29,300558,-2.0808834304152271,False,3888
3896,2026-09-29,603301,-2.0821757758323285,False,3889
3897,2026-09-29,002397,-2.0823297752743399,False,3890
3898,2026-09-29,000987,-2.0851715192413112,False,3891
3899,2026-09-29,605398,-2.0859998851927846,False,3892
3900,2026-09-29,002312,-2.0886582603678745,False,3893
3901,2026-09-29,688779,-2.0897895876228301,False,3894
3902,2026-09-29,601899,-2.0910902173449744,False,3895
3903,2026-09-29,688221,-2.0998948712255294,False,3896
3904,2026-09-29,688173,-2.1012985042301051,False,3897
3905,2026-09-29,301631,-2.1050191225172972,False,3898
3906,2026-09-29,688230,-2.1056949053383751,False,3899
3907,2026-09-29,301210,-2.1092544264735174,False,3900
3908,2026-09-29,002901,-2.1140393305499821,False,3901
3909,2026-09-29,002319,-2.115422822011229,False,3902
3910,2026-09-29,600562,-2.1187786760922678,False,3903
3911,2026-09-29,688667,-2.1214764936922199,False,3904
3912,2026-09-29,000737,-2.1279959190302624,False,3905
3913,2026-09-29,300018,-2.1284244922515376,False,3906
3914,2026-09-29,605168,-2.1335612380028675,False,3907
3915,2026-09-29,300047,-2.1345508834520133,False,3908
3916,2026-09-29,300834,-2.1419454877428104,False,3909
3917,2026-09-29,002615,-2.1463873910215896,False,3910
3918,2026-09-29,688170,-2.1464613491719113,False,3911
3919,2026-09-29,300009,-2.1476096793882555,False,3912
3920,2026-09-29,000970,-2.1514210298264609,False,3913
3921,2026-09-29,603725,-2.1515569574860507,False,3914
3922,2026-09-29,300261,-2.1576659538199694,False,3915
3923,2026-09-29,688101,-2.1597376873621155,False,3916
3924,2026-09-29,002956,-2.1637119943478691,False,3917
3925,2026-09-29,000543,-2.1659328257329742,False,3918
3926,2026-09-29,688171,-2.1662742417523901,False,3919
3927,2026-09-29,688235,-2.1674087458225819,False,3920
3928,2026-09-29,688041,-2.1692503544852015,False,3921
3929,2026-09-29,603037,-2.1717439721619973,False,3922
3930,2026-09-29,301568,-2.1719996896537777,False,3923
3931,2026-09-29,601369,-2.1724522724385369,False,3924
3932,2026-09-29,001387,-2.1745359814377068,False,3925
3933,2026-09-29,002187,-2.176346134255541,False,3926
3934,2026-09-29,002219,-2.176388339336583,False,3927
3935,2026-09-29,300213,-2.1808260541043598,False,3928
3936,2026-09-29,000960,-2.1832661570896983,False,3929
3937,2026-09-29,002767,-2.1832784738830666,False,3930
3938,2026-09-29,603327,-2.1894139903283003,False,3931
3939,2026-09-29,603160,-2.1929936725979537,False,3932
3940,2026-09-29,600976,-2.1938876713047231,False,3933
3941,2026-09-29,600403,-2.1945076229885423,False,3934
3942,2026-09-29,300181,-2.2007217318395105,False,3935
3943,2026-09-29,603365,-2.2061614190412762,False,3936
3944,2026-09-29,002510,-2.2186807005744589,False,3937
3945,2026-09-29,600406,-2.2295644585968279,False,3938
3946,2026-09-29,002024,-2.2300307667381531,False,3939
3947,2026-09-29,002290,-2.2316151154655897,False,3940
3948,2026-09-29,300167,-2.2332306281129104,False,3941
3949,2026-09-29,688323,-2.2352283221590854,False,3942
3950,2026-09-29,300007,-2.2357886297977219,False,3943
3951,2026-09-29,603050,-2.2358606269105681,False,3944
3952,2026-09-29,688778,-2.2491247500198397,False,3945
3953,2026-09-29,000786,-2.2523388450565429,False,3946
3954,2026-09-29,600807,-2.2552962662686293,False,3947
3955,2026-09-29,688500,-2.2571909517887128,False,3948
3956,2026-09-29,002261,-2.2583746608071942,False,3949
3957,2026-09-29,600765,-2.258613363727386,False,3950
3958,2026-09-29,000021,-2.259738609896651,False,3951
3959,2026-09-29,688652,-2.2608105148705109,False,3952
3960,2026-09-29,000593,-2.2622573793107232,False,3953
3961,2026-09-29,301191,-2.2623831546262254,False,3954
3962,2026-09-29,300827,-2.2680468107852239,False,3955
3963,2026-09-29,600459,-2.2752159284475777,False,3956
3964,2026-09-29,600380,-2.2790716795939701,False,3957
3965,2026-09-29,603183,-2.2859046076058012,False,3958
3966,2026-09-29,688187,-2.290506414006058,False,3959
3967,2026-09-29,600579,-2.2922163518433845,False,3960
3968,2026-09-29,605068,-2.2951100125313459,False,3961
3969,2026-09-29,300531,-2.2961431235862171,False,3962
3970,2026-09-29,300044,-2.3000145642422365,False,3963
3971,2026-09-29,002756,-2.3053821765551099,False,3964
3972,2026-09-29,688253,-2.3120648432577791,False,3965
3973,2026-09-29,600777,-2.3122359593144295,False,3966
3974,2026-09-29,300480,-2.31585025820424,False,3967
3975,2026-09-29,688115,-2.3188430342614277,False,3968
3976,2026-09-29,300438,-2.3240442521994047,False,3969
3977,2026-09-29,300609,-2.3241913646874437,False,3970
3978,2026-09-29,002326,-2.3309253006295143,False,3971
3979,2026-09-29,603688,-2.3322775013243358,False,3972
3980,2026-09-29,300620,-2.3328285950152301,False,3973
3981,2026-09-29,300626,-2.3338193855759806,False,3974
3982,2026-09-29,605001,-2.338641073654983,False,3975
3983,2026-09-29,301269,-2.3407809181204131,False,3976
3984,2026-09-29,600201,-2.34147044170623,False,3977
3985,2026-09-29,301238,-2.3432792753121574,False,3978
3986,2026-09-29,600673,-2.3440123648522255,False,3979
3987,2026-09-29,002039,-2.3446178539752229,False,3980
3988,2026-09-29,688199,-2.3451933816159478,False,3981
3989,2026-09-29,600115,-2.3453168366597508,False,3982
3990,2026-09-29,300730,-2.3497215088048522,False,3983
3991,2026-09-29,000600,-2.3508409297232573,False,3984
3992,2026-09-29,300592,-2.3532676935253298,False,3985
3993,2026-09-29,601868,-2.3543594696326546,False,3986
3994,2026-09-29,600609,-2.3548227749925674,False,3987
3995,2026-09-29,600500,-2.3663811599226761,False,3988
3996,2026-09-29,300169,-2.3664929341165397,False,3989
3997,2026-09-29,600671,-2.3667212616194977,False,3990
3998,2026-09-29,002534,-2.3675072108579949,False,3991
3999,2026-09-29,002775,-2.3727121066326613,False,3992
4000,2026-09-29,300461,-2.3751940847294764,False,3993
4001,2026-09-29,300296,-2.37531298190865,False,3994
4002,2026-09-29,688005,-2.3767156135141576,False,3995
4003,2026-09-29,002594,-2.3785154819723209,False,3996
4004,2026-09-29,688450,-2.3818152865363231,False,3997
4005,2026-09-29,603496,-2.3860588582518156,False,3998
4006,2026-09-29,002383,-2.3880832877936982,False,3999
4007,2026-09-29,300580,-2.3895295461954236,False,4000
4008,2026-09-29,688448,-2.3901992000276535,False,4001
4009,2026-09-29,300675,-2.393490629646184,False,4002
4010,2026-09-29,300039,-2.3956634275651387,False,4003
4011,2026-09-29,300551,-2.3969014736049541,False,4004
4012,2026-09-29,688488,-2.3991394890020055,False,4005
4013,2026-09-29,000883,-2.4010869331664453,False,4006
4014,2026-09-29,600148,-2.4020585183820984,False,4007
4015,2026-09-29,300317,-2.403398088863284,False,4008
4016,2026-09-29,000426,-2.4054324115487211,False,4009
4017,2026-09-29,300499,-2.4074160153143103,False,4010
4018,2026-09-29,002466,-2.4109460174071327,False,4011
4019,2026-09-29,000767,-2.411736089402841,False,4012
4020,2026-09-29,688279,-2.4185409769945259,False,4013
4021,2026-09-29,000680,-2.4190825719173117,False,4014
4022,2026-09-29,600916,-2.4191186659360189,False,4015
4023,2026-09-29,002307,-2.4191966569050822,False,4016
4024,2026-09-29,000733,-2.4214404944153705,False,4017
4025,2026-09-29,605117,-2.4307384971714066,False,4018
4026,2026-09-29,600734,-2.4368738490897148,False,4019
4027,2026-09-29,002837,-2.4388057092912305,False,4020
4028,2026-09-29,603806,-2.4408223797463808,False,4021
4029,2026-09-29,605128,-2.4424914895413266,False,4022
4030,2026-09-29,300505,-2.450730444565151,False,4023
4031,2026-09-29,688611,-2.4530355478336725,False,4024
4032,2026-09-29,300548,-2.4595334732631597,False,4025
4033,2026-09-29,603598,-2.4605953135960474,True,
4034,2026-09-29,301263,-2.4615949700292652,False,4026
4035,2026-09-29,600478,-2.46197004643142,False,4027
4036,2026-09-29,300985,-2.4658382105613366,False,4028
4037,2026-09-29,600533,-2.4725274407851439,False,4029
4038,2026-09-29,603985,-2.4809827094636172,False,4030
4039,2026-09-29,600101,-2.4810898737932963,False,4031
4040,2026-09-29,000632,-2.4826019415450404,False,4032
4041,2026-09-29,002366,-2.4848726941398165,False,4033
4042,2026-09-29,000420,-2.4852348472528525,False,4034
4043,2026-09-29,600366,-2.4885078689785516,False,4035
4044,2026-09-29,300277,-2.4900192588011549,False,4036
4045,2026-09-29,300660,-2.4949931341433977,False,4037
4046,2026-09-29,300981,-2.4968728478466451,False,4038
4047,2026-09-29,000069,-2.4998385279006703,False,4039
4048,2026-09-29,600010,-2.5123923286923437,False,4040
4049,2026-09-29,603799,-2.5192595383287788,False,4041
4050,2026-09-29,300075,-2.5199661375443032,False,4042
4051,2026-09-29,301487,-2.5227281656022233,False,4043
4052,2026-09-29,301680,-2.5288885973473376,False,4044
4053,2026-09-29,601601,-2.5291543764740858,False,4045
4054,2026-09-29,600982,-2.5294261884727862,True,
4055,2026-09-29,688318,-2.5303437083493083,False,4046
4056,2026-09-29,000415,-2.532648030825587,False,4047
4057,2026-09-29,601375,-2.5334254013488322,False,4048
4058,2026-09-29,688092,-2.5347225544695937,False,4049
4059,2026-09-29,000659,-2.5373996984339859,False,4050
4060,2026-09-29,600821,-2.5416096754244659,False,4051
4061,2026-09-29,300002,-2.5469809693384429,False,4052
4062,2026-09-29,002388,-2.5501971250133555,False,4053
4063,2026-09-29,001309,-2.5608232576168537,False,4054
4064,2026-09-29,600725,-2.5622804344516377,False,4055
4065,2026-09-29,600390,-2.5640315238515621,False,4056
4066,2026-09-29,688750,-2.5655431783240745,False,4057
4067,2026-09-29,002926,-2.5660614769395016,False,4058
4068,2026-09-29,688105,-2.5701111739735705,False,4059
4069,2026-09-29,603051,-2.5734893024134418,False,4060
4070,2026-09-29,603980,-2.575804600991952,True,
4071,2026-09-29,600233,-2.5762730749099036,False,4061
4072,2026-09-29,000591,-2.5899384846593767,False,4062
4073,2026-09-29,002145,-2.5936477827897075,False,4063
4074,2026-09-29,603630,-2.5954370799491957,True,
4075,2026-09-29,600509,-2.5959992350521093,False,4064
4076,2026-09-29,300977,-2.6035487034949734,False,4065
4077,2026-09-29,301349,-2.608256142502424,False,4066
4078,2026-09-29,301095,-2.6102246890763574,False,4067
4079,2026-09-29,001314,-2.6109257165864106,False,4068
4080,2026-09-29,300573,-2.6145702609333861,False,4069
4081,2026-09-29,301086,-2.620909247415355,False,4070
4082,2026-09-29,000727,-2.6247716824778555,False,4071
4083,2026-09-29,002422,-2.6330521148736441,False,4072
4084,2026-09-29,603019,-2.6368405593053899,False,4073
4085,2026-09-29,688186,-2.6371864825430515,False,4074
4086,2026-09-29,600588,-2.6414785904135742,False,4075
4087,2026-09-29,301592,-2.6419423126058232,False,4076
4088,2026-09-29,002497,-2.6425091483095056,False,4077
4089,2026-09-29,300201,-2.6447314558061796,False,4078
4090,2026-09-29,601788,-2.6490164562136056,False,4079
4091,2026-09-29,002642,-2.6522867841154101,False,4080
4092,2026-09-29,688087,-2.6551562107217808,False,4081
4093,2026-09-29,605399,-2.6552728179177274,False,4082
4094,2026-09-29,002167,-2.6585236797004863,False,4083
4095,2026-09-29,603109,-2.6623646580433906,False,4084
4096,2026-09-29,002521,-2.6626325278200218,False,4085
4097,2026-09-29,600651,-2.6629313028224812,False,4086
4098,2026-09-29,600739,-2.6676717455651451,False,4087
4099,2026-09-29,301091,-2.6736450670276204,False,4088
4100,2026-09-29,300236,-2.6808943222210018,False,4089
4101,2026-09-29,600759,-2.6809485303569822,False,4090
4102,2026-09-29,688011,-2.68915298592899,False,4091
4103,2026-09-29,002124,-2.6962069382628,False,4092
4104,2026-09-29,000629,-2.6976737914561175,False,4093
4105,2026-09-29,601881,-2.6987206023980503,False,4094
4106,2026-09-29,300787,-2.7015953435230711,False,4095
4107,2026-09-29,002276,-2.7119291861212909,False,4096
4108,2026-09-29,300629,-2.7137657960575821,False,4097
4109,2026-09-29,600702,-2.7276261297979172,False,4098
4110,2026-09-29,600732,-2.7295170517851748,False,4099
4111,2026-09-29,000766,-2.7346554556289506,False,4100
4112,2026-09-29,688233,-2.7366638704781847,False,4101
4113,2026-09-29,301196,-2.739359599426443,False,4102
4114,2026-09-29,603200,-2.7472131885993409,True,
4115,2026-09-29,601789,-2.7527860960293826,False,4103
4116,2026-09-29,002733,-2.7559912010855165,False,4104
4117,2026-09-29,600460,-2.7565695656207492,False,4105
4118,2026-09-29,603826,-2.7576112416442777,False,4106
4119,2026-09-29,002289,-2.7626633630907209,False,4107
4120,2026-09-29,603306,-2.7703804110622325,False,4108
4121,2026-09-29,002005,-2.7713830504283856,False,4109
4122,2026-09-29,688584,-2.7733102685952469,False,4110
4123,2026-09-29,688600,-2.7733562496074469,False,4111
4124,2026-09-29,000997,-2.778588658068418,False,4112
4125,2026-09-29,688591,-2.7884771380108333,False,4113
4126,2026-09-29,600226,-2.7911791802739865,False,4114
4127,2026-09-29,002281,-2.7945699250544913,False,4115
4128,2026-09-29,002465,-2.7956861852895081,False,4116
4129,2026-09-29,300959,-2.8077143445895425,False,4117
4130,2026-09-29,002601,-2.815925076642511,False,4118
4131,2026-09-29,300423,-2.8161998206473475,False,4119
4132,2026-09-29,300398,-2.8239416432744049,False,4120
4133,2026-09-29,002463,-2.8240462523720486,False,4121
4134,2026-09-29,002866,-2.8250955831120574,True,
4135,2026-09-29,001233,-2.8319996737746598,False,4122
4136,2026-09-29,300708,-2.8346405803803183,False,4123
4137,2026-09-29,000582,-2.8391839892917634,False,4124
4138,2026-09-29,002195,-2.8424078685135035,False,4125
4139,2026-09-29,300237,-2.8424337009117391,False,4126
4140,2026-09-29,688567,-2.8475119646194984,False,4127
4141,2026-09-29,600764,-2.8485889209190751,False,4128
4142,2026-09-29,000012,-2.8536252975826875,False,4129
4143,2026-09-29,688146,-2.8620691528746969,False,4130
4144,2026-09-29,301273,-2.8629494836224878,False,4131
4145,2026-09-29,688202,-2.8740727739899388,False,4132
4146,2026-09-29,688535,-2.8745766681358575,False,4133
4147,2026-09-29,300070,-2.874679010839023,False,4134
4148,2026-09-29,000932,-2.8789795238986087,False,4135
4149,2026-09-29,002268,-2.8830352784239377,False,4136
4150,2026-09-29,002296,-2.8835203130970086,False,4137
4151,2026-09-29,600022,-2.884165523129651,False,4138
4152,2026-09-29,000948,-2.890857646115772,False,4139
4153,2026-09-29,603127,-2.892982049993774,False,4140
4154,2026-09-29,301063,-2.8955986409151877,False,4141
4155,2026-09-29,601377,-2.899271390869492,False,4142
4156,2026-09-29,600192,-2.8994600913958219,False,4143
4157,2026-09-29,688181,-2.9047168657449522,False,4144
4158,2026-09-29,600111,-2.9120012598378096,False,4145
4159,2026-09-29,300188,-2.9176419427230975,False,4146
4160,2026-09-29,600376,-2.9252839707038083,False,4147
4161,2026-09-29,600160,-2.9265422403003951,False,4148
4162,2026-09-29,688057,-2.9324097663192878,False,4149
4163,2026-09-29,600502,-2.9334177442398506,False,4150
4164,2026-09-29,002816,-2.9337177190417867,False,4151
4165,2026-09-29,603936,-2.9342528958576191,False,4152
4166,2026-09-29,603179,-2.9378715033214693,False,4153
4167,2026-09-29,002745,-2.9411205078871747,False,4154
4168,2026-09-29,001257,-2.9418801094147731,False,4155
4169,2026-09-29,600008,-2.9453130018674112,False,4156
4170,2026-09-29,688426,-2.9470041577494515,False,4157
4171,2026-09-29,688596,-2.9486559964279708,False,4158
4172,2026-09-29,300969,-2.9488202329335467,False,4159
4173,2026-09-29,688385,-2.9505092638131161,False,4160
4174,2026-09-29,002061,-2.9519594221958583,False,4161
4175,2026-09-29,688012,-2.9546004269852233,False,4162
4176,2026-09-29,002044,-2.9569155746250244,False,4163
4177,2026-09-29,000831,-2.963122656823785,False,4164
4178,2026-09-29,002295,-2.9687826488522164,False,4165
4179,2026-09-29,300926,-2.9737853137416908,False,4166
4180,2026-09-29,002673,-2.9833094259488115,False,4167
4181,2026-09-29,300456,-2.9873182248109771,False,4168
4182,2026-09-29,300586,-3.0012718498066562,False,4169
4183,2026-09-29,300005,-3.0024200220798121,False,4170
4184,2026-09-29,603815,-3.006070603472943,False,4171
4185,2026-09-29,300411,-3.0140137282771162,False,4172
4186,2026-09-29,003033,-3.0144817911778707,False,4173
4187,2026-09-29,300139,-3.0195448710818606,False,4174
4188,2026-09-29,000725,-3.0294179231407852,False,4175
4189,2026-09-29,300365,-3.0295169655330416,False,4176
4190,2026-09-29,688711,-3.0342031860227037,False,4177
4191,2026-09-29,002434,-3.0425474911767445,False,4178
4192,2026-09-29,600906,-3.0467859248740639,False,4179
4193,2026-09-29,600038,-3.0483506087783407,False,4180
4194,2026-09-29,000608,-3.0534852937488521,False,4181
4195,2026-09-29,600312,-3.0561451299381708,False,4182
4196,2026-09-29,300469,-3.0585853212373149,False,4183
4197,2026-09-29,601990,-3.0640075096338681,False,4184
4198,2026-09-29,300655,-3.0695458517838001,False,4185
4199,2026-09-29,002137,-3.0731666299638727,False,4186
4200,2026-09-29,600258,-3.074975125666342,False,4187
4201,2026-09-29,603838,-3.0795854955661137,False,4188
4202,2026-09-29,000048,-3.0848566966069026,False,4189
4203,2026-09-29,600999,-3.0856363305761096,False,4190
4204,2026-09-29,600909,-3.0927744499022309,False,4191
4205,2026-09-29,300059,-3.0978811143543137,False,4192
4206,2026-09-29,002945,-3.098279524868766,False,4193
4207,2026-09-29,000657,-3.0996599369239362,False,4194
4208,2026-09-29,300269,-3.1029395086641913,False,4195
4209,2026-09-29,600649,-3.1036449873035026,False,4196
4210,2026-09-29,300696,-3.1073122696535349,False,4197
4211,2026-09-29,300436,-3.1084684287338078,False,4198
4212,2026-09-29,603259,-3.1085822675600299,False,4199
4213,2026-09-29,001212,-3.1102802789306128,False,4200
4214,2026-09-29,688262,-3.1113874403745867,False,4201
4215,2026-09-29,603066,-3.1158433949221753,False,4202
4216,2026-09-29,301149,-3.1173195162352831,False,4203
4217,2026-09-29,300350,-3.1246308062954231,False,4204
4218,2026-09-29,688820,-3.1254866803890771,False,4205
4219,2026-09-29,300604,-3.1329395808595533,False,4206
4220,2026-09-29,601099,-3.1330860583465134,False,4207
4221,2026-09-29,601162,-3.1392399916653559,False,4208
4222,2026-09-29,002698,-3.1421347525298735,False,4209
4223,2026-09-29,600826,-3.1480958466881241,False,4210
4224,2026-09-29,300190,-3.1492731648687178,False,4211
4225,2026-09-29,603396,-3.1533454086316155,False,4212
4226,2026-09-29,301168,-3.1557727923052439,False,4213
4227,2026-09-29,001207,-3.156493912812218,False,4214
4228,2026-09-29,301611,-3.1609031277456934,False,4215
4229,2026-09-29,002542,-3.1734103863367618,False,4216
4230,2026-09-29,300496,-3.1838917385914676,False,4217
4231,2026-09-29,603002,-3.1855447811503357,False,4218
4232,2026-09-29,300723,-3.1881570071239778,False,4219
4233,2026-09-29,603681,-3.1902166101708023,False,4220
4234,2026-09-29,002840,-3.1954607336486562,False,4221
4235,2026-09-29,002736,-3.1998153911154406,False,4222
4236,2026-09-29,600067,-3.2011248130459844,False,4223
4237,2026-09-29,002029,-3.201895133817406,False,4224
4238,2026-09-29,688178,-3.2075308767472817,False,4225
4239,2026-09-29,301656,-3.2093802415662642,False,4226
4240,2026-09-29,000498,-3.2197495942192349,False,4227
4241,2026-09-29,688116,-3.2209338593973533,False,4228
4242,2026-09-29,600170,-3.2220642697217508,False,4229
4243,2026-09-29,002812,-3.2237893487595364,False,4230
4244,2026-09-29,300159,-3.2247267734015566,False,4231
4245,2026-09-29,300587,-3.2289000298552626,False,4232
4246,2026-09-29,300304,-3.2432062371588222,False,4233
4247,2026-09-29,600768,-3.2454390187893551,False,4234
4248,2026-09-29,300151,-3.2461299198038285,False,4235
4249,2026-09-29,002379,-3.2486637174276418,False,4236
4250,2026-09-29,603798,-3.2542870268133206,False,4237
4251,2026-09-29,000031,-3.259600986704029,False,4238
4252,2026-09-29,603108,-3.2607638997007555,False,4239
4253,2026-09-29,301365,-3.2632033091293682,False,4240
4254,2026-09-29,688097,-3.2649917437981477,False,4241
4255,2026-09-29,688399,-3.275382103666967,False,4242
4256,2026-09-29,001393,-3.2809760758163766,False,4243
4257,2026-09-29,603809,-3.2849852164360249,False,4244
4258,2026-09-29,300938,-3.2903139486199544,False,4245
4259,2026-09-29,002135,-3.2971791565157007,False,4246
4260,2026-09-29,001229,-3.3009939473988554,False,4247
4261,2026-09-29,301308,-3.3016205145940738,False,4248
4262,2026-09-29,603035,-3.302486876812166,False,4249
4263,2026-09-29,003043,-3.3057787978184332,False,4250
4264,2026-09-29,688503,-3.3076644686679186,False,4251
4265,2026-09-29,002517,-3.3158843112423435,False,4252
4266,2026-09-29,001220,-3.3173880641795472,False,4253
4267,2026-09-29,603529,-3.3173939307689073,False,4254
4268,2026-09-29,301233,-3.3238861578621828,False,4255
4269,2026-09-29,603667,-3.3248151038883789,False,4256
4270,2026-09-29,603065,-3.3261227567113076,False,4257
4271,2026-09-29,002236,-3.3344731452168377,False,4258
4272,2026-09-29,688052,-3.3354879082027855,False,4259
4273,2026-09-29,601211,-3.3361270950701138,False,4260
4274,2026-09-29,688349,-3.3365272879657439,False,4261
4275,2026-09-29,600531,-3.3414676166260708,False,4262
4276,2026-09-29,688325,-3.3441998396064294,False,4263
4277,2026-09-29,002438,-3.3456328293925441,False,4264
4278,2026-09-29,600908,-3.3512335776313811,False,4265
4279,2026-09-29,688599,-3.3543572566087723,False,4266
4280,2026-09-29,605358,-3.3661153897102674,False,4267
4281,2026-09-29,605277,-3.3725597124137572,False,4268
4282,2026-09-29,601618,-3.3765267648690265,False,4269
4283,2026-09-29,300470,-3.3787559651707948,False,4270
4284,2026-09-29,688733,-3.3799747836143976,False,4271
4285,2026-09-29,600345,-3.3806240436954544,False,4272
4286,2026-09-29,300088,-3.3849423109372596,False,4273
4287,2026-09-29,603669,-3.3850093800596825,False,4274
4288,2026-09-29,688775,-3.3869453092142967,False,4275
4289,2026-09-29,002480,-3.3875852399351292,False,4276
4290,2026-09-29,301393,-3.3928880902797554,False,4277
4291,2026-09-29,601112,-3.3958105131217406,False,4278
4292,2026-09-29,002148,-3.4006728236443413,False,4279
4293,2026-09-29,301633,-3.4063164918799629,False,4280
4294,2026-09-29,688297,-3.4078365997324034,False,4281
4295,2026-09-29,301377,-3.4085675810722922,False,4282
4296,2026-09-29,601949,-3.4088259876767149,True,
4297,2026-09-29,603679,-3.414115692700745,False,4283
4298,2026-09-29,300493,-3.4149318313250641,False,4284
4299,2026-09-29,688016,-3.4179547223146884,False,4285
4300,2026-09-29,002348,-3.4185253719691646,False,4286
4301,2026-09-29,300083,-3.4200254137452131,False,4287
4302,2026-09-29,301237,-3.4232852419801585,False,4288
4303,2026-09-29,601818,-3.4237611053691599,False,4289
4304,2026-09-29,300491,-3.4254523232477267,False,4290
4305,2026-09-29,300487,-3.426664314629539,False,4291
4306,2026-09-29,300589,-3.4274622383004245,False,4292
4307,2026-09-29,688059,-3.4345871792834215,False,4293
4308,2026-09-29,300415,-3.4409978932363341,False,4294
4309,2026-09-29,688530,-3.4419707442823819,False,4295
4310,2026-09-29,002169,-3.4481160570311973,False,4296
4311,2026-09-29,300166,-3.4502951517959173,False,4297
4312,2026-09-29,688353,-3.4509716380350013,False,4298
4313,2026-09-29,603638,-3.4525233471886549,False,4299
4314,2026-09-29,002902,-3.4530531226052044,False,4300
4315,2026-09-29,688046,-3.4536379160717985,False,4301
4316,2026-09-29,603444,-3.4560884106725784,False,4302
4317,2026-09-29,603915,-3.4563414442062355,False,4303
4318,2026-09-29,605100,-3.4617780078841398,False,4304
4319,2026-09-29,002178,-3.4624758731056042,False,4305
4320,2026-09-29,300223,-3.4735026451568025,False,4306
4321,2026-09-29,300528,-3.4744174940079411,False,4307
4322,2026-09-29,000056,-3.4775114347498479,False,4308
4323,2026-09-29,301092,-3.4782181055583803,False,4309
4324,2026-09-29,600276,-3.4790034687261882,False,4310
4325,2026-09-29,603390,-3.4803800102729672,False,4311
4326,2026-09-29,000756,-3.4822286208233439,False,4312
4327,2026-09-29,002309,-3.4863750452935522,False,4313
4328,2026-09-29,300706,-3.4887189312945175,False,4314
4329,2026-09-29,688621,-3.4932011498435185,False,4315
4330,2026-09-29,000892,-3.49691644532574,False,4316
4331,2026-09-29,603949,-3.4990522375289856,True,
4332,2026-09-29,688603,-3.5006816854772183,False,4317
4333,2026-09-29,300382,-3.5025379614765555,False,4318
4334,2026-09-29,600522,-3.5056627513217542,False,4319
4335,2026-09-29,600518,-3.516320567868318,False,4320
4336,2026-09-29,300442,-3.5163298660175553,False,4321
4337,2026-09-29,688401,-3.5223520209562569,False,4322
4338,2026-09-29,000635,-3.5402249464042819,False,4323
4339,2026-09-29,301563,-3.5425225930943318,False,4324
4340,2026-09-29,600208,-3.5452923915483909,False,4325
4341,2026-09-29,688328,-3.5469289101241537,False,4326
4342,2026-09-29,003031,-3.5473153770580099,False,4327
4343,2026-09-29,601678,-3.5476686124950354,False,4328
4344,2026-09-29,002429,-3.5477130749038475,False,4329
4345,2026-09-29,300779,-3.5566087881929143,False,4330
4346,2026-09-29,688802,-3.5570548116630869,False,4331
4347,2026-09-29,300260,-3.5625281829540674,False,4332
4348,2026-09-29,600674,-3.584627839437224,False,4333
4349,2026-09-29,603281,-3.5890062326394592,False,4334
4350,2026-09-29,300490,-3.5906100220687107,False,4335
4351,2026-09-29,002916,-3.6002230726306537,False,4336
4352,2026-09-29,002453,-3.6097616520268412,False,4337
4353,2026-09-29,688573,-3.6100422747306169,False,4338
4354,2026-09-29,603777,-3.6153621919624563,False,4339
4355,2026-09-29,002774,-3.6159950707677306,False,4340
4356,2026-09-29,603859,-3.6162791969142418,False,4341
4357,2026-09-29,605589,-3.6174955827263799,False,4342
4358,2026-09-29,600539,-3.6176324848428525,False,4343
4359,2026-09-29,300877,-3.6220246420745954,False,4344
4360,2026-09-29,688380,-3.6265611266764441,False,4345
4361,2026-09-29,600881,-3.6287290200260749,False,4346
4362,2026-09-29,600888,-3.6386076630532864,False,4347
4363,2026-09-29,688712,-3.6394486576408913,False,4348
4364,2026-09-29,601872,-3.6449333481089496,False,4349
4365,2026-09-29,688419,-3.6449912441535002,False,4350
4366,2026-09-29,300012,-3.6492335056073393,False,4351
4367,2026-09-29,300224,-3.6509088967082737,False,4352
4368,2026-09-29,002042,-3.655465259229568,False,4353
4369,2026-09-29,600172,-3.6566248986651688,False,4354
4370,2026-09-29,301291,-3.663460309459508,False,4355
4371,2026-09-29,000036,-3.6655304048211574,True,
4372,2026-09-29,600895,-3.6662373253371294,False,4356
4373,2026-09-29,603267,-3.667046257638197,False,4357
4374,2026-09-29,300836,-3.6731176821130154,False,4358
4375,2026-09-29,000682,-3.6744556490458358,False,4359
4376,2026-09-29,600595,-3.6758989672221256,False,4360
4377,2026-09-29,301550,-3.680374503042795,False,4361
4378,2026-09-29,002371,-3.6820196457965597,False,4362
4379,2026-09-29,688709,-3.6840882947275553,False,4363
4380,2026-09-29,002921,-3.6879637352451033,False,4364
4381,2026-09-29,688311,-3.6913909065269128,False,4365
4382,2026-09-29,601399,-3.6921910963562152,False,4366
4383,2026-09-29,688515,-3.6959453037131711,False,4367
4384,2026-09-29,688663,-3.6970344999957145,False,4368
4385,2026-09-29,300718,-3.7016305728761068,False,4369
4386,2026-09-29,300383,-3.7021959624274832,False,4370
4387,2026-09-29,688006,-3.709304203585384,False,4371
4388,2026-09-29,688513,-3.7142540782315541,False,4372
4389,2026-09-29,688816,-3.7194417323982627,False,4373
4390,2026-09-29,002125,-3.7220189181264165,False,4374
4391,2026-09-29,002080,-3.7226867150656897,False,4375
4392,2026-09-29,300676,-3.7231805834083516,False,4376
4393,2026-09-29,300853,-3.7278120257100289,False,4377
4394,2026-09-29,301591,-3.7296796334609397,False,4378
4395,2026-09-29,000686,-3.7418757533722231,False,4379
4396,2026-09-29,688208,-3.7438663857111276,False,4380
4397,2026-09-29,600933,-3.7514326717610023,False,4381
4398,2026-09-29,688108,-3.7548128545083466,False,4382
4399,2026-09-29,300890,-3.7588806953883491,False,4383
4400,2026-09-29,000014,-3.7598254219633054,False,4384
4401,2026-09-29,600790,-3.7735802785277204,False,4385
4402,2026-09-29,600686,-3.7781853908641212,False,4386
4403,2026-09-29,002384,-3.7786828166411874,False,4387
4404,2026-09-29,603456,-3.7812882241396975,False,4388
4405,2026-09-29,002171,-3.7860492747562997,False,4389
4406,2026-09-29,603663,-3.7929001721094546,False,4390
4407,2026-09-29,603110,-3.7942530088623476,False,4391
4408,2026-09-29,603606,-3.7995560187795947,False,4392
4409,2026-09-29,688110,-3.8069357432311577,False,4393
4410,2026-09-29,300305,-3.8075842714697581,False,4394
4411,2026-09-29,300523,-3.8080847080523514,False,4395
4412,2026-09-29,300253,-3.8121023088285946,False,4396
4413,2026-09-29,688578,-3.8222168369351759,False,4397
4414,2026-09-29,000537,-3.8241923773182074,False,4398
4415,2026-09-29,001696,-3.8289939994807289,False,4399
4416,2026-09-29,000752,-3.8299000417584201,False,4400
4417,2026-09-29,688319,-3.8315942393721114,False,4401
4418,2026-09-29,600171,-3.839687943391314,False,4402
4419,2026-09-29,300302,-3.8444538559039376,False,4403
4420,2026-09-29,002213,-3.8472381449140522,False,4404
4421,2026-09-29,600939,-3.8597980626497574,False,4405
4422,2026-09-29,002769,-3.8624384274170911,False,4406
4423,2026-09-29,002925,-3.8672462502430616,False,4407
4424,2026-09-29,301587,-3.8689273560508806,False,4408
4425,2026-09-29,301236,-3.882924279002653,False,4409
4426,2026-09-29,002555,-3.8857595217807828,False,4410
4427,2026-09-29,301307,-3.8988416173143179,False,4411
4428,2026-09-29,300291,-3.8992218222299031,False,4412
4429,2026-09-29,688707,-3.9036124189592627,False,4413
4430,2026-09-29,603717,-3.9093278570497647,False,4414
4431,2026-09-29,600189,-3.9176263779516596,True,
4432,2026-09-29,600977,-3.9320399933595849,False,4415
4433,2026-09-29,002051,-3.9484256090819296,False,4416
4434,2026-09-29,300364,-3.9547886047938108,False,4417
4435,2026-09-29,688393,-3.9550583758213742,False,4418
4436,2026-09-29,688303,-3.9594070198772786,False,4419
4437,2026-09-29,300627,-3.9631128280214609,False,4420
4438,2026-09-29,000967,-3.9632208509280535,False,4421
4439,2026-09-29,002263,-3.9638508311403693,False,4422
4440,2026-09-29,603095,-3.9786498377562833,False,4423
4441,2026-09-29,603733,-3.9808789530068709,False,4424
4442,2026-09-29,601777,-3.9840204791968685,False,4425
4443,2026-09-29,301189,-3.9903272951724991,False,4426
4444,2026-09-29,603285,-3.998629874689299,False,4427
4445,2026-09-29,002457,-3.9986506757194165,False,4428
4446,2026-09-29,603909,-4.0033114334981752,False,4429
4447,2026-09-29,688277,-4.0078298578357447,False,4430
4448,2026-09-29,001237,-4.0245041867482669,False,4431
4449,2026-09-29,600482,-4.0270125533353403,False,4432
4450,2026-09-29,688799,-4.0271499818058336,False,4433
4451,2026-09-29,603236,-4.03951776190301,False,4434
4452,2026-09-29,000710,-4.0397488715551306,False,4435
4453,2026-09-29,300037,-4.0441107386853163,False,4436
4454,2026-09-29,688213,-4.0505092872916304,False,4437
4455,2026-09-29,603178,-4.0584549614095184,False,4438
4456,2026-09-29,300876,-4.0711664857282477,False,4439
4457,2026-09-29,603118,-4.0869101816121853,False,4440
4458,2026-09-29,002262,-4.089417773235505,False,4441
4459,2026-09-29,600505,-4.089595683344875,False,4442
4460,2026-09-29,300073,-4.1005116753759125,False,4443
4461,2026-09-29,300340,-4.1046242166966662,False,4444
4462,2026-09-29,301002,-4.11887693526179,False,4445
4463,2026-09-29,300014,-4.1215226669190503,False,4446
4464,2026-09-29,000685,-4.1288964718156693,False,4447
4465,2026-09-29,600152,-4.1373700282682107,True,
4466,2026-09-29,688368,-4.1405653972129217,False,4448
4467,2026-09-29,688099,-4.1416994527326629,False,4449
4468,2026-09-29,603336,-4.149026400529281,False,4450
4469,2026-09-29,002896,-4.1621253300031551,False,4451
4470,2026-09-29,600758,-4.1649894165013146,False,4452
4471,2026-09-29,601016,-4.1688791802031737,False,4453
4472,2026-09-29,300975,-4.1704469758614096,False,4454
4473,2026-09-29,688332,-4.1706516944570478,False,4455
4474,2026-09-29,688226,-4.1730271246704929,False,4456
4475,2026-09-29,002789,-4.1751188330619158,False,4457
4476,2026-09-29,600835,-4.1765051781109861,False,4458
4477,2026-09-29,002235,-4.1769205333656103,False,4459
4478,2026-09-29,688306,-4.1841480482772484,False,4460
4479,2026-09-29,688378,-4.1842201290673433,False,4461
4480,2026-09-29,300515,-4.1862209116158446,False,4462
4481,2026-09-29,603300,-4.1880357161583044,False,4463
4482,2026-09-29,603033,-4.1914803545627795,False,4464
4483,2026-09-29,600601,-4.1949883381553832,False,4465
4484,2026-09-29,300568,-4.19935141717714,False,4466
4485,2026-09-29,002851,-4.2044825881908849,False,4467
4486,2026-09-29,688517,-4.2096284451998915,False,4468
4487,2026-09-29,688261,-4.2130994270502047,False,4469
4488,2026-09-29,301617,-4.213731794486832,False,4470
4489,2026-09-29,600584,-4.2163035946708565,False,4471
4490,2026-09-29,688458,-4.2178630851134518,False,4472
4491,2026-09-29,300171,-4.2213492258519256,False,4473
4492,2026-09-29,600491,-4.22499587793145,False,4474
4493,2026-09-29,300474,-4.2409331097713672,False,4475
4494,2026-09-29,001258,-4.2449827813949828,False,4476
4495,2026-09-29,600400,-4.2456609412956272,False,4477
4496,2026-09-29,300076,-4.2469482184601048,False,4478
4497,2026-09-29,600733,-4.2578453582549391,False,4479
4498,2026-09-29,688029,-4.2624878515057967,False,4480
4499,2026-09-29,003002,-4.2696529119345392,False,4481
4500,2026-09-29,000060,-4.2745294106396265,False,4482
4501,2026-09-29,300154,-4.2855939328549226,False,4483
4502,2026-09-29,002915,-4.2917935230009974,False,4484
4503,2026-09-29,603979,-4.2948655748957432,False,4485
4504,2026-09-29,002501,-4.2978122515577279,False,4486
4505,2026-09-29,000025,-4.3099564258805181,False,4487
4506,2026-09-29,603699,-4.3172353578238472,False,4488
4507,2026-09-29,601155,-4.3242027862930215,False,4489
4508,2026-09-29,688525,-4.3393570940940771,False,4490
4509,2026-09-29,603226,-4.3394081979048016,False,4491
4510,2026-09-29,688605,-4.3436490143390518,False,4492
4511,2026-09-29,300264,-4.3484273541576668,False,4493
4512,2026-09-29,300618,-4.3484580144289016,False,4494
4513,2026-09-29,300671,-4.3589752229826928,False,4495
4514,2026-09-29,600839,-4.3690763747136039,False,4496
4515,2026-09-29,600490,-4.3726113940049656,False,4497
4516,2026-09-29,600551,-4.3761271098185341,False,4498
4517,2026-09-29,300376,-4.3813393935534402,False,4499
4518,2026-09-29,688538,-4.3864196875441959,False,4500
4519,2026-09-29,002514,-4.3895223936868124,False,4501
4520,2026-09-29,600196,-4.3904715754577666,False,4502
4521,2026-09-29,301280,-4.3985162500490746,False,4503
4522,2026-09-29,601611,-4.4011191237001821,False,4504
4523,2026-09-29,688669,-4.4015605678434619,False,4505
4524,2026-09-29,601519,-4.4046863213426048,True,
4525,2026-09-29,002389,-4.4070168158888556,False,4506
4526,2026-09-29,002813,-4.4141292485810419,True,
4527,2026-09-29,002518,-4.4145225470573664,False,4507
4528,2026-09-29,300534,-4.4192722765494619,False,4508
4529,2026-09-29,605255,-4.4253372673813427,False,4509
4530,2026-09-29,688308,-4.454151936577758,False,4510
4531,2026-09-29,600868,-4.4595683895040334,False,4511
4532,2026-09-29,688432,-4.4675439489023772,False,4512
4533,2026-09-29,688218,-4.4711606364087881,False,4513
4534,2026-09-29,002230,-4.4778682828280463,False,4514
4535,2026-09-29,603256,-4.4819762889270436,False,4515
4536,2026-09-29,688147,-4.4863711936759731,False,4516
4537,2026-09-29,688120,-4.4885673229866532,False,4517
4538,2026-09-29,002963,-4.4955678221022826,False,4518
4539,2026-09-29,600903,-4.5028741742464922,False,4519
4540,2026-09-29,300390,-4.5044017665008811,False,4520
4541,2026-09-29,300751,-4.5167723215237796,False,4521
4542,2026-09-29,002210,-4.5286944712435844,False,4522
4543,2026-09-29,300378,-4.5287744253131645,False,4523
4544,2026-09-29,600369,-4.5294053537129724,False,4524
4545,2026-09-29,002943,-4.529749324153757,False,4525
4546,2026-09-29,002670,-4.5407274584064252,False,4526
4547,2026-09-29,688583,-4.5436670962776873,False,4527
4548,2026-09-29,603001,-4.5471485411774779,False,4528
4549,2026-09-29,300738,-4.548533117972525,False,4529
4550,2026-09-29,000595,-4.5487548168502947,False,4530
4551,2026-09-29,002881,-4.5676032635382509,False,4531
4552,2026-09-29,600383,-4.5713189857480829,False,4532
4553,2026-09-29,300643,-4.572490446949967,False,4533
4554,2026-09-29,688408,-4.581720892606981,False,4534
4555,2026-09-29,002185,-4.5820057354085382,False,4535
4556,2026-09-29,002797,-4.6101610853408399,False,4536
4557,2026-09-29,600021,-4.6150703514039613,False,4537
4558,2026-09-29,600176,-4.6199308819044163,False,4538
4559,2026-09-29,603311,-4.6209861102693184,False,4539
4560,2026-09-29,300292,-4.621365811331307,False,4540
4561,2026-09-29,600640,-4.6256018590501924,False,4541
4562,2026-09-29,002639,-4.6298160207649781,False,4542
4563,2026-09-29,688549,-4.6367075112990399,False,4543
4564,2026-09-29,603232,-4.6482713005772442,False,4544
4565,2026-09-29,688197,-4.6490926939434267,False,4545
4566,2026-09-29,603386,-4.6595574040948602,False,4546
4567,2026-09-29,002939,-4.664031537372785,False,4547
4568,2026-09-29,002771,-4.6803693311415051,False,4548
4569,2026-09-29,688456,-4.6834359712661939,False,4549
4570,2026-09-29,002046,-4.692801363390819,False,4550
4571,2026-09-29,603615,-4.6990043296674386,False,4551
4572,2026-09-29,600929,-4.7061244467699117,False,4552
4573,2026-09-29,300866,-4.7095782682980838,False,4553
4574,2026-09-29,000785,-4.7106848954594955,False,4554
4575,2026-09-29,601117,-4.7138701409628458,False,4555
4576,2026-09-29,301225,-4.7293181876186861,False,4556
4577,2026-09-29,300058,-4.7293361411021699,False,4557
4578,2026-09-29,601900,-4.7523490570530029,False,4558
4579,2026-09-29,688090,-4.7550224362871942,False,4559
4580,2026-09-29,300804,-4.765874762793981,False,4560
4581,2026-09-29,300437,-4.7668142591917491,False,4561
4582,2026-09-29,688825,-4.7679131182739116,False,4562
4583,2026-09-29,600847,-4.7697699335651649,False,4563
4584,2026-09-29,603559,-4.7824800163425305,False,4564
4585,2026-09-29,002222,-4.7837689305553805,False,4565
4586,2026-09-29,601108,-4.7883320317177827,False,4566
4587,2026-09-29,603358,-4.7909897523614875,False,4567
4588,2026-09-29,688566,-4.7943637143748861,False,4568
4589,2026-09-29,688608,-4.7959511937703931,False,4569
4590,2026-09-29,300133,-4.7986011652981979,False,4570
4591,2026-09-29,300828,-4.8000736742556294,False,4571
4592,2026-09-29,603588,-4.8006192668682006,False,4572
4593,2026-09-29,002073,-4.815968373518329,False,4573
4594,2026-09-29,603124,-4.8189208304984676,False,4574
4595,2026-09-29,300450,-4.8280372237501759,False,4575
4596,2026-09-29,688114,-4.8301488157604675,False,4576
4597,2026-09-29,603222,-4.8307879447273461,False,4577
4598,2026-09-29,688545,-4.8323309232271692,False,4578
4599,2026-09-29,300759,-4.836462769379513,False,4579
4600,2026-09-29,300353,-4.8374738142654845,False,4580
4601,2026-09-29,300129,-4.840947541383402,False,4581
4602,2026-09-29,600816,-4.8459292751656307,False,4582
4603,2026-09-29,300212,-4.8494828571851514,False,4583
4604,2026-09-29,603268,-4.8565748189370979,False,4584
4605,2026-09-29,603833,-4.8720633740318346,False,4585
4606,2026-09-29,300553,-4.8802149975764184,False,4586
4607,2026-09-29,600126,-4.8997379110191606,False,4587
4608,2026-09-29,601918,-4.8999044556024884,False,4588
4609,2026-09-29,300244,-4.912454792963997,False,4589
4610,2026-09-29,000799,-4.9154162355660542,False,4590
4611,2026-09-29,600266,-4.929459570245232,False,4591
4612,2026-09-29,301526,-4.9409038555412534,False,4592
4613,2026-09-29,603120,-4.9419579417007169,False,4593
4614,2026-09-29,688150,-4.9455939814641905,False,4594
4615,2026-09-29,002249,-4.9585043545966423,False,4595
4616,2026-09-29,002821,-4.9639986460898342,False,4596
4617,2026-09-29,688768,-4.9689827770049089,False,4597
4618,2026-09-29,300716,-4.9747312816928098,False,4598
4619,2026-09-29,603468,-4.9834367253409297,False,4599
4620,2026-09-29,300085,-4.9899285015024226,False,4600
4621,2026-09-29,000158,-4.9904977050741666,False,4601
4622,2026-09-29,605136,-4.9969959894643736,False,4602
4623,2026-09-29,002139,-5.0072563622557995,False,4603
4624,2026-09-29,603885,-5.0140936937978617,False,4604
4625,2026-09-29,001400,-5.0147978018953339,False,4605
4626,2026-09-29,300765,-5.0150459591420837,False,4606
4627,2026-09-29,603602,-5.0187482865603439,True,
4628,2026-09-29,301356,-5.0243554107335058,False,4607
4629,2026-09-29,600048,-5.0343398117920346,False,4608
4630,2026-09-29,002340,-5.0366664980221323,False,4609
4631,2026-09-29,688758,-5.0371845332508798,False,4610
4632,2026-09-29,300410,-5.0528779241365349,False,4611
4633,2026-09-29,300363,-5.0585072907903257,False,4612
4634,2026-09-29,000656,-5.0706903180099401,False,4613
4635,2026-09-29,300905,-5.0713545111681171,False,4614
4636,2026-09-29,688388,-5.0735082382467658,False,4615
4637,2026-09-29,600545,-5.0737920104594094,False,4616
4638,2026-09-29,301031,-5.0852710708240876,False,4617
4639,2026-09-29,301297,-5.0989903275009372,False,4618
4640,2026-09-29,600846,-5.1161540349413013,False,4619
4641,2026-09-29,600094,-5.1181804498662702,False,4620
4642,2026-09-29,300352,-5.1212729103984849,False,4621
4643,2026-09-29,000090,-5.1334876603281643,False,4622
4644,2026-09-29,603459,-5.1343921544554725,False,4623
4645,2026-09-29,688313,-5.1447904967327602,False,4624
4646,2026-09-29,601012,-5.1494001945499113,False,4625
4647,2026-09-29,301021,-5.1557049167739892,False,4626
4648,2026-09-29,300422,-5.1611274581074031,False,4627
4649,2026-09-29,002431,-5.1624534497439889,False,4628
4650,2026-09-29,300035,-5.1715950732807432,False,4629
4651,2026-09-29,301531,-5.1810330139952834,False,4630
4652,2026-09-29,603228,-5.1924682886592048,False,4631
4653,2026-09-29,300785,-5.1938157000984173,False,4632
4654,2026-09-29,600667,-5.201144232581516,False,4633
4655,2026-09-29,688188,-5.22615428011565,False,4634
4656,2026-09-29,300221,-5.2614891302425546,False,4635
4657,2026-09-29,688561,-5.2670392224919285,False,4636
4658,2026-09-29,688689,-5.2729923668620682,False,4637
4659,2026-09-29,688478,-5.2787789521060118,False,4638
4660,2026-09-29,300098,-5.2883599846872897,False,4639
4661,2026-09-29,688179,-5.2901653533492992,False,4640
4662,2026-09-29,301448,-5.3006190086219203,False,4641
4663,2026-09-29,002971,-5.3229304586751818,False,4642
4664,2026-09-29,300567,-5.325584856172811,False,4643
4665,2026-09-29,605186,-5.3281335972664188,False,4644
4666,2026-09-29,000700,-5.3490849626487655,False,4645
4667,2026-09-29,002474,-5.3529397821469669,False,4646
4668,2026-09-29,301205,-5.3536078269657921,False,4647
4669,2026-09-29,601579,-5.3584465834636887,False,4648
4670,2026-09-29,301687,-5.3636814930103895,False,4649
4671,2026-09-29,688045,-5.3894277461433369,False,4650
4672,2026-09-29,301171,-5.3941163016207758,False,4651
4673,2026-09-29,688257,-5.4154665578255337,False,4652
4674,2026-09-29,300110,-5.4173675452024534,False,4653
4675,2026-09-29,600619,-5.4205791517389859,False,4654
4676,2026-09-29,000532,-5.4209505352560514,False,4655
4677,2026-09-29,300170,-5.4224420179368504,False,4656
4678,2026-09-29,688409,-5.4307671859963547,False,4657
4679,2026-09-29,001388,-5.4316948535899101,False,4658
4680,2026-09-29,603313,-5.4361255050320354,False,4659
4681,2026-09-29,300266,-5.4474703351130103,False,4660
4682,2026-09-29,002735,-5.4579450396504772,False,4661
4683,2026-09-29,300951,-5.4620692222911265,False,4662
4684,2026-09-29,301333,-5.4836658787850654,False,4663
4685,2026-09-29,301110,-5.486210771456002,False,4664
4686,2026-09-29,300895,-5.4980417762756559,False,4665
4687,2026-09-29,002617,-5.52130464146635,False,4666
4688,2026-09-29,300736,-5.5306224255770626,False,4667
4689,2026-09-29,688138,-5.5385465066703006,False,4668
4690,2026-09-29,603038,-5.5696707809574715,False,4669
4691,2026-09-29,300623,-5.5712911856435063,False,4670
4692,2026-09-29,000034,-5.5775919343476783,False,4671
4693,2026-09-29,688727,-5.5836951969967865,False,4672
4694,2026-09-29,000811,-5.5958818547009415,False,4673
4695,2026-09-29,002981,-5.6050533648093497,False,4674
4696,2026-09-29,600654,-5.618141312864589,False,4675
4697,2026-09-29,603665,-5.6218489744936271,False,4676
4698,2026-09-29,000829,-5.6306479480998588,False,4677
4699,2026-09-29,688521,-5.6810361964502949,False,4678
4700,2026-09-29,300347,-5.6942460771394234,False,4679
4701,2026-09-29,002058,-5.7039335288549422,True,
4702,2026-09-29,603218,-5.7468459582710754,False,4680
4703,2026-09-29,688469,-5.77032405538014,False,4681
4704,2026-09-29,000973,-5.7726297515876377,False,4682
4705,2026-09-29,300198,-5.7747390720590772,False,4683
4706,2026-09-29,002472,-5.7792143650907093,False,4684
4707,2026-09-29,600744,-5.7850307855250325,False,4685
4708,2026-09-29,600698,-5.7853805308270818,False,4686
4709,2026-09-29,002339,-5.7939492549025573,False,4687
4710,2026-09-29,688486,-5.795370650103937,False,4688
4711,2026-09-29,000676,-5.7958921749413301,False,4689
4712,2026-09-29,301369,-5.7995123024811361,False,4690
4713,2026-09-29,301325,-5.8112121659250331,False,4691
4714,2026-09-29,688489,-5.8144065313619535,False,4692
4715,2026-09-29,301219,-5.8238972363290777,False,4693
4716,2026-09-29,300939,-5.8269038252936589,False,4694
4717,2026-09-29,300843,-5.8278333063572774,False,4695
4718,2026-09-29,688207,-5.8285867667084812,False,4696
4719,2026-09-29,001399,-5.8322508586300934,False,4697
4720,2026-09-29,002568,-5.8646688484217302,False,4698
4721,2026-09-29,603293,-5.8987820036789147,False,4699
4722,2026-09-29,000670,-5.9142367659447128,False,4700
4723,2026-09-29,688700,-5.917353162283093,False,4701
4724,2026-09-29,600006,-5.941336027176928,False,4702
4725,2026-09-29,002611,-5.9418942869177673,False,4703
4726,2026-09-29,002989,-5.9493766001539656,False,4704
4727,2026-09-29,688315,-5.952954125155939,False,4705
4728,2026-09-29,300054,-5.9588083833249961,False,4706
4729,2026-09-29,688721,-5.9607194390483986,False,4707
4730,2026-09-29,301312,-5.993264728595566,False,4708
4731,2026-09-29,600358,-5.993385690598954,False,4709
4732,2026-09-29,300072,-5.9975548494837652,False,4710
4733,2026-09-29,600851,-5.9984640376849425,False,4711
4734,2026-09-29,300120,-6.0108758879878854,False,4712
4735,2026-09-29,300457,-6.0193734899359468,False,4713
4736,2026-09-29,688381,-6.0216918026864654,False,4714
4737,2026-09-29,002335,-6.0295001446497087,False,4715
4738,2026-09-29,603087,-6.0466863855859323,False,4716
4739,2026-09-29,688079,-6.0765624636958249,False,4717
4740,2026-09-29,688435,-6.0800863419340718,False,4718
4741,2026-09-29,300409,-6.0961616425088305,False,4719
4742,2026-09-29,000417,-6.128436244230115,False,4720
4743,2026-09-29,000839,-6.1291397421974159,False,4721
4744,2026-09-29,300163,-6.1361311068239388,False,4722
4745,2026-09-29,000993,-6.1610730992488802,False,4723
4746,2026-09-29,000066,-6.1633947851850532,False,4724
4747,2026-09-29,301262,-6.1765017141005103,False,4725
4748,2026-09-29,002077,-6.1966834816194609,False,4726
4749,2026-09-29,000793,-6.1969281767985782,False,4727
4750,2026-09-29,300518,-6.1970227850742283,False,4728
4751,2026-09-29,300860,-6.2013820142456968,False,4729
4752,2026-09-29,300408,-6.2529740133125449,False,4730
4753,2026-09-29,301677,-6.2562671117223463,False,4731
4754,2026-09-29,688066,-6.263215169736478,False,4732
4755,2026-09-29,688837,-6.2638822019888893,False,4733
4756,2026-09-29,300031,-6.2660707941052207,False,4734
4757,2026-09-29,002426,-6.2760354239649301,False,4735
4758,2026-09-29,002909,-6.278497955990793,False,4736
4759,2026-09-29,002653,-6.2823528530872039,False,4737
4760,2026-09-29,003006,-6.2838600521933623,False,4738
4761,2026-09-29,000691,-6.2861537990174075,False,4739
4762,2026-09-29,605111,-6.307013371803615,False,4740
4763,2026-09-29,000718,-6.3098051865563365,False,4741
4764,2026-09-29,600593,-6.3115248044371519,False,4742
4765,2026-09-29,688502,-6.3115952050492101,False,4743
4766,2026-09-29,001248,-6.3135327219512565,False,4744
4767,2026-09-29,300339,-6.3140919618171889,False,4745
4768,2026-09-29,300285,-6.3190223373915302,False,4746
4769,2026-09-29,688234,-6.3214071121122188,False,4747
4770,2026-09-29,300681,-6.3215831384635699,False,4748
4771,2026-09-29,300185,-6.3253685350262971,False,4749
4772,2026-09-29,301071,-6.3303751058709095,False,4750
4773,2026-09-29,688167,-6.3331002149150128,False,4751
4774,2026-09-29,688049,-6.3467476809730332,False,4752
4775,2026-09-29,601567,-6.3529889042712639,False,4753
4776,2026-09-29,688183,-6.359636381122888,False,4754
4777,2026-09-29,300737,-6.3933800464343324,False,4755
4778,2026-09-29,000889,-6.4045974752472894,False,4756
4779,2026-09-29,688808,-6.4157375425718612,False,4757
4780,2026-09-29,688548,-6.4168539704761312,False,4758
4781,2026-09-29,600552,-6.4292697299834982,False,4759
4782,2026-09-29,688275,-6.4303545013399974,False,4760
4783,2026-09-29,601689,-6.4397356492455522,False,4761
4784,2026-09-29,603068,-6.4448132942693412,False,4762
4785,2026-09-29,300419,-6.4471688406185663,False,4763
4786,2026-09-29,603767,-6.4813463586828979,False,4764
4787,2026-09-29,002242,-6.4874428357987135,True,
4788,2026-09-29,600629,-6.526407424404602,False,4765
4789,2026-09-29,600095,-6.5861043727806514,False,4766
4790,2026-09-29,600448,-6.5885685803307252,False,4767
4791,2026-09-29,603678,-6.598702311947056,False,4768
4792,2026-09-29,603376,-6.6221416764004832,False,4769
4793,2026-09-29,300385,-6.6351833111998602,False,4770
4794,2026-09-29,601026,-6.6485184003002002,False,4771
4795,2026-09-29,600675,-6.6538675402264964,False,4772
4796,2026-09-29,688339,-6.6783855314243796,False,4773
4797,2026-09-29,301486,-6.6788653694191442,False,4774
4798,2026-09-29,300530,-6.6976630079222463,False,4775
4799,2026-09-29,002500,-6.7030637500820145,False,4776
4800,2026-09-29,300454,-6.7052390560235438,False,4777
4801,2026-09-29,300878,-6.7095698853688646,False,4778
4802,2026-09-29,300358,-6.7162102373005315,False,4779
4803,2026-09-29,603083,-6.7184110840869486,False,4780
4804,2026-09-29,003026,-6.7355759695046142,False,4781
4805,2026-09-29,300984,-6.748335698127911,False,4782
4806,2026-09-29,601360,-6.7594460332871673,False,4783
4807,2026-09-29,002558,-6.7746895648245982,False,4784
4808,2026-09-29,301666,-6.8041172460835293,False,4785
4809,2026-09-29,300056,-6.8204479692124629,False,4786
4810,2026-09-29,688331,-6.8333672526149858,False,4787
4811,2026-09-29,002584,-6.8421125850270466,False,4788
4812,2026-09-29,300819,-6.857689153400484,False,4789
4813,2026-09-29,301511,-6.8590180288842992,False,4790
4814,2026-09-29,688813,-6.8782571156678509,False,4791
4815,2026-09-29,603138,-6.8903565184917275,False,4792
4816,2026-09-29,603435,-6.8956895205210973,False,4793
4817,2026-09-29,300369,-6.9135347829319365,False,4794
4818,2026-09-29,603407,-6.9188380327680381,False,4795
4819,2026-09-29,300395,-6.9264049737716924,False,4796
4820,2026-09-29,003004,-6.9294705524226128,False,4797
4821,2026-09-29,688205,-6.9315848490309646,False,4798
4822,2026-09-29,603968,-6.9370045728065213,False,4799
4823,2026-09-29,002734,-6.9370504509945139,False,4800
4824,2026-09-29,688056,-6.9404650930613272,False,4801
4825,2026-09-29,603116,-6.9424830460794054,False,4802
4826,2026-09-29,300251,-6.9568588325966427,False,4803
4827,2026-09-29,301390,-6.971768225057513,False,4804
4828,2026-09-29,600186,-6.9850099953737823,False,4805
4829,2026-09-29,002819,-6.9863569142555377,False,4806
4830,2026-09-29,300572,-6.9906001205916457,False,4807
4831,2026-09-29,001365,-7.0178622905114656,False,4808
4832,2026-09-29,688806,-7.0370219586796576,False,4809
4833,2026-09-29,300096,-7.0480094127853627,False,4810
4834,2026-09-29,002347,-7.0707042586225928,False,4811
4835,2026-09-29,300746,-7.0714645744876954,False,4812
4836,2026-09-29,600748,-7.0797895450777073,False,4813
4837,2026-09-29,688203,-7.1246245183672023,False,4814
4838,2026-09-29,688765,-7.1286674876402092,False,4815
4839,2026-09-29,002638,-7.1387810468408599,False,4816
4840,2026-09-29,301226,-7.1414229420890063,False,4817
4841,2026-09-29,688719,-7.1527955333728208,False,4818
4842,2026-09-29,002062,-7.1560705369639432,False,4819
4843,2026-09-29,600778,-7.1682094514257555,False,4820
4844,2026-09-29,688336,-7.1769280575126153,False,4821
4845,2026-09-29,301717,-7.1920245773066807,False,4822
4846,2026-09-29,688300,-7.2009486584487377,False,4823
4847,2026-09-29,688379,-7.2229007490741024,False,4824
4848,2026-09-29,688635,-7.2254413292224253,False,4825
4849,2026-09-29,301004,-7.2386395850471157,False,4826
4850,2026-09-29,002192,-7.2482148597643263,False,4827
4851,2026-09-29,301160,-7.2539065239984968,False,4828
4852,2026-09-29,000506,-7.2649402470214959,False,4829
4853,2026-09-29,603011,-7.2959162389470977,False,4830
4854,2026-09-29,300739,-7.2965928600200538,False,4831
4855,2026-09-29,603418,-7.298592727195377,False,4832
4856,2026-09-29,600241,-7.3026762944977817,True,
4857,2026-09-29,301628,-7.3233813294052119,False,4833
4858,2026-09-29,603266,-7.355987296552426,False,4834
4859,2026-09-29,002396,-7.369738095403191,False,4835
4860,2026-09-29,002164,-7.3729351396181038,False,4836
4861,2026-09-29,605198,-7.3962567083860922,True,
4862,2026-09-29,300953,-7.3987583754551549,False,4837
4863,2026-09-29,688781,-7.3997642096219378,False,4838
4864,2026-09-29,600792,-7.4530941749918664,False,4839
4865,2026-09-29,301362,-7.4669869270518427,False,4840
4866,2026-09-29,300112,-7.4693455433102836,False,4841
4867,2026-09-29,605178,-7.4847216494926876,False,4842
4868,2026-09-29,300061,-7.5247228212354491,False,4843
4869,2026-09-29,688660,-7.5575270674740525,False,4844
4870,2026-09-29,300991,-7.5689508432377819,False,4845
4871,2026-09-29,000596,-7.5700026344955083,False,4846
4872,2026-09-29,600644,-7.5827898756419376,False,4847
4873,2026-09-29,601133,-7.5849712343279831,False,4848
4874,2026-09-29,002285,-7.5990093515921213,False,4849
4875,2026-09-29,688359,-7.6026798613090829,False,4850
4876,2026-09-29,688028,-7.6057977371621321,False,4851
4877,2026-09-29,002156,-7.6093040301862249,False,4852
4878,2026-09-29,600301,-7.6114489067958289,False,4853
4879,2026-09-29,688256,-7.6151182576672918,False,4854
4880,2026-09-29,300209,-7.6387090802703588,False,4855
4881,2026-09-29,300904,-7.6418739435631373,False,4856
4882,2026-09-29,603629,-7.6461182007906787,False,4857
4883,2026-09-29,300276,-7.6614935173768934,False,4858
4884,2026-09-29,001359,-7.6756067169403073,False,4859
4885,2026-09-29,603507,-7.6792821948733705,False,4860
4886,2026-09-29,301529,-7.6909419989978289,False,4861
4887,2026-09-29,688035,-7.7168099367134255,False,4862
4888,2026-09-29,000962,-7.723676009901479,False,4863
4889,2026-09-29,600127,-7.7478611091941634,False,4864
4890,2026-09-29,688416,-7.7656926934443762,False,4865
4891,2026-09-29,300016,-7.7682333423277026,False,4866
4892,2026-09-29,001389,-7.7739154256723015,False,4867
4893,2026-09-29,603278,-7.7787204256469806,False,4868
4894,2026-09-29,000630,-7.7803910480833123,False,4869
4895,2026-09-29,688801,-7.7823003858857787,False,4870
4896,2026-09-29,600857,-7.7866021243365653,False,4871
4897,2026-09-29,002553,-7.7932257553535527,False,4872
4898,2026-09-29,002245,-7.7957902808202073,False,4873
4899,2026-09-29,605388,-7.8068238461134216,True,
4900,2026-09-29,688498,-7.8095900226877397,False,4874
4901,2026-09-29,688293,-7.8234452316770735,False,4875
4902,2026-09-29,301017,-7.8261208511090086,False,4876
4903,2026-09-29,600059,-7.8296411577696432,False,4877
4904,2026-09-29,301599,-7.8697110255255875,False,4878
4905,2026-09-29,688248,-7.8780523238777604,False,4879
4906,2026-09-29,603657,-7.8796158450732907,False,4880
4907,2026-09-29,688216,-7.9121386563754239,False,4881
4908,2026-09-29,688048,-7.9150305779052346,False,4882
4909,2026-09-29,300501,-7.9210247337844031,False,4883
4910,2026-09-29,600337,-7.9495494383961374,False,4884
4911,2026-09-29,688168,-7.9535135334066682,False,4885
4912,2026-09-29,301580,-7.9550696897019648,False,4886
4913,2026-09-29,603045,-7.9676891238029519,False,4887
4914,2026-09-29,300489,-7.9970188013443835,False,4888
4915,2026-09-29,301183,-8.0214390583366431,False,4889
4916,2026-09-29,000400,-8.0643351158219438,False,4890
4917,2026-09-29,301085,-8.0944054221943382,False,4891
4918,2026-09-29,301458,-8.0946193568351781,False,4892
4919,2026-09-29,300068,-8.1023444718811248,False,4893
4920,2026-09-29,300725,-8.1354868167902374,False,4894
4921,2026-09-29,603399,-8.1425110828788618,False,4895
4922,2026-09-29,600743,-8.2108975477174688,False,4896
4923,2026-09-29,603686,-8.2133635372397471,False,4897
4924,2026-09-29,001234,-8.262269750722318,False,4898
4925,2026-09-29,688222,-8.2659842669406007,False,4899
4926,2026-09-29,002259,-8.2677095942870267,False,4900
4927,2026-09-29,688690,-8.2689274226711156,False,4901
4928,2026-09-29,600657,-8.2775182436442538,True,
4929,2026-09-29,688163,-8.3177394419665696,False,4902
4930,2026-09-29,605088,-8.3418787866574409,False,4903
4931,2026-09-29,301230,-8.3978415545971377,False,4904
4932,2026-09-29,002367,-8.4049805178710741,False,4905
4933,2026-09-29,002238,-8.4110347275092909,False,4906
4934,2026-09-29,603375,-8.4181999305897506,False,4907
4935,2026-09-29,688361,-8.4209872320887982,False,4908
4936,2026-09-29,600699,-8.4235892382722746,False,4909
4937,2026-09-29,688783,-8.4469392124588261,False,4910
4938,2026-09-29,000850,-8.4565398945518329,False,4911
4939,2026-09-29,002768,-8.470837535880646,False,4912
4940,2026-09-29,688155,-8.473690857500447,False,4913
4941,2026-09-29,002468,-8.5079080667919236,False,4914
4942,2026-09-29,688337,-8.5278142337844542,False,4915
4943,2026-09-29,300903,-8.5634439563434235,False,4916
4944,2026-09-29,603067,-8.5836315195792423,False,4917
4945,2026-09-29,300803,-8.5889245996702783,False,4918
4946,2026-09-29,300964,-8.6129634668322446,False,4919
4947,2026-09-29,002074,-8.6688490265305411,True,
4948,2026-09-29,688630,-8.7447895722188491,False,4920
4949,2026-09-29,688755,-8.792299148690967,False,4921
4950,2026-09-29,301396,-8.8340194656663584,False,4922
4951,2026-09-29,605577,-8.8363084187719636,False,4923
4952,2026-09-29,300283,-8.8788891524677496,False,4924
4953,2026-09-29,301316,-8.9023163624286088,False,4925
4954,2026-09-29,002428,-8.9187903946733833,False,4926
4955,2026-09-29,002961,-8.922700188313538,False,4927
4956,2026-09-29,300638,-8.9535292039510779,False,4928
4957,2026-09-29,000002,-8.9581895332381372,True,
4958,2026-09-29,601015,-8.9640997160806428,False,4929
4959,2026-09-29,300182,-8.9758292561604947,False,4930
4960,2026-09-29,300199,-9.0580039828464365,False,4931
4961,2026-09-29,301265,-9.1369148028547009,False,4932
4962,2026-09-29,300909,-9.199041788160331,False,4933
4963,2026-09-29,301030,-9.1991300339313238,False,4934
4964,2026-09-29,301275,-9.2201568004736707,False,4935
4965,2026-09-29,300162,-9.2332239006445214,False,4936
4966,2026-09-29,002068,-9.2363939294900153,False,4937
4967,2026-09-29,300687,-9.253372389530508,False,4938
4968,2026-09-29,000503,-9.2547762159071851,False,4939
4969,2026-09-29,603188,-9.2745063973088833,True,
4970,2026-09-29,002342,-9.2976887474156591,False,4940
4971,2026-09-29,688025,-9.2995223717727367,False,4941
4972,2026-09-29,002959,-9.3452620724534121,False,4942
4973,2026-09-29,001376,-9.3507324587598433,False,4943
4974,2026-09-29,002631,-9.362547491188538,False,4944
4975,2026-09-29,688613,-9.3809225891023704,False,4945
4976,2026-09-29,300685,-9.4114538852396556,False,4946
4977,2026-09-29,300659,-9.4119626758682777,False,4947
4978,2026-09-29,688037,-9.4179245301788512,False,4948
4979,2026-09-29,002082,-9.4210374406595747,False,4949
4980,2026-09-29,301209,-9.4287456912035079,False,4950
4981,2026-09-29,002935,-9.4415741409130867,False,4951
4982,2026-09-29,002773,-9.4434050615864855,False,4952
4983,2026-09-29,600815,-9.4669190708102526,False,4953
4984,2026-09-29,300464,-9.4982163130667878,False,4954
4985,2026-09-29,688008,-9.5025391308149683,False,4955
4986,2026-09-29,688073,-9.5548421082141992,False,4956
4987,2026-09-29,603042,-9.5761125150163871,False,4957
4988,2026-09-29,301099,-9.6081308097919518,False,4958
4989,2026-09-29,300473,-9.6459476809160929,False,4959
4990,2026-09-29,002579,-9.6493415257987074,False,4960
4991,2026-09-29,000981,-9.669258865730308,False,4961
4992,2026-09-29,603175,-9.6942666731118621,False,4962
4993,2026-09-29,688292,-9.7233177671962494,False,4963
4994,2026-09-29,002580,-9.7870936613749571,False,4964
4995,2026-09-29,300599,-9.7981398730008209,False,4965
4996,2026-09-29,688200,-9.8143638194079603,False,4966
4997,2026-09-29,600330,-9.864448011492609,False,4967
4998,2026-09-29,002146,-9.8691474999744155,False,4968
4999,2026-09-29,000513,-9.9006530419780177,False,4969
5000,2026-09-29,000753,-9.9133748455788684,False,4970
5001,2026-09-29,688122,-9.9290028388425604,False,4971
5002,2026-09-29,300911,-9.9453412177487195,False,4972
5003,2026-09-29,002298,-9.9708562639506972,False,4973
5004,2026-09-29,300672,-10.040811527806433,False,4974
5005,2026-09-29,688152,-10.064440879266801,False,4975
5006,2026-09-29,300691,-10.145140352703008,False,4976
5007,2026-09-29,688123,-10.198466457104555,False,4977
5008,2026-09-29,301419,-10.208515172279547,False,4978
5009,2026-09-29,002799,-10.217481844452562,True,
5010,2026-09-29,603122,-10.251955951723509,False,4979
5011,2026-09-29,688710,-10.293966303369587,False,4980
5012,2026-09-29,603937,-10.303113567757038,False,4981
5013,2026-09-29,300806,-10.312030102686119,False,4982
5014,2026-09-29,300394,-10.314169351372236,False,4983
5015,2026-09-29,300311,-10.320599030692488,False,4984
5016,2026-09-29,000029,-10.37564968832152,False,4985
5017,2026-09-29,002846,-10.436960090604829,True,
5018,2026-09-29,300835,-10.446745365389226,False,4986
5019,2026-09-29,002785,-10.475941970596701,False,4987
5020,2026-09-29,603500,-10.502855879474055,False,4988
5021,2026-09-29,688662,-10.528366670064317,False,4989
5022,2026-09-29,301310,-10.568939965030529,False,4990
5023,2026-09-29,000006,-10.583141112950095,False,4991
5024,2026-09-29,000020,-10.61097930567653,False,4992
5025,2026-09-29,688225,-10.636446346929972,False,4993
5026,2026-09-29,300368,-10.645357340725955,False,4994
5027,2026-09-29,003001,-10.647661005341334,False,4995
5028,2026-09-29,300522,-10.674863590671366,False,4996
5029,2026-09-29,300301,-10.680317790545349,False,4997
5030,2026-09-29,603636,-10.757622606859309,True,
5031,2026-09-29,603580,-10.791997630972787,False,4998
5032,2026-09-29,688593,-10.823828424430651,False,4999
5033,2026-09-29,300772,-10.852286028786533,False,5000
5034,2026-09-29,600721,-10.87742670445831,False,5001
5035,2026-09-29,300570,-10.897844968165174,False,5002
5036,2026-09-29,688228,-10.899664167373926,False,5003
5037,2026-09-29,002859,-10.940058368257819,False,5004
5038,2026-09-29,000068,-11.017856328621768,True,
5039,2026-09-29,603105,-11.025129973927408,False,5005
5040,2026-09-29,600843,-11.047467240380552,False,5006
5041,2026-09-29,301583,-11.052941617734998,False,5007
5042,2026-09-29,300100,-11.098969831560753,False,5008
5043,2026-09-29,688809,-11.104123884549377,False,5009
5044,2026-09-29,600884,-11.110402111334549,False,5010
5045,2026-09-29,002990,-11.154899502231402,False,5011
5046,2026-09-29,002436,-11.175375697548999,False,5012
5047,2026-09-29,300960,-11.279258342810204,False,5013
5048,2026-09-29,600032,-11.284049368911578,True,
5049,2026-09-29,600325,-11.345752239558625,True,
5050,2026-09-29,603757,-11.369532876400616,False,5014
5051,2026-09-29,000739,-11.413765081944163,False,5015
5052,2026-09-29,301081,-11.474964749051606,False,5016
5053,2026-09-29,301678,-11.483468829704886,False,5017
5054,2026-09-29,002300,-11.51077877948495,False,5018
5055,2026-09-29,301282,-11.54616690989398,False,5019
5056,2026-09-29,688625,-11.573829515562666,False,5020
5057,2026-09-29,603920,-11.601757810249186,False,5021
5058,2026-09-29,688685,-11.667694328082804,True,
5059,2026-09-29,600503,-11.791361967621974,False,5022
5060,2026-09-29,000910,-11.800950797185299,False,5023
5061,2026-09-29,002552,-11.822069305646572,False,5024
5062,2026-09-29,688678,-11.854977016020133,False,5025
5063,2026-09-29,002669,-11.895746876951243,False,5026
5064,2026-09-29,002264,-11.968827043869959,False,5027
5065,2026-09-29,603773,-11.970608335195491,False,5028
5066,2026-09-29,688789,-12.022465490513508,False,5029
5067,2026-09-29,300702,-12.074284930509892,False,5030
5068,2026-09-29,002708,-12.087868938332957,False,5031
5069,2026-09-29,002962,-12.117418176932846,False,5032
5070,2026-09-29,688112,-12.164023964259519,False,5033
5071,2026-09-29,002827,-12.168597741162145,False,5034
5072,2026-09-29,300192,-12.203617180460606,False,5035
5073,2026-09-29,301108,-12.215624885771946,False,5036
5074,2026-09-29,605069,-12.251964002589736,False,5037
5075,2026-09-29,002244,-12.387479100676412,True,
5076,2026-09-29,688499,-12.416479740069132,False,5038
5077,2026-09-29,301382,-12.418145172389494,False,5039
5078,2026-09-29,301389,-12.496459183507785,False,5040
5079,2026-09-29,300290,-12.572099540258241,False,5041
5080,2026-09-29,300569,-12.623047288220837,False,5042
5081,2026-09-29,605162,-12.625448133971091,False,5043
5082,2026-09-29,002741,-12.712659919274548,False,5044
5083,2026-09-29,688622,-12.76829586999305,False,5045
5084,2026-09-29,688238,-12.936073143606189,False,5046
5085,2026-09-29,002439,-13.054072354956489,False,5047
5086,2026-09-29,300211,-13.074797796831351,False,5048
5087,2026-09-29,300404,-13.07559975415009,False,5049
5088,2026-09-29,002882,-13.093576054337451,True,
5089,2026-09-29,000868,-13.100322066346234,False,5050
5090,2026-09-29,002803,-13.238970079101486,False,5051
5091,2026-09-29,001317,-13.286038406774335,False,5052
5092,2026-09-29,300776,-13.385238960384395,False,5053
5093,2026-09-29,688835,-13.394430904776211,False,5054
5094,2026-09-29,600719,-13.397698390475483,False,5055
5095,2026-09-29,002531,-13.431063793452639,False,5056
5096,2026-09-29,001979,-13.547728095348074,False,5057
5097,2026-09-29,603626,-13.548355434738742,False,5058
5098,2026-09-29,301115,-13.55058259031177,False,5059
5099,2026-09-29,002232,-13.597164240053782,False,5060
5100,2026-09-29,300443,-13.743581606446853,False,5061
5101,2026-09-29,300642,-13.835576910678869,False,5062
5102,2026-09-29,603693,-13.893295140148838,False,5063
5103,2026-09-29,688286,-13.922124115220694,False,5064
5104,2026-09-29,002031,-13.943684352779345,False,5065
5105,2026-09-29,300413,-13.996328836225061,False,5066
5106,2026-09-29,300852,-14.023501431047375,False,5067
5107,2026-09-29,002141,-14.092740430144666,False,5068
5108,2026-09-29,301150,-14.103513331114618,False,5069
5109,2026-09-29,603978,-14.111582444241471,False,5070
5110,2026-09-29,002494,-14.315023448735465,True,
5111,2026-09-29,301456,-14.34999967735132,False,5071
5112,2026-09-29,688265,-14.46462643213135,False,5072
5113,2026-09-29,600707,-14.464875935182869,False,5073
5114,2026-09-29,301080,-14.481606097202629,False,5074
5115,2026-09-29,605378,-14.54066350213397,False,5075
5116,2026-09-29,301155,-14.581089370336519,False,5076
5117,2026-09-29,300741,-14.63174164773849,False,5077
5118,2026-09-29,600367,-14.67857042090731,False,5078
5119,2026-09-29,301008,-14.700897150043206,False,5079
5120,2026-09-29,002913,-14.721157732086343,True,
5121,2026-09-29,002093,-14.830843507204753,False,5080
5122,2026-09-29,002467,-14.835927437373867,False,5081
5123,2026-09-29,300862,-14.845698646887195,False,5082
5124,2026-09-29,600360,-14.863933526109566,False,5083
5125,2026-09-29,002679,-14.921947458848905,False,5084
5126,2026-09-29,001326,-15.043677255867522,False,5085
5127,2026-09-29,688785,-15.075760991960843,False,5086
5128,2026-09-29,002303,-15.145170510324252,True,
5129,2026-09-29,002640,-15.171720630221202,False,5087
5130,2026-09-29,002172,-15.196351750082197,False,5088
5131,2026-09-29,300243,-15.201273397248244,False,5089
5132,2026-09-29,688082,-15.292327691555021,False,5090
5133,2026-09-29,688512,-15.306220225748667,False,5091
5134,2026-09-29,688356,-15.423711966347559,False,5092
5135,2026-09-29,000980,-15.663608612169586,False,5093
5136,2026-09-29,601208,-15.711808952829536,False,5094
5137,2026-09-29,301520,-15.716201115273892,False,5095
5138,2026-09-29,002443,-16.003773975357099,False,5096
5139,2026-09-29,603328,-16.008264748242876,True,
5140,2026-09-29,600206,-16.307212280862704,False,5097
5141,2026-09-29,688185,-16.378893352697027,False,5098
5142,2026-09-29,600418,-16.469166631786759,False,5099
5143,2026-09-29,301041,-16.476478380518181,False,5100
5144,2026-09-29,002614,-16.523071394636013,False,5101
5145,2026-09-29,688143,-16.588870596344691,False,5102
5146,2026-09-29,301655,-16.663838096599701,False,5103
5147,2026-09-29,301218,-16.719492831625242,False,5104
5148,2026-09-29,002119,-16.859923884088587,False,5105
5149,2026-09-29,603248,-16.861454554365139,False,5106
5150,2026-09-29,301716,-16.941074059286318,False,5107
5151,2026-09-29,600641,-17.170579705413118,False,5108
5152,2026-09-29,688004,-17.417237703930923,False,5109
5153,2026-09-29,603073,-17.435791114591893,False,5110
5154,2026-09-29,300917,-17.439455103179966,False,5111
5155,2026-09-29,002667,-17.476124402103395,False,5112
5156,2026-09-29,002815,-17.518821357621729,True,
5157,2026-09-29,301366,-17.759106422897101,False,5113
5158,2026-09-29,001330,-17.854641556371902,False,5114
5159,2026-09-29,301122,-17.964376746122937,False,5115
5160,2026-09-29,688175,-18.063830291960898,False,5116
5161,2026-09-29,600207,-18.103679553733368,False,5117
5162,2026-09-29,002636,-18.441863584113122,False,5118
5163,2026-09-29,300207,-18.557140794102502,False,5119
5164,2026-09-29,000011,-18.699025405115147,True,
5165,2026-09-29,600121,-18.730958156906688,False,5120
5166,2026-09-29,688628,-18.885268581299872,False,5121
5167,2026-09-29,301699,-19.072974617407652,False,5122
5168,2026-09-29,688655,-19.106263362585231,True,
5169,2026-09-29,002836,-19.118353347465437,False,5123
5170,2026-09-29,301047,-19.315621927532611,False,5124
5171,2026-09-29,601091,-19.380358507490406,False,5125
5172,2026-09-29,603373,-19.451856648231129,False,5126
5173,2026-09-29,601811,-19.484192807998962,True,
5174,2026-09-29,002212,-19.727768382271371,False,5127
5175,2026-09-29,300179,-19.759181677594686,False,5128
5176,2026-09-29,600488,-19.809440102319289,True,
5177,2026-09-29,605258,-20.072099742292938,True,
5178,2026-09-29,301373,-20.276879112271018,False,5129
5179,2026-09-29,301513,-20.301563884265015,True,
5180,2026-09-29,301311,-20.515141103594857,False,5130
5181,2026-09-29,300684,-20.551716455226021,False,5131
5182,2026-09-29,300829,-20.600872853897076,False,5132
5183,2026-09-29,002205,-20.645497879481994,True,
5184,2026-09-29,300647,-20.826378012029448,False,5133
5185,2026-09-29,000504,-20.911818968189429,False,5134
5186,2026-09-29,002849,-20.96078160465499,False,5135
5187,2026-09-29,600340,-21.314779062368427,False,5136
5188,2026-09-29,601086,-22.062702418872462,False,5137
5189,2026-09-29,301132,-22.708825265400243,False,5138
5190,2026-09-29,301560,-22.900729234917943,True,
5191,2026-09-29,603092,-23.06235474801014,False,5139
5192,2026-09-29,000560,-23.164082477589314,False,5140
5193,2026-09-29,300850,-23.626525689272171,False,5141
5194,2026-09-29,000823,-23.814149927916528,True,
5195,2026-09-29,300690,-24.430990675342912,False,5142
5196,2026-09-29,002487,-24.529082650140158,False,5143
5197,2026-09-29,301234,-24.598260122036404,False,5144
5198,2026-09-29,603230,-24.835551069377214,False,5145
5199,2026-09-29,300300,-24.848447672888003,False,5146
5200,2026-09-29,605366,-25.12443306129461,False,5147
5201,2026-09-29,000592,-25.2704444094941,False,5148
5202,2026-09-29,001216,-26.012508560665246,False,5149
5203,2026-09-29,600802,-26.543556106522608,False,5150
5204,2026-09-29,301689,-28.424756701176502,False,5151
5205,2026-09-29,002912,-30.481006230342672,True,
5206,2026-09-29,688244,-31.16548504483243,False,5152
5207,2026-09-29,601218,-31.208596838419403,False,5153
5208,2026-09-29,688137,-31.328583000448454,False,5154
5209,2026-09-29,301190,-31.796155954770519,True,
5210,2026-09-29,605058,-34.722928530829236,True,
5211,2026-09-29,002717,-42.056900528046718,False,5155
