rank_all,date,code,signal,close_limit_up,rank_ex_limit_up
1,2026-09-21,000019,17.098891307209982,False,1
2,2026-09-21,002286,16.421500765061484,False,2
3,2026-09-21,601118,15.943176074756513,False,3
4,2026-09-21,002852,15.683633331757418,False,4
5,2026-09-21,600251,14.958306469193349,False,5
6,2026-09-21,000430,14.594017053019595,False,6
7,2026-09-21,002470,14.023695301390735,False,7
8,2026-09-21,600313,13.81800756103028,False,8
9,2026-09-21,002855,13.644217497332134,False,9
10,2026-09-21,000911,13.404428365939555,False,10
11,2026-09-21,603113,12.887062629244186,False,11
12,2026-09-21,002041,12.820393008095227,False,12
13,2026-09-21,000523,12.670252068532031,False,13
14,2026-09-21,000505,12.667743845390305,False,14
15,2026-09-21,002952,12.588044407807322,False,15
16,2026-09-21,002888,12.426411459692275,False,16
17,2026-09-21,000716,12.39378302522198,False,17
18,2026-09-21,600610,12.155824971427291,False,18
19,2026-09-21,300387,12.142951006478128,False,19
20,2026-09-21,301073,12.079871698786302,False,20
21,2026-09-21,002637,11.988574631135336,False,21
22,2026-09-21,601366,11.937599797621585,False,22
23,2026-09-21,600892,11.798568809062441,False,23
24,2026-09-21,002910,11.729632153481289,False,24
25,2026-09-21,301058,11.712983215062943,False,25
26,2026-09-21,601566,11.450944401437006,False,26
27,2026-09-21,603188,11.405884575333356,False,27
28,2026-09-21,601858,11.351425837753766,False,28
29,2026-09-21,000931,11.24111228254178,False,29
30,2026-09-21,603123,11.224473742293052,False,30
31,2026-09-21,600508,11.222365361567519,False,31
32,2026-09-21,300889,11.108406391924548,False,32
33,2026-09-21,000949,11.082954140279663,False,33
34,2026-09-21,002772,11.064748877802124,False,34
35,2026-09-21,002548,10.860524125899232,False,35
36,2026-09-21,603721,10.825487703120364,False,36
37,2026-09-21,002982,10.816089702496328,False,37
38,2026-09-21,000735,10.798293448419404,False,38
39,2026-09-21,000985,10.769269447547938,False,39
40,2026-09-21,001366,10.730996291842432,False,40
41,2026-09-21,002828,10.725673064847593,False,41
42,2026-09-21,300709,10.697566137668078,False,42
43,2026-09-21,002458,10.566500159672325,False,43
44,2026-09-21,000929,10.485954656776729,False,44
45,2026-09-21,603880,10.323109111912018,False,45
46,2026-09-21,000972,10.301733658947088,False,46
47,2026-09-21,000816,10.301367995762572,False,47
48,2026-09-21,002556,10.256294510910813,False,48
49,2026-09-21,002820,10.227001664469928,False,49
50,2026-09-21,000017,10.153670015127947,False,50
51,2026-09-21,600506,10.147211826215711,False,51
52,2026-09-21,600272,10.117442757449169,False,52
53,2026-09-21,600318,10.05523806717664,False,53
54,2026-09-21,603696,10.00045145909732,False,54
55,2026-09-21,002072,9.9858622402495616,False,55
56,2026-09-21,603976,9.9783610756811463,False,56
57,2026-09-21,603216,9.9748200829014948,False,57
58,2026-09-21,000061,9.9430888747911901,False,58
59,2026-09-21,300922,9.908738189463314,False,59
60,2026-09-21,603161,9.8693225051990048,False,60
61,2026-09-21,300381,9.862364900366746,False,61
62,2026-09-21,003042,9.856587754345103,False,62
63,2026-09-21,605339,9.8392517484725275,False,63
64,2026-09-21,300640,9.8088203937073679,False,64
65,2026-09-21,000626,9.8064861472531746,False,65
66,2026-09-21,002159,9.792381935558053,False,66
67,2026-09-21,603616,9.7920849731290645,False,67
68,2026-09-21,300500,9.7810190729520627,False,68
69,2026-09-21,301539,9.6923409422294711,False,69
70,2026-09-21,002224,9.6863950552960052,False,70
71,2026-09-21,301062,9.6302852947308768,False,71
72,2026-09-21,603730,9.493143850618079,False,72
73,2026-09-21,301218,9.4894569719483854,False,73
74,2026-09-21,603536,9.4568437633555575,False,74
75,2026-09-21,600598,9.4194302514064638,False,75
76,2026-09-21,600844,9.3968401121391185,False,76
77,2026-09-21,600825,9.3871528266661581,True,
78,2026-09-21,300106,9.382611853632925,False,77
79,2026-09-21,000998,9.3147073147664301,False,78
80,2026-09-21,603778,9.3129200508192067,False,79
81,2026-09-21,301156,9.2607393812310352,False,80
82,2026-09-21,301533,9.2552480948465874,False,81
83,2026-09-21,603406,9.243564493771725,False,82
84,2026-09-21,600429,9.2186559112441078,False,83
85,2026-09-21,001231,9.1884072039699127,False,84
86,2026-09-21,603318,9.1081960888577811,False,85
87,2026-09-21,000702,9.1013121446048899,False,86
88,2026-09-21,301288,9.0893144422221361,False,87
89,2026-09-21,301298,9.0754712411599971,False,88
90,2026-09-21,001299,9.0475415223763083,False,89
91,2026-09-21,603132,9.0175492606385692,False,90
92,2026-09-21,003043,8.9740720339500157,False,91
93,2026-09-21,000888,8.962401887948932,False,92
94,2026-09-21,300967,8.95472840071624,False,93
95,2026-09-21,300830,8.9419539381990667,False,94
96,2026-09-21,002481,8.9372586230420641,False,95
97,2026-09-21,300898,8.8022264740553204,False,96
98,2026-09-21,603089,8.7690069484730895,False,97
99,2026-09-21,002995,8.7574539130013207,False,98
100,2026-09-21,002547,8.7567992939632884,False,99
101,2026-09-21,603860,8.7281473404575607,False,100
102,2026-09-21,300854,8.702550182959147,False,101
103,2026-09-21,600828,8.7006293416980593,False,102
104,2026-09-21,002347,8.6749426124422158,False,103
105,2026-09-21,603968,8.6488787835236902,False,104
106,2026-09-21,603879,8.6455937261938232,False,105
107,2026-09-21,600860,8.6380944270859921,False,106
108,2026-09-21,002385,8.6315829840457461,False,107
109,2026-09-21,300970,8.5670819794845503,False,108
110,2026-09-21,002742,8.5614254683760951,False,109
111,2026-09-21,001318,8.5534544392294531,False,110
112,2026-09-21,603095,8.5533597470238689,False,111
113,2026-09-21,600025,8.5499393175660749,False,112
114,2026-09-21,002561,8.5153097114376006,False,113
115,2026-09-21,603385,8.4857978693384837,False,114
116,2026-09-21,002538,8.4679568330955064,False,115
117,2026-09-21,002107,8.4590124358210943,False,116
118,2026-09-21,603378,8.4508082656377077,False,117
119,2026-09-21,002930,8.4327787821460394,False,118
120,2026-09-21,603073,8.4231409792680019,False,119
121,2026-09-21,688565,8.4212804098608345,False,120
122,2026-09-21,605089,8.4094114699017251,False,121
123,2026-09-21,301006,8.3751870785820799,False,122
124,2026-09-21,603779,8.3627174968411282,False,123
125,2026-09-21,600883,8.3577307969157992,False,124
126,2026-09-21,603022,8.3574397884565208,False,125
127,2026-09-21,603029,8.3301687461222418,False,126
128,2026-09-21,003013,8.329315949076836,False,127
129,2026-09-21,300535,8.2772007883582344,False,128
130,2026-09-21,688152,8.2237262344685362,False,129
131,2026-09-21,002571,8.219238468632156,False,130
132,2026-09-21,603448,8.2059318531528618,False,131
133,2026-09-21,002306,8.1897255830142726,False,132
134,2026-09-21,000812,8.1851438580155644,False,133
135,2026-09-21,603869,8.1776403211520687,False,134
136,2026-09-21,603101,8.1685910511025455,False,135
137,2026-09-21,001338,8.1618323483562918,False,136
138,2026-09-21,000925,8.147682717463578,False,137
139,2026-09-21,001278,8.1444617563598332,False,138
140,2026-09-21,300892,8.1356517034104652,False,139
141,2026-09-21,603102,8.1069108523415228,False,140
142,2026-09-21,300214,8.0927296901732841,False,141
143,2026-09-21,300789,8.0869613057610863,False,142
144,2026-09-21,000798,8.0627165601780479,False,143
145,2026-09-21,300505,8.0613313005070903,False,144
146,2026-09-21,601952,8.0559461097506215,False,145
147,2026-09-21,002758,8.0556565062465495,False,146
148,2026-09-21,000890,8.0480626628354415,False,147
149,2026-09-21,600230,8.0455007113921457,False,148
150,2026-09-21,000558,7.9917838316412002,False,149
151,2026-09-21,603682,7.9717230034239694,False,150
152,2026-09-21,002136,7.967338338751679,False,151
153,2026-09-21,301116,7.952756452044583,False,152
154,2026-09-21,000952,7.9366838158816728,False,153
155,2026-09-21,600327,7.9321321536645062,False,154
156,2026-09-21,600300,7.908764271139896,False,155
157,2026-09-21,300514,7.9074335637137434,False,156
158,2026-09-21,002627,7.8649536810699825,False,157
159,2026-09-21,002817,7.846105857352395,False,158
160,2026-09-21,300094,7.843062428959219,False,159
161,2026-09-21,002412,7.8393430889057738,False,160
162,2026-09-21,003011,7.8252221942793341,False,161
163,2026-09-21,600419,7.8087521763304215,False,162
164,2026-09-21,002746,7.7955087655362911,False,163
165,2026-09-21,301037,7.7699378295419841,False,164
166,2026-09-21,605567,7.7691864375612383,False,165
167,2026-09-21,002629,7.7612186517230439,False,166
168,2026-09-21,000813,7.7581888168262161,False,167
169,2026-09-21,300578,7.7294706754099121,False,168
170,2026-09-21,002682,7.7146075549596658,False,169
171,2026-09-21,002451,7.7111677891456702,False,170
172,2026-09-21,002719,7.7025384905425538,False,171
173,2026-09-21,002986,7.6985151600554378,False,172
174,2026-09-21,301216,7.6974498119032546,False,173
175,2026-09-21,002229,7.683953610452317,False,174
176,2026-09-21,300371,7.6792949653935887,False,175
177,2026-09-21,600824,7.6257016920376639,False,176
178,2026-09-21,002114,7.6162060543078089,False,177
179,2026-09-21,300175,7.6107832251872924,False,178
180,2026-09-21,300707,7.6106171173351331,False,179
181,2026-09-21,601212,7.5942929939312274,False,180
182,2026-09-21,603106,7.5634164310923246,False,181
183,2026-09-21,002186,7.5559658626315311,False,182
184,2026-09-21,300079,7.5451316484414361,False,183
185,2026-09-21,300997,7.5388300419234842,False,184
186,2026-09-21,300838,7.5358623695701628,False,185
187,2026-09-21,601929,7.5150560400312258,False,186
188,2026-09-21,603719,7.5089628608873342,False,187
189,2026-09-21,002875,7.5062460641234381,False,188
190,2026-09-21,001260,7.495001053662615,False,189
191,2026-09-21,300268,7.4758273680459624,False,190
192,2026-09-21,688355,7.4749774252173076,False,191
193,2026-09-21,600594,7.4745447423942544,False,192
194,2026-09-21,300945,7.4726223598785566,False,193
195,2026-09-21,002743,7.4683875488921476,False,194
196,2026-09-21,600097,7.4635383625744147,False,195
197,2026-09-21,002278,7.4510035603999309,False,196
198,2026-09-21,002700,7.4492522012662432,False,197
199,2026-09-21,000955,7.4351970375018759,False,198
200,2026-09-21,601298,7.417743080194664,False,199
201,2026-09-21,001230,7.4137750648112153,False,200
202,2026-09-21,301655,7.4060154025332743,False,201
203,2026-09-21,300583,7.3704815989032033,False,202
204,2026-09-21,300564,7.3585129464512731,False,203
205,2026-09-21,300824,7.3453880966882457,False,204
206,2026-09-21,002660,7.3435969768192342,False,205
207,2026-09-21,301098,7.3373025639907006,False,206
208,2026-09-21,300883,7.3285778269071642,False,207
209,2026-09-21,301552,7.32107916496577,False,208
210,2026-09-21,002418,7.3173479128633359,False,209
211,2026-09-21,000895,7.3083958972681744,False,210
212,2026-09-21,300884,7.2999440537695337,False,211
213,2026-09-21,600075,7.2870838024236928,False,212
214,2026-09-21,600971,7.2838372673742766,False,213
215,2026-09-21,600368,7.2555943285794386,False,214
216,2026-09-21,300189,7.191461034954628,False,215
217,2026-09-21,603331,7.1775917947359593,False,216
218,2026-09-21,605268,7.1700353479724015,False,217
219,2026-09-21,002196,7.1655686446336473,False,218
220,2026-09-21,603327,7.1447281499398034,False,219
221,2026-09-21,600692,7.1432046270619907,False,220
222,2026-09-21,600249,7.1266237603288802,False,221
223,2026-09-21,301158,7.1249241129160934,False,222
224,2026-09-21,600886,7.1046246498997032,False,223
225,2026-09-21,600333,7.0966013971489774,False,224
226,2026-09-21,301239,7.0963496748171231,False,225
227,2026-09-21,300605,7.079779820824899,False,226
228,2026-09-21,000407,7.0770600106551198,False,227
229,2026-09-21,002124,7.0751889981906277,False,228
230,2026-09-21,002661,7.0695888538154739,False,229
231,2026-09-21,000902,7.0487008906010562,False,230
232,2026-09-21,301040,7.0270473381202851,False,231
233,2026-09-21,601598,7.0175084779851948,False,232
234,2026-09-21,301287,7.0089566750724863,False,233
235,2026-09-21,300612,6.9918354533318583,False,234
236,2026-09-21,601827,6.9912107139342865,False,235
237,2026-09-21,603886,6.986882932625079,False,236
238,2026-09-21,600463,6.9797225716028342,False,237
239,2026-09-21,300878,6.9595713585075689,False,238
240,2026-09-21,605599,6.954661166066149,False,239
241,2026-09-21,603982,6.9539205347455093,False,240
242,2026-09-21,002953,6.9440404932155433,False,241
243,2026-09-21,600227,6.9304504811174512,False,242
244,2026-09-21,002884,6.9114662321190323,False,243
245,2026-09-21,603065,6.9025280973948817,False,244
246,2026-09-21,603137,6.8954569044728897,False,245
247,2026-09-21,600785,6.8857421010364765,True,
248,2026-09-21,301152,6.8836460264583037,False,246
249,2026-09-21,002890,6.8615640735080419,False,247
250,2026-09-21,000878,6.8534088732698519,False,248
251,2026-09-21,003027,6.8327637490066948,False,249
252,2026-09-21,002775,6.8245977754328013,False,250
253,2026-09-21,300335,6.8230474693312795,False,251
254,2026-09-21,300880,6.7917955142309481,False,252
255,2026-09-21,301159,6.7753059010919801,False,253
256,2026-09-21,603391,6.7732769424131982,False,254
257,2026-09-21,600548,6.7624265011401077,False,255
258,2026-09-21,300132,6.759308175125291,False,256
259,2026-09-21,300675,6.7571211003977076,False,257
260,2026-09-21,003816,6.7549617350270044,False,258
261,2026-09-21,605218,6.7512992592952035,False,259
262,2026-09-21,002694,6.7506016111258695,False,260
263,2026-09-21,002355,6.7454405021382584,False,261
264,2026-09-21,603866,6.7447868957187866,False,262
265,2026-09-21,605007,6.7406056346029048,False,263
266,2026-09-21,603739,6.7323010445037452,False,264
267,2026-09-21,002166,6.7287461318293866,False,265
268,2026-09-21,603189,6.7188249566548199,False,266
269,2026-09-21,600018,6.7061574628433434,False,267
270,2026-09-21,301001,6.7048449322840344,False,268
271,2026-09-21,002207,6.7021154432333763,False,269
272,2026-09-21,603096,6.6857901748286555,False,270
273,2026-09-21,001258,6.6838650717368626,False,271
274,2026-09-21,300871,6.6825542464629919,False,272
275,2026-09-21,300577,6.6732500292289556,False,273
276,2026-09-21,002419,6.6711008546561779,False,274
277,2026-09-21,301429,6.6663860447213876,False,275
278,2026-09-21,000779,6.6438605380859315,False,276
279,2026-09-21,301119,6.64188936448602,False,277
280,2026-09-21,603365,6.6410731344263088,False,278
281,2026-09-21,605003,6.6376448642224659,False,279
282,2026-09-21,600936,6.6363230949610701,False,280
283,2026-09-21,600017,6.6326279800346244,False,281
284,2026-09-21,603970,6.6285589140205214,False,282
285,2026-09-21,300417,6.6251503597879537,False,283
286,2026-09-21,300837,6.6130837713099648,False,284
287,2026-09-21,301688,6.6079803839728708,False,285
288,2026-09-21,002234,6.6052545384936288,False,286
289,2026-09-21,688701,6.6042446418245841,False,287
290,2026-09-21,301039,6.6028212715746593,False,288
291,2026-09-21,600257,6.5903908715174833,False,289
292,2026-09-21,603810,6.5884620806909027,False,290
293,2026-09-21,688350,6.5781730402800349,False,291
294,2026-09-21,601007,6.5753324928506984,False,292
295,2026-09-21,600540,6.5733021978892401,False,293
296,2026-09-21,601916,6.5676816408147785,False,294
297,2026-09-21,600941,6.5676195229487098,False,295
298,2026-09-21,600543,6.552991078497139,False,296
299,2026-09-21,002329,6.5469016373705511,False,297
300,2026-09-21,600241,6.5451328395982191,False,298
301,2026-09-21,002265,6.5425977768684902,False,299
302,2026-09-21,001965,6.5350227307196125,False,300
303,2026-09-21,002599,6.5301286229801949,False,301
304,2026-09-21,300483,6.529686481902357,False,302
305,2026-09-21,601518,6.5237506253139506,False,303
306,2026-09-21,000788,6.5106444013112688,False,304
307,2026-09-21,688118,6.5086490771672114,False,305
308,2026-09-21,002333,6.5080872605630624,False,306
309,2026-09-21,301180,6.4953479277974839,False,307
310,2026-09-21,001395,6.4877480379989443,False,308
311,2026-09-21,600897,6.4815150192112627,False,309
312,2026-09-21,601857,6.4666045293430434,False,310
313,2026-09-21,000968,6.4598650233155759,False,311
314,2026-09-21,002778,6.459131728740747,False,312
315,2026-09-21,301519,6.4555491967424175,False,313
316,2026-09-21,603909,6.453880319663198,False,314
317,2026-09-21,605337,6.4408346258997389,False,315
318,2026-09-21,002524,6.4323467664663134,False,316
319,2026-09-21,002084,6.4300566992047887,True,
320,2026-09-21,603895,6.4291184476615948,False,317
321,2026-09-21,603600,6.4193845057197976,False,318
322,2026-09-21,603402,6.416781377980536,False,319
323,2026-09-21,603887,6.393546823766413,False,320
324,2026-09-21,301337,6.3852136231508805,False,321
325,2026-09-21,002716,6.3828410689187711,False,322
326,2026-09-21,002575,6.3812091051986313,False,323
327,2026-09-21,002766,6.3734785836248777,False,324
328,2026-09-21,002570,6.368046219070651,False,325
329,2026-09-21,002291,6.347306374211855,False,326
330,2026-09-21,000564,6.3322713480254134,False,327
331,2026-09-21,002033,6.3274159916865456,False,328
332,2026-09-21,603076,6.3244269363638139,False,329
333,2026-09-21,600423,6.303230766039567,False,330
334,2026-09-21,300781,6.2982498382149661,False,331
335,2026-09-21,603006,6.2931364243161383,False,332
336,2026-09-21,300314,6.2913628903583163,False,333
337,2026-09-21,605028,6.2883326434613265,False,334
338,2026-09-21,000683,6.2851968675816217,False,335
339,2026-09-21,002940,6.2818930289512362,False,336
340,2026-09-21,603182,6.2793768075455993,False,337
341,2026-09-21,603058,6.2691715180713139,False,338
342,2026-09-21,603059,6.2526281143404461,False,339
343,2026-09-21,603585,6.2487197160439694,False,340
344,2026-09-21,600887,6.2355853357429254,False,341
345,2026-09-21,601700,6.2344326823332485,False,342
346,2026-09-21,002969,6.2311436453122653,False,343
347,2026-09-21,000755,6.2189779065838495,False,344
348,2026-09-21,001256,6.2087585130407188,False,345
349,2026-09-21,002580,6.192049176712132,False,346
350,2026-09-21,605388,6.1870317535774468,False,347
351,2026-09-21,002513,6.1868838959852575,False,348
352,2026-09-21,000698,6.1820917773920012,False,349
353,2026-09-21,300030,6.1708050535634982,False,350
354,2026-09-21,000951,6.158956195137935,False,351
355,2026-09-21,300546,6.1566808717888257,False,352
356,2026-09-21,600617,6.1561528875374556,False,353
357,2026-09-21,002763,6.1433076370255151,False,354
358,2026-09-21,601963,6.1430222512896826,False,355
359,2026-09-21,688429,6.1419547119955862,False,356
360,2026-09-21,002732,6.1404948487426525,False,357
361,2026-09-21,002691,6.1273421315196632,False,358
362,2026-09-21,600731,6.1207286093769104,False,359
363,2026-09-21,301163,6.1189296538021178,False,360
364,2026-09-21,600838,6.11878740671599,False,361
365,2026-09-21,300875,6.1115629831290086,False,362
366,2026-09-21,000632,6.0864639338380702,False,363
367,2026-09-21,600388,6.0851235347306059,False,364
368,2026-09-21,600900,6.0791851299750181,False,365
369,2026-09-21,002496,6.0789437995627038,False,366
370,2026-09-21,002535,6.0693793618001672,False,367
371,2026-09-21,000550,6.0680557696283675,False,368
372,2026-09-21,601116,6.0661097597053217,False,369
373,2026-09-21,002258,6.0631656763286195,False,370
374,2026-09-21,300968,6.06130665693839,False,371
375,2026-09-21,000333,6.0611073028222355,False,372
376,2026-09-21,002802,6.0599363371624815,False,373
377,2026-09-21,001313,6.0588752780718496,False,374
378,2026-09-21,688329,6.0579162197758878,False,375
379,2026-09-21,000838,6.0504898362539858,False,376
380,2026-09-21,600461,6.0498231357635781,False,377
381,2026-09-21,300958,6.0453933148805028,False,378
382,2026-09-21,600398,6.0396330343214046,False,379
383,2026-09-21,301049,6.0333957329514885,False,380
384,2026-09-21,301313,6.0313092624679143,False,381
385,2026-09-21,600678,6.0261540065822246,False,382
386,2026-09-21,002908,6.0217268684222072,False,383
387,2026-09-21,002395,6.0160517946326291,False,384
388,2026-09-21,603238,6.0132683314662181,False,385
389,2026-09-21,301261,6.0111175759495339,False,386
390,2026-09-21,002193,6.0019168228610216,False,387
391,2026-09-21,000707,6.0005531466611348,False,388
392,2026-09-21,600834,5.9957135495961804,False,389
393,2026-09-21,001400,5.9946142404585663,False,390
394,2026-09-21,300859,5.9910016756995628,False,391
395,2026-09-21,301009,5.9888560482077269,False,392
396,2026-09-21,601038,5.9849600145166573,False,393
397,2026-09-21,002516,5.9843441600914122,False,394
398,2026-09-21,601083,5.9798567614820231,False,395
399,2026-09-21,603912,5.972698283541396,False,396
400,2026-09-21,600858,5.9699958618122739,False,397
401,2026-09-21,000526,5.9626431027333311,False,398
402,2026-09-21,002688,5.9607229452620816,False,399
403,2026-09-21,300087,5.9503767374403109,False,400
404,2026-09-21,603017,5.9420106155307977,False,401
405,2026-09-21,003029,5.9391137652481536,False,402
406,2026-09-21,002862,5.9376988540048288,False,403
407,2026-09-21,605108,5.9319734933539694,False,404
408,2026-09-21,600872,5.9302885301440167,False,405
409,2026-09-21,603338,5.9278331418714165,False,406
410,2026-09-21,002132,5.9261457771402357,False,407
411,2026-09-21,600128,5.9217097617969428,False,408
412,2026-09-21,601798,5.9213496988436631,False,409
413,2026-09-21,603729,5.9153854531852259,False,410
414,2026-09-21,301035,5.9118802689720287,False,411
415,2026-09-21,000856,5.9086773242384787,False,412
416,2026-09-21,600975,5.8997246303997697,False,413
417,2026-09-21,002485,5.8982744924291985,False,414
418,2026-09-21,002330,5.8961478078208849,False,415
419,2026-09-21,603708,5.8947506366106026,False,416
420,2026-09-21,300449,5.8893595288085665,False,417
421,2026-09-21,000692,5.8805953670898026,False,418
422,2026-09-21,002948,5.8794315182930195,False,419
423,2026-09-21,300386,5.8782181756113108,False,420
424,2026-09-21,002721,5.8741237353727662,False,421
425,2026-09-21,301428,5.8712924689314603,False,422
426,2026-09-21,603836,5.8667699471156052,False,423
427,2026-09-21,002656,5.8580369998446802,False,424
428,2026-09-21,002165,5.8529346260427353,False,425
429,2026-09-21,603816,5.852480969515498,False,426
430,2026-09-21,601011,5.850506532554073,False,427
431,2026-09-21,301309,5.8448239673803641,False,428
432,2026-09-21,002211,5.8391731732134318,False,429
433,2026-09-21,601825,5.8384329250309701,False,430
434,2026-09-21,603195,5.8298556718229007,False,431
435,2026-09-21,000803,5.8264983331377689,False,432
436,2026-09-21,600833,5.801013182159652,False,433
437,2026-09-21,002677,5.7864537879756339,False,434
438,2026-09-21,601728,5.7838444944909888,False,435
439,2026-09-21,600665,5.783467864740274,False,436
440,2026-09-21,300021,5.7784998017065448,False,437
441,2026-09-21,000524,5.7562185786241908,False,438
442,2026-09-21,002017,5.7409115794136447,False,439
443,2026-09-21,600149,5.7402945419020099,False,440
444,2026-09-21,603876,5.7340946528714145,False,441
445,2026-09-21,600060,5.731314587375147,False,442
446,2026-09-21,300994,5.7261768863711335,False,443
447,2026-09-21,603330,5.7208260231347969,False,444
448,2026-09-21,603329,5.707018589857773,False,445
449,2026-09-21,301012,5.7026651662086394,False,446
450,2026-09-21,600581,5.6963831995394898,False,447
451,2026-09-21,603619,5.6926612810915342,False,448
452,2026-09-21,002861,5.6884352808184948,False,449
453,2026-09-21,600803,5.6876728112571087,False,450
454,2026-09-21,300928,5.6851507731707267,False,451
455,2026-09-21,600573,5.6819932387730354,False,452
456,2026-09-21,600969,5.6814532970161666,False,453
457,2026-09-21,605122,5.6450378301784685,False,454
458,2026-09-21,300448,5.6441144744959733,False,455
459,2026-09-21,603208,5.6422559652235513,False,456
460,2026-09-21,603053,5.6352595689654059,False,457
461,2026-09-21,603235,5.6225447418052568,False,458
462,2026-09-21,002857,5.6214032771736049,False,459
463,2026-09-21,002564,5.6211124324415485,False,460
464,2026-09-21,002479,5.6115554951625413,False,461
465,2026-09-21,300126,5.6051321386876367,False,462
466,2026-09-21,002476,5.6018861475217285,False,463
467,2026-09-21,600337,5.599994449372657,False,464
468,2026-09-21,002567,5.5948817338970818,False,465
469,2026-09-21,603339,5.591695818011968,False,466
470,2026-09-21,002931,5.589116586047334,False,467
471,2026-09-21,002678,5.5888156298844089,False,468
472,2026-09-21,000001,5.5880842324801661,False,469
473,2026-09-21,300052,5.5831113329575279,False,470
474,2026-09-21,000933,5.5817602705090064,False,471
475,2026-09-21,601158,5.5806103750523226,False,472
476,2026-09-21,601998,5.5798555005731219,False,473
477,2026-09-21,300935,5.5764353155880908,False,474
478,2026-09-21,600280,5.5755494726101826,False,475
479,2026-09-21,300607,5.5695058036445371,False,476
480,2026-09-21,002490,5.5633049070759384,False,477
481,2026-09-21,600408,5.5444454798398004,False,478
482,2026-09-21,600322,5.5414097186635143,False,479
483,2026-09-21,600212,5.5379600478102713,False,480
484,2026-09-21,002620,5.5325874789731984,False,481
485,2026-09-21,603639,5.5289327104975712,False,482
486,2026-09-21,600222,5.5266534528158608,False,483
487,2026-09-21,603429,5.5177873735935625,False,484
488,2026-09-21,002227,5.5162568988086571,False,485
489,2026-09-21,002054,5.5136466612166526,False,486
490,2026-09-21,301179,5.5087696305147613,False,487
491,2026-09-21,603565,5.503115037995455,False,488
492,2026-09-21,000037,5.5029832273849939,False,489
493,2026-09-21,600556,5.5025600525974134,False,490
494,2026-09-21,000533,5.4970596588950809,False,491
495,2026-09-21,300254,5.4929061481983013,False,492
496,2026-09-21,600377,5.4860206159359928,False,493
497,2026-09-21,301603,5.4852178360086743,False,494
498,2026-09-21,603030,5.478843408082593,False,495
499,2026-09-21,001333,5.4643855649370767,False,496
500,2026-09-21,603128,5.4591050831597476,False,497
501,2026-09-21,603409,5.4590038542555304,False,498
502,2026-09-21,301439,5.4584266726134771,False,499
503,2026-09-21,603135,5.4583907686995037,False,500
504,2026-09-21,600985,5.4545200593864172,False,501
505,2026-09-21,003017,5.4501989114024596,False,502
506,2026-09-21,000153,5.4491204067398593,False,503
507,2026-09-21,600073,5.4478762112890005,False,504
508,2026-09-21,301567,5.4429031695501031,False,505
509,2026-09-21,000926,5.4304325186430189,False,506
510,2026-09-21,301208,5.4289871340896756,False,507
511,2026-09-21,000419,5.4134936873455413,False,508
512,2026-09-21,000848,5.4036115402571241,False,509
513,2026-09-21,600965,5.3979974009761928,False,510
514,2026-09-21,301025,5.3938622166400521,False,511
515,2026-09-21,603878,5.3914341819683944,False,512
516,2026-09-21,002437,5.3892415455955911,False,513
517,2026-09-21,002188,5.3856952621398442,False,514
518,2026-09-21,600178,5.383427250279345,False,515
519,2026-09-21,603317,5.3742783137006134,False,516
520,2026-09-21,603689,5.373389103281089,False,517
521,2026-09-21,300359,5.3705901481076204,False,518
522,2026-09-21,300509,5.3691670506618356,False,519
523,2026-09-21,603320,5.3650606654535187,False,520
524,2026-09-21,601018,5.3647910398815073,False,521
525,2026-09-21,002421,5.3560542692233568,False,522
526,2026-09-21,003009,5.3531563555639128,False,523
527,2026-09-21,603722,5.3527820927889467,False,524
528,2026-09-21,301231,5.3422183301235506,False,525
529,2026-09-21,002868,5.3410229658286053,False,526
530,2026-09-21,601816,5.3234528450288847,False,527
531,2026-09-21,605033,5.321796108513051,False,528
532,2026-09-21,600039,5.3171046323796789,False,529
533,2026-09-21,601107,5.3135175076774077,False,530
534,2026-09-21,002871,5.3072382476379243,False,531
535,2026-09-21,600547,5.3048475825340748,False,532
536,2026-09-21,300508,5.3043248521922255,False,533
537,2026-09-21,002069,5.2982099771694298,False,534
538,2026-09-21,002873,5.292747505615865,False,535
539,2026-09-21,000757,5.2888108192441923,False,536
540,2026-09-21,300616,5.2796073071914549,False,537
541,2026-09-21,002703,5.2767884003825465,False,538
542,2026-09-21,002105,5.2715180321111816,False,539
543,2026-09-21,688210,5.2712132760297177,False,540
544,2026-09-21,300949,5.265654567188836,False,541
545,2026-09-21,300906,5.2591292531772584,False,542
546,2026-09-21,002251,5.2533236040216682,False,543
547,2026-09-21,300783,5.2446703796808603,False,544
548,2026-09-21,000529,5.2430012194545057,False,545
549,2026-09-21,300784,5.227888831173118,False,546
550,2026-09-21,300519,5.2270703343621534,False,547
551,2026-09-21,603165,5.2259376511080724,False,548
552,2026-09-21,300407,5.2213368881692617,False,549
553,2026-09-21,002893,5.217778300915084,False,550
554,2026-09-21,603198,5.2171355015448686,False,551
555,2026-09-21,000651,5.216546549788208,False,552
556,2026-09-21,002541,5.2152962688359654,False,553
557,2026-09-21,002596,5.2144225656705281,False,554
558,2026-09-21,603383,5.2114334708972541,False,555
559,2026-09-21,301399,5.201833174697243,False,556
560,2026-09-21,300172,5.200320408035207,False,557
561,2026-09-21,688777,5.1999686209897291,False,558
562,2026-09-21,003000,5.1993188541234199,False,559
563,2026-09-21,000965,5.1970868354012172,False,560
564,2026-09-21,301376,5.1942350026918049,False,561
565,2026-09-21,688775,5.1935942735771565,False,562
566,2026-09-21,601577,5.1928422516886954,False,563
567,2026-09-21,002752,5.1894165281061868,False,564
568,2026-09-21,001379,5.1873971472553819,False,565
569,2026-09-21,002879,5.1860775384050584,False,566
570,2026-09-21,002813,5.1849434454487531,False,567
571,2026-09-21,601368,5.1803709214720435,False,568
572,2026-09-21,600365,5.1786202840051585,False,569
573,2026-09-21,600298,5.1780623377095392,False,570
574,2026-09-21,001255,5.1769425927184001,False,571
575,2026-09-21,603231,5.1707778696711211,False,572
576,2026-09-21,688345,5.1676551066743475,False,573
577,2026-09-21,600882,5.1671514368174076,False,574
578,2026-09-21,603326,5.1667743190499733,False,575
579,2026-09-21,603630,5.1667594581042433,False,576
580,2026-09-21,600403,5.1633756491872962,False,577
581,2026-09-21,301556,5.1604424219448664,False,578
582,2026-09-21,002937,5.1586714895568493,False,579
583,2026-09-21,002644,5.1580707266296679,False,580
584,2026-09-21,002923,5.156202642615952,False,581
585,2026-09-21,688021,5.1530897370010607,False,582
586,2026-09-21,000663,5.1529645675921989,False,583
587,2026-09-21,600033,5.1422264697465261,False,584
588,2026-09-21,603700,5.1369834839777484,False,585
589,2026-09-21,002839,5.12723607644386,False,586
590,2026-09-21,603177,5.127015866725559,False,587
591,2026-09-21,002966,5.1242117472533737,False,588
592,2026-09-21,000802,5.1230648789830369,False,589
593,2026-09-21,002327,5.1198068363471325,False,590
594,2026-09-21,601921,5.1180244875062133,False,591
595,2026-09-21,603227,5.1167250746339654,False,592
596,2026-09-21,601665,5.1050040718750376,False,593
597,2026-09-21,688011,5.0970028167799484,False,594
598,2026-09-21,301717,5.0968568974461901,False,595
599,2026-09-21,002578,5.0966220495938916,False,596
600,2026-09-21,688569,5.0965500996678585,False,597
601,2026-09-21,300956,5.091326762042768,False,598
602,2026-09-21,002574,5.089734293288771,False,599
603,2026-09-21,603711,5.0826374786103559,False,600
604,2026-09-21,601939,5.0736437856741574,False,601
605,2026-09-21,601065,5.0704560558269058,False,602
606,2026-09-21,301126,5.0677884408675204,False,603
607,2026-09-21,300722,5.0670484499610371,False,604
608,2026-09-21,603284,5.0627481152258813,False,605
609,2026-09-21,002332,5.0571671439568968,False,606
610,2026-09-21,301591,5.0561821106335136,False,607
611,2026-09-21,002111,5.0559262746444888,False,608
612,2026-09-21,002668,5.050268653915861,False,609
613,2026-09-21,600684,5.0492513522354443,False,610
614,2026-09-21,002950,5.044772017286931,False,611
615,2026-09-21,601333,5.0412978276166918,False,612
616,2026-09-21,601288,5.0406693249623764,False,613
617,2026-09-21,603628,5.0392478349299195,False,614
618,2026-09-21,300645,5.0376411697186327,False,615
619,2026-09-21,300807,5.0286943177945371,False,616
620,2026-09-21,688290,5.0270615185312506,False,617
621,2026-09-21,000633,5.0222937249457225,False,618
622,2026-09-21,002116,5.0183403192792451,False,619
623,2026-09-21,600136,5.0179807903717304,False,620
624,2026-09-21,000719,5.017133775855779,False,621
625,2026-09-21,603205,5.0170971129217783,False,622
626,2026-09-21,600015,5.0153052672831624,False,623
627,2026-09-21,603278,5.0141677175473767,False,624
628,2026-09-21,300445,5.0093546533421458,False,625
629,2026-09-21,300565,5.0002272256973628,False,626
630,2026-09-21,600346,4.9963972398015368,False,627
631,2026-09-21,300536,4.9929577173655773,False,628
632,2026-09-21,300818,4.9921382434490464,False,629
633,2026-09-21,603168,4.9914687271140892,False,630
634,2026-09-21,603789,4.9813929592194262,False,631
635,2026-09-21,000426,4.9733864192103816,False,632
636,2026-09-21,301131,4.9676992523033565,False,633
637,2026-09-21,002248,4.957132954599718,False,634
638,2026-09-21,600319,4.9440008261066577,False,635
639,2026-09-21,605199,4.9397574136942248,False,636
640,2026-09-21,002092,4.9331844403837968,False,637
641,2026-09-21,301088,4.9317651505805129,False,638
642,2026-09-21,300545,4.9306478665215465,False,639
643,2026-09-21,002687,4.9287742756078607,False,640
644,2026-09-21,300240,4.9257395517550346,False,641
645,2026-09-21,000520,4.9251631808424268,False,642
646,2026-09-21,300977,4.9240415761254734,False,643
647,2026-09-21,600741,4.9212280663030334,False,644
648,2026-09-21,300591,4.9208303181547706,False,645
649,2026-09-21,002103,4.919511048882927,False,646
650,2026-09-21,301388,4.9158055155354248,False,647
651,2026-09-21,000586,4.9100078179454112,False,648
652,2026-09-21,600012,4.9074765315220041,False,649
653,2026-09-21,605136,4.9048985577850042,False,650
654,2026-09-21,601169,4.8949920374419138,False,651
655,2026-09-21,600774,4.8887434311511067,False,652
656,2026-09-21,002582,4.8843859783889965,False,653
657,2026-09-21,603477,4.8791319783731968,False,654
658,2026-09-21,600713,4.8777423623872584,False,655
659,2026-09-21,002918,4.877218868003963,False,656
660,2026-09-21,000751,4.8761350060340085,False,657
661,2026-09-21,300552,4.8731943275667193,False,658
662,2026-09-21,603551,4.8699487564378554,False,659
663,2026-09-21,301507,4.8666885953137111,False,660
664,2026-09-21,603727,4.8645509864148826,False,661
665,2026-09-21,600773,4.863588790833969,False,662
666,2026-09-21,300332,4.8592316687645898,False,663
667,2026-09-21,603071,4.8579230897761549,False,664
668,2026-09-21,001358,4.8562834147523999,False,665
669,2026-09-21,300517,4.8547884500877476,False,666
670,2026-09-21,002157,4.8530388923302823,False,667
671,2026-09-21,603488,4.8507889290117898,False,668
672,2026-09-21,603032,4.8489794459385287,False,669
673,2026-09-21,688573,4.8468217739401629,False,670
674,2026-09-21,003035,4.8441132403477418,False,671
675,2026-09-21,600711,4.8417716863810121,False,672
676,2026-09-21,301019,4.8377630764730393,False,673
677,2026-09-21,603926,4.836766749633572,False,674
678,2026-09-21,000903,4.8365901788193639,False,675
679,2026-09-21,603758,4.8334275199315329,False,676
680,2026-09-21,000546,4.830996319329147,False,677
681,2026-09-21,600989,4.8274768231116134,False,678
682,2026-09-21,002406,4.822141241217782,False,679
683,2026-09-21,600917,4.8210280956876792,False,680
684,2026-09-21,601326,4.8175037525373412,False,681
685,2026-09-21,001226,4.8032156054594175,False,682
686,2026-09-21,603701,4.7928526299748153,False,683
687,2026-09-21,601002,4.7901579421847442,False,684
688,2026-09-21,301515,4.783122487701422,False,685
689,2026-09-21,603598,4.7828232997793503,False,686
690,2026-09-21,600066,4.7688540160334965,False,687
691,2026-09-21,001325,4.7669206690090125,False,688
692,2026-09-21,300403,4.7625344635397573,False,689
693,2026-09-21,002652,4.7612247583007861,False,690
694,2026-09-21,301257,4.7573109134474727,False,691
695,2026-09-21,002689,4.7556714830348037,False,692
696,2026-09-21,002343,4.7510545832948221,False,693
697,2026-09-21,300785,4.7509508002013394,False,694
698,2026-09-21,600323,4.743437617787932,False,695
699,2026-09-21,001257,4.7432620904027161,False,696
700,2026-09-21,300479,4.7404479855677142,False,697
701,2026-09-21,300700,4.730771887561235,False,698
702,2026-09-21,603298,4.72763826963011,False,699
703,2026-09-21,603825,4.7265868626866627,False,700
704,2026-09-21,603273,4.72209963385097,False,701
705,2026-09-21,301111,4.7211907247199418,False,702
706,2026-09-21,688772,4.7015868710671853,False,703
707,2026-09-21,300899,4.6978713636241096,False,704
708,2026-09-21,300494,4.6972855903196198,False,705
709,2026-09-21,605300,4.6937211569324742,False,706
710,2026-09-21,000421,4.6924561952345964,False,707
711,2026-09-21,300937,4.6896518253556234,False,708
712,2026-09-21,300423,4.6858930572046189,False,709
713,2026-09-21,301113,4.6855845298879863,False,710
714,2026-09-21,688616,4.6853754683778899,False,711
715,2026-09-21,002133,4.6848769452095249,False,712
716,2026-09-21,301052,4.6785336111612335,False,713
717,2026-09-21,300133,4.670548825645823,False,714
718,2026-09-21,002863,4.6604226673144034,False,715
719,2026-09-21,300230,4.6597252822944446,False,716
720,2026-09-21,600874,4.6585859630890267,False,717
721,2026-09-21,001213,4.6524186258258551,False,718
722,2026-09-21,002748,4.6504250612670894,False,719
723,2026-09-21,688459,4.6494353175482575,False,720
724,2026-09-21,002154,4.6490603516741702,False,721
725,2026-09-21,601997,4.6465292759181418,False,722
726,2026-09-21,000809,4.6464455993253839,False,723
727,2026-09-21,601330,4.6462967028096749,False,724
728,2026-09-21,601121,4.6456976718324636,False,725
729,2026-09-21,000790,4.6407199078333017,False,726
730,2026-09-21,601398,4.6401901729833623,False,727
731,2026-09-21,603408,4.6374212465850393,False,728
732,2026-09-21,301100,4.6310869223153226,False,729
733,2026-09-21,300198,4.6260594488512297,False,730
734,2026-09-21,600693,4.623928137999906,False,731
735,2026-09-21,300270,4.6167759669955917,False,732
736,2026-09-21,605299,4.6163475763061559,False,733
737,2026-09-21,688077,4.6153614373754426,False,734
738,2026-09-21,000068,4.6109078272896244,False,735
739,2026-09-21,002380,4.6082459738741992,False,736
740,2026-09-21,600116,4.6075794907289556,False,737
741,2026-09-21,600232,4.6027757200463304,False,738
742,2026-09-21,000828,4.6027305019896252,False,739
743,2026-09-21,001232,4.6010484357675967,False,740
744,2026-09-21,301469,4.6001112888991607,False,741
745,2026-09-21,002086,4.5967512064912706,False,742
746,2026-09-21,002696,4.5952697202634205,False,743
747,2026-09-21,002692,4.5917938198716808,False,744
748,2026-09-21,601600,4.5916637116299439,False,745
749,2026-09-21,600566,4.5896250333465565,False,746
750,2026-09-21,002390,4.5894807307508589,False,747
751,2026-09-21,300710,4.5894279930134783,False,748
752,2026-09-21,002648,4.5863178237389048,False,749
753,2026-09-21,301668,4.5840656487316593,False,750
754,2026-09-21,601211,4.5839570590165355,False,751
755,2026-09-21,603045,4.5825671960201007,False,752
756,2026-09-21,603351,4.5788367466695554,False,753
757,2026-09-21,002749,4.5775438493756937,False,754
758,2026-09-21,603172,4.5707986265093927,False,755
759,2026-09-21,603948,4.5659691300706138,False,756
760,2026-09-21,688060,4.5631665292904788,False,757
761,2026-09-21,601000,4.5600364491172485,False,758
762,2026-09-21,603797,4.5595008655165179,False,759
763,2026-09-21,603709,4.558283268515658,False,760
764,2026-09-21,002563,4.5568762399065177,False,761
765,2026-09-21,300929,4.5563059788140485,False,762
766,2026-09-21,002237,4.5550205776528347,False,763
767,2026-09-21,002170,4.5541872753258623,False,764
768,2026-09-21,002543,4.5495903937906137,False,765
769,2026-09-21,600219,4.5494769240402757,False,766
770,2026-09-21,001286,4.547561165542195,False,767
771,2026-09-21,301078,4.5405795046299664,False,768
772,2026-09-21,603813,4.5383131534613392,False,769
773,2026-09-21,688576,4.536879667490278,False,770
774,2026-09-21,300912,4.534747377077025,False,771
775,2026-09-21,000948,4.5344710110443209,False,772
776,2026-09-21,002791,4.5314775534670089,False,773
777,2026-09-21,300813,4.5280131668727694,False,774
778,2026-09-21,688165,4.5275961469331243,False,775
779,2026-09-21,601168,4.5226296620713997,False,776
780,2026-09-21,688588,4.5178409732207907,False,777
781,2026-09-21,300440,4.5159224653502381,False,778
782,2026-09-21,603933,4.5159159411505634,False,779
783,2026-09-21,600338,4.515650298364088,False,780
784,2026-09-21,601528,4.5128721217847332,False,781
785,2026-09-21,000590,4.5127519024239477,False,782
786,2026-09-21,688280,4.5126815910589606,False,783
787,2026-09-21,603007,4.5123931958436705,False,784
788,2026-09-21,600467,4.4966421795385561,False,785
789,2026-09-21,603012,4.4954095840457837,False,786
790,2026-09-21,688433,4.4896150199401905,False,787
791,2026-09-21,301600,4.4767396195451639,False,788
792,2026-09-21,002144,4.4697633701371124,False,789
793,2026-09-21,688466,4.4697058191592385,False,790
794,2026-09-21,301378,4.46742316741887,False,791
795,2026-09-21,002788,4.4587699584543934,False,792
796,2026-09-21,601599,4.457674949618232,False,793
797,2026-09-21,603556,4.4528810502657956,False,794
798,2026-09-21,603041,4.450950192922571,False,795
799,2026-09-21,600023,4.4500024155616416,False,796
800,2026-09-21,605208,4.4451562759963785,False,797
801,2026-09-21,002376,4.444890183598214,False,798
802,2026-09-21,600138,4.4419650219386071,False,799
803,2026-09-21,300844,4.4372940498531239,False,800
804,2026-09-21,301043,4.436818945057313,False,801
805,2026-09-21,002942,4.4312898144813087,False,802
806,2026-09-21,601225,4.4303265777865235,False,803
807,2026-09-21,300062,4.4266779704462849,False,804
808,2026-09-21,002112,4.4259573916223687,False,805
809,2026-09-21,603023,4.4208173588375699,False,806
810,2026-09-21,603395,4.4197414814324061,True,
811,2026-09-21,688716,4.4141186059323001,False,807
812,2026-09-21,688251,4.4137539511990909,False,808
813,2026-09-21,601956,4.4080505624678104,False,809
814,2026-09-21,301503,4.4037233131163074,False,810
815,2026-09-21,002370,4.4017129474038867,False,811
816,2026-09-21,002970,4.39921322592589,False,812
817,2026-09-21,002357,4.3966883498065457,False,813
818,2026-09-21,605338,4.3942949726625002,False,814
819,2026-09-21,002128,4.3896202157257163,False,815
820,2026-09-21,002998,4.387029395991016,False,816
821,2026-09-21,002478,4.3867074263742634,False,817
822,2026-09-21,002557,4.3776238576723658,False,818
823,2026-09-21,000822,4.3706916197171779,False,819
824,2026-09-21,301291,4.3693791844667009,False,820
825,2026-09-21,603558,4.3679084816454683,False,821
826,2026-09-21,301258,4.3672372168827325,False,822
827,2026-09-21,300887,4.3647852777284113,False,823
828,2026-09-21,603170,4.36202758666413,False,824
829,2026-09-21,603506,4.3619533338514875,False,825
830,2026-09-21,688338,4.357212108570895,False,826
831,2026-09-21,300766,4.3571371383702679,False,827
832,2026-09-21,003025,4.3564475122179669,False,828
833,2026-09-21,002722,4.3562279581945305,False,829
834,2026-09-21,601033,4.3548415115070993,False,830
835,2026-09-21,002825,4.3530706021887813,False,831
836,2026-09-21,688229,4.3517687946621511,False,832
837,2026-09-21,300897,4.3497075420585656,False,833
838,2026-09-21,600865,4.3487901328622227,False,834
839,2026-09-21,002562,4.3480741006055021,False,835
840,2026-09-21,600486,4.3464377160185048,False,836
841,2026-09-21,002826,4.3420792478366135,False,837
842,2026-09-21,001268,4.3402314098782604,False,838
843,2026-09-21,603016,4.3313834971658416,False,839
844,2026-09-21,002793,4.326047355086958,False,840
845,2026-09-21,601328,4.3224856092151276,False,841
846,2026-09-21,002864,4.3119530055756723,False,842
847,2026-09-21,300103,4.3066882624030125,False,843
848,2026-09-21,002238,4.3047155346111747,False,844
849,2026-09-21,301023,4.2999130589363759,False,845
850,2026-09-21,301029,4.2981432247010654,False,846
851,2026-09-21,601061,4.2969178712125444,False,847
852,2026-09-21,301268,4.2959157478899437,False,848
853,2026-09-21,600694,4.295150000742022,False,849
854,2026-09-21,600727,4.294495782197516,False,850
855,2026-09-21,300329,4.2918525708428712,False,851
856,2026-09-21,603359,4.2914617184086641,False,852
857,2026-09-21,002917,4.2820162589599304,False,853
858,2026-09-21,300150,4.2769481888152932,False,854
859,2026-09-21,300792,4.2765913387872523,False,855
860,2026-09-21,600158,4.2720613237057696,False,856
861,2026-09-21,601019,4.270344841030755,False,857
862,2026-09-21,002078,4.2692785133784952,False,858
863,2026-09-21,000712,4.2639453250838582,False,859
864,2026-09-21,603121,4.2629533650250604,False,860
865,2026-09-21,002753,4.2621621141555988,False,861
866,2026-09-21,603656,4.26076577600886,False,862
867,2026-09-21,688157,4.2587008405988449,False,863
868,2026-09-21,002907,4.2541684427982673,True,
869,2026-09-21,002029,4.2539305745264873,False,864
870,2026-09-21,605055,4.2514603081445355,False,865
871,2026-09-21,300375,4.2495333928449677,False,866
872,2026-09-21,600735,4.2487972995771592,False,867
873,2026-09-21,603043,4.246557176333182,False,868
874,2026-09-21,300013,4.2454819136618323,False,869
875,2026-09-21,300161,4.2446194877710184,False,870
876,2026-09-21,002375,4.243362158620875,False,871
877,2026-09-21,300743,4.2386930056514247,False,872
878,2026-09-21,600743,4.2361511144605135,True,
879,2026-09-21,000404,4.2338093912055657,False,873
880,2026-09-21,601139,4.2330605951406657,False,874
881,2026-09-21,301103,4.2317141524409632,False,875
882,2026-09-21,002197,4.2294209135233061,False,876
883,2026-09-21,000423,4.2286233151651125,False,877
884,2026-09-21,002345,4.2273219370482344,False,878
885,2026-09-21,002833,4.2265257091430737,False,879
886,2026-09-21,603159,4.2255517422093467,False,880
887,2026-09-21,688171,4.2240331232244195,False,881
888,2026-09-21,300227,4.2162733102909824,False,882
889,2026-09-21,300796,4.2141276627014967,False,883
890,2026-09-21,001301,4.2117560214611585,False,884
891,2026-09-21,300462,4.2101285848195094,False,885
892,2026-09-21,002822,4.2063271121172949,False,886
893,2026-09-21,601988,4.1981874424100498,False,887
894,2026-09-21,000783,4.1954816075967241,False,888
895,2026-09-21,603332,4.1948842008358191,False,889
896,2026-09-21,000545,4.1936947671713884,False,890
897,2026-09-21,300805,4.1873235158963453,False,891
898,2026-09-21,001872,4.1857176234652229,False,892
899,2026-09-21,002576,4.1796933811976054,False,893
900,2026-09-21,300597,4.1764040904043327,False,894
901,2026-09-21,003012,4.1762277938429486,False,895
902,2026-09-21,605296,4.1748187774566743,False,896
903,2026-09-21,600987,4.1733331846052222,False,897
904,2026-09-21,600195,4.1700733251732132,False,898
905,2026-09-21,002887,4.1700558987883536,False,899
906,2026-09-21,603535,4.1579152640514678,False,900
907,2026-09-21,603315,4.1576715219789744,False,901
908,2026-09-21,603916,4.1553723352740661,False,902
909,2026-09-21,600716,4.1552025157096697,False,903
910,2026-09-21,000655,4.1539554278878654,False,904
911,2026-09-21,002004,4.1531025865291777,False,905
912,2026-09-21,601568,4.1503951259623202,False,906
913,2026-09-21,002816,4.1479426123287713,False,907
914,2026-09-21,601187,4.1465869460511176,False,908
915,2026-09-21,002381,4.1453317706606381,False,909
916,2026-09-21,601233,4.1431813249132254,False,910
917,2026-09-21,301335,4.1425769275494835,False,911
918,2026-09-21,000691,4.1407676188912337,False,912
919,2026-09-21,002142,4.1399065301165541,False,913
920,2026-09-21,002581,4.1394792341806737,False,914
921,2026-09-21,002121,4.1379051321979095,False,915
922,2026-09-21,603899,4.1346071606632728,False,916
923,2026-09-21,002440,4.1337969941653503,False,917
924,2026-09-21,300123,4.131942680789642,False,918
925,2026-09-21,301266,4.1274162643561771,False,919
926,2026-09-21,300081,4.1267686968378037,False,920
927,2026-09-21,002659,4.1255298908819737,False,921
928,2026-09-21,300978,4.1234350853891062,False,922
929,2026-09-21,301068,4.1233803107371045,False,923
930,2026-09-21,002098,4.1208145752859346,False,924
931,2026-09-21,600386,4.1157292170028867,False,925
932,2026-09-21,300996,4.1150120997758242,False,926
933,2026-09-21,600968,4.1094134487419076,False,927
934,2026-09-21,300677,4.1087361096234272,False,928
935,2026-09-21,300063,4.1085506966652634,False,929
936,2026-09-21,001229,4.1006941351844759,False,930
937,2026-09-21,300654,4.0980826843866307,False,931
938,2026-09-21,603211,4.093158520645038,False,932
939,2026-09-21,000507,4.0876400980783654,False,933
940,2026-09-21,301295,4.0759290213634252,False,934
941,2026-09-21,688528,4.0748589527939405,False,935
942,2026-09-21,002545,4.0724173142282201,False,936
943,2026-09-21,603515,4.0701981977013126,False,937
944,2026-09-21,300313,4.0683039691561333,False,938
945,2026-09-21,300501,4.0648845252329044,False,939
946,2026-09-21,600955,4.0647253987414746,False,940
947,2026-09-21,000919,4.0627686629417541,False,941
948,2026-09-21,300377,4.0561324462307304,False,942
949,2026-09-21,603209,4.0517232517978758,False,943
950,2026-09-21,000722,4.0504887795203386,False,944
951,2026-09-21,002233,4.0499518607616745,False,945
952,2026-09-21,000501,4.0468028509942604,False,946
953,2026-09-21,600538,4.0390671701759375,False,947
954,2026-09-21,300719,4.038071405476221,False,948
955,2026-09-21,600236,4.0321750593498003,False,949
956,2026-09-21,688113,4.0318468398495764,False,950
957,2026-09-21,301256,4.0305610369220259,False,951
958,2026-09-21,000573,4.0301293707371073,False,952
959,2026-09-21,603856,4.0301114150119899,False,953
960,2026-09-21,605196,4.0275464191418404,True,
961,2026-09-21,600000,4.0266327679348439,False,954
962,2026-09-21,600831,4.0261298670937613,False,955
963,2026-09-21,300941,4.0217535397433455,False,956
964,2026-09-21,605155,4.0208943705335427,False,957
965,2026-09-21,301353,4.0144688750579061,False,958
966,2026-09-21,000089,4.0141434048207572,False,959
967,2026-09-21,603811,4.0097040543998403,False,960
968,2026-09-21,600455,4.0090808704792327,False,961
969,2026-09-21,002830,4.0084694568821329,False,962
970,2026-09-21,300299,4.0080024183383998,False,963
971,2026-09-21,002832,4.0064658475550612,False,964
972,2026-09-21,002622,4.0058184658510605,True,
973,2026-09-21,601766,4.0046781486031655,False,965
974,2026-09-21,301578,4.003422751277105,False,966
975,2026-09-21,300295,4.0028028517642174,False,967
976,2026-09-21,002597,4.0012850469649619,False,968
977,2026-09-21,600027,3.9947435983425672,False,969
978,2026-09-21,301136,3.9932173561701729,False,970
979,2026-09-21,688638,3.9889474835330132,False,971
980,2026-09-21,600918,3.9887355883393782,False,972
981,2026-09-21,600854,3.9868285933577416,False,973
982,2026-09-21,600265,3.9845315711011655,False,974
983,2026-09-21,300477,3.983977785024853,False,975
984,2026-09-21,688075,3.9795583810349147,False,976
985,2026-09-21,600007,3.978524206892188,False,977
986,2026-09-21,000595,3.9734881461555025,False,978
987,2026-09-21,301020,3.9716601061512984,False,979
988,2026-09-21,600310,3.9712773402961155,False,980
989,2026-09-21,002369,3.9670125649672601,False,981
990,2026-09-21,600496,3.9614624890447709,False,982
991,2026-09-21,603918,3.9531447808511531,False,983
992,2026-09-21,603057,3.9478703067489631,False,984
993,2026-09-21,301331,3.9446619675907089,False,985
994,2026-09-21,603055,3.9418196354977342,False,986
995,2026-09-21,605098,3.9390750262750611,False,987
996,2026-09-21,002493,3.9377207973182271,False,988
997,2026-09-21,000729,3.9359246355269426,False,989
998,2026-09-21,301212,3.9351767105785838,False,990
999,2026-09-21,688193,3.934854883390329,False,991
1000,2026-09-21,688030,3.9325550312547848,False,992
1001,2026-09-21,600980,3.9304128758286119,False,993
1002,2026-09-21,300717,3.9268178179499378,False,994
1003,2026-09-21,000151,3.9255429754737552,False,995
1004,2026-09-21,002461,3.9186933326249918,False,996
1005,2026-09-21,002588,3.9134195790678561,False,997
1006,2026-09-21,603617,3.9133376932389785,False,998
1007,2026-09-21,002430,3.9118088074106243,False,999
1008,2026-09-21,603255,3.9107648210629344,False,1000
1009,2026-09-21,002120,3.9095508690273779,False,1001
1010,2026-09-21,600998,3.9087746494593496,False,1002
1011,2026-09-21,000708,3.9086584390595824,False,1003
1012,2026-09-21,001228,3.901727743842156,False,1004
1013,2026-09-21,600800,3.90044059871996,False,1005
1014,2026-09-21,688369,3.8999862096739335,False,1006
1015,2026-09-21,601186,3.8997522859584492,False,1007
1016,2026-09-21,002960,3.8988260201725828,False,1008
1017,2026-09-21,605286,3.8978960690287621,False,1009
1018,2026-09-21,600119,3.8977740483100316,False,1010
1019,2026-09-21,301278,3.8962850502910289,False,1011
1020,2026-09-21,301590,3.8953888501084188,False,1012
1021,2026-09-21,605598,3.8909419554606099,False,1013
1022,2026-09-21,300849,3.8865258350244214,False,1014
1023,2026-09-21,002115,3.8855773360184434,False,1015
1024,2026-09-21,300399,3.8817147939765442,False,1016
1025,2026-09-21,688348,3.8808153256260112,False,1017
1026,2026-09-21,603075,3.8790940013574247,False,1018
1027,2026-09-21,301206,3.8765298136259259,False,1019
1028,2026-09-21,000603,3.8746810652119095,False,1020
1029,2026-09-21,002374,3.873147988013792,False,1021
1030,2026-09-21,603356,3.8727066492184417,False,1022
1031,2026-09-21,301318,3.8680154810162701,False,1023
1032,2026-09-21,002328,3.8581382191822877,False,1024
1033,2026-09-21,603396,3.8555775788465247,False,1025
1034,2026-09-21,300932,3.8495737615461225,False,1026
1035,2026-09-21,001298,3.8476602975833227,False,1027
1036,2026-09-21,603568,3.8464945105401394,False,1028
1037,2026-09-21,002646,3.8366682154306506,False,1029
1038,2026-09-21,688189,3.8329365480479094,False,1030
1039,2026-09-21,301586,3.8290766240480387,False,1031
1040,2026-09-21,603728,3.8281349384790659,False,1032
1041,2026-09-21,002727,3.8257539566752126,False,1033
1042,2026-09-21,002878,3.8231158378441608,False,1034
1043,2026-09-21,301272,3.8230047915204537,False,1035
1044,2026-09-21,600071,3.8198280342105999,False,1036
1045,2026-09-21,301421,3.8155527971658216,False,1037
1046,2026-09-21,301509,3.8152523148194724,False,1038
1047,2026-09-21,000685,3.8105212885555759,False,1039
1048,2026-09-21,603171,3.8068266924061569,False,1040
1049,2026-09-21,603776,3.8066511913507668,False,1041
1050,2026-09-21,600107,3.8059154034701397,False,1042
1051,2026-09-21,300961,3.8050434795603598,False,1043
1052,2026-09-21,300653,3.8028055476299176,False,1044
1053,2026-09-21,300940,3.7871871400046238,False,1045
1054,2026-09-21,600758,3.7866233438109376,False,1046
1055,2026-09-21,603919,3.7855348926710635,False,1047
1056,2026-09-21,002009,3.7844323215259279,False,1048
1057,2026-09-21,002573,3.7805235006453994,False,1049
1058,2026-09-21,001269,3.7767162731494484,False,1050
1059,2026-09-21,002551,3.7749006617592626,False,1051
1060,2026-09-21,603677,3.774630084743047,False,1052
1061,2026-09-21,000576,3.7733901220070787,False,1053
1062,2026-09-21,600674,3.7701673188103402,False,1054
1063,2026-09-21,002181,3.7657749034111836,False,1055
1064,2026-09-21,600795,3.7632350909577319,False,1056
1065,2026-09-21,300050,3.759495489856969,False,1057
1066,2026-09-21,601388,3.7538071315888262,False,1058
1067,2026-09-21,300453,3.7533314882847773,False,1059
1068,2026-09-21,002649,3.7530296023711989,False,1060
1069,2026-09-21,603648,3.7519903442444482,False,1061
1070,2026-09-21,603685,3.7493850464954321,False,1062
1071,2026-09-21,603279,3.7485201182388685,False,1063
1072,2026-09-21,300817,3.7433553198708527,False,1064
1073,2026-09-21,002160,3.7429905324954049,False,1065
1074,2026-09-21,000705,3.7414094797400423,False,1066
1075,2026-09-21,301138,3.7402008476367516,False,1067
1076,2026-09-21,301397,3.7401957925973228,False,1068
1077,2026-09-21,300520,3.7400356178965954,False,1069
1078,2026-09-21,600531,3.737453697160606,False,1070
1079,2026-09-21,603348,3.7345320090522023,False,1071
1080,2026-09-21,603937,3.7341935050597606,False,1072
1081,2026-09-21,603706,3.7264402940740267,False,1073
1082,2026-09-21,002725,3.7201490881748684,False,1074
1083,2026-09-21,603928,3.7199513671101081,False,1075
1084,2026-09-21,603129,3.7159978039975199,False,1076
1085,2026-09-21,301079,3.7088743957364572,False,1077
1086,2026-09-21,301032,3.7066265179851863,False,1078
1087,2026-09-21,000088,3.7001395649809279,False,1079
1088,2026-09-21,002616,3.6997187349450904,False,1080
1089,2026-09-21,300326,3.6935835937824439,False,1081
1090,2026-09-21,002853,3.6931592583128974,False,1082
1091,2026-09-21,002554,3.6926907020072832,False,1083
1092,2026-09-21,301076,3.6903612106727444,False,1084
1093,2026-09-21,688468,3.6881384215000494,False,1085
1094,2026-09-21,688558,3.6880619160285963,False,1086
1095,2026-09-21,605009,3.6831900413472596,False,1087
1096,2026-09-21,603233,3.6800759213679006,False,1088
1097,2026-09-21,688615,3.6793263776966301,False,1089
1098,2026-09-21,002959,3.6790767189574476,False,1090
1099,2026-09-21,603116,3.6787048854510487,False,1091
1100,2026-09-21,000959,3.6739906496274397,False,1092
1101,2026-09-21,600469,3.6705112916294667,False,1093
1102,2026-09-21,300513,3.6697926835639887,False,1094
1103,2026-09-21,603587,3.6687703995480891,False,1095
1104,2026-09-21,301488,3.6641368750603687,False,1096
1105,2026-09-21,002586,3.6628443008466114,False,1097
1106,2026-09-21,002866,3.6621549722606597,False,1098
1107,2026-09-21,600238,3.6617834431815055,False,1099
1108,2026-09-21,000028,3.6601407444189595,False,1100
1109,2026-09-21,603787,3.6565436627068779,False,1101
1110,2026-09-21,301629,3.6561177107711123,False,1102
1111,2026-09-21,603790,3.6544447098641166,False,1103
1112,2026-09-21,688285,3.6536929357832193,False,1104
1113,2026-09-21,002987,3.6536322779795474,False,1105
1114,2026-09-21,603333,3.6491976850389669,False,1106
1115,2026-09-21,300525,3.6489837294145744,False,1107
1116,2026-09-21,000301,3.6485695988294942,False,1108
1117,2026-09-21,301135,3.6461588878483751,False,1109
1118,2026-09-21,600239,3.6460839695263196,False,1110
1119,2026-09-21,301121,3.6449244054194581,False,1111
1120,2026-09-21,600082,3.6434787176993444,False,1112
1121,2026-09-21,600753,3.6370753110171661,False,1113
1122,2026-09-21,688410,3.6364435505613821,False,1114
1123,2026-09-21,000759,3.635712727143368,False,1115
1124,2026-09-21,300635,3.6354233227986117,False,1116
1125,2026-09-21,002880,3.6337397276162919,False,1117
1126,2026-09-21,603517,3.6335177759089641,False,1118
1127,2026-09-21,300999,3.6333718540090958,False,1119
1128,2026-09-21,600295,3.632463751790417,False,1120
1129,2026-09-21,688386,3.6321204520699624,False,1121
1130,2026-09-21,002209,3.6314018024511894,False,1122
1131,2026-09-21,688049,3.6289169719184429,False,1123
1132,2026-09-21,000014,3.6282775926764099,False,1124
1133,2026-09-21,002362,3.6280972453071789,False,1125
1134,2026-09-21,600759,3.6227270376429828,False,1126
1135,2026-09-21,600173,3.6212145442467878,False,1127
1136,2026-09-21,300022,3.6208489285295111,False,1128
1137,2026-09-21,603586,3.6165564576120026,False,1129
1138,2026-09-21,603901,3.6136470086372645,False,1130
1139,2026-09-21,300211,3.6133461408423413,False,1131
1140,2026-09-21,002591,3.6129706763763862,False,1132
1141,2026-09-21,688009,3.6128164941764354,False,1133
1142,2026-09-21,600919,3.612203391289738,False,1134
1143,2026-09-21,601966,3.6100012998580953,False,1135
1144,2026-09-21,000059,3.6098481419794566,False,1136
1145,2026-09-21,300703,3.60817576076753,False,1137
1146,2026-09-21,000605,3.6038585899085724,False,1138
1147,2026-09-21,300486,3.6023303364002421,False,1139
1148,2026-09-21,688557,3.5997361457847052,False,1140
1149,2026-09-21,002016,3.5976378818444248,False,1141
1150,2026-09-21,300533,3.5962953155572319,False,1142
1151,2026-09-21,300925,3.5959864645003616,False,1143
1152,2026-09-21,002299,3.5940538760735152,False,1144
1153,2026-09-21,600159,3.5810126198322694,False,1145
1154,2026-09-21,688288,3.5772224404195843,False,1146
1155,2026-09-21,002506,3.5766035561622553,False,1147
1156,2026-09-21,600203,3.5764516886750233,False,1148
1157,2026-09-21,600775,3.5753031037000782,False,1149
1158,2026-09-21,000548,3.5720565740619525,False,1150
1159,2026-09-21,300165,3.5633386201288109,False,1151
1160,2026-09-21,002480,3.5608689794345825,False,1152
1161,2026-09-21,301024,3.5579662048061351,False,1153
1162,2026-09-21,002641,3.5468994885362983,False,1154
1163,2026-09-21,300511,3.540405817944932,False,1155
1164,2026-09-21,002607,3.5378461631924849,False,1156
1165,2026-09-21,603015,3.5348137174517875,False,1157
1166,2026-09-21,603193,3.5304237088967465,False,1158
1167,2026-09-21,002182,3.5297644460611814,False,1159
1168,2026-09-21,600589,3.5287404821150155,False,1160
1169,2026-09-21,600243,3.5274669352428467,False,1161
1170,2026-09-21,002460,3.5226244191017235,False,1162
1171,2026-09-21,603097,3.5205138152647226,False,1163
1172,2026-09-21,300113,3.5174353385087405,False,1164
1173,2026-09-21,000815,3.5169094997400618,False,1165
1174,2026-09-21,600539,3.5160977821732255,False,1166
1175,2026-09-21,688095,3.5111585633685705,False,1167
1176,2026-09-21,300810,3.5092956795846177,False,1168
1177,2026-09-21,301596,3.5087769087844292,False,1169
1178,2026-09-21,000921,3.5085702978039657,False,1170
1179,2026-09-21,300621,3.5021343619316703,False,1171
1180,2026-09-21,002474,3.5014749304225177,False,1172
1181,2026-09-21,605399,3.5013385263247105,False,1173
1182,2026-09-21,000995,3.5002421208264156,True,
1183,2026-09-21,001208,3.4951693021898649,False,1174
1184,2026-09-21,600080,3.4860258442617829,False,1175
1185,2026-09-21,300318,3.4846635440104898,False,1176
1186,2026-09-21,002798,3.4793133455070584,False,1177
1187,2026-09-21,300157,3.4785026971727628,False,1178
1188,2026-09-21,001283,3.4771778534613276,False,1179
1189,2026-09-21,603958,3.4754947218962422,True,
1190,2026-09-21,301449,3.4748904373452278,False,1180
1191,2026-09-21,300603,3.474608900810904,False,1181
1192,2026-09-21,301367,3.4738537791568285,False,1182
1193,2026-09-21,688681,3.4680025103390388,False,1183
1194,2026-09-21,601985,3.4658677107686779,False,1184
1195,2026-09-21,688633,3.4651346304387243,False,1185
1196,2026-09-21,300004,3.4647612997659345,False,1186
1197,2026-09-21,603896,3.4638403391401766,False,1187
1198,2026-09-21,600843,3.46181066506941,False,1188
1199,2026-09-21,300233,3.4615003533120574,False,1189
1200,2026-09-21,002250,3.4588137089738962,False,1190
1201,2026-09-21,002206,3.455761456850432,False,1191
1202,2026-09-21,603199,3.4556932038062431,False,1192
1203,2026-09-21,600152,3.4538921890181338,False,1193
1204,2026-09-21,300980,3.4522325884349638,False,1194
1205,2026-09-21,688648,3.4516134587675209,False,1195
1206,2026-09-21,600990,3.4471443950570571,False,1196
1207,2026-09-21,300107,3.4385938529560365,False,1197
1208,2026-09-21,300025,3.4347134777904027,False,1198
1209,2026-09-21,002269,3.4244991056425178,False,1199
1210,2026-09-21,002999,3.4219643201913295,False,1200
1211,2026-09-21,002799,3.420921626899867,False,1201
1212,2026-09-21,002889,3.4170072457631506,False,1202
1213,2026-09-21,603499,3.4167578197562785,False,1203
1214,2026-09-21,300095,3.412769600693049,False,1204
1215,2026-09-21,600282,3.41114405096488,False,1205
1216,2026-09-21,300345,3.4093401312711547,False,1206
1217,2026-09-21,300771,3.4091962476774667,False,1207
1218,2026-09-21,600483,3.4071384001626712,False,1208
1219,2026-09-21,688269,3.4068370932223795,False,1209
1220,2026-09-21,002819,3.4031263527071824,False,1210
1221,2026-09-21,300713,3.4015108841602082,False,1211
1222,2026-09-21,688084,3.3998047375407765,False,1212
1223,2026-09-21,300355,3.397036745301532,False,1213
1224,2026-09-21,600287,3.3959509383809001,False,1214
1225,2026-09-21,000862,3.3945668111854168,False,1215
1226,2026-09-21,002757,3.3894982913185929,False,1216
1227,2026-09-21,301027,3.3876075794239879,False,1217
1228,2026-09-21,300218,3.3815419969681511,False,1218
1229,2026-09-21,600133,3.3746813698099691,False,1219
1230,2026-09-21,601077,3.3745440017115085,False,1220
1231,2026-09-21,002413,3.3681300734138127,False,1221
1232,2026-09-21,600283,3.3663163835141234,False,1222
1233,2026-09-21,688631,3.3654821525168979,False,1223
1234,2026-09-21,300594,3.3623307887324136,False,1224
1235,2026-09-21,603519,3.361913343845051,False,1225
1236,2026-09-21,603131,3.3614250135289145,False,1226
1237,2026-09-21,601686,3.3566621125261085,False,1227
1238,2026-09-21,601606,3.35432809210592,False,1228
1239,2026-09-21,301223,3.3526708374805327,False,1229
1240,2026-09-21,600714,3.3455955234174484,True,
1241,2026-09-21,002951,3.3452080760597513,False,1230
1242,2026-09-21,601968,3.3447584522195033,False,1231
1243,2026-09-21,000008,3.3436243453588657,False,1232
1244,2026-09-21,600796,3.3425513294359614,False,1233
1245,2026-09-21,301112,3.3375544140738334,False,1234
1246,2026-09-21,600604,3.337541487980288,False,1235
1247,2026-09-21,002729,3.3344824289701847,False,1236
1248,2026-09-21,002279,3.334460705330609,False,1237
1249,2026-09-21,002872,3.3320712155819145,False,1238
1250,2026-09-21,000429,3.3292859914940998,False,1239
1251,2026-09-21,600992,3.3288477451553478,True,
1252,2026-09-21,301370,3.3276379326398002,False,1240
1253,2026-09-21,300664,3.3272905965052981,False,1241
1254,2026-09-21,600036,3.3226434965199902,False,1242
1255,2026-09-21,002471,3.320668087468206,False,1243
1256,2026-09-21,601199,3.3176459213485963,False,1244
1257,2026-09-21,688330,3.3171983677921251,False,1245
1258,2026-09-21,600052,3.3143846298338637,False,1246
1259,2026-09-21,300608,3.3116831595690539,False,1247
1260,2026-09-21,600395,3.3111079908935466,False,1248
1261,2026-09-21,002218,3.3109915218853496,False,1249
1262,2026-09-21,000950,3.3108285192321221,False,1250
1263,2026-09-21,300952,3.3090288143028088,False,1251
1264,2026-09-21,300701,3.3084951229348594,False,1252
1265,2026-09-21,301677,3.3060434618838448,False,1253
1266,2026-09-21,603110,3.3006379234507754,False,1254
1267,2026-09-21,603191,3.3002521583861704,False,1255
1268,2026-09-21,600382,3.2992650391321887,False,1256
1269,2026-09-21,300669,3.2975082913266496,False,1257
1270,2026-09-21,603151,3.2969059553045268,True,
1271,2026-09-21,300833,3.2968319396072605,False,1258
1272,2026-09-21,603139,3.296248883250072,False,1259
1273,2026-09-21,300539,3.2919458137560578,False,1260
1274,2026-09-21,301361,3.2874343882525734,False,1261
1275,2026-09-21,300498,3.2868656864629369,False,1262
1276,2026-09-21,603213,3.286276916931969,False,1263
1277,2026-09-21,300828,3.2819846333394609,False,1264
1278,2026-09-21,002313,3.2805255869189316,False,1265
1279,2026-09-21,300414,3.2775598621854947,False,1266
1280,2026-09-21,603767,3.2771570664797229,False,1267
1281,2026-09-21,603232,3.2724185533060961,False,1268
1282,2026-09-21,000608,3.2704654713001489,False,1269
1283,2026-09-21,002512,3.2700108388246858,False,1270
1284,2026-09-21,603282,3.2698938959156267,False,1271
1285,2026-09-21,000957,3.2689990147965919,False,1272
1286,2026-09-21,605500,3.258097772488143,False,1273
1287,2026-09-21,002494,3.2573264329942244,False,1274
1288,2026-09-21,002519,3.255388145523153,False,1275
1289,2026-09-21,301127,3.2533098557880065,False,1276
1290,2026-09-21,301059,3.2514520340946982,False,1277
1291,2026-09-21,600648,3.2499664694163779,False,1278
1292,2026-09-21,002414,3.243060202342809,False,1279
1293,2026-09-21,002690,3.2411471835744772,False,1280
1294,2026-09-21,002356,3.2389722010436288,False,1281
1295,2026-09-21,600926,3.2382584127527836,False,1282
1296,2026-09-21,603897,3.2373385002678554,False,1283
1297,2026-09-21,605169,3.235657697687051,False,1284
1298,2026-09-21,300549,3.233442165716367,False,1285
1299,2026-09-21,603286,3.2309642867149595,False,1286
1300,2026-09-21,002835,3.228502054939093,False,1287
1301,2026-09-21,002712,3.2274019928536735,False,1288
1302,2026-09-21,002876,3.2251106642588074,False,1289
1303,2026-09-21,600433,3.224187976828667,False,1290
1304,2026-09-21,688357,3.2231681420752913,False,1291
1305,2026-09-21,688162,3.2177549088269841,False,1292
1306,2026-09-21,603200,3.2127681384670841,False,1293
1307,2026-09-21,600490,3.2116965719589601,False,1294
1308,2026-09-21,300315,3.2088019460385753,False,1295
1309,2026-09-21,300080,3.2076980597152573,False,1296
1310,2026-09-21,001323,3.200392857671603,False,1297
1311,2026-09-21,300864,3.1958489236633429,False,1298
1312,2026-09-21,301065,3.1953042078656284,False,1299
1313,2026-09-21,300610,3.1934933815359949,False,1300
1314,2026-09-21,605266,3.1932820987018538,False,1301
1315,2026-09-21,301662,3.1926343951150726,False,1302
1316,2026-09-21,603889,3.192108693845547,False,1303
1317,2026-09-21,601965,3.1910437154318165,False,1304
1318,2026-09-21,300662,3.1902024016870469,False,1305
1319,2026-09-21,002739,3.1889427909754229,False,1306
1320,2026-09-21,603595,3.1877888623438735,False,1307
1321,2026-09-21,688317,3.1848946208299678,False,1308
1322,2026-09-21,300067,3.1828799007859097,False,1309
1323,2026-09-21,300141,3.1823716548295997,False,1310
1324,2026-09-21,603325,3.1823478196402064,False,1311
1325,2026-09-21,603676,3.1809845196155271,False,1312
1326,2026-09-21,603633,3.1804217564474566,False,1313
1327,2026-09-21,688013,3.1792337573778875,False,1314
1328,2026-09-21,002391,3.1781282771622017,False,1315
1329,2026-09-21,300758,3.1752340518602629,False,1316
1330,2026-09-21,600618,3.1658787624623654,False,1317
1331,2026-09-21,301036,3.1644059598896348,False,1318
1332,2026-09-21,300078,3.1632591191656916,False,1319
1333,2026-09-21,000690,3.1624460015099434,False,1320
1334,2026-09-21,603323,3.160231720358718,False,1321
1335,2026-09-21,300636,3.158040871226278,False,1322
1336,2026-09-21,605138,3.156156345313085,False,1323
1337,2026-09-21,300193,3.1547216005437475,False,1324
1338,2026-09-21,000400,3.1525018797433688,False,1325
1339,2026-09-21,000912,3.1489362118167468,False,1326
1340,2026-09-21,301089,3.1489153801166894,False,1327
1341,2026-09-21,300465,3.1477467112349462,False,1328
1342,2026-09-21,600179,3.1429611690771901,False,1329
1343,2026-09-21,301232,3.1428741146708052,False,1330
1344,2026-09-21,603130,3.1422649613329972,False,1331
1345,2026-09-21,001266,3.138963306829591,False,1332
1346,2026-09-21,688161,3.132624302040119,False,1333
1347,2026-09-21,603915,3.1293200372178696,False,1334
1348,2026-09-21,301160,3.1291250272067939,False,1335
1349,2026-09-21,600526,3.1278513007344788,False,1336
1350,2026-09-21,000498,3.1269693032743726,False,1337
1351,2026-09-21,300043,3.1247182044676389,False,1338
1352,2026-09-21,600336,3.1246116091909362,False,1339
1353,2026-09-21,002243,3.1228997819893944,False,1340
1354,2026-09-21,600223,3.1212251292760587,False,1341
1355,2026-09-21,601919,3.1193770003822943,False,1342
1356,2026-09-21,605086,3.1144428678629259,False,1343
1357,2026-09-21,002322,3.1122721708415573,False,1344
1358,2026-09-21,601928,3.1120422102311767,False,1345
1359,2026-09-21,002883,3.1114619727427373,False,1346
1360,2026-09-21,300258,3.1087370410460706,False,1347
1361,2026-09-21,688339,3.1068522758646298,False,1348
1362,2026-09-21,688089,3.0958715398505805,False,1349
1363,2026-09-21,300168,3.0940495780283781,False,1350
1364,2026-09-21,300169,3.0936349005155095,False,1351
1365,2026-09-21,000715,3.0892462973820338,False,1352
1366,2026-09-21,003016,3.086855841241122,False,1353
1367,2026-09-21,301201,3.0838709359169831,False,1354
1368,2026-09-21,688067,3.0757638323135588,False,1355
1369,2026-09-21,002973,3.0751271573750687,False,1356
1370,2026-09-21,301386,3.0720805508220317,False,1357
1371,2026-09-21,000598,3.0673158488024868,False,1358
1372,2026-09-21,600305,3.0668922166834101,False,1359
1373,2026-09-21,603687,3.0597372723430993,False,1360
1374,2026-09-21,000570,3.0580716008249835,False,1361
1375,2026-09-21,600378,3.0573640846415953,False,1362
1376,2026-09-21,688153,3.0572989145560343,False,1363
1377,2026-09-21,301141,3.0562923314112305,False,1364
1378,2026-09-21,002841,3.0557291094858652,False,1365
1379,2026-09-21,600189,3.0550953493355673,False,1366
1380,2026-09-21,002800,3.0531706154186349,False,1367
1381,2026-09-21,300942,3.0516647835269226,False,1368
1382,2026-09-21,301173,3.0481370633866605,False,1369
1383,2026-09-21,301260,3.0465916718957757,False,1370
1384,2026-09-21,300468,3.0359705542656474,False,1371
1385,2026-09-21,002176,3.0336222016868244,False,1372
1386,2026-09-21,003040,3.0331112607317814,False,1373
1387,2026-09-21,300602,3.0249661458416797,False,1374
1388,2026-09-21,605588,3.0220196098967587,False,1375
1389,2026-09-21,600829,3.0217862252453136,False,1376
1390,2026-09-21,002737,3.0155387262845874,False,1377
1391,2026-09-21,300441,3.0101830671958951,False,1378
1392,2026-09-21,300084,3.0070478223863484,False,1379
1393,2026-09-21,601668,3.0054090625358429,False,1380
1394,2026-09-21,000677,3.0037926343233345,False,1381
1395,2026-09-21,601009,2.9987442305724139,False,1382
1396,2026-09-21,601088,2.9969863211859078,False,1383
1397,2026-09-21,301310,2.9967458832061262,False,1384
1398,2026-09-21,002539,2.9955158057180697,False,1385
1399,2026-09-21,300071,2.9949046672157786,False,1386
1400,2026-09-21,002801,2.9926188628984565,False,1387
1401,2026-09-21,301555,2.9923874109368298,False,1388
1402,2026-09-21,000589,2.9914448055424288,False,1389
1403,2026-09-21,002847,2.9912563603633955,False,1390
1404,2026-09-21,300557,2.990843377151172,False,1391
1405,2026-09-21,002935,2.9894179583869396,False,1392
1406,2026-09-21,300697,2.9890575577733958,False,1393
1407,2026-09-21,300301,2.9888225044185344,False,1394
1408,2026-09-21,603733,2.9861285562044753,False,1395
1409,2026-09-21,001217,2.9832633884572637,False,1396
1410,2026-09-21,300631,2.9829264849634427,False,1397
1411,2026-09-21,603533,2.981715157103964,False,1398
1412,2026-09-21,002189,2.9811012577218117,False,1399
1413,2026-09-21,600035,2.9793353841735257,False,1400
1414,2026-09-21,605298,2.9755857456376864,False,1401
1415,2026-09-21,603373,2.9735214347807633,False,1402
1416,2026-09-21,600855,2.9729066228116814,False,1403
1417,2026-09-21,600135,2.9727464816062241,False,1404
1418,2026-09-21,300460,2.9722934079935004,False,1405
1419,2026-09-21,300406,2.9693275016213527,False,1406
1420,2026-09-21,600650,2.9673453914973278,False,1407
1421,2026-09-21,600331,2.9669822049458832,False,1408
1422,2026-09-21,688347,2.9668737022178253,False,1409
1423,2026-09-21,002807,2.9620176976857953,False,1410
1424,2026-09-21,300147,2.9605680328828505,False,1411
1425,2026-09-21,000807,2.9591872924992031,False,1412
1426,2026-09-21,301697,2.9575884817472575,False,1413
1427,2026-09-21,600019,2.9570196494860292,False,1414
1428,2026-09-21,600655,2.9531964732554732,False,1415
1429,2026-09-21,301302,2.9525849397890074,False,1416
1430,2026-09-21,603237,2.9473971236334311,False,1417
1431,2026-09-21,600676,2.9469668388442436,False,1418
1432,2026-09-21,600697,2.9454618641343822,False,1419
1433,2026-09-21,601702,2.9342170071878493,False,1420
1434,2026-09-21,600444,2.9288724507337576,False,1421
1435,2026-09-21,688677,2.926748486339215,False,1422
1436,2026-09-21,600499,2.9264197622465682,False,1423
1437,2026-09-21,002666,2.9246308789061679,False,1424
1438,2026-09-21,300306,2.9233438239989136,False,1425
1439,2026-09-21,603949,2.9174078805550514,False,1426
1440,2026-09-21,600303,2.9172887857144589,False,1427
1441,2026-09-21,300847,2.9143705447269239,False,1428
1442,2026-09-21,601229,2.9108435726035999,False,1429
1443,2026-09-21,300587,2.90028221608102,False,1430
1444,2026-09-21,001322,2.8997837638478048,False,1431
1445,2026-09-21,601969,2.888972238969969,False,1432
1446,2026-09-21,301022,2.8844307800279014,False,1433
1447,2026-09-21,001219,2.8763523967324165,False,1434
1448,2026-09-21,300452,2.8743786569074108,False,1435
1449,2026-09-21,688087,2.872869177480712,False,1436
1450,2026-09-21,688365,2.8667370053757111,False,1437
1451,2026-09-21,300538,2.8664056713668646,False,1438
1452,2026-09-21,688529,2.8640408515534377,False,1439
1453,2026-09-21,600660,2.8631329076804746,False,1440
1454,2026-09-21,003015,2.8561841584365721,False,1441
1455,2026-09-21,601838,2.8551574274199942,False,1442
1456,2026-09-21,688246,2.8541206941036941,False,1443
1457,2026-09-21,603223,2.8519036464472438,False,1444
1458,2026-09-21,003008,2.8512356744204723,False,1445
1459,2026-09-21,600004,2.8488482542362386,False,1446
1460,2026-09-21,601666,2.8463490104949192,False,1447
1461,2026-09-21,600986,2.8459044883508193,False,1448
1462,2026-09-21,002090,2.8453798655604605,False,1449
1463,2026-09-21,600639,2.8413815323022633,False,1450
1464,2026-09-21,002076,2.8387930818876681,False,1451
1465,2026-09-21,301102,2.8367119176524813,False,1452
1466,2026-09-21,603126,2.8360736526441572,False,1453
1467,2026-09-21,301117,2.8274157755574643,False,1454
1468,2026-09-21,603180,2.8262147705459597,False,1455
1469,2026-09-21,300801,2.8261985833803305,False,1456
1470,2026-09-21,300993,2.825875513277833,False,1457
1471,2026-09-21,000581,2.8249083025334403,False,1458
1472,2026-09-21,605179,2.8237209216641141,False,1459
1473,2026-09-21,688335,2.8223731003101071,False,1460
1474,2026-09-21,603755,2.8158144516235319,False,1461
1475,2026-09-21,688480,2.8151012074355499,False,1462
1476,2026-09-21,600756,2.8141320877449152,False,1463
1477,2026-09-21,300459,2.8131443073922102,False,1464
1478,2026-09-21,301228,2.8120182953738171,False,1465
1479,2026-09-21,603788,2.8108407743687973,False,1466
1480,2026-09-21,000668,2.8107667998278592,False,1467
1481,2026-09-21,001314,2.8083134256409323,False,1468
1482,2026-09-21,002663,2.808095788275764,False,1469
1483,2026-09-21,002032,2.8074178421896612,False,1470
1484,2026-09-21,002885,2.8060306169615528,False,1471
1485,2026-09-21,688570,2.8057502689692373,False,1472
1486,2026-09-21,002977,2.8031466876206053,False,1473
1487,2026-09-21,002408,2.8022952308156506,False,1474
1488,2026-09-21,688227,2.8005505192307023,False,1475
1489,2026-09-21,300138,2.7995195438566847,False,1476
1490,2026-09-21,300250,2.7988899264119791,False,1477
1491,2026-09-21,000619,2.79544574180392,False,1478
1492,2026-09-21,688682,2.7928433037779756,False,1479
1493,2026-09-21,605555,2.791809151777807,False,1480
1494,2026-09-21,600868,2.791630883640746,False,1481
1495,2026-09-21,300111,2.791207386989675,False,1482
1496,2026-09-21,688695,2.791127019541924,False,1483
1497,2026-09-21,002282,2.7889946151024825,False,1484
1498,2026-09-21,688133,2.7762534172121707,False,1485
1499,2026-09-21,688511,2.7756310939727342,False,1486
1500,2026-09-21,688022,2.7639858632436782,False,1487
1501,2026-09-21,600805,2.7606842036442663,False,1488
1502,2026-09-21,301290,2.7574359348814061,False,1489
1503,2026-09-21,002155,2.7572401214871354,False,1490
1504,2026-09-21,600729,2.7553488976500038,False,1491
1505,2026-09-21,603990,2.7548981007456597,False,1492
1506,2026-09-21,002922,2.7427398426969178,False,1493
1507,2026-09-21,002272,2.7427373428297512,False,1494
1508,2026-09-21,688184,2.7423119599926244,False,1495
1509,2026-09-21,603217,2.7421732777174346,False,1496
1510,2026-09-21,000096,2.7421713398658571,False,1497
1511,2026-09-21,605128,2.7376669491872816,False,1498
1512,2026-09-21,688411,2.737120270192829,False,1499
1513,2026-09-21,002247,2.7350645741431965,False,1500
1514,2026-09-21,603060,2.7331313662847068,False,1501
1515,2026-09-21,301538,2.7331119050386956,False,1502
1516,2026-09-21,001222,2.7327257466475845,False,1503
1517,2026-09-21,600425,2.7319833743824287,False,1504
1518,2026-09-21,300197,2.7317903447112832,False,1505
1519,2026-09-21,301289,2.7313530484568478,False,1506
1520,2026-09-21,002492,2.7191937084119298,False,1507
1521,2026-09-21,603511,2.7188998154066364,False,1508
1522,2026-09-21,002031,2.7169440815412038,False,1509
1523,2026-09-21,601800,2.7159165798463185,False,1510
1524,2026-09-21,300310,2.7150657998501,False,1511
1525,2026-09-21,000538,2.7140860179228206,False,1512
1526,2026-09-21,600724,2.7114332157749073,False,1513
1527,2026-09-21,001207,2.7105706369069189,False,1514
1528,2026-09-21,002360,2.7093274000661847,False,1515
1529,2026-09-21,600819,2.7087579637380959,False,1516
1530,2026-09-21,601010,2.7059223775244132,False,1517
1531,2026-09-21,600873,2.7050776183814111,False,1518
1532,2026-09-21,600064,2.6990760848463347,False,1519
1533,2026-09-21,688509,2.6966237102791357,False,1520
1534,2026-09-21,301683,2.6951008990980374,False,1521
1535,2026-09-21,601658,2.6921292333239126,False,1522
1536,2026-09-21,000887,2.6913715247572609,False,1523
1537,2026-09-21,601882,2.690443179972438,False,1524
1538,2026-09-21,603167,2.6898993036272727,False,1525
1539,2026-09-21,688697,2.6873903564954538,False,1526
1540,2026-09-21,300930,2.6842633706592358,False,1527
1541,2026-09-21,601318,2.6837819981190867,False,1528
1542,2026-09-21,000544,2.6835025695424788,False,1529
1543,2026-09-21,600051,2.682701653763413,False,1530
1544,2026-09-21,603817,2.6803996804972234,False,1531
1545,2026-09-21,002316,2.6803658339290695,False,1532
1546,2026-09-21,601200,2.6770526103485821,False,1533
1547,2026-09-21,301314,2.6768857047312182,False,1534
1548,2026-09-21,605259,2.6740564100064876,False,1535
1549,2026-09-21,688259,2.6727997996968318,False,1536
1550,2026-09-21,000758,2.6718746611358717,False,1537
1551,2026-09-21,600501,2.6688000649142891,False,1538
1552,2026-09-21,000159,2.6682346670892736,False,1539
1553,2026-09-21,300155,2.6674275145417825,False,1540
1554,2026-09-21,600571,2.6671159120808925,False,1541
1555,2026-09-21,002267,2.6661413189139198,False,1542
1556,2026-09-21,688272,2.664405556922786,False,1543
1557,2026-09-21,600523,2.6637939755222324,False,1544
1558,2026-09-21,300547,2.6610125372893361,False,1545
1559,2026-09-21,600215,2.6602839747084124,False,1546
1560,2026-09-21,600529,2.6595771665963923,False,1547
1561,2026-09-21,301292,2.6591524333337744,False,1548
1562,2026-09-21,002529,2.6590315845435182,False,1549
1563,2026-09-21,301296,2.6587927912772678,False,1550
1564,2026-09-21,300625,2.6566927592628016,False,1551
1565,2026-09-21,000820,2.6564508673043532,False,1552
1566,2026-09-21,301120,2.656280702730375,False,1553
1567,2026-09-21,600848,2.6559529739195042,False,1554
1568,2026-09-21,002053,2.6528845205874623,False,1555
1569,2026-09-21,603803,2.6466748292555731,False,1556
1570,2026-09-21,601865,2.6447841883664811,False,1557
1571,2026-09-21,601698,2.6440922726891429,False,1558
1572,2026-09-21,300194,2.6431468632912756,False,1559
1573,2026-09-21,603068,2.6429051884396073,True,
1574,2026-09-21,300072,2.6426763934130015,False,1560
1575,2026-09-21,000650,2.6416245844079698,False,1561
1576,2026-09-21,301181,2.6415165843735204,False,1562
1577,2026-09-21,300816,2.6396652796460756,False,1563
1578,2026-09-21,301517,2.6383324642453605,False,1564
1579,2026-09-21,002309,2.6319255354531075,False,1565
1580,2026-09-21,002094,2.631096411130919,False,1566
1581,2026-09-21,301185,2.6308542270715956,False,1567
1582,2026-09-21,600350,2.6288504112486519,False,1568
1583,2026-09-21,002867,2.6269999958832733,False,1569
1584,2026-09-21,002681,2.6249942737322862,False,1570
1585,2026-09-21,600151,2.6228490024540649,False,1571
1586,2026-09-21,603037,2.622821410712433,False,1572
1587,2026-09-21,001300,2.6219824555250169,False,1573
1588,2026-09-21,300421,2.6175663220688623,False,1574
1589,2026-09-21,603566,2.6174136257652245,False,1575
1590,2026-09-21,000789,2.6157625042868387,False,1576
1591,2026-09-21,002021,2.6109429689327337,False,1577
1592,2026-09-21,600352,2.6078848710887348,False,1578
1593,2026-09-21,300100,2.6066625265435714,False,1579
1594,2026-09-21,002454,2.601939983611623,False,1580
1595,2026-09-21,600098,2.6017505530845342,False,1581
1596,2026-09-21,600572,2.6017452875165028,False,1582
1597,2026-09-21,002398,2.6013768590179636,False,1583
1598,2026-09-21,603219,2.601350283872581,False,1584
1599,2026-09-21,601166,2.5975068515790194,False,1585
1600,2026-09-21,300434,2.596348215016957,False,1586
1601,2026-09-21,603018,2.5902252227463149,False,1587
1602,2026-09-21,301501,2.5887322264679278,False,1588
1603,2026-09-21,002014,2.5880823427761475,False,1589
1604,2026-09-21,002900,2.5866592038049574,True,
1605,2026-09-21,300215,2.5863495610173506,False,1590
1606,2026-09-21,300988,2.5861429751805409,False,1591
1607,2026-09-21,301587,2.5851942028428181,False,1592
1608,2026-09-21,603766,2.5830139603681768,False,1593
1609,2026-09-21,300006,2.5811645062899586,False,1594
1610,2026-09-21,300039,2.5809277127737862,False,1595
1611,2026-09-21,688562,2.5796668119614758,False,1596
1612,2026-09-21,600668,2.5789514940826592,False,1597
1613,2026-09-21,002697,2.577312661722452,False,1598
1614,2026-09-21,600079,2.5752623255705762,False,1599
1615,2026-09-21,000599,2.5751228010224434,False,1600
1616,2026-09-21,002083,2.5733614404675373,False,1601
1617,2026-09-21,600754,2.5702188670598796,False,1602
1618,2026-09-21,603257,2.5693801644606271,False,1603
1619,2026-09-21,603843,2.5676154498180672,False,1604
1620,2026-09-21,605488,2.5664199363065077,False,1605
1621,2026-09-21,002003,2.5639735236251626,False,1606
1622,2026-09-21,000425,2.5638190599783828,False,1607
1623,2026-09-21,002462,2.560348448158261,False,1608
1624,2026-09-21,600153,2.553784876465401,False,1609
1625,2026-09-21,300750,2.5519906049519343,False,1610
1626,2026-09-21,002595,2.5510531914475063,False,1611
1627,2026-09-21,601228,2.5498309067968514,False,1612
1628,2026-09-21,002445,2.5464201023334523,False,1613
1629,2026-09-21,300560,2.5413725470566959,False,1614
1630,2026-09-21,601156,2.540257941056042,False,1615
1631,2026-09-21,000906,2.5381855769785284,False,1616
1632,2026-09-21,600177,2.5366469720243017,False,1617
1633,2026-09-21,300472,2.5343252831201228,False,1618
1634,2026-09-21,002372,2.5271827097226192,False,1619
1635,2026-09-21,603977,2.5268804230720163,False,1620
1636,2026-09-21,600755,2.5238500396580736,False,1621
1637,2026-09-21,603280,2.5229503753119542,False,1622
1638,2026-09-21,603288,2.5186744565275498,False,1623
1639,2026-09-21,002081,2.5185023198302616,False,1624
1640,2026-09-21,300848,2.5183273614789008,False,1625
1641,2026-09-21,300667,2.5165362398261024,False,1626
1642,2026-09-21,002293,2.5115854878544002,False,1627
1643,2026-09-21,002532,2.5099182776387541,False,1628
1644,2026-09-21,600717,2.5063448125410961,False,1629
1645,2026-09-21,000547,2.5052337215028282,False,1630
1646,2026-09-21,301365,2.5022479101910209,False,1631
1647,2026-09-21,688100,2.5017716457842401,False,1632
1648,2026-09-21,301077,2.4993000430355452,False,1633
1649,2026-09-21,000665,2.4979646960809987,False,1634
1650,2026-09-21,603959,2.4929525309539478,False,1635
1651,2026-09-21,603081,2.4905084830808923,False,1636
1652,2026-09-21,300865,2.4873001889829403,False,1637
1653,2026-09-21,002805,2.4857938165985258,False,1638
1654,2026-09-21,002122,2.4853986705846189,False,1639
1655,2026-09-21,600938,2.4786205950672682,False,1640
1656,2026-09-21,600054,2.4780755150449334,False,1641
1657,2026-09-21,000678,2.4762298020694158,False,1642
1658,2026-09-21,601789,2.4722330355581361,False,1643
1659,2026-09-21,301311,2.4717175107669656,False,1644
1660,2026-09-21,000408,2.4711288795572175,False,1645
1661,2026-09-21,601100,2.4682810872679193,False,1646
1662,2026-09-21,301535,2.4668381117654881,False,1647
1663,2026-09-21,000488,2.462374001106197,False,1648
1664,2026-09-21,688612,2.458451588261644,False,1649
1665,2026-09-21,600600,2.4580191412449648,False,1650
1666,2026-09-21,003037,2.4572221119604771,False,1651
1667,2026-09-21,600309,2.4564645739421405,False,1652
1668,2026-09-21,300275,2.4564340129251478,False,1653
1669,2026-09-21,600791,2.456204998958436,False,1654
1670,2026-09-21,300272,2.4550138030245403,False,1655
1671,2026-09-21,688737,2.4545928282034737,False,1656
1672,2026-09-21,300506,2.45371721410296,False,1657
1673,2026-09-21,002971,2.4531363341753876,False,1658
1674,2026-09-21,601898,2.4519226716263747,False,1659
1675,2026-09-21,301270,2.4487908640946392,False,1660
1676,2026-09-21,600405,2.4448516790105606,False,1661
1677,2026-09-21,603668,2.4446414414501518,False,1662
1678,2026-09-21,000695,2.44301625058303,False,1663
1679,2026-09-21,002628,2.4388348113598446,False,1664
1680,2026-09-21,601163,2.4373855970632907,False,1665
1681,2026-09-21,002651,2.4365758095803858,False,1666
1682,2026-09-21,002394,2.4332459435272176,False,1667
1683,2026-09-21,600689,2.4324140604160753,False,1668
1684,2026-09-21,000554,2.4278841213904014,False,1669
1685,2026-09-21,603518,2.4214987877214948,False,1670
1686,2026-09-21,002946,2.4214564928505986,False,1671
1687,2026-09-21,002399,2.4200956856749944,False,1672
1688,2026-09-21,300800,2.4188477046330976,False,1673
1689,2026-09-21,002012,2.4184819606031249,False,1674
1690,2026-09-21,002929,2.416498384669433,False,1675
1691,2026-09-21,603026,2.4135855444639027,False,1676
1692,2026-09-21,000601,2.40848752350899,False,1677
1693,2026-09-21,300780,2.4071036350852304,False,1678
1694,2026-09-21,301133,2.4058958281118636,False,1679
1695,2026-09-21,600576,2.3989465689155756,False,1680
1696,2026-09-21,603163,2.3982481616999438,False,1681
1697,2026-09-21,600339,2.3961774600568431,False,1682
1698,2026-09-21,688160,2.3901366274138089,False,1683
1699,2026-09-21,600519,2.3890321185094869,False,1684
1700,2026-09-21,300589,2.3842064160053984,False,1685
1701,2026-09-21,300512,2.3834266380132458,False,1686
1702,2026-09-21,688575,2.3824200870416004,False,1687
1703,2026-09-21,002344,2.3814038531198802,False,1688
1704,2026-09-21,688255,2.3778219113504324,False,1689
1705,2026-09-21,603027,2.3711773249983987,False,1690
1706,2026-09-21,600008,2.3672811577497894,False,1691
1707,2026-09-21,301326,2.3667778535272306,False,1692
1708,2026-09-21,300289,2.365465392288403,False,1693
1709,2026-09-21,002091,2.3651135277959705,False,1694
1710,2026-09-21,301599,2.3632730800296602,False,1695
1711,2026-09-21,301368,2.3490940232842847,False,1696
1712,2026-09-21,002354,2.3467486000501738,False,1697
1713,2026-09-21,002593,2.3396864197005662,False,1698
1714,2026-09-21,600361,2.3395661877154157,False,1699
1715,2026-09-21,301459,2.3394654659017489,False,1700
1716,2026-09-21,600229,2.3344102167910972,False,1701
1717,2026-09-21,603297,2.3328902202095709,False,1702
1718,2026-09-21,300724,2.3304576278805658,False,1703
1719,2026-09-21,688577,2.330366694646596,False,1704
1720,2026-09-21,002693,2.3293240201311272,False,1705
1721,2026-09-21,300745,2.3281507255861165,False,1706
1722,2026-09-21,000563,2.3273347611170228,False,1707
1723,2026-09-21,600620,2.3268503139848886,False,1708
1724,2026-09-21,688533,2.3256875263455323,False,1709
1725,2026-09-21,000411,2.3248644987772971,False,1710
1726,2026-09-21,603307,2.3235446472118353,False,1711
1727,2026-09-21,300278,2.322180539238444,False,1712
1728,2026-09-21,300099,2.3221616462980732,False,1713
1729,2026-09-21,603995,2.3217906865998907,False,1714
1730,2026-09-21,600328,2.3217435382365217,False,1715
1731,2026-09-21,000936,2.3187760817484087,False,1716
1732,2026-09-21,600011,2.3187495368030331,False,1717
1733,2026-09-21,002420,2.3174078141347572,False,1718
1734,2026-09-21,002415,2.3138170046075821,False,1719
1735,2026-09-21,688015,2.3104832634857448,False,1720
1736,2026-09-21,002302,2.3077694482235849,False,1721
1737,2026-09-21,301083,2.3062463835984111,False,1722
1738,2026-09-21,603039,2.3043586173295787,False,1723
1739,2026-09-21,002407,2.2977782351223932,False,1724
1740,2026-09-21,600495,2.2962733710500687,False,1725
1741,2026-09-21,301125,2.2946953154379965,False,1726
1742,2026-09-21,301056,2.2929247569188238,False,1727
1743,2026-09-21,688101,2.2911431796185275,False,1728
1744,2026-09-21,601216,2.2893996706145043,False,1729
1745,2026-09-21,603393,2.2879381026911996,False,1730
1746,2026-09-21,000597,2.2836354463098241,False,1731
1747,2026-09-21,301082,2.2831714187235974,False,1732
1748,2026-09-21,300231,2.2827894500411494,False,1733
1749,2026-09-21,600605,2.2798708655791335,False,1734
1750,2026-09-21,300164,2.2753065407904645,False,1735
1751,2026-09-21,601616,2.266023667443088,False,1736
1752,2026-09-21,002168,2.2646449343884258,False,1737
1753,2026-09-21,601512,2.2635447463759371,False,1738
1754,2026-09-21,300288,2.25982351098724,False,1739
1755,2026-09-21,600671,2.258846967896011,False,1740
1756,2026-09-21,605016,2.2577585605174613,False,1741
1757,2026-09-21,300527,2.2562238614760788,False,1742
1758,2026-09-21,002901,2.2538198420998268,False,1743
1759,2026-09-21,300334,2.2522247560604911,False,1744
1760,2026-09-21,603665,2.2491533397541801,False,1745
1761,2026-09-21,002882,2.2454049563652516,False,1746
1762,2026-09-21,300885,2.24447744706411,False,1747
1763,2026-09-21,603898,2.2436989152163198,False,1748
1764,2026-09-21,300092,2.2433179963712493,False,1749
1765,2026-09-21,002662,2.242999269109426,False,1750
1766,2026-09-21,002809,2.242970686299544,False,1751
1767,2026-09-21,605151,2.2389210779306339,False,1752
1768,2026-09-21,603258,2.2372725513483349,True,
1769,2026-09-21,600901,2.2371835766561414,False,1753
1770,2026-09-21,002840,2.2292954606191948,False,1754
1771,2026-09-21,600597,2.2279189614579566,False,1755
1772,2026-09-21,001211,2.2269287127267043,False,1756
1773,2026-09-21,603569,2.2261409291637557,False,1757
1774,2026-09-21,002829,2.2259176897076669,False,1758
1775,2026-09-21,300652,2.2249355526056638,False,1759
1776,2026-09-21,300931,2.2226996165988968,False,1760
1777,2026-09-21,600657,2.2209091652724777,False,1761
1778,2026-09-21,603310,2.2177561564027499,False,1762
1779,2026-09-21,300075,2.2175571631313744,False,1763
1780,2026-09-21,300584,2.2140766237832716,False,1764
1781,2026-09-21,300139,2.2128194399621122,False,1765
1782,2026-09-21,000630,2.2116079600681151,False,1766
1783,2026-09-21,002427,2.2105382173443946,False,1767
1784,2026-09-21,301602,2.2090080946049557,False,1768
1785,2026-09-21,001337,2.2039830905862514,False,1769
1786,2026-09-21,002520,2.2015536475672759,False,1770
1787,2026-09-21,601607,2.2010258190646064,False,1771
1788,2026-09-21,000875,2.1975913143350359,False,1772
1789,2026-09-21,688061,2.1958755722844128,False,1773
1790,2026-09-21,300946,2.1956823530816676,False,1774
1791,2026-09-21,002063,2.1950911426500954,False,1775
1792,2026-09-21,688826,2.1947396024940198,False,1776
1793,2026-09-21,688148,2.1939362340332891,False,1777
1794,2026-09-21,600960,2.1923961250199699,False,1778
1795,2026-09-21,300543,2.190903718535341,False,1779
1796,2026-09-21,301413,2.1907607025122751,False,1780
1797,2026-09-21,000620,2.1844570595680324,False,1781
1798,2026-09-21,000615,2.184096338033533,False,1782
1799,2026-09-21,600162,2.1816495039297519,False,1783
1800,2026-09-21,688717,2.1813389907055512,False,1784
1801,2026-09-21,300148,2.1790824708564918,False,1785
1802,2026-09-21,000928,2.1772840837863354,False,1786
1803,2026-09-21,002609,2.1765893812335526,False,1787
1804,2026-09-21,605167,2.1759917220490284,False,1788
1805,2026-09-21,600740,2.1759546513267773,False,1789
1806,2026-09-21,300237,2.1759002250142494,False,1790
1807,2026-09-21,300307,2.1754186419570085,False,1791
1808,2026-09-21,301636,2.1744548318538852,False,1792
1809,2026-09-21,002760,2.1730717185422455,False,1793
1810,2026-09-21,688659,2.1695406007661737,False,1794
1811,2026-09-21,600132,2.163818559886777,False,1795
1812,2026-09-21,300596,2.1625347405871782,False,1796
1813,2026-09-21,688687,2.1618979992631888,False,1797
1814,2026-09-21,300581,2.1580541292278643,False,1798
1815,2026-09-21,002705,2.1569726282294015,False,1799
1816,2026-09-21,600197,2.155809901509945,False,1800
1817,2026-09-21,600866,2.1500355946707521,False,1801
1818,2026-09-21,001218,2.1459053744602761,False,1802
1819,2026-09-21,603239,2.1430317882997865,False,1803
1820,2026-09-21,600030,2.1426510049851828,False,1804
1821,2026-09-21,301300,2.1424804766341681,False,1805
1822,2026-09-21,605123,2.1414231460937043,False,1806
1823,2026-09-21,301371,2.1412185677030839,False,1807
1824,2026-09-21,002149,2.1393762300187156,False,1808
1825,2026-09-21,601500,2.1391623517307274,False,1809
1826,2026-09-21,688665,2.1367911274792641,False,1810
1827,2026-09-21,301665,2.1339094983776765,False,1811
1828,2026-09-21,002624,2.132783552874673,False,1812
1829,2026-09-21,600418,2.1294610390408741,False,1813
1830,2026-09-21,300405,2.1294409115702058,False,1814
1831,2026-09-21,600706,2.1286567080257135,False,1815
1832,2026-09-21,600511,2.1269627655829941,False,1816
1833,2026-09-21,300205,2.1205631998053631,False,1817
1834,2026-09-21,600560,2.1163304091874324,False,1818
1835,2026-09-21,603768,2.1146773031866899,False,1819
1836,2026-09-21,002459,2.105404727748633,False,1820
1837,2026-09-21,000913,2.1005103142697408,False,1821
1838,2026-09-21,300471,2.0976342726992447,False,1822
1839,2026-09-21,300682,2.097417369079456,False,1823
1840,2026-09-21,300269,2.0966851432387985,False,1824
1841,2026-09-21,001206,2.0964511174359077,False,1825
1842,2026-09-21,003021,2.0954554556592817,False,1826
1843,2026-09-21,000007,2.0953410731293491,False,1827
1844,2026-09-21,603660,2.0923991097410539,False,1828
1845,2026-09-21,001386,2.0912327894686329,False,1829
1846,2026-09-21,002177,2.0902664649008544,False,1830
1847,2026-09-21,300353,2.0888790605205072,False,1831
1848,2026-09-21,600312,2.0872696937659048,False,1832
1849,2026-09-21,300770,2.0842651665619099,False,1833
1850,2026-09-21,688232,2.0824671801551453,False,1834
1851,2026-09-21,605050,2.0810874739996201,False,1835
1852,2026-09-21,301211,2.0806935775662145,False,1836
1853,2026-09-21,603823,2.0800911851808128,False,1837
1854,2026-09-21,301169,2.0795096031633378,False,1838
1855,2026-09-21,300328,2.0792282004291121,False,1839
1856,2026-09-21,603086,2.0784619600397516,False,1840
1857,2026-09-21,002213,2.0744809917285818,False,1841
1858,2026-09-21,601633,2.0723503952730518,False,1842
1859,2026-09-21,688211,2.0717158572011689,False,1843
1860,2026-09-21,605180,2.0671825145124765,False,1844
1861,2026-09-21,600704,2.0651266694887447,False,1845
1862,2026-09-21,300447,2.0642951371468006,False,1846
1863,2026-09-21,300350,2.0633405830180007,False,1847
1864,2026-09-21,601788,2.0605887296252123,False,1848
1865,2026-09-21,301613,2.0561206588834513,False,1849
1866,2026-09-21,601608,2.0540871735426913,False,1850
1867,2026-09-21,688620,2.0536383266580915,False,1851
1868,2026-09-21,600760,2.0535471429742027,False,1852
1869,2026-09-21,000937,2.0534938724898075,False,1853
1870,2026-09-21,002331,2.0521340299414321,False,1854
1871,2026-09-21,002045,2.0513951757860283,False,1855
1872,2026-09-21,600561,2.0461536534796831,False,1856
1873,2026-09-21,603863,2.0457577542261389,False,1857
1874,2026-09-21,002284,2.0425662274290639,False,1858
1875,2026-09-21,002469,2.0377034941772849,False,1859
1876,2026-09-21,300541,2.0376508313036434,False,1860
1877,2026-09-21,002714,2.0313655627471334,False,1861
1878,2026-09-21,000517,2.0276266679222639,False,1862
1879,2026-09-21,600818,2.0205882657513845,False,1863
1880,2026-09-21,002184,2.0200051368415313,False,1864
1881,2026-09-21,002507,2.0194848700205976,False,1865
1882,2026-09-21,601918,2.0189063582665732,False,1866
1883,2026-09-21,301057,2.0179868675652717,False,1867
1884,2026-09-21,603335,2.0140747652944739,False,1868
1885,2026-09-21,603661,2.0122481465635453,False,1869
1886,2026-09-21,688517,2.010170868546981,False,1870
1887,2026-09-21,002093,2.0083519555202072,False,1871
1888,2026-09-21,000869,2.0044958816679355,False,1872
1889,2026-09-21,300444,2.0022648137125962,False,1873
1890,2026-09-21,603662,1.9992905955833082,False,1874
1891,2026-09-21,000818,1.9992106642595011,False,1875
1892,2026-09-21,605377,1.9973631085661991,False,1876
1893,2026-09-21,002979,1.9943148613623973,False,1877
1894,2026-09-21,002664,1.9914287721140558,False,1878
1895,2026-09-21,600288,1.9903650448315895,False,1879
1896,2026-09-21,603098,1.9888821965410441,False,1880
1897,2026-09-21,600202,1.9875148414401558,False,1881
1898,2026-09-21,600285,1.9859348666428671,False,1882
1899,2026-09-21,603992,1.9843627594444904,False,1883
1900,2026-09-21,603190,1.9839961014961274,False,1884
1901,2026-09-21,688426,1.9811998779667341,False,1885
1902,2026-09-21,600507,1.9800374161898828,False,1886
1903,2026-09-21,603070,1.9773039272255222,False,1887
1904,2026-09-21,600358,1.9758999082498985,False,1888
1905,2026-09-21,603091,1.9713727055623149,False,1889
1906,2026-09-21,300118,1.97087463303443,False,1890
1907,2026-09-21,300686,1.9698171900505566,False,1891
1908,2026-09-21,603998,1.9682805298411745,False,1892
1909,2026-09-21,001316,1.9657009400558629,False,1893
1910,2026-09-21,603028,1.9613296573023682,False,1894
1911,2026-09-21,300786,1.9609233999247162,False,1895
1912,2026-09-21,600853,1.9602056421731042,False,1896
1913,2026-09-21,300366,1.9587710306970352,False,1897
1914,2026-09-21,301584,1.9553509009094756,False,1898
1915,2026-09-21,300663,1.9551401342931241,False,1899
1916,2026-09-21,000553,1.9531311573934715,False,1900
1917,2026-09-21,600536,1.9469278332112783,False,1901
1918,2026-09-21,600217,1.9432285955703845,False,1902
1919,2026-09-21,301588,1.9424933777552076,False,1903
1920,2026-09-21,688358,1.9394010882329464,False,1904
1921,2026-09-21,600167,1.9393665700076568,False,1905
1922,2026-09-21,603197,1.9326112934505377,False,1906
1923,2026-09-21,688058,1.9315115419602709,False,1907
1924,2026-09-21,002253,1.9274113611648134,False,1908
1925,2026-09-21,600575,1.9216160756538305,False,1909
1926,2026-09-21,301033,1.9203086513218,False,1910
1927,2026-09-21,300839,1.9154305333149348,False,1911
1928,2026-09-21,300412,1.9148452568794316,False,1912
1929,2026-09-21,301332,1.9127188784199971,False,1913
1930,2026-09-21,301170,1.9072039690265692,False,1914
1931,2026-09-21,300674,1.9071011087115699,False,1915
1932,2026-09-21,601339,1.9030331371312497,False,1916
1933,2026-09-21,300458,1.9015364164019828,False,1917
1934,2026-09-21,002559,1.896238577340819,False,1918
1935,2026-09-21,002932,1.89601654620482,False,1919
1936,2026-09-21,600736,1.8957260927710577,False,1920
1937,2026-09-21,002671,1.8950309935601433,False,1921
1938,2026-09-21,603655,1.8931159826334976,False,1922
1939,2026-09-21,000762,1.8921524025233429,False,1923
1940,2026-09-21,601008,1.8907430693542548,False,1924
1941,2026-09-21,688215,1.886996222233543,False,1925
1942,2026-09-21,001279,1.8868657419858352,False,1926
1943,2026-09-21,688607,1.8843615773038138,False,1927
1944,2026-09-21,600871,1.8789565159911581,False,1928
1945,2026-09-21,600638,1.8788665654888383,False,1929
1946,2026-09-21,600210,1.8765214774081564,False,1930
1947,2026-09-21,600315,1.8749865492433726,False,1931
1948,2026-09-21,603387,1.8700182171327959,False,1932
1949,2026-09-21,300523,1.8698597678034079,False,1933
1950,2026-09-21,301191,1.8674346334302188,False,1934
1951,2026-09-21,601006,1.8658219426349878,False,1935
1952,2026-09-21,603368,1.8597683573091004,False,1936
1953,2026-09-21,002210,1.8556177083066694,False,1937
1954,2026-09-21,301101,1.8542117475009079,False,1938
1955,2026-09-21,003007,1.8531875602784753,False,1939
1956,2026-09-21,000927,1.8518429132156053,False,1940
1957,2026-09-21,605116,1.8505995384524434,False,1941
1958,2026-09-21,601021,1.8455771678571242,False,1942
1959,2026-09-21,300582,1.8402232641326388,False,1943
1960,2026-09-21,002416,1.8392459086608279,False,1944
1961,2026-09-21,600757,1.8391673082797904,False,1945
1962,2026-09-21,300598,1.8391473144767221,False,1946
1963,2026-09-21,301042,1.8374093949979438,False,1947
1964,2026-09-21,600970,1.8373568625267573,False,1948
1965,2026-09-21,300556,1.8360016267421546,False,1949
1966,2026-09-21,300831,1.8348039772848228,False,1950
1967,2026-09-21,002812,1.8335997861093678,False,1951
1968,2026-09-21,301004,1.8320056590115377,False,1952
1969,2026-09-21,300867,1.8296906351879283,False,1953
1970,2026-09-21,688371,1.8281466362574146,False,1954
1971,2026-09-21,301327,1.8279829057660555,False,1955
1972,2026-09-21,603162,1.8278388050688776,False,1956
1973,2026-09-21,600028,1.8263949281585898,False,1957
1974,2026-09-21,688550,1.8240156812554891,False,1958
1975,2026-09-21,300143,1.8226392926709734,False,1959
1976,2026-09-21,301097,1.8224742794400233,False,1960
1977,2026-09-21,688619,1.8195648133990203,False,1961
1978,2026-09-21,600794,1.8184227905326269,False,1962
1979,2026-09-21,688560,1.8179313375871686,False,1963
1980,2026-09-21,688169,1.8171595846993209,False,1964
1981,2026-09-21,603369,1.8155011540361161,False,1965
1982,2026-09-21,603950,1.8149839866787718,False,1966
1983,2026-09-21,002164,1.8146094350514814,False,1967
1984,2026-09-21,603999,1.812957686294657,False,1968
1985,2026-09-21,600527,1.8129240556138093,False,1969
1986,2026-09-21,300396,1.8123631696699505,False,1970
1987,2026-09-21,603868,1.8115430525399592,False,1971
1988,2026-09-21,002613,1.8103209673812972,False,1972
1989,2026-09-21,600493,1.8100264501535652,False,1973
1990,2026-09-21,688372,1.8069139475232481,False,1974
1991,2026-09-21,603578,1.8032592404388179,False,1975
1992,2026-09-21,002870,1.8016990680547746,False,1976
1993,2026-09-21,300432,1.8004328264988101,False,1977
1994,2026-09-21,002467,1.8002997941873713,False,1978
1995,2026-09-21,002498,1.7995858021215343,False,1979
1996,2026-09-21,300845,1.7977770743297308,False,1980
1997,2026-09-21,301109,1.7921315907522395,False,1981
1998,2026-09-21,688579,1.7908262795658443,False,1982
1999,2026-09-21,600115,1.7838165009299669,False,1983
2000,2026-09-21,300411,1.7827115050750488,False,1984
2001,2026-09-21,000892,1.7819485215234052,False,1985
2002,2026-09-21,603072,1.7817680424355105,False,1986
2003,2026-09-21,300397,1.779955863331899,False,1987
2004,2026-09-21,002096,1.7774127344079869,False,1988
2005,2026-09-21,300711,1.7773358345066406,False,1989
2006,2026-09-21,600081,1.7708827780234531,False,1990
2007,2026-09-21,601628,1.770485058817894,False,1991
2008,2026-09-21,301038,1.7688950515575035,False,1992
2009,2026-09-21,603718,1.7670382064425953,False,1993
2010,2026-09-21,603609,1.7642382401703145,False,1994
2011,2026-09-21,002337,1.7625219352762662,False,1995
2012,2026-09-21,600817,1.7615620248884314,False,1996
2013,2026-09-21,002035,1.7542605562353093,False,1997
2014,2026-09-21,300730,1.7535542461476485,False,1998
2015,2026-09-21,688070,1.7524321132521878,False,1999
2016,2026-09-21,300965,1.7520982827515632,False,2000
2017,2026-09-21,301060,1.7466102808531911,False,2001
2018,2026-09-21,000930,1.7458040402998756,False,2002
2019,2026-09-21,000917,1.7452700279708573,False,2003
2020,2026-09-21,002319,1.7422092347290632,False,2004
2021,2026-09-21,603516,1.7417956563367094,False,2005
2022,2026-09-21,300425,1.7408356249171728,False,2006
2023,2026-09-21,688010,1.73968045430072,False,2007
2024,2026-09-21,002530,1.7359854964227484,False,2008
2025,2026-09-21,002315,1.7340461388063315,False,2009
2026,2026-09-21,002410,1.7340012100545799,False,2010
2027,2026-09-21,301221,1.7305042164980575,False,2011
2028,2026-09-21,300809,1.7275692361542279,False,2012
2029,2026-09-21,301395,1.7268880157384325,False,2013
2030,2026-09-21,000776,1.7251784318140422,False,2014
2031,2026-09-21,600168,1.7236329936109724,False,2015
2032,2026-09-21,600661,1.7231151143021535,False,2016
2033,2026-09-21,002061,1.7184422249327067,False,2017
2034,2026-09-21,002919,1.7177796955046911,False,2018
2035,2026-09-21,301233,1.7146104142932694,False,2019
2036,2026-09-21,002431,1.7136999169487641,False,2020
2037,2026-09-21,000514,1.7096435439189199,False,2021
2038,2026-09-21,688728,1.6993621143968387,False,2022
2039,2026-09-21,003028,1.6983214735286387,False,2023
2040,2026-09-21,000753,1.69764776764686,False,2024
2041,2026-09-21,301487,1.6975438078068978,False,2025
2042,2026-09-21,301330,1.6975335636116964,False,2026
2043,2026-09-21,600029,1.6909051551629575,False,2027
2044,2026-09-21,603855,1.690305567179184,False,2028
2045,2026-09-21,600715,1.6891759052332906,False,2029
2046,2026-09-21,688578,1.6884174323615182,False,2030
2047,2026-09-21,603922,1.6863517617543198,False,2031
2048,2026-09-21,002685,1.6857646371486243,False,2032
2049,2026-09-21,300644,1.6856754589578782,False,2033
2050,2026-09-21,688651,1.6835227808907052,False,2034
2051,2026-09-21,600602,1.6810995420839292,False,2035
2052,2026-09-21,002117,1.6791883424211234,False,2036
2053,2026-09-21,002634,1.6788370048326691,False,2037
2054,2026-09-21,003039,1.677419489242852,False,2038
2055,2026-09-21,300721,1.6736074787643598,False,2039
2056,2026-09-21,601058,1.6672223087699551,False,2040
2057,2026-09-21,001239,1.6657705414549477,False,2041
2058,2026-09-21,601818,1.6649135887794999,False,2042
2059,2026-09-21,688553,1.6631675726266488,False,2043
2060,2026-09-21,002228,1.6625755712172294,False,2044
2061,2026-09-21,600137,1.6625197579388322,False,2045
2062,2026-09-21,601880,1.6621949327496788,False,2046
2063,2026-09-21,601177,1.6617577632818787,False,2047
2064,2026-09-21,002151,1.6610608440233634,False,2048
2065,2026-09-21,301329,1.6534742019643129,False,2049
2066,2026-09-21,605005,1.6528735794456493,False,2050
2067,2026-09-21,603192,1.6528724048065246,False,2051
2068,2026-09-21,688606,1.6516338821433258,False,2052
2069,2026-09-21,300825,1.6499254931021885,False,2053
2070,2026-09-21,301359,1.6466325546275922,False,2054
2071,2026-09-21,300720,1.6464245938167701,False,2055
2072,2026-09-21,603088,1.6443770226654677,False,2056
2073,2026-09-21,605056,1.6425330168004981,False,2057
2074,2026-09-21,603176,1.6392510451852349,False,2058
2075,2026-09-21,301118,1.6389865835763917,False,2059
2076,2026-09-21,002537,1.6387518459916532,False,2060
2077,2026-09-21,000612,1.6373377576536814,False,2061
2078,2026-09-21,300242,1.6349411990074763,False,2062
2079,2026-09-21,001328,1.6342869625990455,False,2063
2080,2026-09-21,688698,1.6332296959865678,False,2064
2081,2026-09-21,301005,1.6316290471315331,False,2065
2082,2026-09-21,603848,1.629086661835164,False,2066
2083,2026-09-21,001277,1.6272718257167809,False,2067
2084,2026-09-21,600351,1.6254658143658707,False,2068
2085,2026-09-21,600793,1.6250258550502579,False,2069
2086,2026-09-21,688273,1.6248253904586623,False,2070
2087,2026-09-21,002441,1.6211155066477332,False,2071
2088,2026-09-21,300305,1.6191922846860476,False,2072
2089,2026-09-21,301283,1.6177158190299683,False,2073
2090,2026-09-21,003041,1.6167793139236175,False,2074
2091,2026-09-21,601677,1.6163695204685764,False,2075
2092,2026-09-21,300987,1.6156378989011739,False,2076
2093,2026-09-21,002810,1.6153442703963925,False,2077
2094,2026-09-21,603987,1.6150700335713077,False,2078
2095,2026-09-21,600993,1.613374184295568,False,2079
2096,2026-09-21,603885,1.6126438497566298,False,2080
2097,2026-09-21,002350,1.6124824573558307,False,2081
2098,2026-09-21,605365,1.6048369132873677,False,2082
2099,2026-09-21,600125,1.6028793303065187,False,2083
2100,2026-09-21,600810,1.5996970131225225,False,2084
2101,2026-09-21,301153,1.5985367888225541,False,2085
2102,2026-09-21,601689,1.5985163966621829,False,2086
2103,2026-09-21,600109,1.5976016310226835,False,2087
2104,2026-09-21,688018,1.5958598054795077,False,2088
2105,2026-09-21,689009,1.5835875166572833,False,2089
2106,2026-09-21,300856,1.5806079713578485,False,2090
2107,2026-09-21,001202,1.5753413944413399,False,2091
2108,2026-09-21,600009,1.5751543091460594,False,2092
2109,2026-09-21,000893,1.5700385303769482,False,2093
2110,2026-09-21,300812,1.5634276607629696,False,2094
2111,2026-09-21,601555,1.5619733735513657,False,2095
2112,2026-09-21,600182,1.5597786665648563,False,2096
2113,2026-09-21,300177,1.5555868077397184,False,2097
2114,2026-09-21,688420,1.5538998576125742,False,2098
2115,2026-09-21,603399,1.5519218689081904,False,2099
2116,2026-09-21,603262,1.549881145974527,False,2100
2117,2026-09-21,600299,1.5484590275303241,False,2101
2118,2026-09-21,600269,1.5479161953156209,False,2102
2119,2026-09-21,600733,1.5470968083761614,False,2103
2120,2026-09-21,300343,1.5466127788232258,False,2104
2121,2026-09-21,600188,1.5460711832467404,False,2105
2122,2026-09-21,688618,1.5458201551806019,False,2106
2123,2026-09-21,301003,1.5443749664079749,False,2107
2124,2026-09-21,300550,1.5437841414515061,False,2108
2125,2026-09-21,300985,1.5435210170302485,False,2109
2126,2026-09-21,300579,1.5427020944374747,False,2110
2127,2026-09-21,688592,1.5398875682294046,False,2111
2128,2026-09-21,001285,1.5397889742660951,False,2112
2129,2026-09-21,600470,1.5397004837171351,False,2113
2130,2026-09-21,300622,1.5367467152962488,False,2114
2131,2026-09-21,600963,1.5357949829075421,False,2115
2132,2026-09-21,688135,1.5340679317552901,False,2116
2133,2026-09-21,001335,1.5332697478831034,False,2117
2134,2026-09-21,000409,1.5297555126033038,False,2118
2135,2026-09-21,603215,1.5254205789483497,False,2119
2136,2026-09-21,600096,1.5239922177399343,False,2120
2137,2026-09-21,301226,1.5184124354044741,False,2121
2138,2026-09-21,300206,1.518384885277076,False,2122
2139,2026-09-21,002342,1.5174005360543616,False,2123
2140,2026-09-21,300162,1.512229262398135,False,2124
2141,2026-09-21,603602,1.5085760726938444,False,2125
2142,2026-09-21,688057,1.5079956419614584,False,2126
2143,2026-09-21,688096,1.5048641979206461,False,2127
2144,2026-09-21,603107,1.5023653517117981,False,2128
2145,2026-09-21,002310,1.5016808956550276,False,2129
2146,2026-09-21,002180,1.5011770243837732,False,2130
2147,2026-09-21,600782,1.5011766309747498,False,2131
2148,2026-09-21,000966,1.4985250025571726,False,2132
2149,2026-09-21,002010,1.491777835071157,False,2133
2150,2026-09-21,000796,1.4889920434445068,False,2134
2151,2026-09-21,600820,1.4854185659312318,False,2135
2152,2026-09-21,002701,1.484776609591751,False,2136
2153,2026-09-21,002110,1.4845217622559916,False,2137
2154,2026-09-21,600335,1.4825471971989854,False,2138
2155,2026-09-21,603877,1.4761832204377288,False,2139
2156,2026-09-21,301320,1.4739051188359356,False,2140
2157,2026-09-21,301279,1.4709289668666807,False,2141
2158,2026-09-21,600746,1.4696760068440884,False,2142
2159,2026-09-21,600426,1.4687245329123151,False,2143
2160,2026-09-21,300855,1.4686344717475355,False,2144
2161,2026-09-21,002943,1.4681712516142063,False,2145
2162,2026-09-21,301667,1.4679467997356308,False,2146
2163,2026-09-21,301299,1.467431096983447,False,2147
2164,2026-09-21,002566,1.4641480151693838,False,2148
2165,2026-09-21,600658,1.4617758258962472,False,2149
2166,2026-09-21,300125,1.4605875526300047,False,2150
2167,2026-09-21,603890,1.4598590910409865,False,2151
2168,2026-09-21,000908,1.4575874930710606,False,2152
2169,2026-09-21,688198,1.4547902918390392,False,2153
2170,2026-09-21,000709,1.4537011243654114,False,2154
2171,2026-09-21,300102,1.4522610689126911,False,2155
2172,2026-09-21,002256,1.4509749541671022,False,2156
2173,2026-09-21,600187,1.4500577415445444,False,2157
2174,2026-09-21,301066,1.4488513059552215,False,2158
2175,2026-09-21,300342,1.4484856268556654,False,2159
2176,2026-09-21,603014,1.4477143024848307,False,2160
2177,2026-09-21,600801,1.4468841891092303,False,2161
2178,2026-09-21,000428,1.4468805144219528,False,2162
2179,2026-09-21,000572,1.4456818162317246,False,2163
2180,2026-09-21,000688,1.4425891425695718,False,2164
2181,2026-09-21,002270,1.4415587422309692,False,2165
2182,2026-09-21,300120,1.4384259860840911,False,2166
2183,2026-09-21,301508,1.43835277313819,False,2167
2184,2026-09-21,603716,1.4373295829183141,False,2168
2185,2026-09-21,603800,1.4354824733834848,False,2169
2186,2026-09-21,301167,1.4350446936388792,False,2170
2187,2026-09-21,300693,1.4305677411102244,False,2171
2188,2026-09-21,300036,1.429721101142577,False,2172
2189,2026-09-21,001308,1.4285683225117931,False,2173
2190,2026-09-21,603212,1.4218383422151142,False,2174
2191,2026-09-21,600458,1.4179864387705508,False,2175
2192,2026-09-21,605499,1.4145122596198734,False,2176
2193,2026-09-21,300466,1.4143885338279674,False,2177
2194,2026-09-21,002683,1.4062757830292136,False,2178
2195,2026-09-21,688278,1.4061964402550382,False,2179
2196,2026-09-21,300098,1.4024174687915303,False,2180
2197,2026-09-21,300228,1.3961116435064336,False,2181
2198,2026-09-21,605133,1.3955795974697451,False,2182
2199,2026-09-21,600085,1.3947431705915181,False,2183
2200,2026-09-21,300481,1.3908710892150853,False,2184
2201,2026-09-21,688327,1.3900347012220879,False,2185
2202,2026-09-21,688718,1.3872926425477075,False,2186
2203,2026-09-21,603607,1.3870215118195035,False,2187
2204,2026-09-21,600117,1.3857034922090574,False,2188
2205,2026-09-21,300027,1.381761334902226,False,2189
2206,2026-09-21,300091,1.3807649264064694,False,2190
2207,2026-09-21,600982,1.3799914631000398,False,2191
2208,2026-09-21,002125,1.3780207973524845,False,2192
2209,2026-09-21,600104,1.3759543977840087,False,2193
2210,2026-09-21,301177,1.3730606043592348,False,2194
2211,2026-09-21,603489,1.3723566473717943,False,2195
2212,2026-09-21,300187,1.371663673595009,False,2196
2213,2026-09-21,301151,1.370491821722803,False,2197
2214,2026-09-21,603111,1.3652705417625453,False,2198
2215,2026-09-21,600198,1.3644614011255349,False,2199
2216,2026-09-21,301175,1.3634432696408219,False,2200
2217,2026-09-21,002650,1.363155446375572,False,2201
2218,2026-09-21,002126,1.3593069875336019,False,2202
2219,2026-09-21,688623,1.3588352465125642,False,2203
2220,2026-09-21,002606,1.3581970350824617,False,2204
2221,2026-09-21,600084,1.3574153657910919,False,2205
2222,2026-09-21,002452,1.3562847461091985,False,2206
2223,2026-09-21,600780,1.3507689115144368,False,2207
2224,2026-09-21,688526,1.3504132673213807,False,2208
2225,2026-09-21,000858,1.349747528393701,False,2209
2226,2026-09-21,002022,1.3495877012108108,True,
2227,2026-09-21,605507,1.3495069120919279,False,2210
2228,2026-09-21,301363,1.344850654660291,False,2211
2229,2026-09-21,688045,1.3389651141854431,False,2212
2230,2026-09-21,301358,1.3373052567866797,False,2213
2231,2026-09-21,688111,1.3342850141867713,False,2214
2232,2026-09-21,002202,1.3328137961461206,False,2215
2233,2026-09-21,002277,1.3311765753067379,False,2216
2234,2026-09-21,605183,1.3292898019025532,False,2217
2235,2026-09-21,600515,1.3268208892609883,False,2218
2236,2026-09-21,600807,1.3253297312598855,False,2219
2237,2026-09-21,600169,1.3236320572067628,False,2220
2238,2026-09-21,603991,1.3198578975857274,False,2221
2239,2026-09-21,688093,1.3190361595887266,False,2222
2240,2026-09-21,600221,1.3170218251123544,False,2223
2241,2026-09-21,603725,1.315225295755762,False,2224
2242,2026-09-21,600072,1.3125132012276319,False,2225
2243,2026-09-21,601005,1.3124628261611022,False,2226
2244,2026-09-21,300797,1.3123750986944762,False,2227
2245,2026-09-21,002108,1.3061536297015515,False,2228
2246,2026-09-21,688602,1.3058966263764675,False,2229
2247,2026-09-21,002756,1.3042447918741207,False,2230
2248,2026-09-21,300351,1.3032202352952347,False,2231
2249,2026-09-21,688080,1.3012472899064176,False,2232
2250,2026-09-21,000401,1.2994601945254329,False,2233
2251,2026-09-21,300995,1.2981484607800786,False,2234
2252,2026-09-21,300529,1.2977620569833674,False,2235
2253,2026-09-21,002633,1.297542099136924,False,2236
2254,2026-09-21,300427,1.2974206884896931,False,2237
2255,2026-09-21,300749,1.2910556341880379,False,2238
2256,2026-09-21,688156,1.2908771545198792,False,2239
2257,2026-09-21,002905,1.289863139536962,False,2240
2258,2026-09-21,301246,1.2865450553610822,False,2241
2259,2026-09-21,688523,1.2855785072230486,False,2242
2260,2026-09-21,600863,1.2850901283127427,False,2243
2261,2026-09-21,001391,1.2831013563663682,False,2244
2262,2026-09-21,301317,1.2793169512470508,False,2245
2263,2026-09-21,603169,1.277544772049318,False,2246
2264,2026-09-21,603737,1.2762953510434114,False,2247
2265,2026-09-21,301129,1.2726587358993411,False,2248
2266,2026-09-21,301372,1.2709704163995097,False,2249
2267,2026-09-21,600830,1.2701660249631621,False,2250
2268,2026-09-21,600528,1.2691200142281298,False,2251
2269,2026-09-21,603416,1.26804292944113,False,2252
2270,2026-09-21,603367,1.2668121099541341,False,2253
2271,2026-09-21,000830,1.2667402913884529,False,2254
2272,2026-09-21,603341,1.266350743616397,False,2255
2273,2026-09-21,600988,1.2643101913247008,False,2256
2274,2026-09-21,000782,1.2609026802726309,False,2257
2275,2026-09-21,603080,1.2607269501477081,False,2258
2276,2026-09-21,300195,1.2590770647737415,False,2259
2277,2026-09-21,002968,1.2574043760166407,False,2260
2278,2026-09-21,002405,1.2572922854943771,False,2261
2279,2026-09-21,300705,1.2563838774663827,False,2262
2280,2026-09-21,688128,1.2550140399317165,False,2263
2281,2026-09-21,300718,1.2488562779385868,False,2264
2282,2026-09-21,600979,1.2416282582111839,False,2265
2283,2026-09-21,600231,1.2412036945333016,False,2266
2284,2026-09-21,600749,1.2389597503759413,False,2267
2285,2026-09-21,600570,1.2386814716321168,False,2268
2286,2026-09-21,001288,1.238491045574668,False,2269
2287,2026-09-21,000617,1.2363584174990192,False,2270
2288,2026-09-21,002067,1.2333167280269277,False,2271
2289,2026-09-21,300463,1.2309222330109697,False,2272
2290,2026-09-21,600348,1.2252920337002966,False,2273
2291,2026-09-21,688522,1.2234785896553291,False,2274
2292,2026-09-21,002287,1.2232192449493191,False,2275
2293,2026-09-21,601678,1.2210309348078683,False,2276
2294,2026-09-21,600512,1.2188061447937608,False,2277
2295,2026-09-21,301581,1.2186327096131762,False,2278
2296,2026-09-21,000922,1.2177836035040992,False,2279
2297,2026-09-21,603185,1.2164539241227925,False,2280
2298,2026-09-21,600688,1.2163762974255152,False,2281
2299,2026-09-21,002216,1.2133886726986614,False,2282
2300,2026-09-21,002949,1.2120770418688884,False,2283
2301,2026-09-21,300890,1.2102738673694633,False,2284
2302,2026-09-21,000422,1.2078094841213569,False,2285
2303,2026-09-21,002127,1.2075536846640851,False,2286
2304,2026-09-21,002533,1.2054612557949826,False,2287
2305,2026-09-21,000415,1.2049517658304205,False,2288
2306,2026-09-21,301303,1.2015414549142078,False,2289
2307,2026-09-21,600199,1.2014333748610537,False,2290
2308,2026-09-21,002892,1.2010181535501865,False,2291
2309,2026-09-21,688219,1.1942648804493499,False,2292
2310,2026-09-21,603690,1.1910272853422152,False,2293
2311,2026-09-21,300510,1.187526984960307,False,2294
2312,2026-09-21,603009,1.187133440199176,False,2295
2313,2026-09-21,603967,1.1870362702160309,False,2296
2314,2026-09-21,603390,1.1867791729061139,False,2297
2315,2026-09-21,002052,1.1854509960225879,False,2298
2316,2026-09-21,600375,1.1849512288373045,False,2299
2317,2026-09-21,300140,1.1825624036277782,False,2300
2318,2026-09-21,300130,1.1813732853502086,False,2301
2319,2026-09-21,688586,1.181028571848215,False,2302
2320,2026-09-21,000837,1.1802506620115467,False,2303
2321,2026-09-21,002007,1.1775653464984401,False,2304
2322,2026-09-21,600016,1.1765871891504762,False,2305
2323,2026-09-21,002382,1.1736931493303304,False,2306
2324,2026-09-21,300658,1.1732339115159802,False,2307
2325,2026-09-21,300900,1.1724977475431142,False,2308
2326,2026-09-21,688334,1.1722010710473856,False,2309
2327,2026-09-21,301381,1.1676690516066914,False,2310
2328,2026-09-21,000886,1.1671441988331073,False,2311
2329,2026-09-21,002577,1.1620255238438812,False,2312
2330,2026-09-21,300891,1.1560030672262043,False,2313
2331,2026-09-21,301186,1.1536626421311724,False,2314
2332,2026-09-21,000863,1.1486775796049915,False,2315
2333,2026-09-21,688221,1.1482877480227267,False,2316
2334,2026-09-21,603360,1.1435799513242293,False,2317
2335,2026-09-21,000100,1.1417252768347368,False,2318
2336,2026-09-21,603334,1.1378996511811172,False,2319
2337,2026-09-21,002553,1.1361418108146908,False,2320
2338,2026-09-21,301589,1.1281813309703899,False,2321
2339,2026-09-21,600626,1.1280858210883662,False,2322
2340,2026-09-21,600814,1.1265761154414748,False,2323
2341,2026-09-21,601111,1.1220435230169241,False,2324
2342,2026-09-21,688081,1.1195566670232671,False,2325
2343,2026-09-21,600889,1.1185849591688823,False,2326
2344,2026-09-21,600751,1.1174254531567716,False,2327
2345,2026-09-21,001215,1.1170596693866894,False,2328
2346,2026-09-21,600509,1.1161287931673585,False,2329
2347,2026-09-21,600031,1.1158577978735809,False,2330
2348,2026-09-21,601718,1.1142082010333945,False,2331
2349,2026-09-21,603861,1.1136025225358073,False,2332
2350,2026-09-21,603697,1.1111137789722592,False,2333
2351,2026-09-21,001205,1.109014964158368,False,2334
2352,2026-09-21,600409,1.1053027822078292,False,2335
2353,2026-09-21,002605,1.1045450146699733,False,2336
2354,2026-09-21,603281,1.1042178906210809,False,2337
2355,2026-09-21,002099,1.0998777643357966,False,2338
2356,2026-09-21,301595,1.0971880890900501,False,2339
2357,2026-09-21,600379,1.0956316301931186,False,2340
2358,2026-09-21,600415,1.0934992059562145,False,2341
2359,2026-09-21,600420,1.0918778800785662,False,2342
2360,2026-09-21,000623,1.0900163794347963,False,2343
2361,2026-09-21,605198,1.0882335834858048,False,2344
2362,2026-09-21,601222,1.0796589040477751,False,2345
2363,2026-09-21,003003,1.074802523449025,False,2346
2364,2026-09-21,600114,1.0743054198784778,False,2347
2365,2026-09-21,300210,1.0663459444552013,False,2348
2366,2026-09-21,600020,1.0647645430174728,False,2349
2367,2026-09-21,688589,1.0636461176931835,False,2350
2368,2026-09-21,600373,1.0617486371723643,False,2351
2369,2026-09-21,688608,1.0573043204162265,False,2352
2370,2026-09-21,600481,1.0565395848042767,False,2353
2371,2026-09-21,603062,1.0557710627675307,False,2354
2372,2026-09-21,601588,1.0549037195973565,False,2355
2373,2026-09-21,605060,1.0535344402021329,False,2356
2374,2026-09-21,300451,1.050141808188596,False,2357
2375,2026-09-21,688190,1.0483244399859557,False,2358
2376,2026-09-21,301479,1.0443627786085874,False,2359
2377,2026-09-21,600845,1.0437064370555615,False,2360
2378,2026-09-21,300962,1.0431305278220657,False,2361
2379,2026-09-21,002984,1.040838422177458,False,2362
2380,2026-09-21,002985,1.0404520522378651,False,2363
2381,2026-09-21,603117,1.0397278370349747,False,2364
2382,2026-09-21,600611,1.0363022671377049,False,2365
2383,2026-09-21,601696,1.0342063874105141,False,2366
2384,2026-09-21,300555,1.0325616421696093,False,2367
2385,2026-09-21,002401,1.0308048202945856,False,2368
2386,2026-09-21,300681,1.03047556344749,False,2369
2387,2026-09-21,300144,1.0289880402491927,False,2370
2388,2026-09-21,001311,1.028008016883645,False,2371
2389,2026-09-21,603906,1.0278859381192309,False,2372
2390,2026-09-21,000897,1.0263580111373969,False,2373
2391,2026-09-21,688360,1.0245508324154844,False,2374
2392,2026-09-21,000792,1.0234706324771103,False,2375
2393,2026-09-21,002066,1.0231607246435863,False,2376
2394,2026-09-21,300507,1.0221562565970443,False,2377
2395,2026-09-21,002085,1.0174046455557275,False,2378
2396,2026-09-21,603229,1.0169890282301466,False,2379
2397,2026-09-21,300851,1.016421406644656,False,2380
2398,2026-09-21,605369,1.0159094465593441,False,2381
2399,2026-09-21,002060,1.0145822601070509,False,2382
2400,2026-09-21,002448,1.0143294572902919,False,2383
2401,2026-09-21,600250,1.0115291750895148,False,2384
2402,2026-09-21,600633,1.0094143931679775,False,2385
2403,2026-09-21,600422,1.0086790678146624,False,2386
2404,2026-09-21,300919,1.0085114944949511,False,2387
2405,2026-09-21,300159,1.0075360848698385,False,2388
2406,2026-09-21,002444,1.0072651229910941,False,2389
2407,2026-09-21,605319,1.0067394808376311,False,2390
2408,2026-09-21,300055,1.0062203409570412,False,2391
2409,2026-09-21,300127,1.0050632766054408,False,2392
2410,2026-09-21,301063,1.0023664420652145,False,2393
2411,2026-09-21,688670,1.0021113154683887,False,2394
2412,2026-09-21,002765,1.0019750922239747,False,2395
2413,2026-09-21,601933,1.0017616412635915,False,2396
2414,2026-09-21,600643,1.0009930876195667,False,2397
2415,2026-09-21,002626,0.99509680531073474,False,2398
2416,2026-09-21,002555,0.99201091527587471,False,2399
2417,2026-09-21,300048,0.9892994602081886,False,2400
2418,2026-09-21,002818,0.98918419138044733,False,2401
2419,2026-09-21,002796,0.98508781524875699,False,2402
2420,2026-09-21,300651,0.98073626375968148,False,2403
2421,2026-09-21,002540,0.9806007635280567,False,2404
2422,2026-09-21,002101,0.98032138504462596,False,2405
2423,2026-09-21,000561,0.97801372740303094,False,2406
2424,2026-09-21,600057,0.97724386875687941,False,2407
2425,2026-09-21,002036,0.97592767062213925,False,2408
2426,2026-09-21,603839,0.9756061022153677,False,2409
2427,2026-09-21,688271,0.97529588771469333,False,2410
2428,2026-09-21,603985,0.97468392520475988,False,2411
2429,2026-09-21,688308,0.9726975587621487,False,2412
2430,2026-09-21,600099,0.97028464053328944,False,2413
2431,2026-09-21,603324,0.9669317933204693,False,2414
2432,2026-09-21,301015,0.96474831361263158,False,2415
2433,2026-09-21,300933,0.9623896616292158,False,2416
2434,2026-09-21,300032,0.95960408850850332,False,2417
2435,2026-09-21,300439,0.95606014023907981,False,2418
2436,2026-09-21,301293,0.95457668998230016,False,2419
2437,2026-09-21,601001,0.95384119616602303,False,2420
2438,2026-09-21,601808,0.94957467606977652,False,2421
2439,2026-09-21,002379,0.94903085413814514,False,2422
2440,2026-09-21,688076,0.9486012704460739,False,2423
2441,2026-09-21,300134,0.9481605598010332,False,2424
2442,2026-09-21,600875,0.94708160002590525,False,2425
2443,2026-09-21,603036,0.94280237903088893,False,2426
2444,2026-09-21,300020,0.9427057882010661,False,2427
2445,2026-09-21,603173,0.94078542095518092,False,2428
2446,2026-09-21,688212,0.94059782476982212,False,2429
2447,2026-09-21,000999,0.94037756957885443,False,2430
2448,2026-09-21,301380,0.93970596847740406,False,2431
2449,2026-09-21,301491,0.93952139144024138,False,2432
2450,2026-09-21,300572,0.93863916173298467,False,2433
2451,2026-09-21,002095,0.93542171271916563,False,2434
2452,2026-09-21,600718,0.93441302295362005,False,2435
2453,2026-09-21,603276,0.93362631468667412,False,2436
2454,2026-09-21,600959,0.93299865003382187,False,2437
2455,2026-09-21,300105,0.931878327732096,False,2438
2456,2026-09-21,000006,0.92976850651292242,False,2439
2457,2026-09-21,688237,0.92887189244891599,False,2440
2458,2026-09-21,000155,0.92814542564727431,False,2441
2459,2026-09-21,600459,0.9258349995383689,False,2442
2460,2026-09-21,600439,0.92522843700177271,False,2443
2461,2026-09-21,603206,0.92183720474573416,False,2444
2462,2026-09-21,002789,0.9186886444586233,False,2445
2463,2026-09-21,600642,0.91854144938624338,False,2446
2464,2026-09-21,000720,0.91769648642321333,False,2447
2465,2026-09-21,300637,0.91609174027118323,False,2448
2466,2026-09-21,600679,0.91388828569163749,False,2449
2467,2026-09-21,300671,0.91276539899067966,False,2450
2468,2026-09-21,600821,0.9092682733827897,False,2451
2469,2026-09-21,002424,0.9075284941805104,False,2452
2470,2026-09-21,601188,0.90690999908408898,False,2453
2471,2026-09-21,300370,0.90669993636398871,False,2454
2472,2026-09-21,600582,0.90426473106869154,False,2455
2473,2026-09-21,301234,0.90239113985406982,False,2456
2474,2026-09-21,688130,0.89811044192380862,False,2457
2475,2026-09-21,603458,0.89806481182820308,False,2458
2476,2026-09-21,002318,0.89804543704908113,False,2459
2477,2026-09-21,603579,0.89727266153334462,False,2460
2478,2026-09-21,688539,0.8971423104160583,False,2461
2479,2026-09-21,601236,0.89659863218147828,False,2462
2480,2026-09-21,601992,0.89226578390901556,False,2463
2481,2026-09-21,002271,0.8915222942907195,False,2464
2482,2026-09-21,605287,0.89105058672268578,False,2465
2483,2026-09-21,300858,0.88551014101929026,False,2466
2484,2026-09-21,300575,0.88539581062163186,False,2467
2485,2026-09-21,603377,0.88339871721898522,False,2468
2486,2026-09-21,688472,0.88314284574956048,False,2469
2487,2026-09-21,603883,0.87994841285437109,False,2470
2488,2026-09-21,600157,0.87860119274508364,False,2471
2489,2026-09-21,002361,0.87786538964803862,False,2472
2490,2026-09-21,600191,0.87759568634655594,False,2473
2491,2026-09-21,300374,0.87725119809118146,False,2474
2492,2026-09-21,600381,0.87712330867887678,False,2475
2493,2026-09-21,601615,0.87425492707042385,False,2476
2494,2026-09-21,301162,0.87389644405742128,False,2477
2495,2026-09-21,002850,0.87130118391900968,False,2478
2496,2026-09-21,300923,0.86813521186139342,False,2479
2497,2026-09-21,688239,0.86789726405863943,False,2480
2498,2026-09-21,603305,0.8637431369084736,False,2481
2499,2026-09-21,002642,0.86194424433944294,False,2482
2500,2026-09-21,688418,0.85961060109142751,False,2483
2501,2026-09-21,300590,0.85883737016101203,False,2484
2502,2026-09-21,603296,0.85839012775146872,False,2485
2503,2026-09-21,000551,0.85571548816293497,False,2486
2504,2026-09-21,300033,0.8553329265369346,False,2487
2505,2026-09-21,301559,0.85354464133605834,False,2488
2506,2026-09-21,002495,0.85140668248729678,False,2489
2507,2026-09-21,002039,0.84983438988347304,False,2490
2508,2026-09-21,601123,0.84949894526001124,True,
2509,2026-09-21,301391,0.84895466295186539,False,2491
2510,2026-09-21,301505,0.84791648570538936,False,2492
2511,2026-09-21,600908,0.84647637113403551,False,2493
2512,2026-09-21,000883,0.84461226105184517,False,2494
2513,2026-09-21,688038,0.84348972508587305,False,2495
2514,2026-09-21,600797,0.83818831313072317,False,2496
2515,2026-09-21,603638,0.83647165945795421,False,2497
2516,2026-09-21,601799,0.83515098084348283,False,2498
2517,2026-09-21,301199,0.83109477530307396,False,2499
2518,2026-09-21,002962,0.83091109237399285,False,2500
2519,2026-09-21,002352,0.82937531770092354,False,2501
2520,2026-09-21,300388,0.82799916036429266,False,2502
2521,2026-09-21,601958,0.82585207195213095,False,2503
2522,2026-09-21,688006,0.82408164531348538,False,2504
2523,2026-09-21,601999,0.82108455199114672,False,2505
2524,2026-09-21,605566,0.82023957623069865,True,
2525,2026-09-21,688178,0.81912226217551365,False,2506
2526,2026-09-21,600329,0.81682018604809725,False,2507
2527,2026-09-21,300971,0.81417967965671068,False,2508
2528,2026-09-21,603048,0.81359556440682157,False,2509
2529,2026-09-21,000701,0.81357983606894768,False,2510
2530,2026-09-21,002148,0.81320682992933824,False,2511
2531,2026-09-21,603520,0.81285983561778175,False,2512
2532,2026-09-21,300761,0.81143263686431921,False,2513
2533,2026-09-21,600252,0.81139990105925497,False,2514
2534,2026-09-21,688033,0.8080205964266105,False,2515
2535,2026-09-21,603379,0.80758617951892386,False,2516
2536,2026-09-21,300639,0.80292779939391434,False,2517
2537,2026-09-21,603466,0.79846383241962893,False,2518
2538,2026-09-21,605318,0.79583204642437133,False,2519
2539,2026-09-21,603299,0.79326001603569285,False,2520
2540,2026-09-21,300751,0.78829964143534836,False,2521
2541,2026-09-21,600535,0.78751015248702871,False,2522
2542,2026-09-21,605289,0.7871129398545611,False,2523
2543,2026-09-21,300694,0.78660859746920053,False,2524
2544,2026-09-21,603882,0.78562744180192456,False,2525
2545,2026-09-21,600235,0.78465874230821253,False,2526
2546,2026-09-21,603505,0.78420477422395218,False,2527
2547,2026-09-21,601319,0.78380523490605913,False,2528
2548,2026-09-21,600567,0.78301861481201795,False,2529
2549,2026-09-21,603605,0.78179917976575886,False,2530
2550,2026-09-21,002877,0.78173168438630558,False,2531
2551,2026-09-21,600525,0.7774363981376573,False,2532
2552,2026-09-21,300135,0.77670370436045166,False,2533
2553,2026-09-21,002400,0.77503091653268996,False,2534
2554,2026-09-21,600258,0.77270406471295017,False,2535
2555,2026-09-21,688032,0.77172809671643838,False,2536
2556,2026-09-21,300256,0.77172808299371654,False,2537
2557,2026-09-21,002373,0.76962060901187801,False,2538
2558,2026-09-21,000833,0.76660670235181927,False,2539
2559,2026-09-21,003020,0.76427802464319727,False,2540
2560,2026-09-21,601020,0.76215370237458624,False,2541
2561,2026-09-21,603786,0.75983306962288943,False,2542
2562,2026-09-21,300614,0.75948498718229152,False,2543
2563,2026-09-21,000543,0.75749282979803834,False,2544
2564,2026-09-21,300894,0.75569462461569414,False,2545
2565,2026-09-21,600771,0.75546314740966169,False,2546
2566,2026-09-21,600497,0.75400675588771349,False,2547
2567,2026-09-21,688268,0.7523239635639476,False,2548
2568,2026-09-21,301628,0.75049755872344726,False,2549
2569,2026-09-21,002587,0.74882485150226641,False,2550
2570,2026-09-21,688580,0.74833621020413954,False,2551
2571,2026-09-21,603153,0.74717039494101423,False,2552
2572,2026-09-21,601128,0.74664193137197832,False,2553
2573,2026-09-21,600103,0.74269881049683151,False,2554
2574,2026-09-21,688262,0.74222832639770719,False,2555
2575,2026-09-21,301598,0.74148415856860117,False,2556
2576,2026-09-21,300641,0.73894848816136971,False,2557
2577,2026-09-21,603979,0.73781007012057875,False,2558
2578,2026-09-21,001330,0.73750649485272612,False,2559
2579,2026-09-21,300926,0.73624227651002472,False,2560
2580,2026-09-21,605333,0.7357456609563624,False,2561
2581,2026-09-21,600546,0.73413143712880646,False,2562
2582,2026-09-21,002129,0.73037989523715652,False,2563
2583,2026-09-21,300521,0.72715143102412028,False,2564
2584,2026-09-21,688595,0.72355350032961763,False,2565
2585,2026-09-21,688326,0.7234373704224315,False,2566
2586,2026-09-21,605189,0.72314750933217997,False,2567
2587,2026-09-21,000045,0.72293667233018755,False,2568
2588,2026-09-21,603818,0.72260950208130004,False,2569
2589,2026-09-21,002423,0.72167096161840227,False,2570
2590,2026-09-21,301280,0.7211941162289176,False,2571
2591,2026-09-21,301305,0.71805731141902407,False,2572
2592,2026-09-21,301393,0.71575641822432379,False,2573
2593,2026-09-21,002239,0.70048900196600861,False,2574
2594,2026-09-21,300888,0.69922493784331352,False,2575
2595,2026-09-21,300986,0.69375967738089495,False,2576
2596,2026-09-21,002088,0.69367552898472851,False,2577
2597,2026-09-21,002723,0.68326350175225103,False,2578
2598,2026-09-21,600166,0.67725694427830008,False,2579
2599,2026-09-21,002911,0.67651238772745348,False,2580
2600,2026-09-21,000036,0.6761486942598165,False,2581
2601,2026-09-21,002920,0.67362424736677529,False,2582
2602,2026-09-21,601699,0.67269054251256877,False,2583
2603,2026-09-21,688031,0.67260199645977714,False,2584
2604,2026-09-21,688395,0.66922957152910234,False,2585
2605,2026-09-21,688733,0.66901186532139456,False,2586
2606,2026-09-21,300176,0.66437398843876005,False,2587
2607,2026-09-21,603903,0.66219210249601901,False,2588
2608,2026-09-21,600216,0.66193216121270027,False,2589
2609,2026-09-21,688377,0.66161865642440798,False,2590
2610,2026-09-21,000935,0.66148217998621184,False,2591
2611,2026-09-21,600809,0.66079746770809256,False,2592
2612,2026-09-21,003038,0.66038593903449838,False,2593
2613,2026-09-21,688707,0.65366651140169407,False,2594
2614,2026-09-21,002511,0.65346219953634743,False,2595
2615,2026-09-21,603196,0.64611262142217396,False,2596
2616,2026-09-21,688106,0.64307674707949092,False,2597
2617,2026-09-21,002338,0.63945450335303389,False,2598
2618,2026-09-21,605305,0.63905415214816985,False,2599
2619,2026-09-21,002219,0.63804081759197451,False,2600
2620,2026-09-21,002933,0.63477650658896634,False,2601
2621,2026-09-21,301286,0.63016932405810144,False,2602
2622,2026-09-21,301512,0.62410068232502036,False,2603
2623,2026-09-21,300915,0.62299099848542561,False,2604
2624,2026-09-21,600681,0.62026735609569972,False,2605
2625,2026-09-21,601515,0.61803584117864108,False,2606
2626,2026-09-21,002523,0.61760456280487452,False,2607
2627,2026-09-21,000967,0.61160697232312966,False,2608
2628,2026-09-21,600859,0.6100374616821358,False,2609
2629,2026-09-21,000539,0.60957833300899567,False,2610
2630,2026-09-21,601336,0.60876418399959953,False,2611
2631,2026-09-21,002521,0.60829177983709637,False,2612
2632,2026-09-21,002992,0.60396978031898341,False,2613
2633,2026-09-21,600278,0.60120687847981236,False,2614
2634,2026-09-21,000531,0.59947733584641938,False,2615
2635,2026-09-21,002647,0.59880160341221689,False,2616
2636,2026-09-21,600141,0.59874091950615271,False,2617
2637,2026-09-21,688295,0.59665883635057559,False,2618
2638,2026-09-21,601618,0.59049753249538628,False,2619
2639,2026-09-21,688173,0.5881130422428773,False,2620
2640,2026-09-21,603220,0.58695201249872375,False,2621
2641,2026-09-21,600256,0.5858957773821255,False,2622
2642,2026-09-21,600690,0.58539368464453401,False,2623
2643,2026-09-21,688039,0.583315903272976,False,2624
2644,2026-09-21,300241,0.58171814638669161,False,2625
2645,2026-09-21,688129,0.58006800372793732,False,2626
2646,2026-09-21,600586,0.57696732247512883,False,2627
2647,2026-09-21,688391,0.575351045086818,False,2628
2648,2026-09-21,300247,0.57395265033897314,False,2629
2649,2026-09-21,688092,0.57245365834445749,False,2630
2650,2026-09-21,002608,0.57198720539391035,False,2631
2651,2026-09-21,300341,0.56949221004161277,False,2632
2652,2026-09-21,600513,0.56871276135786164,False,2633
2653,2026-09-21,601098,0.5684933689486249,False,2634
2654,2026-09-21,603822,0.56845562021164753,False,2635
2655,2026-09-21,600478,0.56727538416407697,False,2636
2656,2026-09-21,002020,0.56505789511300453,False,2637
2657,2026-09-21,601179,0.56334469683542299,False,2638
2658,2026-09-21,301222,0.56191619570410944,False,2639
2659,2026-09-21,002783,0.55867433823260693,False,2640
2660,2026-09-21,688722,0.55698250214980116,False,2641
2661,2026-09-21,301203,0.5541100305549822,False,2642
2662,2026-09-21,000881,0.55178136861468552,False,2643
2663,2026-09-21,300259,0.54758572033635278,False,2644
2664,2026-09-21,603611,0.5410122020051733,False,2645
2665,2026-09-21,000503,0.53945482457881422,False,2646
2666,2026-09-21,601901,0.53413184920749579,False,2647
2667,2026-09-21,603908,0.53357266432383277,False,2648
2668,2026-09-21,000025,0.5334518857654893,False,2649
2669,2026-09-21,300232,0.5306245397680196,False,2650
2670,2026-09-21,600624,0.52907159444115504,False,2651
2671,2026-09-21,600262,0.52710159162774151,False,2652
2672,2026-09-21,600783,0.52599646252881005,False,2653
2673,2026-09-21,301609,0.52368846375239331,False,2654
2674,2026-09-21,600798,0.51685458616283686,False,2655
2675,2026-09-21,300467,0.51602500699840415,False,2656
2676,2026-09-21,600489,0.51570028594314254,False,2657
2677,2026-09-21,300979,0.51566784103325836,False,2658
2678,2026-09-21,603085,0.51565151783883278,False,2659
2679,2026-09-21,301168,0.51523526349000537,False,2660
2680,2026-09-21,605099,0.51441696969903061,False,2661
2681,2026-09-21,300012,0.51379758530783692,False,2662
2682,2026-09-21,688291,0.51373383791837346,False,2663
2683,2026-09-21,300670,0.50462843297811599,False,2664
2684,2026-09-21,300484,0.50458893503498881,False,2665
2685,2026-09-21,600130,0.50294421269456047,False,2666
2686,2026-09-21,300617,0.50176643492725947,False,2667
2687,2026-09-21,600738,0.49684243233822423,False,2668
2688,2026-09-21,600861,0.49672390734606275,False,2669
2689,2026-09-21,600905,0.49409829684148399,False,2670
2690,2026-09-21,688053,0.49164350485578989,False,2671
2691,2026-09-21,301148,0.49075465867997026,False,2672
2692,2026-09-21,601636,0.48975499960647428,False,2673
2693,2026-09-21,300504,0.48948028702216784,False,2674
2694,2026-09-21,603150,0.4894257467632277,False,2675
2695,2026-09-21,605389,0.48927310427591886,False,2676
2696,2026-09-21,000039,0.48874584290406764,False,2677
2697,2026-09-21,002075,0.48842176219770184,False,2678
2698,2026-09-21,603105,0.4839788402190206,False,2679
2699,2026-09-21,300226,0.47687165569057599,False,2680
2700,2026-09-21,603363,0.47432041807376724,False,2681
2701,2026-09-21,300007,0.47265117180606797,False,2682
2702,2026-09-21,600666,0.47099815543907053,False,2683
2703,2026-09-21,605158,0.47083319822104297,False,2684
2704,2026-09-21,300438,0.47060547726865076,False,2685
2705,2026-09-21,603308,0.46514791963512869,False,2686
2706,2026-09-21,688787,0.45904552961908318,False,2687
2707,2026-09-21,002635,0.45777027777024182,False,2688
2708,2026-09-21,300947,0.45674336288057327,False,2689
2709,2026-09-21,688055,0.45656120074185569,False,2690
2710,2026-09-21,600935,0.45641768727666676,False,2691
2711,2026-09-21,000900,0.45133016927072012,False,2692
2712,2026-09-21,002738,0.44269145894079565,False,2693
2713,2026-09-21,300982,0.44004905652290871,False,2694
2714,2026-09-21,300966,0.43809050869141453,False,2695
2715,2026-09-21,603202,0.43551893429111121,False,2696
2716,2026-09-21,688691,0.43124233726056094,False,2697
2717,2026-09-21,000557,0.43033670954509695,False,2698
2718,2026-09-21,000568,0.42950680354587911,False,2699
2719,2026-09-21,301345,0.42935292957898152,False,2700
2720,2026-09-21,301072,0.42809209399151993,False,2701
2721,2026-09-21,301026,0.42195174841102628,False,2702
2722,2026-09-21,300327,0.42058611194825346,False,2703
2723,2026-09-21,002030,0.41833758681666311,False,2704
2724,2026-09-21,300763,0.41765973760623354,False,2705
2725,2026-09-21,002488,0.41428664535247139,False,2706
2726,2026-09-21,603077,0.41358770609380269,False,2707
2727,2026-09-21,002221,0.40911206770514208,False,2708
2728,2026-09-21,300882,0.40882011511361172,False,2709
2729,2026-09-21,600777,0.40809143061850972,False,2710
2730,2026-09-21,301069,0.40781493364381732,False,2711
2731,2026-09-21,002175,0.40735836149666016,False,2712
2732,2026-09-21,300357,0.40661884695074435,False,2713
2733,2026-09-21,300921,0.40200276489510395,False,2714
2734,2026-09-21,688709,0.40148439663811542,False,2715
2735,2026-09-21,301028,0.40025305188956417,False,2716
2736,2026-09-21,301000,0.39940638872687473,False,2717
2737,2026-09-21,603271,0.39593101257296381,False,2718
2738,2026-09-21,600006,0.39525821695363073,False,2719
2739,2026-09-21,000629,0.39325566051280392,False,2720
2740,2026-09-21,002941,0.39289299214899409,False,2721
2741,2026-09-21,601068,0.39143458312625778,False,2722
2742,2026-09-21,300628,0.38998382403683041,False,2723
2743,2026-09-21,600055,0.38629512704874963,False,2724
2744,2026-09-21,603501,0.38596666819273795,False,2725
2745,2026-09-21,002266,0.38288984102878387,False,2726
2746,2026-09-21,300220,0.38183126027550518,False,2727
2747,2026-09-21,301418,0.37783899160871393,False,2728
2748,2026-09-21,300286,0.37313258819299844,False,2729
2749,2026-09-21,300051,0.37027527399368454,False,2730
2750,2026-09-21,600583,0.36375486349507935,False,2731
2751,2026-09-21,300420,0.36292447440444331,False,2732
2752,2026-09-21,001369,0.36191197917602069,False,2733
2753,2026-09-21,301558,0.3585784995244321,False,2734
2754,2026-09-21,603312,0.35849000153134869,False,2735
2755,2026-09-21,300680,0.35694813144200022,False,2736
2756,2026-09-21,300760,0.35327465852341799,False,2737
2757,2026-09-21,601390,0.35218200234448593,False,2738
2758,2026-09-21,000905,0.35049426766781078,False,2739
2759,2026-09-21,002508,0.34981521525071047,False,2740
2760,2026-09-21,002137,0.34753577944610026,False,2741
2761,2026-09-21,301510,0.34632746404876286,False,2742
2762,2026-09-21,688375,0.34580454443947395,False,2743
2763,2026-09-21,000571,0.34536499905772466,False,2744
2764,2026-09-21,301502,0.34435139637081835,False,2745
2765,2026-09-21,000541,0.34384909164105992,False,2746
2766,2026-09-21,000767,0.34191283952071205,False,2747
2767,2026-09-21,000090,0.3413136907517027,False,2748
2768,2026-09-21,688322,0.34121305038034611,False,2749
2769,2026-09-21,600983,0.34098394155828338,False,2750
2770,2026-09-21,688512,0.33731510187732738,False,2751
2771,2026-09-21,002363,0.33482358233204934,False,2752
2772,2026-09-21,603717,0.33235605657282941,False,2753
2773,2026-09-21,600995,0.33031067829642979,False,2754
2774,2026-09-21,600827,0.33015012910223174,False,2755
2775,2026-09-21,603381,0.32837085414071687,False,2756
2776,2026-09-21,301198,0.32804775929779906,False,2757
2777,2026-09-21,601878,0.32282462303918757,False,2758
2778,2026-09-21,000717,0.32055423545129402,False,2759
2779,2026-09-21,688314,0.31977438489297949,False,2760
2780,2026-09-21,002456,0.31918535187576036,False,2761
2781,2026-09-21,301255,0.31252419216273641,False,2762
2782,2026-09-21,688176,0.31095758582506261,False,2763
2783,2026-09-21,300019,0.29961923585527084,False,2764
2784,2026-09-21,600822,0.29961406620007192,False,2765
2785,2026-09-21,002205,0.29625041402488739,False,2766
2786,2026-09-21,603194,0.29504402689879705,False,2767
2787,2026-09-21,000567,0.29224362740560927,False,2768
2788,2026-09-21,002304,0.29204517941127461,False,2769
2789,2026-09-21,688726,0.28997154825407967,False,2770
2790,2026-09-21,603680,0.28364570667746203,False,2771
2791,2026-09-21,600050,0.28286110515344176,False,2772
2792,2026-09-21,603496,0.27740174414947871,False,2773
2793,2026-09-21,688552,0.27722530903903708,False,2774
2794,2026-09-21,002104,0.27470189077668006,False,2775
2795,2026-09-21,002153,0.27312221241468193,False,2776
2796,2026-09-21,603214,0.27212936042618185,False,2777
2797,2026-09-21,001319,0.27147374330637508,False,2778
2798,2026-09-21,002972,0.26810919339262845,False,2779
2799,2026-09-21,301007,0.26761330804053252,False,2780
2800,2026-09-21,688132,0.26512963481539797,False,2781
2801,2026-09-21,002657,0.26487544042769462,False,2782
2802,2026-09-21,600996,0.26273307074208607,False,2783
2803,2026-09-21,300002,0.26239209216074666,False,2784
2804,2026-09-21,002079,0.26235398309912805,False,2785
2805,2026-09-21,002906,0.26164318868960701,False,2786
2806,2026-09-21,002100,0.25801819347484389,False,2787
2807,2026-09-21,002706,0.2577445948017244,False,2788
2808,2026-09-21,688653,0.25637691102319238,False,2789
2809,2026-09-21,603100,0.25447839677102291,False,2790
2810,2026-09-21,600557,0.25349655888856271,False,2791
2811,2026-09-21,600592,0.2523633426691137,False,2792
2812,2026-09-21,600662,0.248385212983667,False,2793
2813,2026-09-21,300599,0.24597204843927711,False,2794
2814,2026-09-21,002073,0.2439132162597033,False,2795
2815,2026-09-21,300337,0.23964371823075706,False,2796
2816,2026-09-21,002296,0.23738081426799962,False,2797
2817,2026-09-21,300376,0.23497314605070829,False,2798
2818,2026-09-21,002432,0.22661428737244205,False,2799
2819,2026-09-21,603063,0.22530239455391998,False,2800
2820,2026-09-21,600595,0.2232835154255628,False,2801
2821,2026-09-21,002967,0.21595534010437523,False,2802
2822,2026-09-21,601688,0.2157849569272221,False,2803
2823,2026-09-21,300660,0.20903308967047313,False,2804
2824,2026-09-21,002936,0.20420510740696818,False,2805
2825,2026-09-21,603819,0.20162427940936023,True,
2826,2026-09-21,000506,0.19394791231970387,False,2806
2827,2026-09-21,002324,0.1939382957290039,False,2807
2828,2026-09-21,600789,0.19188404613565913,False,2808
2829,2026-09-21,603993,0.19161014070873306,False,2809
2830,2026-09-21,688556,0.19040681160452466,False,2810
2831,2026-09-21,000697,0.19016410738785849,False,2811
2832,2026-09-21,300380,0.18875151044306937,False,2812
2833,2026-09-21,002865,0.187244738972969,False,2813
2834,2026-09-21,600279,0.18701613524237137,False,2814
2835,2026-09-21,601990,0.18642549397563002,False,2815
2836,2026-09-21,300185,0.18490505469425439,False,2816
2837,2026-09-21,600517,0.18330148952080805,False,2817
2838,2026-09-21,002956,0.17606730233839185,False,2818
2839,2026-09-21,300066,0.17217475302369756,False,2819
2840,2026-09-21,605178,0.16963581540584616,False,2820
2841,2026-09-21,002761,0.164665484620099,False,2821
2842,2026-09-21,603939,0.16348017432085582,False,2822
2843,2026-09-21,000555,0.16028324593843538,False,2823
2844,2026-09-21,603698,0.15930426884062032,False,2824
2845,2026-09-21,002340,0.15760757342759391,False,2825
2846,2026-09-21,300735,0.15692640748214948,False,2826
2847,2026-09-21,300777,0.15650255886087217,False,2827
2848,2026-09-21,603210,0.15642161874221983,False,2828
2849,2026-09-21,300823,0.15542875930090361,False,2829
2850,2026-09-21,002615,0.15473249016035662,False,2830
2851,2026-09-21,002598,0.15450031636432371,False,2831
2852,2026-09-21,600550,0.15341230556562802,False,2832
2853,2026-09-21,000607,0.15266931253044969,True,
2854,2026-09-21,000800,0.15170515205618185,False,2833
2855,2026-09-21,300832,0.14760470755582045,False,2834
2856,2026-09-21,000821,0.14664530324780034,False,2835
2857,2026-09-21,001382,0.14574477833884014,False,2836
2858,2026-09-21,603004,0.14528047659133381,False,2837
2859,2026-09-21,002676,0.1442949560810769,False,2838
2860,2026-09-21,300146,0.14399654193594369,False,2839
2861,2026-09-21,601866,0.1432756979595069,False,2840
2862,2026-09-21,603013,0.14288837585215819,False,2841
2863,2026-09-21,600750,0.14266341344006284,False,2842
2864,2026-09-21,603322,0.13836497141481852,False,2843
2865,2026-09-21,301171,0.13708447206443775,False,2844
2866,2026-09-21,688439,0.13646086741780694,False,2845
2867,2026-09-21,300768,0.1357923752851623,False,2846
2868,2026-09-21,601727,0.13111340744042166,False,2847
2869,2026-09-21,688819,0.12960446840805595,False,2848
2870,2026-09-21,688505,0.12886574847984528,False,2849
2871,2026-09-21,688475,0.12714927971857426,False,2850
2872,2026-09-21,600682,0.12684367622733528,False,2851
2873,2026-09-21,300920,0.12438978721823035,False,2852
2874,2026-09-21,300040,0.12322694129547096,False,2853
2875,2026-09-21,603726,0.12298791709929646,False,2854
2876,2026-09-21,603900,0.12288402526905473,False,2855
2877,2026-09-21,603269,0.12185398285280602,False,2856
2878,2026-09-21,301577,0.11172456104223694,False,2857
2879,2026-09-21,300732,0.10881336666990693,False,2858
2880,2026-09-21,300101,0.098971882525806687,False,2859
2881,2026-09-21,002255,0.0966125792478775,False,2860
2882,2026-09-21,300267,0.09621466994486183,False,2861
2883,2026-09-21,300973,0.094796342690055102,False,2862
2884,2026-09-21,688390,0.092713036186729769,False,2863
2885,2026-09-21,688333,0.08390098248569311,False,2864
2886,2026-09-21,301658,0.083316200076018754,False,2865
2887,2026-09-21,601888,0.078728706017040184,False,2866
2888,2026-09-21,301087,0.077086654454481485,False,2867
2889,2026-09-21,301536,0.072982109872169298,False,2868
2890,2026-09-21,000009,0.07295820477010273,False,2869
2891,2026-09-21,603808,0.071373689950545938,False,2870
2892,2026-09-21,301618,0.068704916216196593,False,2871
2893,2026-09-21,605166,0.065959536002584862,False,2872
2894,2026-09-21,605011,0.064322946735694497,False,2873
2895,2026-09-21,300699,0.061884946786912642,False,2874
2896,2026-09-21,002672,0.060490210216213036,False,2875
2897,2026-09-21,000977,0.051671974061869963,False,2876
2898,2026-09-21,300791,0.045519273744230704,False,2877
2899,2026-09-21,002978,0.045074799583570302,False,2878
2900,2026-09-21,300908,0.041511425266044455,False,2879
2901,2026-09-21,002549,0.040771091492506351,False,2880
2902,2026-09-21,301560,0.03875091159918842,False,2881
2903,2026-09-21,600307,0.036915453005692211,False,2882
2904,2026-09-21,605186,0.036778771336822391,False,2883
2905,2026-09-21,688516,0.028499091929861553,False,2884
2906,2026-09-21,601717,0.027493986162286266,False,2885
2907,2026-09-21,605368,0.026442510576514699,False,2886
2908,2026-09-21,002275,0.0259745333355621,False,2887
2909,2026-09-21,601669,0.024879408015396454,False,2888
2910,2026-09-21,688582,0.024519189918907558,False,2889
2911,2026-09-21,600477,0.024415539245070894,False,2890
2912,2026-09-21,002001,0.023751095686127544,False,2891
2913,2026-09-21,300678,0.02311506339956243,False,2892
2914,2026-09-21,002572,0.021851746049621035,False,2893
2915,2026-09-21,600956,0.014599637027427281,False,2894
2916,2026-09-21,301192,0.014512030179837598,False,2895
2917,2026-09-21,600106,0.012940149711168747,False,2896
2918,2026-09-21,600053,0.0061013434041087278,False,2897
2919,2026-09-21,001289,0.003984675647765723,False,2898
2920,2026-09-21,301161,0.0021059157867515665,False,2899
2921,2026-09-21,002546,-0.0022082843471440405,False,2900
2922,2026-09-21,688679,-0.0025072814784259378,False,2901
2923,2026-09-21,300415,-0.0051700431244232625,False,2902
2924,2026-09-21,002709,-0.0067832587534493172,False,2903
2925,2026-09-21,601137,-0.0097324532927993979,False,2904
2926,2026-09-21,688286,-0.0099536634621313347,False,2905
2927,2026-09-21,300298,-0.01087857063598141,False,2906
2928,2026-09-21,300773,-0.012686410497765532,False,2907
2929,2026-09-21,688788,-0.012886259375085363,False,2908
2930,2026-09-21,000049,-0.014420645830221401,False,2909
2931,2026-09-21,002926,-0.015936948787827254,False,2910
2932,2026-09-21,601908,-0.017079657224958023,False,2911
2933,2026-09-21,688119,-0.017913057488602058,False,2912
2934,2026-09-21,601126,-0.01974972929274621,False,2913
2935,2026-09-21,000778,-0.020605873978777556,False,2914
2936,2026-09-21,300316,-0.025263584590280108,False,2915
2937,2026-09-21,300983,-0.025820092213654,False,2916
2938,2026-09-21,301237,-0.029278027378139115,False,2917
2939,2026-09-21,301408,-0.031138269054177492,False,2918
2940,2026-09-21,000777,-0.033779261888268519,False,2919
2941,2026-09-21,600784,-0.036359128033933041,False,2920
2942,2026-09-21,300629,-0.036468129247900327,False,2921
2943,2026-09-21,002006,-0.03757134232994308,False,2922
2944,2026-09-21,600271,-0.043218545946644649,False,2923
2945,2026-09-21,603893,-0.043501619069273301,False,2924
2946,2026-09-21,688609,-0.04391489304700269,False,2925
2947,2026-09-21,301638,-0.046446337259274773,False,2926
2948,2026-09-21,002351,-0.046673496169472695,False,2927
2949,2026-09-21,003030,-0.047343145721950641,False,2928
2950,2026-09-21,688305,-0.05318138730073102,False,2929
2951,2026-09-21,688027,-0.054654760613247255,False,2930
2952,2026-09-21,603801,-0.059595313311741505,False,2931
2953,2026-09-21,603917,-0.060944052399196202,False,2932
2954,2026-09-21,603366,-0.065719150003406668,False,2933
2955,2026-09-21,002208,-0.06917625985876974,False,2934
2956,2026-09-21,002947,-0.069375771065705027,False,2935
2957,2026-09-21,600787,-0.071259516654065935,False,2936
2958,2026-09-21,600826,-0.07261467193975979,False,2937
2959,2026-09-21,300595,-0.07350189212918784,False,2938
2960,2026-09-21,603610,-0.073761257627871224,False,2939
2961,2026-09-21,300293,-0.073853115430681737,False,2940
2962,2026-09-21,002733,-0.074818116178802407,False,2941
2963,2026-09-21,688270,-0.077108325049665805,False,2942
2964,2026-09-21,301053,-0.077371195554181593,False,2943
2965,2026-09-21,300287,-0.082140460938616267,False,2944
2966,2026-09-21,300026,-0.082630955405157802,False,2945
2967,2026-09-21,688201,-0.086222854181801312,False,2946
2968,2026-09-21,301499,-0.08748905867382073,False,2947
2969,2026-09-21,300383,-0.08869552265166919,False,2948
2970,2026-09-21,301067,-0.088867752557085344,False,2949
2971,2026-09-21,002455,-0.089110779188865674,False,2950
2972,2026-09-21,300239,-0.089755374161281543,False,2951
2973,2026-09-21,600037,-0.091600996936025858,False,2952
2974,2026-09-21,688275,-0.091705105456185598,False,2953
2975,2026-09-21,000637,-0.094746674838701139,False,2954
2976,2026-09-21,600961,-0.094750089237744695,False,2955
2977,2026-09-21,300393,-0.095455904896987076,False,2956
2978,2026-09-21,300124,-0.097020374800913439,False,2957
2979,2026-09-21,600654,-0.097315517709985144,False,2958
2980,2026-09-21,600521,-0.10009808431022649,False,2959
2981,2026-09-21,600867,-0.10039459214788726,False,2960
2982,2026-09-21,603557,-0.10237510990306209,False,2961
2983,2026-09-21,603659,-0.10256417750265601,False,2962
2984,2026-09-21,000876,-0.10263240991136413,False,2963
2985,2026-09-21,301002,-0.10512173093096,False,2964
2986,2026-09-21,601069,-0.10707760301744595,False,2965
2987,2026-09-21,300265,-0.10879297517666076,False,2966
2988,2026-09-21,000060,-0.11052195471417425,False,2967
2989,2026-09-21,688419,-0.11835528844878485,False,2968
2990,2026-09-21,300692,-0.12304439165805536,False,2969
2991,2026-09-21,603090,-0.12317720092491835,False,2970
2992,2026-09-21,002225,-0.12534004513569907,False,2971
2993,2026-09-21,002301,-0.12620799373287062,False,2972
2994,2026-09-21,002198,-0.12806113627209381,False,2973
2995,2026-09-21,002152,-0.12865706049212777,False,2974
2996,2026-09-21,688228,-0.12979550428608988,False,2975
2997,2026-09-21,300542,-0.13006886600813777,False,2976
2998,2026-09-21,002961,-0.13226521271247371,False,2977
2999,2026-09-21,300181,-0.13561993258835991,False,2978
3000,2026-09-21,603158,-0.1376942552346363,False,2979
3001,2026-09-21,000676,-0.13936236613858233,False,2980
3002,2026-09-21,603927,-0.13989755685426797,False,2981
3003,2026-09-21,601860,-0.14257463395143977,False,2982
3004,2026-09-21,600452,-0.14315143497383909,False,2983
3005,2026-09-21,300769,-0.14811619886792948,False,2984
3006,2026-09-21,603035,-0.14813909578496087,False,2985
3007,2026-09-21,603178,-0.14919099669370794,False,2986
3008,2026-09-21,300861,-0.15090744762544225,False,2987
3009,2026-09-21,603637,-0.15187926637034443,False,2988
3010,2026-09-21,002387,-0.15301994935769447,False,2989
3011,2026-09-21,300516,-0.15492849152529675,False,2990
3012,2026-09-21,300296,-0.15553272722074118,False,2991
3013,2026-09-21,000686,-0.1561793963704623,False,2992
3014,2026-09-21,300615,-0.1581479101067651,False,2993
3015,2026-09-21,600745,-0.16220545799098082,False,2994
3016,2026-09-21,002527,-0.16423498647723311,False,2995
3017,2026-09-21,688005,-0.16794949288135852,False,2996
3018,2026-09-21,002895,-0.17014462484300807,False,2997
3019,2026-09-21,000635,-0.17088278831573955,False,2998
3020,2026-09-21,605255,-0.17141727428324183,False,2999
3021,2026-09-21,601777,-0.17188424865095309,False,3000
3022,2026-09-21,600456,-0.17227741748639946,False,3001
3023,2026-09-21,600928,-0.17245740551445188,False,3002
3024,2026-09-21,603599,-0.17287015050559246,False,3003
3025,2026-09-21,300340,-0.17340156017081032,False,3004
3026,2026-09-21,601106,-0.17590348825747232,False,3005
3027,2026-09-21,002064,-0.18023624322176834,False,3006
3028,2026-09-21,300284,-0.18039732149756937,False,3007
3029,2026-09-21,603608,-0.18542168238718704,False,3008
3030,2026-09-21,000786,-0.18692761280025372,False,3009
3031,2026-09-21,600578,-0.1876238372660326,False,3010
3032,2026-09-21,688591,-0.18972674809617374,False,3011
3033,2026-09-21,600530,-0.19100670841009393,False,3012
3034,2026-09-21,300571,-0.1913515587910779,False,3013
3035,2026-09-21,688356,-0.19347008025598056,False,3014
3036,2026-09-21,301585,-0.19421460439670857,False,3015
3037,2026-09-21,300948,-0.19565495915186393,False,3016
3038,2026-09-21,688151,-0.20221816162179007,False,3017
3039,2026-09-21,300128,-0.2035655244634309,False,3018
3040,2026-09-21,300963,-0.20624312848773962,False,3019
3041,2026-09-21,301238,-0.20798999148231756,False,3020
3042,2026-09-21,688389,-0.21251897723652857,False,3021
3043,2026-09-21,300826,-0.21500714191260273,False,3022
3044,2026-09-21,688102,-0.2155229731412307,False,3023
3045,2026-09-21,001396,-0.22791443472215045,False,3024
3046,2026-09-21,600480,-0.23779204062047299,False,3025
3047,2026-09-21,002611,-0.23960246651214101,False,3026
3048,2026-09-21,003005,-0.24423961478472767,False,3027
3049,2026-09-21,002526,-0.24471444886409577,False,3028
3050,2026-09-21,688310,-0.24504646808414887,False,3029
3051,2026-09-21,600150,-0.24561573987517088,False,3030
3052,2026-09-21,600966,-0.24664743311900361,False,3031
3053,2026-09-21,301172,-0.25480526221038502,False,3032
3054,2026-09-21,000852,-0.25500402710398618,False,3033
3055,2026-09-21,600211,-0.25525563417487229,False,3034
3056,2026-09-21,600367,-0.25549568800428579,False,3035
3057,2026-09-21,300291,-0.25651775595534465,False,3036
3058,2026-09-21,000525,-0.25882482707481497,False,3037
3059,2026-09-21,600438,-0.25925129651835688,False,3038
3060,2026-09-21,300253,-0.26867091794717524,False,3039
3061,2026-09-21,002989,-0.27202267398407232,False,3040
3062,2026-09-21,300008,-0.27419230874014799,False,3041
3063,2026-09-21,000860,-0.27525968797546496,False,3042
3064,2026-09-21,300673,-0.27838037392342696,False,3043
3065,2026-09-21,300793,-0.28217253042058943,False,3044
3066,2026-09-21,002123,-0.28283633761325144,False,3045
3067,2026-09-21,688016,-0.28890323345509739,False,3046
3068,2026-09-21,688488,-0.28896385106942013,False,3047
3069,2026-09-21,002037,-0.28969567851168343,False,3048
3070,2026-09-21,688063,-0.2905454226882373,False,3049
3071,2026-09-21,300416,-0.29540685666902333,False,3050
3072,2026-09-21,002305,-0.30045236608078962,False,3051
3073,2026-09-21,300005,-0.30290516658863487,False,3052
3074,2026-09-21,600537,-0.30323965174643563,False,3053
3075,2026-09-21,600984,-0.3034804779078506,False,3054
3076,2026-09-21,002235,-0.30386658723677251,False,3055
3077,2026-09-21,001390,-0.30407196510565948,False,3056
3078,2026-09-21,002983,-0.30519386605919779,False,3057
3079,2026-09-21,002404,-0.30708645725134232,False,3058
3080,2026-09-21,300225,-0.31233628851273787,False,3059
3081,2026-09-21,600720,-0.31482023856296815,False,3060
3082,2026-09-21,300183,-0.31637145338424366,False,3061
3083,2026-09-21,603667,-0.31930261117899272,False,3062
3084,2026-09-21,300955,-0.32197863097583684,False,3063
3085,2026-09-21,603669,-0.32369678931093215,False,3064
3086,2026-09-21,603155,-0.32369777405324518,False,3065
3087,2026-09-21,301622,-0.32537814797974951,False,3066
3088,2026-09-21,603528,-0.32585063500200873,False,3067
3089,2026-09-21,688425,-0.33243850911081196,False,3068
3090,2026-09-21,300229,-0.33345250338547294,False,3069
3091,2026-09-21,300152,-0.33618860717066268,False,3070
3092,2026-09-21,300365,-0.33689508084990649,False,3071
3093,2026-09-21,688693,-0.33992029889749942,False,3072
3094,2026-09-21,002759,-0.34035308435936784,False,3073
3095,2026-09-21,603683,-0.3407986599914683,False,3074
3096,2026-09-21,688667,-0.34163456777975409,False,3075
3097,2026-09-21,002786,-0.34454773294935048,False,3076
3098,2026-09-21,300588,-0.34668974696766153,False,3077
3099,2026-09-21,002150,-0.34813942863084946,False,3078
3100,2026-09-21,688484,-0.34955654465087371,False,3079
3101,2026-09-21,002049,-0.35541760366352193,False,3080
3102,2026-09-21,002131,-0.35685500700264472,False,3081
3103,2026-09-21,300772,-0.35818044452261805,False,3082
3104,2026-09-21,301486,-0.35882227704988168,False,3083
3105,2026-09-21,300219,-0.3623136176175496,False,3084
3106,2026-09-21,002200,-0.36627141891944692,False,3085
3107,2026-09-21,000065,-0.36653098657734429,False,3086
3108,2026-09-21,000901,-0.36708889578939491,False,3087
3109,2026-09-21,301633,-0.36917320008264465,False,3088
3110,2026-09-21,002899,-0.37517927401729767,False,3089
3111,2026-09-21,600728,-0.37839378218784669,False,3090
3112,2026-09-21,605066,-0.38018906189955048,False,3091
3113,2026-09-21,688236,-0.38028321324951342,False,3092
3114,2026-09-21,688559,-0.38309403419483856,False,3093
3115,2026-09-21,002792,-0.3837763000289236,True,
3116,2026-09-21,300992,-0.38496852019421812,False,3094
3117,2026-09-21,603187,-0.38585670846577313,False,3095
3118,2026-09-21,002334,-0.38903079239448957,False,3096
3119,2026-09-21,603538,-0.39149058646207102,False,3097
3120,2026-09-21,600559,-0.39323726280104365,False,3098
3121,2026-09-21,300018,-0.39523597706409297,False,3099
3122,2026-09-21,600585,-0.39699860574725765,False,3100
3123,2026-09-21,688489,-0.3990874433999908,False,3101
3124,2026-09-21,603713,-0.39908779099324643,False,3102
3125,2026-09-21,600710,-0.40075750670925259,False,3103
3126,2026-09-21,000752,-0.40142086018971446,False,3104
3127,2026-09-21,002534,-0.4032071638130339,False,3105
3128,2026-09-21,688685,-0.40688609859597369,False,3106
3129,2026-09-21,000058,-0.40799833835751742,False,3107
3130,2026-09-21,300317,-0.41154452131319808,False,3108
3131,2026-09-21,301110,-0.413852916429573,False,3109
3132,2026-09-21,300740,-0.41687245999076794,False,3110
3133,2026-09-21,600877,-0.41867831792085952,False,3111
3134,2026-09-21,603103,-0.41995256257104152,False,3112
3135,2026-09-21,300158,-0.42288870485959773,False,3113
3136,2026-09-21,000736,-0.4306192285034498,False,3114
3137,2026-09-21,300093,-0.43659497474637377,False,3115
3138,2026-09-21,301382,-0.4377476956283437,False,3116
3139,2026-09-21,600356,-0.44369409830391926,False,3117
3140,2026-09-21,000797,-0.44811753948227995,False,3118
3141,2026-09-21,300729,-0.44940232287200582,False,3119
3142,2026-09-21,688778,-0.45021932992018421,False,3120
3143,2026-09-21,600742,-0.45468350340563535,False,3121
3144,2026-09-21,002135,-0.45641694155348561,False,3122
3145,2026-09-21,300957,-0.45665886387238652,False,3123
3146,2026-09-21,603122,-0.45705899777331682,False,3124
3147,2026-09-21,000723,-0.45739931330715078,False,3125
3148,2026-09-21,601096,-0.45956694150897226,False,3126
3149,2026-09-21,601066,-0.46373115054508462,False,3127
3150,2026-09-21,002191,-0.4663915958782876,False,3128
3151,2026-09-21,600201,-0.47375246920797065,False,3129
3152,2026-09-21,603357,-0.48143995558861907,False,3130
3153,2026-09-21,688351,-0.48371802038352385,False,3131
3154,2026-09-21,688455,-0.48445896731258198,False,3132
3155,2026-09-21,002707,-0.48531151488367286,False,3133
3156,2026-09-21,002823,-0.49172444427083772,False,3134
3157,2026-09-21,603000,-0.49339946683531399,False,3135
3158,2026-09-21,601778,-0.49441861163894696,False,3136
3159,2026-09-21,300446,-0.49656086874431227,False,3137
3160,2026-09-21,000536,-0.49705912191806556,False,3138
3161,2026-09-21,603049,-0.49857283939744867,False,3139
3162,2026-09-21,600390,-0.50239530483235706,False,3140
3163,2026-09-21,600613,-0.50410591371028168,True,
3164,2026-09-21,300402,-0.50919443207327753,False,3141
3165,2026-09-21,603596,-0.51047092376534375,False,3142
3166,2026-09-21,600580,-0.51163838015665974,False,3143
3167,2026-09-21,688249,-0.51451835925183254,False,3144
3168,2026-09-21,002236,-0.51857143831531483,False,3145
3169,2026-09-21,603681,-0.51886683688317781,False,3146
3170,2026-09-21,688083,-0.51919869002941266,False,3147
3171,2026-09-21,002544,-0.52009421115368581,False,3148
3172,2026-09-21,688186,-0.52282972086940549,False,3149
3173,2026-09-21,300753,-0.5235177300374747,False,3150
3174,2026-09-21,603829,-0.52570563253465741,False,3151
3175,2026-09-21,000530,-0.52665486261475181,False,3152
3176,2026-09-21,000600,-0.52721108017453988,False,3153
3177,2026-09-21,301128,-0.5285654477203694,False,3154
3178,2026-09-21,000958,-0.53498488539697941,False,3155
3179,2026-09-21,600273,-0.5379008303642272,False,3156
3180,2026-09-21,002174,-0.54146706825930613,False,3157
3181,2026-09-21,300246,-0.54246962399147292,False,3158
3182,2026-09-21,002223,-0.54562074158558038,False,3159
3183,2026-09-21,002024,-0.54606174454509393,False,3160
3184,2026-09-21,603025,-0.54663982252891752,False,3161
3185,2026-09-21,600266,-0.55532085142572229,False,3162
3186,2026-09-21,603370,-0.55924514625032096,False,3163
3187,2026-09-21,300046,-0.56457557651739054,False,3164
3188,2026-09-21,002724,-0.56636195015544755,True,
3189,2026-09-21,605398,-0.56781196731537353,False,3165
3190,2026-09-21,000156,-0.56942681384699045,False,3166
3191,2026-09-21,603969,-0.57025591605158998,False,3167
3192,2026-09-21,301617,-0.57045633473237767,False,3168
3193,2026-09-21,301551,-0.57283955161834688,False,3169
3194,2026-09-21,300470,-0.57566230558742171,False,3170
3195,2026-09-21,301525,-0.57599134495202486,False,3171
3196,2026-09-21,002921,-0.58056661845756063,False,3172
3197,2026-09-21,603799,-0.59060681067465981,False,3173
3198,2026-09-21,688798,-0.59138233159957299,False,3174
3199,2026-09-21,600089,-0.59702366743248692,False,3175
3200,2026-09-21,300203,-0.59777908686512715,False,3176
3201,2026-09-21,002858,-0.60139113671630295,False,3177
3202,2026-09-21,688207,-0.60169374153304012,False,3178
3203,2026-09-21,002466,-0.6018328505221443,False,3179
3204,2026-09-21,002059,-0.60445414612019321,False,3180
3205,2026-09-21,301219,-0.60512696242209896,False,3181
3206,2026-09-21,300497,-0.60551523988808897,False,3182
3207,2026-09-21,002173,-0.60718939151080731,False,3183
3208,2026-09-21,000591,-0.60750394883771497,False,3184
3209,2026-09-21,300234,-0.60891232976587673,False,3185
3210,2026-09-21,601886,-0.61425238522559533,False,3186
3211,2026-09-21,000652,-0.61653986360047064,False,3187
3212,2026-09-21,000738,-0.61662716963593744,False,3188
3213,2026-09-21,688376,-0.61682037332495998,False,3189
3214,2026-09-21,002715,-0.62003885947904769,False,3190
3215,2026-09-21,000582,-0.6210505087860132,False,3191
3216,2026-09-21,600058,-0.6211730370576295,False,3192
3217,2026-09-21,688584,-0.62252521409785189,False,3193
3218,2026-09-21,603508,-0.62266919764126616,False,3194
3219,2026-09-21,688107,-0.62450765695962329,False,3195
3220,2026-09-21,000504,-0.62496960080537467,True,
3221,2026-09-21,688116,-0.62573291422511557,False,3196
3222,2026-09-21,600691,-0.62725700759431435,False,3197
3223,2026-09-21,688567,-0.62819321090221436,False,3198
3224,2026-09-21,603207,-0.63149223511575792,False,3199
3225,2026-09-21,300041,-0.63618064791780804,False,3200
3226,2026-09-21,300213,-0.63875620202745731,False,3201
3227,2026-09-21,301248,-0.64181714278103374,False,3202
3228,2026-09-21,301195,-0.64214858388616225,False,3203
3229,2026-09-21,300011,-0.64562767795030385,False,3204
3230,2026-09-21,002550,-0.64752140759273591,False,3205
3231,2026-09-21,601108,-0.64945465429464999,False,3206
3232,2026-09-21,301130,-0.65002923709523741,False,3207
3233,2026-09-21,300532,-0.65233788135272608,False,3208
3234,2026-09-21,300160,-0.65621513712494206,False,3209
3235,2026-09-21,300057,-0.66334634925837677,False,3210
3236,2026-09-21,600637,-0.67371378786478098,False,3211
3237,2026-09-21,000791,-0.67376172957717329,False,3212
3238,2026-09-21,688599,-0.67381480248445336,False,3213
3239,2026-09-21,000989,-0.67387130086460001,False,3214
3240,2026-09-21,605008,-0.67424064447007237,False,3215
3241,2026-09-21,600056,-0.67609734879112093,False,3216
3242,2026-09-21,001380,-0.67843810376009728,False,3217
3243,2026-09-21,600533,-0.68949340064151343,False,3218
3244,2026-09-21,601601,-0.69402554503447389,False,3219
3245,2026-09-21,300905,-0.69497181844822009,False,3220
3246,2026-09-21,600120,-0.69892720325020008,False,3221
3247,2026-09-21,603272,-0.70214896309590236,False,3222
3248,2026-09-21,600568,-0.70226594318143687,False,3223
3249,2026-09-21,600268,-0.70412831377085217,False,3224
3250,2026-09-21,600612,-0.71096790694993572,False,3225
3251,2026-09-21,002777,-0.71185877630199779,False,3226
3252,2026-09-21,002510,-0.71539124198733905,False,3227
3253,2026-09-21,300918,-0.71658628334676366,False,3228
3254,2026-09-21,601456,-0.71770791771584386,False,3229
3255,2026-09-21,000898,-0.72521418907832935,False,3230
3256,2026-09-21,601003,-0.72559158575567162,False,3231
3257,2026-09-21,002674,-0.72698312085082883,False,3232
3258,2026-09-21,600850,-0.72745253295497658,False,3233
3259,2026-09-21,600248,-0.72788539537775288,False,3234
3260,2026-09-21,300047,-0.72818613260329412,False,3235
3261,2026-09-21,301215,-0.72825080002719456,False,3236
3262,2026-09-21,003018,-0.72956831864928562,False,3237
3263,2026-09-21,002425,-0.72995769544129385,False,3238
3264,2026-09-21,000659,-0.73157461810753821,False,3239
3265,2026-09-21,002215,-0.73199480445108411,False,3240
3266,2026-09-21,300528,-0.73327320477902957,False,3241
3267,2026-09-21,301107,-0.73486604327006577,False,3242
3268,2026-09-21,601377,-0.73836834741409707,False,3243
3269,2026-09-21,300058,-0.74278386366513094,False,3244
3270,2026-09-21,301096,-0.74324438869347098,False,3245
3271,2026-09-21,300554,-0.74483480526369483,False,3246
3272,2026-09-21,600776,-0.75033006571873617,False,3247
3273,2026-09-21,603277,-0.75395644419965246,False,3248
3274,2026-09-21,001210,-0.75523152643231128,False,3249
3275,2026-09-21,301149,-0.75648590173400931,False,3250
3276,2026-09-21,688750,-0.75763681988275855,False,3251
3277,2026-09-21,301081,-0.76470596415377268,False,3252
3278,2026-09-21,300650,-0.7675778370710018,False,3253
3279,2026-09-21,603078,-0.76971869625961942,False,3254
3280,2026-09-21,002048,-0.77010549592340738,False,3255
3281,2026-09-21,300876,-0.77051774202901702,False,3256
3282,2026-09-21,603380,-0.77821978289732707,False,3257
3283,2026-09-21,002958,-0.77980977310955724,False,3258
3284,2026-09-21,688226,-0.78085901643085198,False,3259
3285,2026-09-21,688571,-0.78456821626147277,False,3260
3286,2026-09-21,002274,-0.78508504482887909,False,3261
3287,2026-09-21,300074,-0.78855584554578373,False,3262
3288,2026-09-21,000682,-0.7916894776897726,False,3263
3289,2026-09-21,002686,-0.79197453518842842,False,3264
3290,2026-09-21,688051,-0.79594130640641514,False,3265
3291,2026-09-21,002028,-0.7980590252654991,False,3266
3292,2026-09-21,688601,-0.80587269056882205,False,3267
3293,2026-09-21,300167,-0.81121256082816995,False,3268
3294,2026-09-21,300748,-0.82533156744174896,False,3269
3295,2026-09-21,002240,-0.82599710567696749,False,3270
3296,2026-09-21,000825,-0.83004187940205321,False,3271
3297,2026-09-21,603283,-0.83156735251257041,False,3272
3298,2026-09-21,300866,-0.83842478080797433,False,3273
3299,2026-09-21,300696,-0.83924610226206964,False,3274
3300,2026-09-21,002997,-0.83943766828444111,False,3275
3301,2026-09-21,000795,-0.83960464210428043,False,3276
3302,2026-09-21,688036,-0.83988750635696929,False,3277
3303,2026-09-21,688657,-0.84499434572106358,False,3278
3304,2026-09-21,002991,-0.84566346810843784,False,3279
3305,2026-09-21,300389,-0.85450467441231381,False,3280
3306,2026-09-21,301356,-0.85593462686483646,False,3281
3307,2026-09-21,600635,-0.86005881009306595,False,3282
3308,2026-09-21,603955,-0.86020692208031813,False,3283
3309,2026-09-21,688479,-0.86094723389376748,False,3284
3310,2026-09-21,300712,-0.86545714217507341,False,3285
3311,2026-09-21,600663,-0.86720730002849078,False,3286
3312,2026-09-21,002928,-0.868131868909363,False,3287
3313,2026-09-21,605168,-0.869189064385953,False,3288
3314,2026-09-21,002811,-0.86932722477647695,False,3289
3315,2026-09-21,603931,-0.87376968236390251,False,3290
3316,2026-09-21,300842,-0.87488192980290513,False,3291
3317,2026-09-21,605336,-0.87753783508662919,False,3292
3318,2026-09-21,603529,-0.87973773302737956,False,3293
3319,2026-09-21,601609,-0.88169235022044523,False,3294
3320,2026-09-21,001270,-0.88472399008102043,False,3295
3321,2026-09-21,300643,-0.88590404581535853,False,3296
3322,2026-09-21,688172,-0.88859680549158693,False,3297
3323,2026-09-21,000166,-0.89511045392079869,False,3298
3324,2026-09-21,600699,-0.89597308922529684,False,3299
3325,2026-09-21,688805,-0.89905415799801647,False,3300
3326,2026-09-21,600916,-0.90207503344146334,False,3301
3327,2026-09-21,002426,-0.9022905511005721,False,3302
3328,2026-09-21,603871,-0.90469376214240105,False,3303
3329,2026-09-21,600651,-0.90526135087818937,False,3304
3330,2026-09-21,300558,-0.9089576593196389,False,3305
3331,2026-09-21,688699,-0.91402037585276696,False,3306
3332,2026-09-21,600719,-0.91692953709912661,False,3307
3333,2026-09-21,000703,-0.91795692297281439,False,3308
3334,2026-09-21,601881,-0.92195079259880508,False,3309
3335,2026-09-21,688306,-0.92209409023648714,False,3310
3336,2026-09-21,603589,-0.92661505611600015,False,3311
3337,2026-09-21,600406,-0.92690794531739662,False,3312
3338,2026-09-21,300001,-0.9270055120006272,False,3313
3339,2026-09-21,000728,-0.93069933536864025,False,3314
3340,2026-09-21,301348,-0.93222178526426758,False,3315
3341,2026-09-21,600958,-0.9324594331110726,False,3316
3342,2026-09-21,300576,-0.9327987809918965,False,3317
3343,2026-09-21,600973,-0.93353789066213611,False,3318
3344,2026-09-21,002056,-0.93456103447358041,False,3319
3345,2026-09-21,600622,-0.93797385943534606,False,3320
3346,2026-09-21,600977,-0.94365192100526252,False,3321
3347,2026-09-21,603577,-0.94928334843162898,False,3322
3348,2026-09-21,600267,-0.95065010656134152,False,3323
3349,2026-09-21,688639,-0.95154788707570059,False,3324
3350,2026-09-21,300562,-0.95157873671176352,False,3325
3351,2026-09-21,002034,-0.95368017667033467,False,3326
3352,2026-09-21,603355,-0.95373508843652099,False,3327
3353,2026-09-21,600078,-0.95573339190831064,False,3328
3354,2026-09-21,300687,-0.95838467392860949,False,3329
3355,2026-09-21,002050,-0.95964492103630361,False,3330
3356,2026-09-21,600558,-0.9606832402051888,False,3331
3357,2026-09-21,300690,-0.96219434785355529,False,3332
3358,2026-09-21,601991,-0.96225707720232156,False,3333
3359,2026-09-21,600171,-0.96452333872437412,False,3334
3360,2026-09-21,603005,-0.96604431173335836,False,3335
3361,2026-09-21,601117,-0.9671232885159442,False,3336
3362,2026-09-21,000099,-0.96860770911372285,False,3337
3363,2026-09-21,300540,-0.97046324511626336,False,3338
3364,2026-09-21,300580,-0.97453643328236961,False,3339
3365,2026-09-21,600062,-0.97769388727641526,False,3340
3366,2026-09-21,688543,-0.9778133267182243,False,3341
3367,2026-09-21,688234,-0.97868699077477705,False,3342
3368,2026-09-21,603181,-0.97962993417584276,False,3343
3369,2026-09-21,688199,-0.98007106830226798,False,3344
3370,2026-09-21,601127,-0.98419861276383203,False,3345
3371,2026-09-21,603309,-0.98552550008003326,False,3346
3372,2026-09-21,301106,-0.98777312263077732,False,3347
3373,2026-09-21,603838,-0.98998160430404547,False,3348
3374,2026-09-21,300428,-0.9909220738653115,False,3349
3375,2026-09-21,601136,-0.99390830228080174,False,3350
3376,2026-09-21,688023,-0.9941754815228272,False,3351
3377,2026-09-21,688702,-0.99539786463244462,False,3352
3378,2026-09-21,600879,-0.99781699400116253,False,3353
3379,2026-09-21,301308,-1.0000748327834885,False,3354
3380,2026-09-21,001248,-1.0049487013286265,False,3355
3381,2026-09-21,688696,-1.0138251805178786,False,3356
3382,2026-09-21,301606,-1.0142734288370585,False,3357
3383,2026-09-21,301328,-1.0212422521577165,False,3358
3384,2026-09-21,300360,-1.0223921319542102,False,3359
3385,2026-09-21,600362,-1.0260571531242122,False,3360
3386,2026-09-21,002869,-1.0282757477259314,True,
3387,2026-09-21,688721,-1.0354291659387647,False,3361
3388,2026-09-21,001312,-1.0363333589473083,False,3362
3389,2026-09-21,600925,-1.0390335327109512,False,3363
3390,2026-09-21,300069,-1.0414802872795406,False,3364
3391,2026-09-21,301360,-1.041959892673312,False,3365
3392,2026-09-21,301557,-1.0426205159229238,False,3366
3393,2026-09-21,002625,-1.0431320108244737,False,3367
3394,2026-09-21,688120,-1.0444667496196627,False,3368
3395,2026-09-21,688518,-1.0479017303943472,False,3369
3396,2026-09-21,000750,-1.0515028988768904,False,3370
3397,2026-09-21,600218,-1.0590632714206989,True,
3398,2026-09-21,002658,-1.0601228495167054,False,3371
3399,2026-09-21,301306,-1.0621275832267334,False,3372
3400,2026-09-21,301267,-1.0662427536462307,False,3373
3401,2026-09-21,300822,-1.0679473786875771,False,3374
3402,2026-09-21,301235,-1.0685187715275437,False,3375
3403,2026-09-21,688510,-1.0686853588680978,False,3376
3404,2026-09-21,300762,-1.0700230266581552,False,3377
3405,2026-09-21,000063,-1.0700921968129791,False,3378
3406,2026-09-21,002368,-1.0860651545023146,False,3379
3407,2026-09-21,603040,-1.0874204268804228,False,3380
3408,2026-09-21,688019,-1.0899441960837524,False,3381
3409,2026-09-21,600233,-1.0908012477045086,False,3382
3410,2026-09-21,000829,-1.0927170356330538,True,
3411,2026-09-21,002403,-1.0942349778359801,False,3383
3412,2026-09-21,600653,-1.0962328704029662,False,3384
3413,2026-09-21,002993,-1.0969340128185301,False,3385
3414,2026-09-21,300109,-1.0983764026097218,False,3386
3415,2026-09-21,601231,-1.1004751341751402,False,3387
3416,2026-09-21,605118,-1.1008197856079411,False,3388
3417,2026-09-21,600930,-1.1081006540411693,False,3389
3418,2026-09-21,003010,-1.1085526916004527,False,3390
3419,2026-09-21,300034,-1.1120747507986743,False,3391
3420,2026-09-21,300170,-1.1180282686341889,False,3392
3421,2026-09-21,600399,-1.1214558622260387,False,3393
3422,2026-09-21,002158,-1.1269657556635022,False,3394
3423,2026-09-21,002590,-1.1321512031112397,False,3395
3424,2026-09-21,603418,-1.1332471848701475,False,3396
3425,2026-09-21,002163,-1.1388775887428588,False,3397
3426,2026-09-21,600372,-1.1393685071268567,False,3398
3427,2026-09-21,301339,-1.1404822403402721,False,3399
3428,2026-09-21,605100,-1.145927041958982,False,3400
3429,2026-09-21,003023,-1.1507675064847311,False,3401
3430,2026-09-21,002055,-1.1514644904809666,False,3402
3431,2026-09-21,001387,-1.1551438000048351,False,3403
3432,2026-09-21,002600,-1.156193979970719,False,3404
3433,2026-09-21,600332,-1.1593524741907277,False,3405
3434,2026-09-21,603166,-1.1600608697312644,False,3406
3435,2026-09-21,300320,-1.161767785623103,False,3407
3436,2026-09-21,600038,-1.1624297618641375,False,3408
3437,2026-09-21,000035,-1.1655975327460288,False,3409
3438,2026-09-21,603301,-1.1669080555994213,False,3410
3439,2026-09-21,300492,-1.1723621337446666,False,3411
3440,2026-09-21,688177,-1.1724705655886309,False,3412
3441,2026-09-21,300121,-1.1742514822267744,False,3413
3442,2026-09-21,688098,-1.1749787852191731,False,3414
3443,2026-09-21,000700,-1.182212169876975,False,3415
3444,2026-09-21,601868,-1.1822831373502716,False,3416
3445,2026-09-21,688818,-1.1824984261760161,False,3417
3446,2026-09-21,600460,-1.183580482737856,False,3418
3447,2026-09-21,600170,-1.1850475683762136,False,3419
3448,2026-09-21,000519,-1.1857786899467402,False,3420
3449,2026-09-21,301516,-1.1925977593205537,False,3421
3450,2026-09-21,603275,-1.1935270778596101,False,3422
3451,2026-09-21,300679,-1.1942714272085202,False,3423
3452,2026-09-21,605222,-1.1956184647212893,False,3424
3453,2026-09-21,688683,-1.1975437929096002,False,3425
3454,2026-09-21,688125,-1.198179473082738,False,3426
3455,2026-09-21,001236,-1.1990627477218001,False,3427
3456,2026-09-21,300217,-1.2064708759333729,False,3428
3457,2026-09-21,688155,-1.2067998608614898,False,3429
3458,2026-09-21,688139,-1.2076513390362884,False,3430
3459,2026-09-21,301489,-1.2076617690448623,False,3431
3460,2026-09-21,600255,-1.2077930368953362,False,3432
3461,2026-09-21,688252,-1.2083899236105022,False,3433
3462,2026-09-21,002246,-1.2128188800625632,True,
3463,2026-09-21,603382,-1.2141051729414305,False,3434
3464,2026-09-21,002806,-1.2170789263375603,False,3435
3465,2026-09-21,603079,-1.2178927910223925,False,3436
3466,2026-09-21,603260,-1.2187364808659606,False,3437
3467,2026-09-21,300738,-1.2198639360205639,False,3438
3468,2026-09-21,002283,-1.2211862053306348,False,3439
3469,2026-09-21,002312,-1.2220149888669454,False,3440
3470,2026-09-21,002077,-1.2227200322557379,False,3441
3471,2026-09-21,300222,-1.2251162693757709,False,3442
3472,2026-09-21,002842,-1.2339810115749796,False,3443
3473,2026-09-21,300311,-1.2354504227950844,False,3444
3474,2026-09-21,300613,-1.235984996533747,False,3445
3475,2026-09-21,000726,-1.2383644523588024,False,3446
3476,2026-09-21,300559,-1.2405528155602581,False,3447
3477,2026-09-21,600281,-1.2406943026354171,True,
3478,2026-09-21,301315,-1.2420174631547523,False,3448
3479,2026-09-21,002386,-1.2449520474405364,False,3449
3480,2026-09-21,300455,-1.2548887834972049,False,3450
3481,2026-09-21,300014,-1.2580046359800079,False,3451
3482,2026-09-21,603127,-1.2619994912579893,False,3452
3483,2026-09-21,300656,-1.2631522145188532,False,3453
3484,2026-09-21,300115,-1.264664056987356,False,3454
3485,2026-09-21,600862,-1.2647533062839242,False,3455
3486,2026-09-21,000420,-1.2671482081191963,False,3456
3487,2026-09-21,688367,-1.2676298265142589,False,3457
3488,2026-09-21,301630,-1.26938154985959,False,3458
3489,2026-09-21,002583,-1.2715905666531009,False,3459
3490,2026-09-21,300450,-1.2717433461314904,False,3460
3491,2026-09-21,688795,-1.2722672622540738,False,3461
3492,2026-09-21,600292,-1.2737663867093023,False,3462
3493,2026-09-21,603826,-1.2743032218735393,False,3463
3494,2026-09-21,002630,-1.2774051924280148,False,3464
3495,2026-09-21,301601,-1.2787360019303906,False,3465
3496,2026-09-21,600708,-1.2878064705098695,False,3466
3497,2026-09-21,000932,-1.2905611271085604,False,3467
3498,2026-09-21,300017,-1.2938236424790666,False,3468
3499,2026-09-21,300916,-1.2959741555267272,False,3469
3500,2026-09-21,000983,-1.2986809691921786,False,3470
3501,2026-09-21,688141,-1.2990876303009427,False,3471
3502,2026-09-21,688366,-1.3012406802229666,False,3472
3503,2026-09-21,688238,-1.3017448307980035,False,3473
3504,2026-09-21,600841,-1.3057221630520484,False,3474
3505,2026-09-21,001360,-1.3067758669978642,False,3475
3506,2026-09-21,000034,-1.3086099456142712,False,3476
3507,2026-09-21,300755,-1.3134062110235316,False,3477
3508,2026-09-21,000801,-1.3157596718497295,False,3478
3509,2026-09-21,300827,-1.3185191965423571,False,3479
3510,2026-09-21,000027,-1.3226339831420908,False,3480
3511,2026-09-21,002214,-1.3238105108453786,False,3481
3512,2026-09-21,002745,-1.328090677645424,False,3482
3513,2026-09-21,600673,-1.3297201693271932,False,3483
3514,2026-09-21,301282,-1.3351966728118456,False,3484
3515,2026-09-21,603658,-1.3359508319642535,False,3485
3516,2026-09-21,301707,-1.3420782170133716,False,3486
3517,2026-09-21,002702,-1.3428385557695774,False,3487
3518,2026-09-21,688307,-1.3489053090507777,False,3488
3519,2026-09-21,601899,-1.3517977604012494,False,3489
3520,2026-09-21,688187,-1.3567550679626417,False,3490
3521,2026-09-21,002797,-1.3665971236358412,False,3491
3522,2026-09-21,300292,-1.3752104636585893,False,3492
3523,2026-09-21,688217,-1.3800039618374444,False,3493
3524,2026-09-21,300180,-1.3849191227975819,False,3494
3525,2026-09-21,001339,-1.3896799807503522,False,3495
3526,2026-09-21,300044,-1.3906477194167224,False,3496
3527,2026-09-21,002377,-1.3909372974189282,False,3497
3528,2026-09-21,300623,-1.3926597718526867,False,3498
3529,2026-09-21,002614,-1.3958466192228038,True,
3530,2026-09-21,300655,-1.3961144979732345,False,3499
3531,2026-09-21,600623,-1.3986957306112124,False,3500
3532,2026-09-21,301446,-1.4002207311065429,False,3501
3533,2026-09-21,300815,-1.4034214276728891,False,3502
3534,2026-09-21,300248,-1.4037574444734875,False,3503
3535,2026-09-21,688652,-1.4045499940206252,False,3504
3536,2026-09-21,000990,-1.4099578632905581,False,3505
3537,2026-09-21,002402,-1.4131320800801195,False,3506
3538,2026-09-21,300618,-1.4158764051128581,False,3507
3539,2026-09-21,688370,-1.419938054535604,False,3508
3540,2026-09-21,000885,-1.4209938388028744,False,3509
3541,2026-09-21,603929,-1.42426040729364,False,3510
3542,2026-09-21,688299,-1.4251399863070169,False,3511
3543,2026-09-21,600999,-1.4263491669113788,False,3512
3544,2026-09-21,002307,-1.4271988240549722,False,3513
3545,2026-09-21,600234,-1.4286470222958547,False,3514
3546,2026-09-21,300190,-1.431211245941328,False,3515
3547,2026-09-21,300182,-1.4327655363701557,False,3516
3548,2026-09-21,300804,-1.4337184195271764,False,3517
3549,2026-09-21,605020,-1.4405746833516901,False,3518
3550,2026-09-21,000915,-1.44149827458972,False,3519
3551,2026-09-21,300573,-1.4425584304988854,False,3520
3552,2026-09-21,603136,-1.4433919716179573,False,3521
3553,2026-09-21,300045,-1.4455744411967211,False,3522
3554,2026-09-21,688776,-1.4462194014346543,False,3523
3555,2026-09-21,002497,-1.4502925149279449,False,3524
3556,2026-09-21,000997,-1.4589272247521807,False,3525
3557,2026-09-21,000042,-1.4654172061044366,False,3526
3558,2026-09-21,300496,-1.4723532164486974,False,3527
3559,2026-09-21,603759,-1.4729647925672531,False,3528
3560,2026-09-21,603881,-1.4745589372566708,False,3529
3561,2026-09-21,300566,-1.4792249923115199,False,3530
3562,2026-09-21,001296,-1.4800615440129383,False,3531
3563,2026-09-21,300274,-1.4860893606951584,False,3532
3564,2026-09-21,603815,-1.4861340012431548,False,3533
3565,2026-09-21,600063,-1.4872386340891257,False,3534
3566,2026-09-21,300174,-1.4941440592723789,False,3535
3567,2026-09-21,001282,-1.495421256219839,False,3536
3568,2026-09-21,600131,-1.4982091072623605,False,3537
3569,2026-09-21,688387,-1.5012721061323044,False,3538
3570,2026-09-21,002261,-1.5023181698467023,False,3539
3571,2026-09-21,301608,-1.5034018838632786,False,3540
3572,2026-09-21,600726,-1.5038422021427449,False,3541
3573,2026-09-21,002140,-1.5043942105827652,False,3542
3574,2026-09-21,688689,-1.5047543603256592,False,3543
3575,2026-09-21,600779,-1.5082841031736975,False,3544
3576,2026-09-21,002393,-1.5093003295994587,False,3545
3577,2026-09-21,688301,-1.5103253342740977,False,3546
3578,2026-09-21,603183,-1.5192043225078207,False,3547
3579,2026-09-21,001238,-1.5233232955554996,False,3548
3580,2026-09-21,001306,-1.5263450189169148,False,3549
3581,2026-09-21,600308,-1.5273781607017787,False,3550
3582,2026-09-21,600884,-1.5277599472162,False,3551
3583,2026-09-21,301322,-1.528340320865726,False,3552
3584,2026-09-21,000923,-1.5293174177287163,False,3553
3585,2026-09-21,603707,-1.5317370443549105,False,3554
3586,2026-09-21,002204,-1.5373452357570385,False,3555
3587,2026-09-21,002043,-1.5413495163898419,False,3556
3588,2026-09-21,605090,-1.5429167327076678,False,3557
3589,2026-09-21,688398,-1.5452558155824092,False,3558
3590,2026-09-21,688368,-1.5468465643996003,False,3559
3591,2026-09-21,000850,-1.5484193149914236,False,3560
3592,2026-09-21,603828,-1.5519903778997168,False,3561
3593,2026-09-21,600590,-1.5594209212329946,False,3562
3594,2026-09-21,300515,-1.5601631973939405,False,3563
3595,2026-09-21,301387,-1.5645136726951732,False,3564
3596,2026-09-21,601089,-1.5732995965419327,False,3565
3597,2026-09-21,603966,-1.579618414385709,False,3566
3598,2026-09-21,300695,-1.5809848517385556,False,3567
3599,2026-09-21,000625,-1.5822653632125407,False,3568
3600,2026-09-21,300886,-1.5844468983160822,False,3569
3601,2026-09-21,002831,-1.5848567050194848,False,3570
3602,2026-09-21,600301,-1.5902671421957892,True,
3603,2026-09-21,688017,-1.5912342389879441,False,3571
3604,2026-09-21,300563,-1.5917192913463567,False,3572
3605,2026-09-21,002730,-1.5951235204272756,False,3573
3606,2026-09-21,605228,-1.5984073372527785,False,3574
3607,2026-09-21,000528,-1.5997915278614325,False,3575
3608,2026-09-21,002673,-1.6002174663182176,False,3576
3609,2026-09-21,600895,-1.6002300074151781,False,3577
3610,2026-09-21,600520,-1.6124276597502738,False,3578
3611,2026-09-21,002044,-1.6141026996524506,False,3579
3612,2026-09-21,600067,-1.6163046864003805,False,3580
3613,2026-09-21,603867,-1.6237024551229475,False,3581
3614,2026-09-21,603500,-1.6258502725208102,False,3582
3615,2026-09-21,300834,-1.6265305909969112,False,3583
3616,2026-09-21,600276,-1.6272864624882115,False,3584
3617,2026-09-21,002603,-1.6314385493562655,False,3585
3618,2026-09-21,688213,-1.6328804568769142,False,3586
3619,2026-09-21,003019,-1.6344476902545888,False,3587
3620,2026-09-21,002358,-1.6374680918848865,False,3588
3621,2026-09-21,603345,-1.6430149115950874,False,3589
3622,2026-09-21,002259,-1.6465560885667143,True,
3623,2026-09-21,002178,-1.6480609192524838,True,
3624,2026-09-21,600645,-1.6494779867184943,False,3590
3625,2026-09-21,000518,-1.6538295193206607,False,3591
3626,2026-09-21,300752,-1.6560973830598829,False,3592
3627,2026-09-21,600369,-1.6595523619760315,False,3593
3628,2026-09-21,600881,-1.6611821757052481,False,3594
3629,2026-09-21,600010,-1.6629503597715722,False,3595
3630,2026-09-21,688363,-1.6647714304996395,False,3596
3631,2026-09-21,301091,-1.6682252495645358,False,3597
3632,2026-09-21,000969,-1.6687206035144497,False,3598
3633,2026-09-21,603398,-1.6687923158697027,False,3599
3634,2026-09-21,603859,-1.6695646431301081,False,3600
3635,2026-09-21,300435,-1.6698834899243171,False,3601
3636,2026-09-21,603988,-1.6743914136047136,False,3602
3637,2026-09-21,301550,-1.6747260503259835,False,3603
3638,2026-09-21,600428,-1.6764817689089937,False,3604
3639,2026-09-21,002925,-1.6779487901788093,False,3605
3640,2026-09-21,600790,-1.6844895833505393,False,3606
3641,2026-09-21,300601,-1.6931132374687099,False,3607
3642,2026-09-21,601113,-1.6937212872338092,False,3608
3643,2026-09-21,605080,-1.6942008459478937,False,3609
3644,2026-09-21,001336,-1.6947906397502672,False,3610
3645,2026-09-21,603268,-1.70486311580758,False,3611
3646,2026-09-21,300245,-1.7089712472357184,False,3612
3647,2026-09-21,300586,-1.713930429821064,False,3613
3648,2026-09-21,600906,-1.7144643131235777,False,3614
3649,2026-09-21,600061,-1.7155665783714675,False,3615
3650,2026-09-21,600768,-1.7155665972577365,False,3616
3651,2026-09-21,688316,-1.7162305493636707,False,3617
3652,2026-09-21,688981,-1.7199913554803814,False,3618
3653,2026-09-21,000731,-1.7205636855286657,False,3619
3654,2026-09-21,600518,-1.7215488115961433,False,3620
3655,2026-09-21,600302,-1.7231905289962441,False,3621
3656,2026-09-21,300384,-1.7238025821307468,False,3622
3657,2026-09-21,300119,-1.7255988504998201,False,3623
3658,2026-09-21,300910,-1.7273476211825667,False,3624
3659,2026-09-21,600366,-1.7387176068558565,False,3625
3660,2026-09-21,002409,-1.7395745592572811,False,3626
3661,2026-09-21,002767,-1.7429689807415767,False,3627
3662,2026-09-21,002638,-1.7461524818162477,False,3628
3663,2026-09-21,688235,-1.7500152862937435,False,3629
3664,2026-09-21,300422,-1.7508889154381853,False,3630
3665,2026-09-21,688671,-1.7513388184778091,False,3631
3666,2026-09-21,301458,-1.7531706242214802,False,3632
3667,2026-09-21,300184,-1.7567626083725298,False,3633
3668,2026-09-21,300024,-1.7581980664974264,False,3634
3669,2026-09-21,600185,-1.7589554908094773,False,3635
3670,2026-09-21,001227,-1.7593170813710337,False,3636
3671,2026-09-21,600939,-1.759671105683853,False,3637
3672,2026-09-21,000661,-1.7656060378061915,False,3638
3673,2026-09-21,301616,-1.7719026033304515,False,3639
3674,2026-09-21,000877,-1.7764984185543615,False,3640
3675,2026-09-21,600435,-1.7766708713793578,False,3641
3676,2026-09-21,603590,-1.7773214455037234,False,3642
3677,2026-09-21,002317,-1.7779558520662828,False,3643
3678,2026-09-21,688099,-1.7787228999952693,False,3644
3679,2026-09-21,688182,-1.783031289903803,False,3645
3680,2026-09-21,000157,-1.7865227068049672,False,3646
3681,2026-09-21,000521,-1.7869662729102238,False,3647
3682,2026-09-21,002643,-1.7871063352011625,False,3648
3683,2026-09-21,300277,-1.7886486933308974,False,3649
3684,2026-09-21,688208,-1.7932324744831643,False,3650
3685,2026-09-21,003033,-1.796979046310887,False,3651
3686,2026-09-21,002602,-1.797775419066546,False,3652
3687,2026-09-21,002065,-1.8000920652566184,False,3653
3688,2026-09-21,688779,-1.8043065556041784,False,3654
3689,2026-09-21,600123,-1.805967500051805,False,3655
3690,2026-09-21,000050,-1.8065843302167401,False,3656
3691,2026-09-21,300531,-1.80697031296292,False,3657
3692,2026-09-21,688283,-1.8104231150320389,False,3658
3693,2026-09-21,000859,-1.8105474256507721,False,3659
3694,2026-09-21,601619,-1.8116585843945199,False,3660
3695,2026-09-21,688088,-1.8124620208727318,False,3661
3696,2026-09-21,688253,-1.812766167775784,False,3662
3697,2026-09-21,002326,-1.8149381171164509,False,3663
3698,2026-09-21,300192,-1.8154992963854455,False,3664
3699,2026-09-21,000681,-1.815643999170325,False,3665
3700,2026-09-21,688566,-1.8210216550709624,False,3666
3701,2026-09-21,688629,-1.8220941299072622,False,3667
3702,2026-09-21,600143,-1.8259940154928436,False,3668
3703,2026-09-21,300200,-1.828328204748054,False,3669
3704,2026-09-21,603222,-1.8289182730615465,False,3670
3705,2026-09-21,300634,-1.8298701435130411,False,3671
3706,2026-09-21,301193,-1.8401927924266515,False,3672
3707,2026-09-21,001280,-1.8402943162014582,False,3673
3708,2026-09-21,300698,-1.8456621016282868,False,3674
3709,2026-09-21,603051,-1.8463559238202629,False,3675
3710,2026-09-21,301207,-1.8481656404399618,False,3676
3711,2026-09-21,001287,-1.8519980041389896,False,3677
3712,2026-09-21,601101,-1.8537267826199901,False,3678
3713,2026-09-21,603010,-1.8577146119924928,False,3679
3714,2026-09-21,688349,-1.8597785302054701,False,3680
3715,2026-09-21,002675,-1.8607272138170423,False,3681
3716,2026-09-21,301011,-1.8687621953671019,False,3682
3717,2026-09-21,002976,-1.8838394945663599,False,3683
3718,2026-09-21,301050,-1.8846868475934342,False,3684
3719,2026-09-21,600816,-1.8853292301170175,False,3685
3720,2026-09-21,603082,-1.886560908291472,False,3686
3721,2026-09-21,688450,-1.8882353859658707,False,3687
3722,2026-09-21,002323,-1.8887556889924231,False,3688
3723,2026-09-21,000987,-1.8893529226427808,False,3689
3724,2026-09-21,600628,-1.8914315696137136,False,3690
3725,2026-09-21,600629,-1.8939802402726156,False,3691
3726,2026-09-21,300972,-1.8974630198471649,False,3692
3727,2026-09-21,688676,-1.8990711006768191,False,3693
3728,2026-09-21,300895,-1.9012808280314974,False,3694
3729,2026-09-21,000030,-1.9018742966294153,False,3695
3730,2026-09-21,001696,-1.9030383222574967,False,3696
3731,2026-09-21,300746,-1.9038487904964789,False,3697
3732,2026-09-21,301262,-1.9044807603299212,False,3698
3733,2026-09-21,300795,-1.9121439806248288,False,3699
3734,2026-09-21,002903,-1.9154953984080225,False,3700
3735,2026-09-21,603956,-1.918417339300126,False,3701
3736,2026-09-21,601828,-1.9220144526589511,False,3702
3737,2026-09-21,002019,-1.9335773734535631,False,3703
3738,2026-09-21,301269,-1.9368971105630257,False,3704
3739,2026-09-21,002446,-1.9394781650962285,False,3705
3740,2026-09-21,000679,-1.9452976594159075,False,3706
3741,2026-09-21,688065,-1.9459094747027064,False,3707
3742,2026-09-21,300668,-1.9577905801600499,False,3708
3743,2026-09-21,002262,-1.9585005000213016,False,3709
3744,2026-09-21,603712,-1.9590119477133476,False,3710
3745,2026-09-21,300015,-1.9593216770986306,False,3711
3746,2026-09-21,300009,-1.9599017842772293,False,3712
3747,2026-09-21,002097,-1.9603020295068434,False,3713
3748,2026-09-21,002594,-1.9608702369654067,False,3714
3749,2026-09-21,603444,-1.9610809660347661,False,3715
3750,2026-09-21,002119,-1.9610986421827916,False,3716
3751,2026-09-21,688002,-1.9611351102683936,False,3717
3752,2026-09-21,000810,-1.9638063040482052,False,3718
3753,2026-09-21,002881,-1.9641201881768353,False,3719
3754,2026-09-21,002482,-1.9734925227350346,False,3720
3755,2026-09-21,688646,-1.9746101057701519,False,3721
3756,2026-09-21,002486,-1.9752252026457193,False,3722
3757,2026-09-21,600739,-1.9920095695977418,False,3723
3758,2026-09-21,688686,-1.9937088567961174,False,3724
3759,2026-09-21,000725,-1.9968303833982737,False,3725
3760,2026-09-21,603156,-2.0003809870827731,False,3726
3761,2026-09-21,603703,-2.0043805740728624,False,3727
3762,2026-09-21,000882,-2.0067971990849673,False,3728
3763,2026-09-21,300904,-2.0084069097512587,False,3729
3764,2026-09-21,000960,-2.0087078238239715,False,3730
3765,2026-09-21,000831,-2.0097530558271552,False,3731
3766,2026-09-21,301178,-2.0196415209281882,False,3732
3767,2026-09-21,000055,-2.0197902355119024,False,3733
3768,2026-09-21,002203,-2.0276719146037991,False,3734
3769,2026-09-21,300778,-2.0330848866283668,False,3735
3770,2026-09-21,300733,-2.0334714603368127,False,3736
3771,2026-09-21,002860,-2.0398947316491411,True,
3772,2026-09-21,300493,-2.0407338696000865,False,3737
3773,2026-09-21,600927,-2.0431337717005635,False,3738
3774,2026-09-21,300037,-2.0480696471806219,False,3739
3775,2026-09-21,600885,-2.0536844080645316,False,3740
3776,2026-09-21,300429,-2.054266220833957,False,3741
3777,2026-09-21,603201,-2.0602991896541334,False,3742
3778,2026-09-21,603997,-2.0626785916700516,False,3743
3779,2026-09-21,000920,-2.0627071552663563,False,3744
3780,2026-09-21,603337,-2.0630808071167017,False,3745
3781,2026-09-21,301017,-2.0691634445431197,False,3746
3782,2026-09-21,688303,-2.0711678100480277,False,3747
3783,2026-09-21,603291,-2.0740556939854047,False,3748
3784,2026-09-21,603527,-2.0823981684073609,False,3749
3785,2026-09-21,002457,-2.0901532502895144,False,3750
3786,2026-09-21,002996,-2.092168626232346,False,3751
3787,2026-09-21,300235,-2.0939834980860552,False,3752
3788,2026-09-21,688598,-2.0957335929306407,False,3753
3789,2026-09-21,688126,-2.0958712025120265,False,3754
3790,2026-09-21,000909,-2.1035767699180421,False,3755
3791,2026-09-21,600516,-2.1043445389280473,False,3756
3792,2026-09-21,002392,-2.1044674760182396,False,3757
3793,2026-09-21,688781,-2.1072671491669954,False,3758
3794,2026-09-21,002728,-2.1081624755869788,False,3759
3795,2026-09-21,301571,-2.1095079477285559,False,3760
3796,2026-09-21,688500,-2.1096998516476742,False,3761
3797,2026-09-21,600761,-2.1097903232196935,False,3762
3798,2026-09-21,301085,-2.1117100049914779,False,3763
3799,2026-09-21,601877,-2.1181826080735831,False,3764
3800,2026-09-21,688581,-2.1192351665835907,False,3765
3801,2026-09-21,600476,-2.1258560469133458,False,3766
3802,2026-09-21,603186,-2.126298753877105,False,3767
3803,2026-09-21,300881,-2.1305055221165308,False,3768
3804,2026-09-21,688379,-2.1308052689530128,False,3769
3805,2026-09-21,002639,-2.133503092291444,False,3770
3806,2026-09-21,688692,-2.1342640608410202,False,3771
3807,2026-09-21,000826,-2.1360245913366587,False,3772
3808,2026-09-21,300927,-2.1443823079892388,False,3773
3809,2026-09-21,301607,-2.1554375452191765,False,3774
3810,2026-09-21,688597,-2.155738042911739,False,3775
3811,2026-09-21,300171,-2.1584844247949344,False,3776
3812,2026-09-21,300561,-2.1593070242696903,False,3777
3813,2026-09-21,000020,-2.1612949242252015,True,
3814,2026-09-21,688759,-2.1619358447254142,False,3778
3815,2026-09-21,300263,-2.1624995233938828,False,3779
3816,2026-09-21,300053,-2.1628561735755216,False,3780
3817,2026-09-21,002047,-2.1643875370263927,False,3781
3818,2026-09-21,600737,-2.1660102315122547,False,3782
3819,2026-09-21,603019,-2.1664029873655446,False,3783
3820,2026-09-21,000631,-2.1694497227022134,False,3784
3821,2026-09-21,002346,-2.1729603473405339,False,3785
3822,2026-09-21,002773,-2.1751261205138905,False,3786
3823,2026-09-21,000669,-2.1773610630704514,False,3787
3824,2026-09-21,301448,-2.1782724134375462,False,3788
3825,2026-09-21,300271,-2.1812189712919308,False,3789
3826,2026-09-21,002187,-2.1825897249838131,False,3790
3827,2026-09-21,688786,-2.1850833667531901,False,3791
3828,2026-09-21,301070,-2.1908143366626671,False,3792
3829,2026-09-21,603666,-2.1956614065101885,False,3793
3830,2026-09-21,600491,-2.1980163268712345,False,3794
3831,2026-09-21,002245,-2.2026691745930034,False,3795
3832,2026-09-21,688585,-2.203179669526024,False,3796
3833,2026-09-21,603119,-2.2034832887136018,False,3797
3834,2026-09-21,000078,-2.2052023269308751,False,3798
3835,2026-09-21,003022,-2.2053137731370809,False,3799
3836,2026-09-21,301187,-2.2055709410807345,False,3800
3837,2026-09-21,688166,-2.2105129963265542,False,3801
3838,2026-09-21,688320,-2.2106711907638266,False,3802
3839,2026-09-21,300166,-2.2116238347099006,False,3803
3840,2026-09-21,002939,-2.2166468146318441,False,3804
3841,2026-09-21,002528,-2.221130173695602,False,3805
3842,2026-09-21,300191,-2.2255479271317031,False,3806
3843,2026-09-21,600284,-2.232506649202632,False,3807
3844,2026-09-21,300846,-2.2350932409677315,False,3808
3845,2026-09-21,301259,-2.239707198269945,False,3809
3846,2026-09-21,688456,-2.2416422108066882,False,3810
3847,2026-09-21,300321,-2.2434492644786008,False,3811
3848,2026-09-21,688223,-2.2464582638741843,False,3812
3849,2026-09-21,600962,-2.2592909725608266,False,3813
3850,2026-09-21,688656,-2.2594151355291228,False,3814
3851,2026-09-21,600207,-2.2604589357337508,False,3815
3852,2026-09-21,600022,-2.2622380033320169,False,3816
3853,2026-09-21,301202,-2.2648571425961999,False,3817
3854,2026-09-21,300537,-2.2650109485820806,False,3818
3855,2026-09-21,300609,-2.273885253018598,False,3819
3856,2026-09-21,688170,-2.2773778032946241,False,3820
3857,2026-09-21,301580,-2.2797297941544854,False,3821
3858,2026-09-21,000069,-2.2818107304246924,False,3822
3859,2026-09-21,001393,-2.2835577519969528,False,3823
3860,2026-09-21,002195,-2.2836055184172972,False,3824
3861,2026-09-21,688069,-2.2850687104506626,False,3825
3862,2026-09-21,301048,-2.2889471554882905,False,3826
3863,2026-09-21,688720,-2.2962144333648831,False,3827
3864,2026-09-21,002102,-2.3045088344445186,False,3828
3865,2026-09-21,688258,-2.3047063800831604,False,3829
3866,2026-09-21,301090,-2.3110545968071761,False,3830
3867,2026-09-21,688443,-2.3160300335828539,False,3831
3868,2026-09-21,002782,-2.3195154529257644,False,3832
3869,2026-09-21,603350,-2.3267868619830345,False,3833
3870,2026-09-21,688195,-2.3312557750174774,False,3834
3871,2026-09-21,300349,-2.3317036932070829,False,3835
3872,2026-09-21,603738,-2.3322917776089889,False,3836
3873,2026-09-21,001324,-2.3364942948642375,False,3837
3874,2026-09-21,600876,-2.3407503893052137,False,3838
3875,2026-09-21,688071,-2.3428305142733565,False,3839
3876,2026-09-21,601611,-2.3483620324620089,False,3840
3877,2026-09-21,603289,-2.3514146548080346,True,
3878,2026-09-21,300808,-2.3535535642846868,False,3841
3879,2026-09-21,600615,-2.356005626068967,False,3842
3880,2026-09-21,002254,-2.3660135183360644,False,3843
3881,2026-09-21,002226,-2.3673754672861334,False,3844
3882,2026-09-21,002736,-2.3697545511571634,False,3845
3883,2026-09-21,600320,-2.3705251456358427,False,3846
3884,2026-09-21,000048,-2.372318878289549,False,3847
3885,2026-09-21,002449,-2.372739286506397,False,3848
3886,2026-09-21,300378,-2.3768190889928151,False,3849
3887,2026-09-21,600370,-2.3793333583180467,False,3850
3888,2026-09-21,001331,-2.3810887261674689,False,3851
3889,2026-09-21,001367,-2.3824230660809702,False,3852
3890,2026-09-21,301277,-2.3831210616504794,False,3853
3891,2026-09-21,002845,-2.3865357493671016,False,3854
3892,2026-09-21,600894,-2.389902972178346,True,
3893,2026-09-21,000011,-2.3940188115908874,False,3855
3894,2026-09-21,603108,-2.3974539275054036,False,3856
3895,2026-09-21,688147,-2.3977809235744929,False,3857
3896,2026-09-21,600475,-2.398763026849192,False,3858
3897,2026-09-21,688380,-2.402315908276119,False,3859
3898,2026-09-21,688739,-2.4049160071405309,False,3860
3899,2026-09-21,603179,-2.4057147425420404,False,3861
3900,2026-09-21,688793,-2.4101169278629309,False,3862
3901,2026-09-21,605077,-2.4118506098463799,False,3863
3902,2026-09-21,600163,-2.4120263057991398,False,3864
3903,2026-09-21,002027,-2.4303879967806474,False,3865
3904,2026-09-21,002955,-2.4307465566559605,False,3866
3905,2026-09-21,600380,-2.4354050814968344,False,3867
3906,2026-09-21,000513,-2.4496592406163398,False,3868
3907,2026-09-21,300723,-2.44992601858592,False,3869
3908,2026-09-21,300346,-2.4500020935690072,False,3870
3909,2026-09-21,002568,-2.4524445938346742,False,3871
3910,2026-09-21,603218,-2.4561519357566648,False,3872
3911,2026-09-21,605111,-2.4601347710702699,False,3873
3912,2026-09-21,000761,-2.4604582962089498,False,3874
3913,2026-09-21,688680,-2.4635134832528855,False,3875
3914,2026-09-21,300252,-2.4641384108822848,False,3876
3915,2026-09-21,301696,-2.4661809534979131,False,3877
3916,2026-09-21,600160,-2.4673325386525349,False,3878
3917,2026-09-21,601369,-2.4734536721646645,False,3879
3918,2026-09-21,603679,-2.4772240749760348,False,3880
3919,2026-09-21,002612,-2.4798563914204457,False,3881
3920,2026-09-21,603300,-2.4821413321222101,False,3882
3921,2026-09-21,000012,-2.491415905837155,False,3883
3922,2026-09-21,688568,-2.4937341101661046,False,3884
3923,2026-09-21,003031,-2.4971095124365252,False,3885
3924,2026-09-21,002199,-2.5026244329467144,False,3886
3925,2026-09-21,002057,-2.5086294071451967,False,3887
3926,2026-09-21,688712,-2.5131629859994593,False,3888
3927,2026-09-21,000799,-2.5163053654277014,False,3889
3928,2026-09-21,600449,-2.5179135437274205,False,3890
3929,2026-09-21,000509,-2.5216415809441739,False,3891
3930,2026-09-21,300076,-2.5232650137766583,False,3892
3931,2026-09-21,002397,-2.5275961744731554,False,3893
3932,2026-09-21,000032,-2.5283558154893919,False,3894
3933,2026-09-21,000975,-2.5284633772631118,False,3895
3934,2026-09-21,002364,-2.5320959782178214,False,3896
3935,2026-09-21,002311,-2.5355176800490655,False,3897
3936,2026-09-21,688097,-2.5372645582500888,False,3898
3937,2026-09-21,001914,-2.5379733041910626,False,3899
3938,2026-09-21,300131,-2.5381241311581184,False,3900
3939,2026-09-21,300088,-2.5419172605776703,False,3901
3940,2026-09-21,000609,-2.5420338764196488,False,3902
3941,2026-09-21,301379,-2.5438119828038648,False,3903
3942,2026-09-21,603507,-2.5458953273453044,False,3904
3943,2026-09-21,603456,-2.5472367164792886,False,3905
3944,2026-09-21,600436,-2.5473541869401251,False,3906
3945,2026-09-21,002771,-2.5490022025387065,False,3907
3946,2026-09-21,000756,-2.5498523820158674,True,
3947,2026-09-21,688690,-2.5508211864883492,False,3908
3948,2026-09-21,301183,-2.5515408280726493,False,3909
3949,2026-09-21,600802,-2.5533703419949925,False,3910
3950,2026-09-21,688012,-2.5581993410690025,False,3911
3951,2026-09-21,688311,-2.5650617535555713,False,3912
3952,2026-09-21,600192,-2.5727492752001524,False,3913
3953,2026-09-21,600763,-2.5772977776462085,False,3914
3954,2026-09-21,688003,-2.5812809541677879,False,3915
3955,2026-09-21,603061,-2.5909232535099571,False,3916
3956,2026-09-21,300943,-2.5998021197805192,False,3917
3957,2026-09-21,000680,-2.6081444001722955,False,3918
3958,2026-09-21,600808,-2.6178286182300958,False,3919
3959,2026-09-21,002515,-2.6180083715000544,False,3920
3960,2026-09-21,301276,-2.6190177029445332,False,3921
3961,2026-09-21,688159,-2.6281992824653377,False,3922
3962,2026-09-21,301263,-2.6287316736557962,False,3923
3963,2026-09-21,688755,-2.6355099985034269,False,3924
3964,2026-09-21,000559,-2.64134283360699,False,3925
3965,2026-09-21,002040,-2.6439276889523571,False,3926
3966,2026-09-21,300303,-2.6453641649135484,False,3927
3967,2026-09-21,300787,-2.6459589367877481,False,3928
3968,2026-09-21,600111,-2.6468455950254328,False,3929
3969,2026-09-21,600502,-2.6541189889423382,False,3930
3970,2026-09-21,002109,-2.6547677734779622,False,3931
3971,2026-09-21,000953,-2.6575898713880095,False,3932
3972,2026-09-21,601996,-2.6593682465842825,False,3933
3973,2026-09-21,688325,-2.6611947380901348,False,3934
3974,2026-09-21,603290,-2.6665132584027127,False,3935
3975,2026-09-21,002795,-2.6670743016821623,True,
3976,2026-09-21,300070,-2.6686383734264689,False,3936
3977,2026-09-21,000737,-2.669812426225632,False,3937
3978,2026-09-21,000029,-2.6766385757762094,False,3938
3979,2026-09-21,688515,-2.6785586015375435,False,3939
3980,2026-09-21,300774,-2.6836441624551073,False,3940
3981,2026-09-21,300188,-2.6852860600872375,False,3941
3982,2026-09-21,000819,-2.6861249026798371,False,3942
3983,2026-09-21,300706,-2.6897509809409588,False,3943
3984,2026-09-21,688302,-2.6919431058192438,False,3944
3985,2026-09-21,002314,-2.6927743098302144,False,3945
3986,2026-09-21,002698,-2.6997955876652249,False,3946
3987,2026-09-21,603612,-2.7037503150788273,False,3947
3988,2026-09-21,301229,-2.706596712535597,False,3948
3989,2026-09-21,688551,-2.7082322479370489,False,3949
3990,2026-09-21,688513,-2.7130488993239674,False,3950
3991,2026-09-21,002475,-2.7140648357346628,False,3951
3992,2026-09-21,600094,-2.7155445043138466,False,3952
3993,2026-09-21,600551,-2.7169874707000137,False,3953
3994,2026-09-21,688131,-2.7190037668588261,False,3954
3995,2026-09-21,002790,-2.7207160118945257,False,3955
3996,2026-09-21,688392,-2.7232092316262912,False,3956
3997,2026-09-21,301166,-2.7239855733784046,False,3957
3998,2026-09-21,002988,-2.7309045063779269,False,3958
3999,2026-09-21,001896,-2.7314494723819465,False,3959
4000,2026-09-21,301157,-2.7340119684785433,False,3960
4001,2026-09-21,002569,-2.7340658374053093,False,3961
4002,2026-09-21,000839,-2.7368163050794796,False,3962
4003,2026-09-21,300938,-2.7405753185915094,False,3963
4004,2026-09-21,300059,-2.7441962779496425,False,3964
4005,2026-09-21,600765,-2.7459097584428704,False,3965
4006,2026-09-21,601016,-2.749443512593813,False,3966
4007,2026-09-21,000899,-2.7590767116484729,False,3967
4008,2026-09-21,301632,-2.7600673739301715,False,3968
4009,2026-09-21,002294,-2.7610714704630173,False,3969
4010,2026-09-21,300086,-2.7625234034928563,False,3970
4011,2026-09-21,300685,-2.7666299780258776,False,3971
4012,2026-09-21,300953,-2.7681477761847759,False,3972
4013,2026-09-21,002891,-2.768986140171827,False,3973
4014,2026-09-21,688282,-2.7762768834580527,False,3974
4015,2026-09-21,600363,-2.7778416657965543,False,3975
4016,2026-09-21,688138,-2.7797094535562574,False,3976
4017,2026-09-21,001259,-2.7845407805186748,False,3977
4018,2026-09-21,000402,-2.7910986785311183,True,
4019,2026-09-21,688408,-2.79403851038927,False,3978
4020,2026-09-21,605358,-2.7958658259262315,False,3979
4021,2026-09-21,688396,-2.8087607239941987,False,3980
4022,2026-09-21,688561,-2.8101867786716932,False,3981
4023,2026-09-21,600981,-2.8127392929331458,False,3982
4024,2026-09-21,603567,-2.8140651997837129,False,3983
4025,2026-09-21,688626,-2.8173733244768071,False,3984
4026,2026-09-21,002787,-2.8175853528081141,False,3985
4027,2026-09-21,002167,-2.8208487392261832,False,3986
4028,2026-09-21,688261,-2.821701115179994,False,3987
4029,2026-09-21,002241,-2.8341945390807464,False,3988
4030,2026-09-21,300255,-2.836923345510451,False,3989
4031,2026-09-21,300348,-2.8449412766043665,False,3990
4032,2026-09-21,002838,-2.8460987432227585,False,3991
4033,2026-09-21,688247,-2.8494436116904014,False,3992
4034,2026-09-21,603613,-2.8594246715481111,False,3993
4035,2026-09-21,002183,-2.8620746386780977,False,3994
4036,2026-09-21,688052,-2.8636725526022158,False,3995
4037,2026-09-21,300688,-2.8773376961290542,False,3996
4038,2026-09-21,002190,-2.8787013632150353,False,3997
4039,2026-09-21,600649,-2.8861852879248766,False,3998
4040,2026-09-21,603259,-2.8893552974182994,False,3999
4041,2026-09-21,603699,-2.8920652359297345,False,4000
4042,2026-09-21,000766,-2.9010114323759266,False,4001
4043,2026-09-21,600354,-2.9029491473932634,False,4002
4044,2026-09-21,300503,-2.908875799211601,False,4003
4045,2026-09-21,300249,-2.9109672409049918,False,4004
4046,2026-09-21,002230,-2.9113154028677486,False,4005
4047,2026-09-21,688047,-2.9128908728432945,False,4006
4048,2026-09-21,603225,-2.9146441157132843,False,4007
4049,2026-09-21,603125,-2.9192547728605223,False,4008
4050,2026-09-21,002592,-2.9203930049946374,False,4009
4051,2026-09-21,002156,-2.921518777716277,False,4010
4052,2026-09-21,300409,-2.9263548200211531,False,4011
4053,2026-09-21,603809,-2.9275963610094617,False,4012
4054,2026-09-21,600552,-2.9289034958315092,False,4013
4055,2026-09-21,688385,-2.9312483329821584,False,4014
4056,2026-09-21,603124,-2.9318609958227917,False,4015
4057,2026-09-21,688790,-2.9360270653243576,False,4016
4058,2026-09-21,000727,-2.9420363993968026,False,4017
4059,2026-09-21,300593,-2.9530133667508238,False,4018
4060,2026-09-21,002472,-2.9581562475695176,False,4019
4061,2026-09-21,688136,-2.9614677249642054,False,4020
4062,2026-09-21,600846,-2.9631456826504055,False,4021
4063,2026-09-21,603606,-2.9638675822396223,False,4022
4064,2026-09-21,688800,-2.9675986930214506,False,4023
4065,2026-09-21,600510,-2.971562889898661,False,4024
4066,2026-09-21,000672,-2.9737035326555885,False,4025
4067,2026-09-21,688563,-2.9800566033483711,False,4026
4068,2026-09-21,301031,-2.9820931766583785,False,4027
4069,2026-09-21,688789,-2.9879441531242064,False,4028
4070,2026-09-21,002780,-2.9944163744092864,False,4029
4071,2026-09-21,002335,-2.9949435458001683,False,4030
4072,2026-09-21,300236,-2.9955489728733378,False,4031
4073,2026-09-21,688400,-3.0007670844469683,False,4032
4074,2026-09-21,002292,-3.0025326451976322,False,4033
4075,2026-09-21,600326,-3.0050852578316674,False,4034
4076,2026-09-21,301010,-3.0083496852113019,False,4035
4077,2026-09-21,002252,-3.0207440283859679,False,4036
4078,2026-09-21,603099,-3.0216180479339583,False,4037
4079,2026-09-21,600165,-3.0238406607812456,False,4038
4080,2026-09-21,300648,-3.0407760484266673,False,4039
4081,2026-09-21,601311,-3.0428765793706791,False,4040
4082,2026-09-21,002026,-3.0454097056925939,False,4041
4083,2026-09-21,688332,-3.0459894749403422,False,4042
4084,2026-09-21,603650,-3.0513270148665503,False,4043
4085,2026-09-21,002558,-3.0536510393590506,False,4044
4086,2026-09-21,600851,-3.0592026116066848,False,4045
4087,2026-09-21,003036,-3.0651306135776473,False,4046
4088,2026-09-21,300715,-3.0658033476923365,False,4047
4089,2026-09-21,300419,-3.0660913090618314,False,4048
4090,2026-09-21,002483,-3.0700621161300634,False,4049
4091,2026-09-21,301016,-3.0777397909972435,False,4050
4092,2026-09-21,001223,-3.0818471760810136,False,4051
4093,2026-09-21,688458,-3.0842425250767596,False,4052
4094,2026-09-21,001225,-3.0870630718476453,False,4053
4095,2026-09-21,600569,-3.0893795523510512,False,4054
4096,2026-09-21,601949,-3.0908342216790778,False,4055
4097,2026-09-21,603392,-3.0924242695024868,False,4056
4098,2026-09-21,688361,-3.0943193889287586,False,4057
4099,2026-09-21,600126,-3.1025302711909459,False,4058
4100,2026-09-21,301045,-3.1044876425298673,False,4059
4101,2026-09-21,601162,-3.104657073695865,False,4060
4102,2026-09-21,000565,-3.1066052579289085,False,4061
4103,2026-09-21,002442,-3.1081291814411074,False,4062
4104,2026-09-21,002388,-3.1098516974254355,True,
4105,2026-09-21,301273,-3.1135359002345728,False,4063
4106,2026-09-21,300725,-3.1155986837840599,False,4064
4107,2026-09-21,603321,-3.1293120527916178,False,4065
4108,2026-09-21,688079,-3.1342475493986122,False,4066
4109,2026-09-21,605018,-3.1385090730717073,False,4067
4110,2026-09-21,002371,-3.153706881185153,False,4068
4111,2026-09-21,002837,-3.1563005450202377,False,4069
4112,2026-09-21,600032,-3.1571385549359863,False,4070
4113,2026-09-21,300065,-3.1585280925858381,False,4071
4114,2026-09-21,301137,-3.1613777559079024,False,4072
4115,2026-09-21,300909,-3.1629832363813462,False,4073
4116,2026-09-21,000062,-3.1650823447878258,False,4074
4117,2026-09-21,688109,-3.1676557560705385,False,4075
4118,2026-09-21,002320,-3.1701631096362726,False,4076
4119,2026-09-21,688085,-3.1748138421244674,False,4077
4120,2026-09-21,600596,-3.1793587917151966,False,4078
4121,2026-09-21,300302,-3.179481475415173,False,4079
4122,2026-09-21,300221,-3.1916913382450787,False,4080
4123,2026-09-21,301200,-3.1929680439506543,False,4081
4124,2026-09-21,300666,-3.1967417660300281,False,4082
4125,2026-09-21,688277,-3.1988597703736747,False,4083
4126,2026-09-21,603303,-3.199330805063644,False,4084
4127,2026-09-21,600549,-3.1996361468107306,False,4085
4128,2026-09-21,002718,-3.2028940318253913,False,4086
4129,2026-09-21,688508,-3.2098388994283669,False,4087
4130,2026-09-21,688669,-3.2132134093352702,False,4088
4131,2026-09-21,603344,-3.221032630358367,False,4089
4132,2026-09-21,300390,-3.2249085309644316,False,4090
4133,2026-09-21,600392,-3.2275582949447137,False,4091
4134,2026-09-21,002517,-3.2280756952452725,False,4092
4135,2026-09-21,603798,-3.2398827531277061,False,4093
4136,2026-09-21,002192,-3.2511177546013266,False,4094
4137,2026-09-21,688362,-3.263850574395617,False,4095
4138,2026-09-21,002489,-3.2659143205909769,False,4096
4139,2026-09-21,002194,-3.2663253311973697,False,4097
4140,2026-09-21,605188,-3.26728407619829,False,4098
4141,2026-09-21,688399,-3.2727557414212018,False,4099
4142,2026-09-21,002654,-3.27731505949812,False,4100
4143,2026-09-21,605117,-3.2789199663689237,False,4101
4144,2026-09-21,600621,-3.2790437063937654,False,4102
4145,2026-09-21,300410,-3.2798649664697934,False,4103
4146,2026-09-21,601975,-3.2844808260086253,False,4104
4147,2026-09-21,000670,-3.296609864780752,False,4105
4148,2026-09-21,301105,-3.2997229534264605,False,4106
4149,2026-09-21,000733,-3.3004899242211518,False,4107
4150,2026-09-21,603806,-3.3031349475205269,False,4108
4151,2026-09-21,688536,-3.3085584302691911,False,4109
4152,2026-09-21,002038,-3.3085728217136605,False,4110
4153,2026-09-21,002695,-3.3098579501864291,False,4111
4154,2026-09-21,603486,-3.3100388778540042,False,4112
4155,2026-09-21,688498,-3.3104969591669047,False,4113
4156,2026-09-21,300522,-3.3159769542501056,False,4114
4157,2026-09-21,600237,-3.3169752655983111,False,4115
4158,2026-09-21,001234,-3.3177061823966421,True,
4159,2026-09-21,300568,-3.3284774559674641,False,4116
4160,2026-09-21,002276,-3.330081328094769,False,4117
4161,2026-09-21,002134,-3.3338273020827449,False,4118
4162,2026-09-21,001373,-3.3357500031910807,True,
4163,2026-09-21,601226,-3.3384058386739319,False,4119
4164,2026-09-21,605277,-3.3475785800709712,False,4120
4165,2026-09-21,688663,-3.3511971934969296,False,4121
4166,2026-09-21,300661,-3.3551903688429503,False,4122
4167,2026-09-21,688507,-3.3554402384506172,False,4123
4168,2026-09-21,002713,-3.3588752854925445,False,4124
4169,2026-09-21,002803,-3.3614834440417343,False,4125
4170,2026-09-21,600722,-3.3620940817018035,False,4126
4171,2026-09-21,002645,-3.3630048492960869,False,4127
4172,2026-09-21,301548,-3.3659106191312098,False,4128
4173,2026-09-21,301092,-3.3724498800528462,False,4129
4174,2026-09-21,688343,-3.3746316134206427,False,4130
4175,2026-09-21,688502,-3.3752841515951864,False,4131
4176,2026-09-21,300400,-3.397162864837469,False,4132
4177,2026-09-21,301336,-3.3981237899203016,False,4133
4178,2026-09-21,301362,-3.3999719305200991,False,4134
4179,2026-09-21,002769,-3.4011290933165883,False,4135
4180,2026-09-21,600619,-3.4028816570923013,False,4136
4181,2026-09-21,300611,-3.407041353260599,False,4137
4182,2026-09-21,301568,-3.4074427165360461,False,4138
4183,2026-09-21,603986,-3.4162935035410857,False,4139
4184,2026-09-21,603980,-3.4266684166247172,False,4140
4185,2026-09-21,300488,-3.4302989310480569,False,4141
4186,2026-09-21,688548,-3.4332922422424081,False,4142
4187,2026-09-21,603773,-3.4497468889888907,False,4143
4188,2026-09-21,601155,-3.4618575461123289,False,4144
4189,2026-09-21,300490,-3.4833828974991961,False,4145
4190,2026-09-21,605589,-3.4862767059393658,False,4146
4191,2026-09-21,688729,-3.4899924974007543,False,4147
4192,2026-09-21,603160,-3.5055141431514047,False,4148
4193,2026-09-21,600686,-3.5071623759148851,False,4149
4194,2026-09-21,600396,-3.5076318383807994,False,4150
4195,2026-09-21,603657,-3.5100758277878397,False,4151
4196,2026-09-21,300418,-3.5115046159201082,False,4152
4197,2026-09-21,688114,-3.5118369659506268,False,4153
4198,2026-09-21,605378,-3.5133213372649799,False,4154
4199,2026-09-21,002263,-3.5144124422719947,False,4155
4200,2026-09-21,300354,-3.51519417449633,False,4156
4201,2026-09-21,301312,-3.5201422119882295,False,4157
4202,2026-09-21,603311,-3.5203660616502477,False,4158
4203,2026-09-21,000516,-3.5221177899124108,False,4159
4204,2026-09-21,000889,-3.5226248810070797,False,4160
4205,2026-09-21,600770,-3.523726500276533,False,4161
4206,2026-09-21,002162,-3.5246546908561647,False,4162
4207,2026-09-21,688590,-3.5286906856908948,False,4163
4208,2026-09-21,601012,-3.5306141315248585,False,4164
4209,2026-09-21,688056,-3.5307769794916695,False,4165
4210,2026-09-21,600100,-3.5363395534768989,False,4166
4211,2026-09-21,688163,-3.5375305068550795,False,4167
4212,2026-09-21,603087,-3.5388925334942551,False,4168
4213,2026-09-21,301265,-3.5446144544571032,False,4169
4214,2026-09-21,600616,-3.5473640062184422,False,4170
4215,2026-09-21,002145,-3.5643070373214583,False,4171
4216,2026-09-21,603352,-3.5664935300060159,False,4172
4217,2026-09-21,300224,-3.5717418802563876,False,4173
4218,2026-09-21,301563,-3.5723368744058277,False,4174
4219,2026-09-21,000410,-3.5740565178528669,False,4175
4220,2026-09-21,002349,-3.5776919251182555,True,
4221,2026-09-21,301251,-3.5818846980829733,False,4176
4222,2026-09-21,688617,-3.5904431408478819,False,4177
4223,2026-09-21,300870,-3.5924040378131927,False,4178
4224,2026-09-21,002366,-3.5998102847230307,False,4179
4225,2026-09-21,600545,-3.6001699630344692,False,4180
4226,2026-09-21,301301,-3.6106436934372668,False,4181
4227,2026-09-21,002378,-3.613098587097217,False,4182
4228,2026-09-21,603266,-3.6137269709977904,False,4183
4229,2026-09-21,301513,-3.625512131261261,False,4184
4230,2026-09-21,600118,-3.6286713090613452,False,4185
4231,2026-09-21,301197,-3.6297063773775662,False,4186
4232,2026-09-21,688520,-3.6354423794170003,False,4187
4233,2026-09-21,002542,-3.636048797103979,False,4188
4234,2026-09-21,603050,-3.6437608714745298,False,4189
4235,2026-09-21,688309,-3.6497198131267536,False,4190
4236,2026-09-21,300207,-3.6533866632391749,False,4191
4237,2026-09-21,300364,-3.653889324160299,False,4192
4238,2026-09-21,300016,-3.6586747991653796,False,4193
4239,2026-09-21,002438,-3.6609584219645024,False,4194
4240,2026-09-21,000938,-3.6690814724474849,False,4195
4241,2026-09-21,300821,-3.6745711239496668,False,4196
4242,2026-09-21,001332,-3.675038925159948,False,4197
4243,2026-09-21,600101,-3.6758860820655634,False,4198
4244,2026-09-21,600343,-3.6806141723607473,False,4199
4245,2026-09-21,688382,-3.6822557475157813,False,4200
4246,2026-09-21,000403,-3.6891842880342698,False,4201
4247,2026-09-21,001368,-3.6905704072074172,False,4202
4248,2026-09-21,000970,-3.6923631754194042,False,4203
4249,2026-09-21,301333,-3.699187136835298,False,4204
4250,2026-09-21,002465,-3.7026793208071442,False,4205
4251,2026-09-21,002747,-3.7058655616388023,False,4206
4252,2026-09-21,301565,-3.7071820740288497,False,4207
4253,2026-09-21,300872,-3.7092325516940501,False,4208
4254,2026-09-21,300461,-3.7136771913128217,False,4209
4255,2026-09-21,605288,-3.7201197853265064,False,4210
4256,2026-09-21,002281,-3.7257250407495839,False,4211
4257,2026-09-21,002139,-3.7348560655197165,False,4212
4258,2026-09-21,000552,-3.7398519785776547,False,4213
4259,2026-09-21,300238,-3.7400128083846447,False,4214
4260,2026-09-21,301669,-3.7407372235610712,False,4215
4261,2026-09-21,002896,-3.7433844426991936,False,4216
4262,2026-09-21,301093,-3.7439377956424935,False,4217
4263,2026-09-21,000537,-3.7502892902883023,False,4218
4264,2026-09-21,002023,-3.7516010993184965,False,4219
4265,2026-09-21,300442,-3.7591722399697396,False,4220
4266,2026-09-21,600725,-3.7800788529662386,False,4221
4267,2026-09-21,600909,-3.7831174534475505,False,4222
4268,2026-09-21,601375,-3.7988607836545958,False,4223
4269,2026-09-21,600129,-3.8050012369300275,False,4224
4270,2026-09-21,600563,-3.8094513620795638,False,4225
4271,2026-09-21,300096,-3.8116121378777357,False,4226
4272,2026-09-21,300281,-3.812921930688185,False,4227
4273,2026-09-21,001203,-3.8181372119199581,False,4228
4274,2026-09-21,002025,-3.819754429450855,False,4229
4275,2026-09-21,688799,-3.8204217511002287,False,4230
4276,2026-09-21,301528,-3.8241155455974298,False,4231
4277,2026-09-21,688233,-3.8257216359223278,False,4232
4278,2026-09-21,603757,-3.8347263879543569,False,4233
4279,2026-09-21,301225,-3.8483654688802869,False,4234
4280,2026-09-21,300475,-3.8484300378336931,False,4235
4281,2026-09-21,600289,-3.8540605246063437,False,4236
4282,2026-09-21,688499,-3.8588920056890323,False,4237
4283,2026-09-21,688115,-3.864110693897564,False,4238
4284,2026-09-21,688041,-3.8672351775825033,False,4239
4285,2026-09-21,688605,-3.8761259301658404,False,4240
4286,2026-09-21,603256,-3.8949750671178549,False,4241
4287,2026-09-21,300959,-3.9004682029904121,False,4242
4288,2026-09-21,300790,-3.9056137162295839,False,4243
4289,2026-09-21,002015,-3.9074091279437297,False,4244
4290,2026-09-21,601900,-3.9121358367973071,False,4245
4291,2026-09-21,600702,-3.9136035160615696,False,4246
4292,2026-09-21,300619,-3.9200815911022784,False,4247
4293,2026-09-21,600446,-3.9231946920734,False,4248
4294,2026-09-21,300853,-3.9267202825010026,False,4249
4295,2026-09-21,600712,-3.9336119512384351,True,
4296,2026-09-21,300073,-3.9337494551952137,False,4250
4297,2026-09-21,300632,-3.9343841725483113,False,4251
4298,2026-09-21,001216,-3.937285427134765,True,
4299,2026-09-21,300035,-3.938912963477966,False,4252
4300,2026-09-21,603583,-3.9423671996738632,False,4253
4301,2026-09-21,300276,-3.9540136372708452,False,4254
4302,2026-09-21,601399,-3.961358455269838,False,4255
4303,2026-09-21,002273,-3.9656579187046255,False,4256
4304,2026-09-21,600967,-3.9666371453048135,False,4257
4305,2026-09-21,603833,-3.9727993282613614,False,4258
4306,2026-09-21,600732,-3.9816338510638758,False,4259
4307,2026-09-21,600208,-3.9850069640886598,False,4260
4308,2026-09-21,688298,-3.9851996850873594,False,4261
4309,2026-09-21,603109,-3.9855820230044938,False,4262
4310,2026-09-21,603615,-3.9928696863901902,False,4263
4311,2026-09-21,300819,-3.9961267392040778,False,4264
4312,2026-09-21,300373,-3.9966757391966841,False,4265
4313,2026-09-21,688082,-4.0063773973230301,False,4266
4314,2026-09-21,300137,-4.0149313930386548,False,4267
4315,2026-09-21,300530,-4.0167779715942817,False,4268
4316,2026-09-21,688103,-4.0168404525860542,False,4269
4317,2026-09-21,688816,-4.0237977279850252,False,4270
4318,2026-09-21,601360,-4.0240475933162294,False,4271
4319,2026-09-21,688811,-4.0271398755901595,False,4272
4320,2026-09-21,688289,-4.0286477344944478,False,4273
4321,2026-09-21,600997,-4.0356209773116625,False,4274
4322,2026-09-21,300689,-4.0475438997061195,False,4275
4323,2026-09-21,601279,-4.0476149583140497,False,4276
4324,2026-09-21,601872,-4.0499685697291463,False,4277
4325,2026-09-21,603353,-4.0513869576636834,False,4278
4326,2026-09-21,002268,-4.0539548320724332,False,4279
4327,2026-09-21,688478,-4.0570924137043134,False,4280
4328,2026-09-21,603559,-4.0583164281065063,False,4281
4329,2026-09-21,688319,-4.0656582615987666,False,4282
4330,2026-09-21,002762,-4.0668788440904073,False,4283
4331,2026-09-21,300775,-4.0718838663099337,False,4284
4332,2026-09-21,603008,-4.0849341436778044,False,4285
4333,2026-09-21,002990,-4.0858220605500328,False,4286
4334,2026-09-21,688525,-4.0883331836080226,False,4287
4335,2026-09-21,300811,-4.090400849668784,False,4288
4336,2026-09-21,001309,-4.0906219806679944,False,4289
4337,2026-09-21,000510,-4.0907309309961057,False,4290
4338,2026-09-21,300404,-4.0912684050366606,False,4291
4339,2026-09-21,300061,-4.0972943759351823,False,4292
4340,2026-09-21,600468,-4.0974476875171177,False,4293
4341,2026-09-21,300154,-4.1028046209643279,False,4294
4342,2026-09-21,688765,-4.1089967223190076,False,4295
4343,2026-09-21,301631,-4.1096915181286935,False,4296
4344,2026-09-21,603530,-4.1190386593169936,False,4297
4345,2026-09-21,688469,-4.1226063650584042,False,4298
4346,2026-09-21,002886,-4.1227817306208792,False,4299
4347,2026-09-21,301680,-4.1241455368016418,False,4300
4348,2026-09-21,300893,-4.1330706080909039,False,4301
4349,2026-09-21,688449,-4.1395516490482223,False,4302
4350,2026-09-21,600603,-4.1414631346983013,False,4303
4351,2026-09-21,300676,-4.1479766444743102,False,4304
4352,2026-09-21,688078,-4.1521521410261144,False,4305
4353,2026-09-21,605580,-4.1522106587465633,False,4306
4354,2026-09-21,000056,-4.1543122182753915,False,4307
4355,2026-09-21,601138,-4.1591287003917738,False,4308
4356,2026-09-21,603011,-4.1619305844800971,False,4309
4357,2026-09-21,688373,-4.1849163987680971,False,4310
4358,2026-09-21,605366,-4.2090990741780123,False,4311
4359,2026-09-21,600839,-4.2108196758285654,False,4312
4360,2026-09-21,300989,-4.2138885005964015,False,4313
4361,2026-09-21,002348,-4.217562279134329,False,4314
4362,2026-09-21,001359,-4.2216187529143694,False,4315
4363,2026-09-21,002601,-4.236497324837285,False,4316
4364,2026-09-21,300031,-4.2389544602103388,False,4317
4365,2026-09-21,688401,-4.242167279800487,False,4318
4366,2026-09-21,300482,-4.2476822234121894,False,4319
4367,2026-09-21,688757,-4.2527190330289475,False,4320
4368,2026-09-21,300990,-4.2573481069441597,False,4321
4369,2026-09-21,603313,-4.271165592396061,False,4322
4370,2026-09-21,603936,-4.2810136104883858,False,4323
4371,2026-09-21,300917,-4.2825198399491455,False,4324
4372,2026-09-21,688050,-4.2935922253600243,False,4325
4373,2026-09-21,603285,-4.2976619431552239,False,4326
4374,2026-09-21,688353,-4.2991205977720615,False,4327
4375,2026-09-21,301182,-4.3028194090199143,False,4328
4376,2026-09-21,300896,-4.3054454783198564,False,4329
4377,2026-09-21,300841,-4.308294423247915,False,4330
4378,2026-09-21,600259,-4.3115159914591068,False,4331
4379,2026-09-21,603858,-4.3152627517486861,False,4332
4380,2026-09-21,603629,-4.3264242055982596,False,4333
4381,2026-09-21,300049,-4.3362857292551951,False,4334
4382,2026-09-21,688388,-4.3470672357950013,False,4335
4383,2026-09-21,688230,-4.3479714916532259,False,4336
4384,2026-09-21,601801,-4.3501831788548877,False,4337
4385,2026-09-21,300261,-4.3524991688433516,False,4338
4386,2026-09-21,688621,-4.353163346326963,False,4339
4387,2026-09-21,600416,-4.3594834944599246,False,4340
4388,2026-09-21,688596,-4.3617686710822001,False,4341
4389,2026-09-21,688029,-4.3662974419439502,False,4342
4390,2026-09-21,300606,-4.3681244986884282,False,4343
4391,2026-09-21,688276,-4.3717616959292398,False,4344
4392,2026-09-21,300600,-4.3723642379690082,False,4345
4393,2026-09-21,600156,-4.3777343296356737,False,4346
4394,2026-09-21,688797,-4.3874891760940509,False,4347
4395,2026-09-21,600186,-4.4003387298865473,False,4348
4396,2026-09-21,688202,-4.4030864606677973,False,4349
4397,2026-09-21,601133,-4.4071766442498799,False,4350
4398,2026-09-21,002082,-4.408006763058931,False,4351
4399,2026-09-21,688538,-4.4105052505932596,False,4352
4400,2026-09-21,000026,-4.4125658464255366,False,4353
4401,2026-09-21,300798,-4.4141346430860313,False,4354
4402,2026-09-21,603038,-4.4159668143581019,False,4355
4403,2026-09-21,688200,-4.433152670670653,False,4356
4404,2026-09-21,300223,-4.4354128411182794,False,4357
4405,2026-09-21,300767,-4.4374930390047345,False,4358
4406,2026-09-21,300757,-4.4381959028769673,False,4359
4407,2026-09-21,002130,-4.4442949215341869,False,4360
4408,2026-09-21,600316,-4.447763441460137,False,4361
4409,2026-09-21,688321,-4.4506417596825063,False,4362
4410,2026-09-21,300480,-4.4510653649101481,False,4363
4411,2026-09-21,301456,-4.4566886653385609,False,4364
4412,2026-09-21,300627,-4.4595623135848133,False,4365
4413,2026-09-21,603270,-4.4604158110753236,False,4366
4414,2026-09-21,300331,-4.4643785486808127,False,4367
4415,2026-09-21,688108,-4.4802534087304178,False,4368
4416,2026-09-21,688066,-4.485580854355983,False,4369
4417,2026-09-21,300736,-4.4942963209150468,False,4370
4418,2026-09-21,300304,-4.4971765284191978,False,4371
4419,2026-09-21,688668,-4.4975441172863517,False,4372
4420,2026-09-21,600579,-4.4976431870764753,False,4373
4421,2026-09-21,600764,-4.499620938055676,False,4374
4422,2026-09-21,600155,-4.5040766293054464,False,4375
4423,2026-09-21,300998,-4.5050760908047707,False,4376
4424,2026-09-21,002222,-4.5137067679996932,False,4377
4425,2026-09-21,300294,-4.5175911986759614,False,4378
4426,2026-09-21,688073,-4.5188299745104397,False,4379
4427,2026-09-21,603319,-4.5252946002557133,True,
4428,2026-09-21,605258,-4.5376173922041882,False,4380
4429,2026-09-21,300863,-4.5520157888894168,False,4381
4430,2026-09-21,600482,-4.5528714974939044,False,4382
4431,2026-09-21,300257,-4.5602492646861075,False,4383
4432,2026-09-21,688046,-4.5625133518520489,False,4384
4433,2026-09-21,688188,-4.5646025686449425,False,4385
4434,2026-09-21,688279,-4.5648487198137229,False,4386
4435,2026-09-21,600228,-4.5665799045993021,False,4387
4436,2026-09-21,300173,-4.5676511288439272,False,4388
4437,2026-09-21,600703,-4.590440758581539,False,4389
4438,2026-09-21,600707,-4.6331659553945865,False,4390
4439,2026-09-21,002975,-4.6335324581219641,False,4391
4440,2026-09-21,002655,-4.6358626199123281,False,4392
4441,2026-09-21,600744,-4.6418101308968751,False,4393
4442,2026-09-21,688072,-4.6445288693569857,False,4394
4443,2026-09-21,300747,-4.6556497861384925,False,4395
4444,2026-09-21,600359,-4.6579255480318142,False,4396
4445,2026-09-21,300551,-4.6774740830105106,False,4397
4446,2026-09-21,300857,-4.679995403371711,False,4398
4447,2026-09-21,601099,-4.6805227375437797,False,4399
4448,2026-09-21,002468,-4.6867997442644445,False,4400
4449,2026-09-21,300727,-4.7045350321606403,False,4401
4450,2026-09-21,301196,-4.706960798406282,False,4402
4451,2026-09-21,688158,-4.7075800274673805,False,4403
4452,2026-09-21,300382,-4.711753844381108,False,4404
4453,2026-09-21,301188,-4.7160066603143758,False,4405
4454,2026-09-21,601519,-4.7161628581338775,False,4406
4455,2026-09-21,000610,-4.7168942032565511,False,4407
4456,2026-09-21,600593,-4.7271185154580557,True,
4457,2026-09-21,688220,-4.7312166542316119,False,4408
4458,2026-09-21,301213,-4.7356488699203547,False,4409
4459,2026-09-21,300056,-4.7360645452618533,False,4410
4460,2026-09-21,002981,-4.7470420891258396,False,4411
4461,2026-09-21,000713,-4.753381443457168,False,4412
4462,2026-09-21,300077,-4.755136074507222,False,4413
4463,2026-09-21,301108,-4.7568829982083427,False,4414
4464,2026-09-21,002042,-4.7578236034355275,True,
4465,2026-09-21,688191,-4.7585735987231157,False,4415
4466,2026-09-21,002171,-4.7607503454821192,False,4416
4467,2026-09-21,001237,-4.7626593577782614,False,4417
4468,2026-09-21,601022,-4.7737799318950493,False,4418
4469,2026-09-21,300756,-4.7773772322667174,False,4419
4470,2026-09-21,000963,-4.7842692868289394,False,4420
4471,2026-09-21,002851,-4.7877181944140279,False,4421
4472,2026-09-21,300782,-4.7927088070723531,False,4422
4473,2026-09-21,301055,-4.794348665941726,False,4423
4474,2026-09-21,603386,-4.7947714218021833,False,4424
4475,2026-09-21,300110,-4.7969464566664524,True,
4476,2026-09-21,600161,-4.807234806844372,False,4425
4477,2026-09-21,688117,-4.8224737466230483,False,4426
4478,2026-09-21,002774,-4.8385816388300178,False,4427
4479,2026-09-21,301369,-4.8448622883578576,False,4428
4480,2026-09-21,300976,-4.8453703194709501,False,4429
4481,2026-09-21,301236,-4.8573401003904788,False,4430
4482,2026-09-21,605376,-4.8665317859866457,False,4431
4483,2026-09-21,002074,-4.8725516786609937,False,4432
4484,2026-09-21,600857,-4.8745623004443397,True,
4485,2026-09-21,688768,-4.8835768176013934,False,4433
4486,2026-09-21,688181,-4.896077451513011,False,4434
4487,2026-09-21,000721,-4.9021953924155968,False,4435
4488,2026-09-21,003004,-4.9023319106759846,False,4436
4489,2026-09-21,300201,-4.9037921441071735,False,4437
4490,2026-09-21,300984,-4.9091594287291942,False,4438
4491,2026-09-21,600864,-4.9091838210883285,False,4439
4492,2026-09-21,301656,-4.909953751659085,False,4440
4493,2026-09-21,000739,-4.9263743755766694,False,4441
4494,2026-09-21,300779,-4.92971709215914,False,4442
4495,2026-09-21,688328,-4.9347770176675709,False,4443
4496,2026-09-21,300145,-4.9370196316013306,False,4444
4497,2026-09-21,600577,-4.9408949958439514,False,4445
4498,2026-09-21,603468,-4.941321790565806,False,4446
4499,2026-09-21,600893,-4.941515843947565,False,4447
4500,2026-09-21,002963,-4.9416234674199986,True,
4501,2026-09-21,002321,-4.9417098956946033,True,
4502,2026-09-21,300665,-4.9515618308704026,False,4448
4503,2026-09-21,688766,-4.9546520918285228,False,4449
4504,2026-09-21,688209,-4.9572482072858763,False,4450
4505,2026-09-21,001220,-4.9659726651602876,False,4451
4506,2026-09-21,300279,-4.9666607280223865,False,4452
4507,2026-09-21,603267,-4.9866325584466944,False,4453
4508,2026-09-21,301357,-4.9868932856763202,False,4454
4509,2026-09-21,002957,-4.9902643637512973,False,4455
4510,2026-09-21,001201,-4.9976745445134387,True,
4511,2026-09-21,300264,-5.0024995773523582,False,4456
4512,2026-09-21,688611,-5.0146886870502252,False,4457
4513,2026-09-21,688428,-5.0333755723485583,False,4458
4514,2026-09-21,600148,-5.0342106220380973,False,4459
4515,2026-09-21,300518,-5.0347802381630506,False,4460
4516,2026-09-21,002779,-5.0470945957456061,False,4461
4517,2026-09-21,300843,-5.0506049474177717,False,4462
4518,2026-09-21,688531,-5.0537166080850628,False,4463
4519,2026-09-21,301522,-5.0648809410977291,False,4464
4520,2026-09-21,301392,-5.06770684715414,False,4465
4521,2026-09-21,301383,-5.0708660588179963,False,4466
4522,2026-09-21,301323,-5.0721954558770932,False,4467
4523,2026-09-21,603439,-5.0842048453317616,False,4468
4524,2026-09-21,601890,-5.0978846449895681,False,4469
4525,2026-09-21,688296,-5.1006580848761924,False,4470
4526,2026-09-21,300457,-5.1028219334547318,False,4471
4527,2026-09-21,600683,-5.1036941179708846,False,4472
4528,2026-09-21,688196,-5.1137470288862348,False,4473
4529,2026-09-21,000021,-5.1313741366351131,False,4474
4530,2026-09-21,300437,-5.1319708257179828,False,4475
4531,2026-09-21,600383,-5.1414176305605999,False,4476
4532,2026-09-21,002422,-5.1457465741607757,False,4477
4533,2026-09-21,002856,-5.147633847686329,False,4478
4534,2026-09-21,002500,-5.1520368787840223,False,4479
4535,2026-09-21,600184,-5.1529126689827427,False,4480
4536,2026-09-21,000793,-5.1580117580145828,False,4481
4537,2026-09-21,688222,-5.1629990568745701,False,4482
4538,2026-09-21,300683,-5.1653859175022152,False,4483
4539,2026-09-21,688409,-5.1669911377372939,False,4484
4540,2026-09-21,688828,-5.1688959658681082,False,4485
4541,2026-09-21,600180,-5.1700870384212347,False,4486
4542,2026-09-21,601567,-5.183389725554056,False,4487
4543,2026-09-21,688610,-5.1866220725836918,False,4488
4544,2026-09-21,002264,-5.1973805417240655,False,4489
4545,2026-09-21,301123,-5.1990617631220708,False,4490
4546,2026-09-21,300010,-5.2012943163081093,False,4491
4547,2026-09-21,603021,-5.2013693906369127,False,4492
4548,2026-09-21,000973,-5.2039684438063976,False,4493
4549,2026-09-21,600345,-5.2135656165533577,False,4494
4550,2026-09-21,300489,-5.2242120584140812,False,4495
4551,2026-09-21,688378,-5.2260632614793519,False,4496
4552,2026-09-21,603636,-5.2331740289095876,True,
4553,2026-09-21,000628,-5.2349717960746149,False,4497
4554,2026-09-21,300436,-5.2358958717758917,False,4498
4555,2026-09-21,301321,-5.2432508721356257,False,4499
4556,2026-09-21,002945,-5.2463587619453449,False,4500
4557,2026-09-21,000785,-5.257583896525623,False,4501
4558,2026-09-21,688281,-5.2625938853240886,False,4502
4559,2026-09-21,688503,-5.2752019494699827,False,4503
4560,2026-09-21,000880,-5.2763141682946895,False,4504
4561,2026-09-21,301529,-5.2818705689985546,False,4505
4562,2026-09-21,688197,-5.2856371912418236,False,4506
4563,2026-09-21,300199,-5.296712632628962,False,4507
4564,2026-09-21,002653,-5.3012836046264322,False,4508
4565,2026-09-21,002589,-5.3023964454603938,True,
4566,2026-09-21,002011,-5.3054014477593592,False,4509
4567,2026-09-21,603069,-5.3076166258706223,False,4510
4568,2026-09-21,603938,-5.3097017522455401,False,4511
4569,2026-09-21,300401,-5.3165435051495287,False,4512
4570,2026-09-21,600113,-5.3305045016674155,False,4513
4571,2026-09-21,301307,-5.3320196771699973,False,4514
4572,2026-09-21,688127,-5.3482831743872516,False,4515
4573,2026-09-21,300338,-5.3594330766217722,False,4516
4574,2026-09-21,002058,-5.3600659006539679,False,4517
4575,2026-09-21,688825,-5.3634140522301648,False,4518
4576,2026-09-21,600588,-5.3676127735340131,False,4519
4577,2026-09-21,605001,-5.3682089189947773,False,4520
4578,2026-09-21,002169,-5.389581982021908,False,4521
4579,2026-09-21,688506,-5.4030539269916655,False,4522
4580,2026-09-21,600667,-5.4083691958108382,False,4523
4581,2026-09-21,300260,-5.4158724476538715,False,4524
4582,2026-09-21,002298,-5.4215009471672833,False,4525
4583,2026-09-21,002179,-5.4310942448887669,False,4526
4584,2026-09-21,002439,-5.4355051957126967,False,4527
4585,2026-09-21,603777,-5.4450529422857912,False,4528
4586,2026-09-21,002242,-5.4560725290230065,False,4529
4587,2026-09-21,301150,-5.4726874145409985,False,4530
4588,2026-09-21,300626,-5.480224954464453,False,4531
4589,2026-09-21,002365,-5.4857520377873481,False,4532
4590,2026-09-21,002670,-5.5001704921615744,False,4533
4591,2026-09-21,600021,-5.5053214416701888,False,4534
4592,2026-09-21,600587,-5.5101152371613153,True,
4593,2026-09-21,301095,-5.5169498103717975,False,4535
4594,2026-09-21,301498,-5.5169666729506419,False,4536
4595,2026-09-21,603033,-5.5193934509984439,False,4537
4596,2026-09-21,603688,-5.5203459771836894,False,4538
4597,2026-09-21,300308,-5.546364688083429,False,4539
4598,2026-09-21,301227,-5.5488033323087951,False,4540
4599,2026-09-21,301398,-5.5494223242700214,False,4541
4600,2026-09-21,300951,-5.5515103449532024,False,4542
4601,2026-09-21,301468,-5.5523677620735628,False,4543
4602,2026-09-21,300339,-5.5575309684337082,False,4544
4603,2026-09-21,300204,-5.5656441071753759,False,4545
4604,2026-09-21,688025,-5.5753863796603662,False,4546
4605,2026-09-21,301209,-5.5856112651428766,False,4547
4606,2026-09-21,300153,-5.5913796668092068,False,4548
4607,2026-09-21,003032,-5.5940608973775134,False,4549
4608,2026-09-21,600976,-5.6002482554477755,False,4550
4609,2026-09-21,300244,-5.6209700420904278,False,4551
4610,2026-09-21,000768,-5.6340060762543036,False,4552
4611,2026-09-21,301210,-5.6345358728327604,False,4553
4612,2026-09-21,001979,-5.6350301710289976,False,4554
4613,2026-09-21,301518,-5.6428269032998895,False,4555
4614,2026-09-21,601015,-5.6519576094802098,False,4556
4615,2026-09-21,600293,-5.654842112113081,False,4557
4616,2026-09-21,002915,-5.6572889965792372,False,4558
4617,2026-09-21,300702,-5.6617861571847365,False,4559
4618,2026-09-21,002062,-5.6761719847357952,False,4560
4619,2026-09-21,603066,-5.7268355546600098,False,4561
4620,2026-09-21,300003,-5.7441836955260044,False,4562
4621,2026-09-21,300716,-5.7445776622535014,False,4563
4622,2026-09-21,300398,-5.7450404435207272,False,4564
4623,2026-09-21,300487,-5.7476026716413839,False,4565
4624,2026-09-21,301325,-5.7550828629767512,False,4566
4625,2026-09-21,603236,-5.7687938174226865,False,4567
4626,2026-09-21,603031,-5.7753090577070338,False,4568
4627,2026-09-21,301349,-5.7811859968068813,False,4569
4628,2026-09-21,600261,-5.782255143577185,False,4570
4629,2026-09-21,301252,-5.7864529978727264,False,4571
4630,2026-09-21,301099,-5.7993106663306078,False,4572
4631,2026-09-21,300868,-5.8034050985823873,False,4573
4632,2026-09-21,601595,-5.8049649421600806,False,4574
4633,2026-09-21,600933,-5.8192869009290469,False,4575
4634,2026-09-21,600376,-5.8222429244875276,False,4576
4635,2026-09-21,688352,-5.8430051388444983,False,4577
4636,2026-09-21,688180,-5.849620059700519,False,4578
4637,2026-09-21,300433,-5.8660017539252616,False,4579
4638,2026-09-21,605068,-5.8812791142666487,False,4580
4639,2026-09-21,688007,-5.8819051729149336,False,4581
4640,2026-09-21,300803,-5.8978032201202222,False,4582
4641,2026-09-21,300322,-5.9037719539093994,False,4583
4642,2026-09-21,600121,-5.906304556062187,False,4584
4643,2026-09-21,002185,-5.9086352998608902,False,4585
4644,2026-09-21,000010,-5.9199181914504928,False,4586
4645,2026-09-21,688225,-5.9450836402731309,False,4587
4646,2026-09-21,688297,-5.946656521553173,False,4588
4647,2026-09-21,301355,-5.9483635806772241,False,4589
4648,2026-09-21,301275,-5.9658334811884748,False,4590
4649,2026-09-21,300324,-5.9712058258957486,False,4591
4650,2026-09-21,301678,-5.9738956574026689,False,4592
4651,2026-09-21,688535,-5.9788646654096702,False,4593
4652,2026-09-21,600108,-5.9823882031749802,False,4594
4653,2026-09-21,688661,-5.9926328339493571,False,4595
4654,2026-09-21,688300,-5.9944134147508006,False,4596
4655,2026-09-21,300737,-5.9952412926628291,False,4597
4656,2026-09-21,600226,-6.0019859001501557,False,4598
4657,2026-09-21,688727,-6.0205621322910998,False,4599
4658,2026-09-21,603052,-6.0334366580606771,False,4600
4659,2026-09-21,002965,-6.0362675795619074,False,4601
4660,2026-09-21,600026,-6.0501607039910734,False,4602
4661,2026-09-21,688068,-6.0559031338897471,False,4603
4662,2026-09-21,300820,-6.0676456746416099,False,4604
4663,2026-09-21,603983,-6.071152800751153,False,4605
4664,2026-09-21,605069,-6.081009740504614,False,4606
4665,2026-09-21,300567,-6.0838250449368303,False,4607
4666,2026-09-21,002980,-6.0911021589166694,False,4608
4667,2026-09-21,600389,-6.102395712235321,False,4609
4668,2026-09-21,002848,-6.109459230639005,False,4610
4669,2026-09-21,001389,-6.1313212471358058,True,
4670,2026-09-21,002821,-6.1385902033068884,False,4611
4671,2026-09-21,000718,-6.1593229657992019,False,4612
4672,2026-09-21,600340,-6.1681615579687534,False,4613
4673,2026-09-21,300385,-6.1768834859859734,False,4614
4674,2026-09-21,300981,-6.1809306016027143,False,4615
4675,2026-09-21,000338,-6.1883987755135221,False,4616
4676,2026-09-21,300358,-6.1889039395375152,False,4617
4677,2026-09-21,300323,-6.2037975495478337,False,4618
4678,2026-09-21,300975,-6.2304315215175299,False,4619
4679,2026-09-21,002824,-6.2391535355339593,False,4620
4680,2026-09-21,002640,-6.2587396829554294,False,4621
4681,2026-09-21,301611,-6.2624855164485096,False,4622
4682,2026-09-21,600500,-6.2648601444552714,False,4623
4683,2026-09-21,600505,-6.2689435055116576,False,4624
4684,2026-09-21,688257,-6.2690438571628411,False,4625
4685,2026-09-21,300902,-6.27600592578945,False,4626
4686,2026-09-21,603093,-6.2796762723070989,True,
4687,2026-09-21,001267,-6.2828200181313534,False,4627
4688,2026-09-21,002927,-6.2856792263279093,False,4628
4689,2026-09-21,300939,-6.2970527876866118,False,4629
4690,2026-09-21,301316,-6.3034318320579095,False,4630
4691,2026-09-21,688059,-6.3099478005725134,False,4631
4692,2026-09-21,603693,-6.3184143187359059,False,4632
4693,2026-09-21,300936,-6.3261549258976517,False,4633
4694,2026-09-21,300395,-6.3264755327082831,False,4634
4695,2026-09-21,688110,-6.3356492389303236,False,4635
4696,2026-09-21,688545,-6.3365660335851821,False,4636
4697,2026-09-21,300759,-6.3522343063752817,False,4637
4698,2026-09-21,302132,-6.3590596815820675,False,4638
4699,2026-09-21,000657,-6.3714223983897105,False,4639
4700,2026-09-21,300624,-6.3762025265840361,False,4640
4701,2026-09-21,300592,-6.4013478359906069,False,4641
4702,2026-09-21,600778,-6.4062613888679723,False,4642
4703,2026-09-21,688501,-6.4096616047063968,False,4643
4704,2026-09-21,600076,-6.4111981194852987,False,4644
4705,2026-09-21,600664,-6.4114495542109644,True,
4706,2026-09-21,688062,-6.4214854084157009,False,4645
4707,2026-09-21,688146,-6.4267936587490091,False,4646
4708,2026-09-21,688037,-6.4316816906942211,False,4647
4709,2026-09-21,688583,-6.4419947715061232,False,4648
4710,2026-09-21,002384,-6.4442541901492456,False,4649
4711,2026-09-21,002734,-6.4564802841901638,False,4650
4712,2026-09-21,002463,-6.4828334802710668,False,4651
4713,2026-09-21,301205,-6.4899825306214458,False,4652
4714,2026-09-21,300960,-6.4973448754716907,False,4653
4715,2026-09-21,002429,-6.5251718808183456,False,4654
4716,2026-09-21,300836,-6.5265571357628218,False,4655
4717,2026-09-21,000066,-6.5303780769737356,False,4656
4718,2026-09-21,600488,-6.5382879519424302,False,4657
4719,2026-09-21,603389,-6.53881152437613,False,4658
4720,2026-09-21,300569,-6.5494383570830941,False,4659
4721,2026-09-21,688248,-6.5616657895833033,False,4660
4722,2026-09-21,002232,-6.5701723955242715,False,4661
4723,2026-09-21,301190,-6.5739997903387382,False,4662
4724,2026-09-21,605177,-6.5868436039677647,False,4663
4725,2026-09-21,688530,-6.5932634845618736,False,4664
4726,2026-09-21,688635,-6.5984558668951649,False,4665
4727,2026-09-21,688627,-6.5985280094411483,False,4666
4728,2026-09-21,600903,-6.609590283631432,False,4667
4729,2026-09-21,002909,-6.6099746256302518,False,4668
4730,2026-09-21,688315,-6.6106971941618431,True,
4731,2026-09-21,301176,-6.6172452819365422,False,4669
4732,2026-09-21,300657,-6.6214721827785068,False,4670
4733,2026-09-21,000596,-6.6355331439878373,False,4671
4734,2026-09-21,002717,-6.6561479957783014,False,4672
4735,2026-09-21,000158,-6.6760894278502416,False,4673
4736,2026-09-21,603293,-6.6767376218592549,False,4674
4737,2026-09-21,688206,-6.6945993102939241,False,4675
4738,2026-09-21,300443,-6.7000757523576056,False,4676
4739,2026-09-21,002536,-6.703396861783629,False,4677
4740,2026-09-21,300478,-6.7144297080900461,False,4678
4741,2026-09-21,688710,-6.7262149596167653,False,4679
4742,2026-09-21,301338,-6.7265344907138509,False,4680
4743,2026-09-21,002938,-6.7318611600549314,False,4681
4744,2026-09-21,002902,-6.7329094282047119,False,4682
4745,2026-09-21,002617,-6.73328974129321,False,4683
4746,2026-09-21,301281,-6.7333895914301989,False,4684
4747,2026-09-21,002295,-6.7503164512147098,False,4685
4748,2026-09-21,300456,-6.7514476782095807,False,4686
4749,2026-09-21,001209,-6.7733045310154338,False,4687
4750,2026-09-21,301189,-6.773950681571872,False,4688
4751,2026-09-21,688122,-6.807098198416182,False,4689
4752,2026-09-21,600562,-6.8319825619915218,False,4690
4753,2026-09-21,002584,-6.8353942942502126,False,4691
4754,2026-09-21,688267,-6.8498637592968645,False,4692
4755,2026-09-21,002389,-6.8563718268868463,False,4693
4756,2026-09-21,301592,-6.8576769839300624,False,4694
4757,2026-09-21,688231,-6.8828684118074195,False,4695
4758,2026-09-21,301018,-6.8984951226221645,False,4696
4759,2026-09-21,300840,-6.9044151948719907,False,4697
4760,2026-09-21,002501,-6.9165069569226425,False,4698
4761,2026-09-21,300430,-6.9265479307922009,False,4699
4762,2026-09-21,300251,-6.9388049430162653,False,4700
4763,2026-09-21,600888,-6.940192364977622,False,4701
4764,2026-09-21,300873,-6.9518295014309137,False,4702
4765,2026-09-21,688808,-6.9622893494208355,False,4703
4766,2026-09-21,603067,-6.9944064365985019,False,4704
4767,2026-09-21,300485,-7.0058446083810653,False,4705
4768,2026-09-21,600196,-7.010052066219286,False,4706
4769,2026-09-21,688185,-7.0271713206556381,False,4707
4770,2026-09-21,001317,-7.0295030123256081,True,
4771,2026-09-21,301500,-7.0397208027955678,False,4708
4772,2026-09-21,600479,-7.0604085104057743,False,4709
4773,2026-09-21,300266,-7.0652780124459893,False,4710
4774,2026-09-21,002146,-7.06703736854843,False,4711
4775,2026-09-21,001233,-7.0690788552848236,False,4712
4776,2026-09-21,002290,-7.0700455695855595,False,4713
4777,2026-09-21,300860,-7.0738287400529778,False,4714
4778,2026-09-21,300363,-7.0845686459278321,False,4715
4779,2026-09-21,600048,-7.0921556789465487,False,4716
4780,2026-09-21,300149,-7.1039881205032458,False,4717
4781,2026-09-21,600675,-7.1087321205613616,False,4718
4782,2026-09-21,688216,-7.1153879113334249,False,4719
4783,2026-09-21,600721,-7.1222483155241481,True,
4784,2026-09-21,688167,-7.1380156315456533,False,4720
4785,2026-09-21,301122,-7.1392934555579748,False,4721
4786,2026-09-21,301285,-7.1472450564279999,False,4722
4787,2026-09-21,002726,-7.1548921111699268,False,4723
4788,2026-09-21,300136,-7.1715947119906467,False,4724
4789,2026-09-21,300969,-7.1718686926242485,False,4725
4790,2026-09-21,603092,-7.176956116725413,False,4726
4791,2026-09-21,688448,-7.1822266893646542,False,4727
4792,2026-09-21,688192,-7.1866160239279253,False,4728
4793,2026-09-21,300903,-7.1894449058234962,False,4729
4794,2026-09-21,688105,-7.1921197171526039,False,4730
4795,2026-09-21,300085,-7.1966558800159675,False,4731
4796,2026-09-21,688435,-7.2004483055461925,False,4732
4797,2026-09-21,603358,-7.2009187168497091,False,4733
4798,2026-09-21,688658,-7.2014361806657279,False,4734
4799,2026-09-21,002843,-7.2028912730249068,False,4735
4800,2026-09-21,000711,-7.2209577664173343,False,4736
4801,2026-09-21,600812,-7.2264827963220695,True,
4802,2026-09-21,002679,-7.2282032252855064,False,4737
4803,2026-09-21,300776,-7.2540923621957774,False,4738
4804,2026-09-21,002339,-7.2549872147883496,False,4739
4805,2026-09-21,001212,-7.2931835111889702,False,4740
4806,2026-09-21,301165,-7.305843601965325,False,4741
4807,2026-09-21,002735,-7.3062798183849615,False,4742
4808,2026-09-21,300083,-7.3123013472510143,False,4743
4809,2026-09-21,002051,-7.3174406288635092,False,4744
4810,2026-09-21,688150,-7.3256035811966864,False,4745
4811,2026-09-21,000811,-7.3534779703372273,False,4746
4812,2026-09-21,688719,-7.3813497405563675,False,4747
4813,2026-09-21,002008,-7.3943403618521319,False,4748
4814,2026-09-21,300691,-7.4020341035738042,True,
4815,2026-09-21,300850,-7.4089954459071832,False,4749
4816,2026-09-21,688123,-7.418699042583385,False,4750
4817,2026-09-21,688008,-7.4401442993946283,False,4751
4818,2026-09-21,688708,-7.4599349504112906,False,4752
4819,2026-09-21,600835,-7.4751453116821409,False,4753
4820,2026-09-21,688313,-7.476494722221986,False,4754
4821,2026-09-21,603588,-7.4790410757069736,False,4755
4822,2026-09-21,688628,-7.4868602421198807,False,4756
4823,2026-09-21,001221,-7.4943311245178412,False,4757
4824,2026-09-21,301526,-7.4943489999386088,False,4758
4825,2026-09-21,301682,-7.4954899427559489,False,4759
4826,2026-09-21,300913,-7.5032691056651846,False,4760
4827,2026-09-21,688711,-7.5153898553164442,False,4761
4828,2026-09-21,002249,-7.5177847988616442,False,4762
4829,2026-09-21,688486,-7.5376945850283743,False,4763
4830,2026-09-21,688636,-7.5448273208997989,False,4764
4831,2026-09-21,600698,-7.5567826185729823,False,4765
4832,2026-09-21,002138,-7.5586720155578417,False,4766
4833,2026-09-21,600730,-7.5674932432581006,False,4767
4834,2026-09-21,300869,-7.5928942336255849,False,4768
4835,2026-09-21,000002,-7.6016619087212298,True,
4836,2026-09-21,600748,-7.6182375970064964,False,4769
4837,2026-09-21,002897,-7.6198881843656947,False,4770
4838,2026-09-21,002367,-7.62130342671988,True,
4839,2026-09-21,300333,-7.6253843707673088,False,4771
4840,2026-09-21,002708,-7.6346033199827925,False,4772
4841,2026-09-21,600815,-7.635877164526959,False,4773
4842,2026-09-21,603678,-7.6460520658823024,False,4774
4843,2026-09-21,002297,-7.646545160169107,False,4775
4844,2026-09-21,600584,-7.646564700412064,False,4776
4845,2026-09-21,300042,-7.6660799818543177,False,4777
4846,2026-09-21,688758,-7.6665898649741901,False,4778
4847,2026-09-21,301575,-7.6800830213623303,False,4779
4848,2026-09-21,000656,-7.6805468165064701,False,4780
4849,2026-09-21,000031,-7.68825803189947,False,4781
4850,2026-09-21,300950,-7.6916640088715358,False,4782
4851,2026-09-21,300474,-7.6988375285477515,False,4783
4852,2026-09-21,688183,-7.7266823789167161,False,4784
4853,2026-09-21,002913,-7.73006153491019,False,4785
4854,2026-09-21,300548,-7.7362513507225801,False,4786
4855,2026-09-21,688383,-7.7370790034159249,False,4787
4856,2026-09-21,688179,-7.7415258858129752,False,4788
4857,2026-09-21,000710,-7.7415868812848014,False,4789
4858,2026-09-21,603261,-7.7824435936111795,False,4790
4859,2026-09-21,300877,-7.7848901079165334,False,4791
4860,2026-09-21,301419,-7.8028839254629121,False,4792
4861,2026-09-21,002916,-7.8393508931589153,False,4793
4862,2026-09-21,301699,-7.8533990802614602,False,4794
4863,2026-09-21,300142,-7.8573796122444257,False,4795
4864,2026-09-21,600880,-7.8645206563469223,False,4796
4865,2026-09-21,300633,-7.8652796110804779,False,4797
4866,2026-09-21,603203,-7.8737520678472297,False,4798
4867,2026-09-21,300454,-7.8803830959352954,False,4799
4868,2026-09-21,301046,-7.8891913774992242,False,4800
4869,2026-09-21,000639,-7.8972630660849861,False,4801
4870,2026-09-21,000868,-7.91349384178727,False,4802
4871,2026-09-21,688783,-7.9154113804063178,False,4803
4872,2026-09-21,300814,-7.9232946015055719,False,4804
4873,2026-09-21,301080,-7.9390457907511944,False,4805
4874,2026-09-21,301061,-7.9482658499001673,False,4806
4875,2026-09-21,002755,-7.9640331013035048,True,
4876,2026-09-21,003006,-7.9790545451458561,False,4807
4877,2026-09-21,603138,-8.0250468190774349,False,4808
4878,2026-09-21,603306,-8.0511639096908549,False,4809
4879,2026-09-21,002289,-8.068381628979532,False,4810
4880,2026-09-21,300879,-8.0718751417524075,False,4811
4881,2026-09-21,002518,-8.0948575283914934,False,4812
4882,2026-09-21,301319,-8.0974230308965573,False,4813
4883,2026-09-21,300835,-8.0995031819263126,False,4814
4884,2026-09-21,002005,-8.119001710030803,False,4815
4885,2026-09-21,301051,-8.1312795969631342,False,4816
4886,2026-09-21,688809,-8.1351077016456426,False,4817
4887,2026-09-21,688700,-8.1420806986181553,False,4818
4888,2026-09-21,301396,-8.1432959495335346,False,4819
4889,2026-09-21,688630,-8.1562661321290992,False,4820
4890,2026-09-21,001356,-8.1692666244142931,False,4821
4891,2026-09-21,300806,-8.191828000953981,False,4822
4892,2026-09-21,603580,-8.210717716941522,True,
4893,2026-09-21,688416,-8.2243778297484464,False,4823
4894,2026-09-21,001388,-8.2261188725509875,False,4824
4895,2026-09-21,300491,-8.227013601754841,False,4825
4896,2026-09-21,002303,-8.2411017562186366,True,
4897,2026-09-21,600206,-8.2574873354183378,False,4826
4898,2026-09-21,688331,-8.2812457346888237,False,4827
4899,2026-09-21,002484,-8.301208675729951,False,4828
4900,2026-09-21,600397,-8.3138866273703176,False,4829
4901,2026-09-21,002217,-8.3165697477785745,False,4830
4902,2026-09-21,600498,-8.3176754973668992,False,4831
4903,2026-09-21,300424,-8.3286868227738076,False,4832
4904,2026-09-21,301297,-8.3292891213509925,False,4833
4905,2026-09-21,600059,-8.3320183961255445,False,4834
4906,2026-09-21,300212,-8.3432166094705984,False,4835
4907,2026-09-21,301377,-8.3609648166650583,False,4836
4908,2026-09-21,301220,-8.3677887155583353,False,4837
4909,2026-09-21,301075,-8.3696296884556016,False,4838
4910,2026-09-21,301511,-8.3743448708011865,False,4839
4911,2026-09-21,688393,-8.3929665665443878,False,4840
4912,2026-09-21,001378,-8.4454862940424746,False,4841
4913,2026-09-21,300659,-8.4500153230296817,False,4842
4914,2026-09-21,300901,-8.4699455558245944,False,4843
4915,2026-09-21,000593,-8.479019350565169,False,4844
4916,2026-09-21,300300,-8.4893730872149042,False,4845
4917,2026-09-21,001376,-8.503948095293401,True,
4918,2026-09-21,300649,-8.5088255660038055,False,4846
4919,2026-09-21,603112,-8.5139802650190735,False,4847
4920,2026-09-21,600391,-8.5238023365205393,False,4848
4921,2026-09-21,688767,-8.5309369802477981,False,4849
4922,2026-09-21,688265,-8.5310061763340208,False,4850
4923,2026-09-21,300731,-8.5895037436189092,False,4851
4924,2026-09-21,600246,-8.616606789709973,False,4852
4925,2026-09-21,003002,-8.6287863953876816,False,4853
4926,2026-09-21,600769,-8.6353638283098419,False,4854
4927,2026-09-21,601112,-8.6354395217776734,False,4855
4928,2026-09-21,300097,-8.646952869027718,False,4856
4929,2026-09-21,300907,-8.6544693239355901,False,4857
4930,2026-09-21,300502,-8.6782608172455635,False,4858
4931,2026-09-21,688266,-8.6979632330815626,False,4859
4932,2026-09-21,603435,-8.7010093939877038,False,4860
4933,2026-09-21,301373,-8.7032982587900953,False,4861
4934,2026-09-21,000417,-8.7382801622218125,False,4862
4935,2026-09-21,603228,-8.7599180709629447,False,4863
4936,2026-09-21,002846,-8.7623164650580332,False,4864
4937,2026-09-21,300122,-8.7661440815247875,False,4865
4938,2026-09-21,002383,-8.7999713199089502,False,4866
4939,2026-09-21,300684,-8.8240170994534193,False,4867
4940,2026-09-21,688318,-8.8308011706967218,False,4868
4941,2026-09-21,688203,-8.892785286302912,False,4869
4942,2026-09-21,300283,-8.9021950363279014,False,4870
4943,2026-09-21,600685,-8.9307832074898901,False,4871
4944,2026-09-21,300054,-8.930999618825517,False,4872
4945,2026-09-21,301013,-8.9324749609205689,False,4873
4946,2026-09-21,688336,-8.9534265515334237,False,4874
4947,2026-09-21,603221,-8.9688306298213263,False,4875
4948,2026-09-21,688600,-8.9718480352163379,False,4876
4949,2026-09-21,688820,-8.9777779177523804,False,4877
4950,2026-09-21,301389,-8.9888070166923253,False,4878
4951,2026-09-21,300708,-9.0094754247266593,False,4879
4952,2026-09-21,002632,-9.0351934991971206,False,4880
4953,2026-09-21,600110,-9.0633748846225846,False,4881
4954,2026-09-21,688218,-9.0807556960574889,False,4882
4955,2026-09-21,688613,-9.0808940866702876,False,4883
4956,2026-09-21,300068,-9.0876934556326354,False,4884
4957,2026-09-21,600847,-9.0878976108814182,False,4885
4958,2026-09-21,688090,-9.0982312807724757,False,4886
4959,2026-09-21,300620,-9.1123512019983615,False,4887
4960,2026-09-21,600105,-9.1141389584089101,False,4888
4961,2026-09-21,600503,-9.1158620542602478,True,
4962,2026-09-21,603118,-9.1192413125424814,False,4889
4963,2026-09-21,603020,-9.1413513825171151,True,
4964,2026-09-21,002434,-9.1618527310189624,False,4890
4965,2026-09-21,002552,-9.1911788119036419,False,4891
4966,2026-09-21,300991,-9.2023644698330465,False,4892
4967,2026-09-21,603336,-9.2028271852386148,False,4893
4968,2026-09-21,600095,-9.2059777137156189,False,4894
4969,2026-09-21,688026,-9.2131718170336168,True,
4970,2026-09-21,605088,-9.2303521844116521,False,4895
4971,2026-09-21,300553,-9.2531699490148664,False,4896
4972,2026-09-21,002741,-9.2661013596220219,False,4897
4973,2026-09-21,603002,-9.2706287583758122,False,4898
4974,2026-09-21,600734,-9.2979488080906219,False,4899
4975,2026-09-21,300285,-9.3189439094494073,False,4900
4976,2026-09-21,603421,-9.3476885873953872,False,4901
4977,2026-09-21,600641,-9.3655462714772248,False,4902
4978,2026-09-21,688549,-9.3684530542541822,False,4903
4979,2026-09-21,688020,-9.3899887391530115,False,4904
4980,2026-09-21,300319,-9.3998653319078969,False,4905
4981,2026-09-21,300426,-9.4261747070132778,False,4906
4982,2026-09-21,002565,-9.4279380595618374,False,4907
4983,2026-09-21,300802,-9.4668181932226183,False,4908
4984,2026-09-21,600609,-9.4702089036102688,False,4909
4985,2026-09-21,002244,-9.4828578947539022,False,4910
4986,2026-09-21,300604,-9.485218204089815,False,4911
4987,2026-09-21,688521,-9.4952247427705707,False,4912
4988,2026-09-21,600330,-9.4973376848630817,False,4913
4989,2026-09-21,688175,-9.5019946211142639,False,4914
4990,2026-09-21,688293,-9.5117975459943604,False,4915
4991,2026-09-21,301626,-9.5150285104207892,False,4916
4992,2026-09-21,688256,-9.5641337860834632,False,4917
4993,2026-09-21,688678,-9.5793373240194892,False,4918
4994,2026-09-21,601579,-9.6722194160582404,True,
4995,2026-09-21,300129,-9.7260127043374816,False,4919
4996,2026-09-21,600176,-9.7387016699948479,False,4920
4997,2026-09-21,603376,-9.7585289369300625,False,4921
4998,2026-09-21,688796,-9.7925160493773298,False,4922
4999,2026-09-21,688048,-9.8387449875751596,False,4923
5000,2026-09-21,603175,-9.8775605669390885,True,
5001,2026-09-21,000988,-9.9100258195866733,False,4924
5002,2026-09-21,603888,-9.9147201363107573,False,4925
5003,2026-09-21,600644,-9.9242769397210058,False,4926
5004,2026-09-21,300672,-9.9386015291650729,False,4927
5005,2026-09-21,600630,-9.9558209934987332,True,
5006,2026-09-21,000534,-9.9636843936655488,False,4928
5007,2026-09-21,688359,-9.9638742023591291,False,4929
5008,2026-09-21,001399,-9.9952463591602818,False,4930
5009,2026-09-21,002768,-10.005897108661847,False,4931
5010,2026-09-21,002106,-10.020207701546029,False,4932
5011,2026-09-21,002046,-10.034636697957881,False,4933
5012,2026-09-21,301217,-10.059518202934104,False,4934
5013,2026-09-21,002849,-10.064380251394768,False,4935
5014,2026-09-21,600522,-10.075378821824446,False,4936
5015,2026-09-21,002068,-10.08434757042358,False,4937
5016,2026-09-21,603663,-10.092301644500861,True,
5017,2026-09-21,600400,-10.096878652907536,False,4938
5018,2026-09-21,002353,-10.12420747581621,False,4939
5019,2026-09-21,603601,-10.156829973318064,False,4940
5020,2026-09-21,300570,-10.202361729502398,False,4941
5021,2026-09-21,600640,-10.223513207270429,False,4942
5022,2026-09-21,001365,-10.244754932564167,False,4943
5023,2026-09-21,603120,-10.250573961467811,False,4944
5024,2026-09-21,600410,-10.277248928237983,False,4945
5025,2026-09-21,300638,-10.287003164787048,False,4946
5026,2026-09-21,300243,-10.335789279766091,False,4947
5027,2026-09-21,688836,-10.3600296120116,False,4948
5028,2026-09-21,600353,-10.411900805857051,False,4949
5029,2026-09-21,688806,-10.413296297208786,False,4950
5030,2026-09-21,600601,-10.414599570368974,False,4951
5031,2026-09-21,300469,-10.415278837868186,False,4952
5032,2026-09-21,001326,-10.424328390179635,False,4953
5033,2026-09-21,603375,-10.451386993787327,False,4954
5034,2026-09-21,301041,-10.544637714577149,False,4955
5035,2026-09-21,688121,-10.657223130846747,True,
5036,2026-09-21,301047,-10.660292438676555,False,4956
5037,2026-09-21,301086,-10.668058915258264,False,4957
5038,2026-09-21,688603,-10.721086118091048,False,4958
5039,2026-09-21,688813,-10.742989637405302,False,4959
5040,2026-09-21,300499,-10.776644052663743,False,4960
5041,2026-09-21,688660,-10.797206175461893,False,4961
5042,2026-09-21,003026,-10.804001483440649,False,4962
5043,2026-09-21,002827,-10.863146634537749,False,4963
5044,2026-09-21,301230,-10.893047165170266,False,4964
5045,2026-09-21,301531,-10.898957809547788,False,4965
5046,2026-09-21,300739,-10.930519138992672,False,4966
5047,2026-09-21,688323,-10.94115414249832,False,4967
5048,2026-09-21,688035,-11.0027126068443,False,4968
5049,2026-09-21,600325,-11.003269609147349,True,
5050,2026-09-21,000978,-11.026491564435837,False,4969
5051,2026-09-21,300647,-11.034331815917454,False,4970
5052,2026-09-21,301115,-11.035266252472221,False,4971
5053,2026-09-21,688381,-11.050308424333021,False,4972
5054,2026-09-21,000566,-11.060992263790313,True,
5055,2026-09-21,601026,-11.119226043486595,False,4973
5056,2026-09-21,601218,-11.120129037265151,False,4974
5057,2026-09-21,600792,-11.127542290026213,False,4975
5058,2026-09-21,002436,-11.1394441206655,False,4976
5059,2026-09-21,300964,-11.21792872214982,False,4977
5060,2026-09-21,300765,-11.253114941452822,False,4978
5061,2026-09-21,688337,-11.29165070662942,False,4979
5062,2026-09-21,300476,-11.362535434151951,False,4980
5063,2026-09-21,300347,-11.445047384400967,False,4981
5064,2026-09-21,601208,-11.467948804956473,False,4982
5065,2026-09-21,002428,-11.509111549987319,False,4983
5066,2026-09-21,002859,-11.576384685850048,False,4984
5067,2026-09-21,301666,-11.576888194943697,False,4985
5068,2026-09-21,600183,-11.621134726337342,False,4986
5069,2026-09-21,603626,-11.629352925013171,False,4987
5070,2026-09-21,688485,-11.657857465958982,False,4988
5071,2026-09-21,300408,-11.673472467840153,False,4989
5072,2026-09-21,002201,-11.698917291273206,False,4990
5073,2026-09-21,002396,-11.700283940939141,False,4991
5074,2026-09-21,301021,-11.739554094335759,False,4992
5075,2026-09-21,000592,-11.762815241721578,False,4993
5076,2026-09-21,688112,-11.800841769719497,True,
5077,2026-09-21,300473,-11.822812143159883,False,4994
5078,2026-09-21,688001,-11.890274484585815,False,4995
5079,2026-09-21,600487,-11.937090151251514,False,4996
5080,2026-09-21,000962,-11.937410489219165,False,4997
5081,2026-09-21,301155,-11.978437264360268,False,4998
5082,2026-09-21,002300,-12.01216220390593,False,4999
5083,2026-09-21,002560,-12.121944890024889,False,5000
5084,2026-09-21,688785,-12.173014514289665,False,5001
5085,2026-09-21,603001,-12.186811690302626,True,
5086,2026-09-21,688168,-12.235565944270379,False,5002
5087,2026-09-21,605006,-12.280952778674306,False,5003
5088,2026-09-21,002453,-12.323137990029434,True,
5089,2026-09-21,300209,-12.444244140204772,False,5004
5090,2026-09-21,600606,-12.447442596509621,True,
5091,2026-09-21,603115,-12.460467456717188,False,5005
5092,2026-09-21,688519,-12.480179951534158,False,5006
5093,2026-09-21,300151,-12.525095572950374,False,5007
5094,2026-09-21,301687,-12.530436800480004,False,5008
5095,2026-09-21,301071,-12.576263086972048,False,5009
5096,2026-09-21,601869,-12.597262067879923,False,5010
5097,2026-09-21,603230,-12.606178375284477,True,
5098,2026-09-21,603226,-12.635543531097284,False,5011
5099,2026-09-21,603978,-12.640368538832272,False,5012
5100,2026-09-21,688260,-12.683777037035448,False,5013
5101,2026-09-21,300394,-12.735097268102171,False,5014
5102,2026-09-21,688593,-12.754652924691539,False,5015
5103,2026-09-21,688807,-12.773751901421734,False,5016
5104,2026-09-21,603960,-12.841651272851941,False,5017
5105,2026-09-21,688622,-12.846753615072345,False,5018
5106,2026-09-21,000981,-12.873065317781473,False,5019
5107,2026-09-21,688091,-12.878802445645704,False,5020
5108,2026-09-21,002631,-13.059909001858365,False,5021
5109,2026-09-21,301390,-13.083251620712959,False,5022
5110,2026-09-21,300413,-13.118710051055523,False,5023
5111,2026-09-21,002785,-13.209537780942387,False,5024
5112,2026-09-21,603316,-13.251499520190345,True,
5113,2026-09-21,603989,-13.474212559808098,False,5025
5114,2026-09-21,002531,-13.504241320665226,False,5026
5115,2026-09-21,603083,-13.509388185858768,False,5027
5116,2026-09-21,002623,-13.512653312625069,False,5028
5117,2026-09-21,603459,-13.609129541461742,False,5029
5118,2026-09-21,688403,-13.612175685686225,False,5030
5119,2026-09-21,300852,-13.698169470416055,False,5031
5120,2026-09-21,000636,-13.707794385840735,False,5032
5121,2026-09-21,002815,-13.726029314768354,False,5033
5122,2026-09-21,002514,-13.922029999537564,False,5034
5123,2026-09-21,301008,-13.954281620174751,False,5035
5124,2026-09-21,600929,-13.957784244285222,False,5036
5125,2026-09-21,300369,-13.993507151445717,False,5037
5126,2026-09-21,002161,-14.073263973325568,False,5038
5127,2026-09-21,688244,-14.084309478116257,False,5039
5128,2026-09-21,603686,-14.105424212417127,False,5040
5129,2026-09-21,300726,-14.129169036777522,False,5041
5130,2026-09-21,300179,-14.136807291916273,False,5042
5131,2026-09-21,002636,-14.138009363787388,False,5043
5132,2026-09-21,688205,-14.320436384184799,False,5044
5133,2026-09-21,300368,-14.333226302335262,False,5045
5134,2026-09-21,300788,-14.34823116933036,False,5046
5135,2026-09-21,002141,-14.397979354299629,False,5047
5136,2026-09-21,301566,-14.4056273739996,False,5048
5137,2026-09-21,603328,-14.442701518754225,False,5049
5138,2026-09-21,000980,-14.54464642863803,False,5050
5139,2026-09-21,300534,-14.70880840796193,False,5051
5140,2026-09-21,002836,-14.860331571667279,False,5052
5141,2026-09-21,002285,-14.876739930873054,True,
5142,2026-09-21,688028,-14.978657814396712,False,5053
5143,2026-09-21,688662,-15.034002077349541,False,5054
5144,2026-09-21,301030,-15.080386477614237,False,5055
5145,2026-09-21,300163,-15.091791868726808,False,5056
5146,2026-09-21,600088,-15.220970902706117,False,5057
5147,2026-09-21,300911,-15.234962145051563,False,5058
5148,2026-09-21,688432,-15.292078750781886,False,5059
5149,2026-09-21,002667,-15.318727614620963,True,
5150,2026-09-21,600360,-15.337569358139936,False,5060
5151,2026-09-21,002491,-15.38805395356035,False,5061
5152,2026-09-21,600172,-15.416248532025243,False,5062
5153,2026-09-21,002487,-15.447368309854802,False,5063
5154,2026-09-21,000560,-15.734949600282102,True,
5155,2026-09-21,603920,-15.747101237296727,False,5064
5156,2026-09-21,002522,-15.784906010742258,False,5065
5157,2026-09-21,002172,-15.793671945806889,True,
5158,2026-09-21,688312,-15.938910760841468,False,5066
5159,2026-09-21,300290,-15.962285802018522,False,5067
5160,2026-09-21,300352,-15.97951431600616,False,5068
5161,2026-09-21,301132,-16.095236703715045,False,5069
5162,2026-09-21,300112,-16.143207714269685,False,5070
5163,2026-09-21,688655,-16.20556535305662,False,5071
5164,2026-09-21,603042,-16.273596336142099,True,
5165,2026-09-21,002443,-16.416057770805253,False,5072
5166,2026-09-21,600448,-16.545569977966718,True,
5167,2026-09-21,002669,-16.561196398039321,False,5073
5168,2026-09-21,603407,-16.745956348302055,False,5074
5169,2026-09-21,301583,-16.856973557061707,False,5075
5170,2026-09-21,000993,-16.95735151559456,False,5076
5171,2026-09-21,688292,-16.966063825805879,False,5077
5172,2026-09-21,605162,-16.98604726892701,False,5078
5173,2026-09-21,003001,-17.257818100362861,False,5079
5174,2026-09-21,000910,-17.335894914051838,True,
5175,2026-09-21,000070,-17.349372858527786,False,5080
5176,2026-09-21,301366,-17.363077631730064,False,5081
5177,2026-09-21,300741,-17.514878623756804,False,5082
5178,2026-09-21,002912,-17.569244327756945,False,5083
5179,2026-09-21,300196,-17.6977519246627,False,5084
5180,2026-09-21,688625,-18.06073914574598,False,5085
5181,2026-09-21,002579,-18.195568710294545,False,5086
5182,2026-09-21,600127,-18.332890867924242,True,
5183,2026-09-21,300464,-18.65043043993473,False,5087
5184,2026-09-21,603618,-18.767837059026224,False,5088
5185,2026-09-21,688802,-18.98628004908899,False,5089
5186,2026-09-21,688801,-18.989444016162686,False,5090
5187,2026-09-21,002212,-19.622981822153292,False,5091
5188,2026-09-21,002585,-19.623997054211813,True,
5189,2026-09-21,301689,-20.135366274054483,False,5092
5190,2026-09-21,605577,-20.433214107650347,False,5093
5191,2026-09-21,600869,-21.013579831437301,False,5094
5192,2026-09-21,601811,-21.414020921136718,True,
5193,2026-09-21,605058,-21.91078320034006,False,5095
5194,2026-09-21,603248,-21.922344267466514,False,5096
5195,2026-09-21,300862,-22.321659010701488,False,5097
5196,2026-09-21,002080,-22.488201090398768,True,
5197,2026-09-21,300829,-22.621175354464324,True,
5198,2026-09-21,600371,-23.119031514219373,False,5098
5199,2026-09-21,688835,-23.390811017834213,False,5099
5200,2026-09-21,688137,-23.430885003282171,True,
5201,2026-09-21,301520,-24.246669577590286,False,5100
5202,2026-09-21,300642,-24.706841352249299,True,
5203,2026-09-21,000532,-25.181747023327645,True,
5204,2026-09-21,601086,-25.489189489065247,True,
5205,2026-09-21,688143,-27.571786957998281,False,5101
5206,2026-09-21,000823,-31.900573721316217,False,5102
5207,2026-09-21,688004,-34.168541598632743,False,5103
5208,2026-09-21,688837,-44.835425646505556,False,5104
5209,2026-09-21,601091,-49.438089120745602,False,5105
