rank_all,date,code,signal,close_limit_up,rank_ex_limit_up
1,2026-09-28,600825,52.188553753024372,True,
2,2026-09-28,000523,16.566120325893092,False,1
3,2026-09-28,002855,15.727451291567773,False,2
4,2026-09-28,000019,15.683741640106245,False,3
5,2026-09-28,000505,14.626482609068656,False,4
6,2026-09-28,601118,14.4293544396425,False,5
7,2026-09-28,000911,14.244431851135557,False,6
8,2026-09-28,000017,14.102779826239999,False,7
9,2026-09-28,003040,13.966568320215579,False,8
10,2026-09-28,600251,13.813170055484619,False,9
11,2026-09-28,002084,13.571295703910133,False,10
12,2026-09-28,001299,13.44536253190245,False,11
13,2026-09-28,600313,13.412743542357561,False,12
14,2026-09-28,300788,13.250915622716054,False,13
15,2026-09-28,688031,13.017690310807886,False,14
16,2026-09-28,000972,12.931062373924314,False,15
17,2026-09-28,600865,12.873986298495176,False,16
18,2026-09-28,688629,12.521161357353146,False,17
19,2026-09-28,002470,12.455904741331009,False,18
20,2026-09-28,000430,12.418023341979193,False,19
21,2026-09-28,000812,12.335572659052657,False,20
22,2026-09-28,603123,11.886454925488039,False,21
23,2026-09-28,003013,11.645405367144045,False,22
24,2026-09-28,002041,11.548098056370312,False,23
25,2026-09-28,301628,11.523571677759477,False,24
26,2026-09-28,600506,11.185056256097834,False,25
27,2026-09-28,603976,10.959254671297293,False,26
28,2026-09-28,300189,10.895218167247254,False,27
29,2026-09-28,300889,10.814679423089872,False,28
30,2026-09-28,000716,10.496053363915713,False,29
31,2026-09-28,603378,10.366079451781289,False,30
32,2026-09-28,603880,10.313392873911379,False,31
33,2026-09-28,002743,10.279496581668857,False,32
34,2026-09-28,600228,10.116247877480427,False,33
35,2026-09-28,300709,9.9957975109573614,False,34
36,2026-09-28,301057,9.9529167352660082,False,35
37,2026-09-28,000626,9.9393651103057863,False,36
38,2026-09-28,002286,9.9014819446055444,False,37
39,2026-09-28,002637,9.8792269338796608,False,38
40,2026-09-28,300816,9.7626180533402049,False,39
41,2026-09-28,600844,9.6088283039096005,False,40
42,2026-09-28,603132,9.6007158629413922,False,41
43,2026-09-28,002412,9.5310205768587224,False,42
44,2026-09-28,600318,9.5302151295644677,False,43
45,2026-09-28,603113,9.4901793873177418,False,44
46,2026-09-28,603269,9.4564962961704104,False,45
47,2026-09-28,603270,9.3986712055309205,False,46
48,2026-09-28,002561,9.3969115545743236,False,47
49,2026-09-28,001366,9.30222045866401,False,48
50,2026-09-28,600230,9.2584915624524555,False,49
51,2026-09-28,002888,9.1949205518389743,False,50
52,2026-09-28,603778,9.1923943072903747,False,51
53,2026-09-28,301058,9.1738018806015642,False,52
54,2026-09-28,000798,9.1686841282612832,False,53
55,2026-09-28,600610,9.1382622421683291,False,54
56,2026-09-28,002291,9.1074611479615708,False,55
57,2026-09-28,601366,9.0973326850416836,False,56
58,2026-09-28,603161,9.0359283495751335,False,57
59,2026-09-28,601929,8.9934937471944334,False,58
60,2026-09-28,300427,8.9697293297748129,False,59
61,2026-09-28,600969,8.9466683536525586,False,60
62,2026-09-28,002910,8.9390084875542435,False,61
63,2026-09-28,688646,8.9085278011655795,False,62
64,2026-09-28,002772,8.89293138702328,False,63
65,2026-09-28,600354,8.8510158561965859,False,64
66,2026-09-28,000712,8.7738777779321406,False,65
67,2026-09-28,603696,8.7726701571458054,False,66
68,2026-09-28,600227,8.7435772754694181,False,67
69,2026-09-28,300992,8.7208116541292071,False,68
70,2026-09-28,600272,8.7035098996820288,False,69
71,2026-09-28,301591,8.7031951825977174,False,70
72,2026-09-28,601999,8.7022974519335285,False,71
73,2026-09-28,300106,8.6709813492698729,False,72
74,2026-09-28,002828,8.6626045922357324,False,73
75,2026-09-28,002952,8.6504658009982567,False,74
76,2026-09-28,000779,8.6140324758349411,False,75
77,2026-09-28,002886,8.6054021102829488,False,76
78,2026-09-28,000929,8.5717405363021353,False,77
79,2026-09-28,300987,8.5333781885782827,False,78
80,2026-09-28,605179,8.5266611906890581,False,79
81,2026-09-28,300922,8.5258081197538509,False,80
82,2026-09-28,600581,8.4834355711367344,False,81
83,2026-09-28,300313,8.433135739529499,False,82
84,2026-09-28,600892,8.3930912259293535,False,83
85,2026-09-28,000586,8.3606893526499064,False,84
86,2026-09-28,601566,8.3513858143244075,False,85
87,2026-09-28,688699,8.3467400264220828,False,86
88,2026-09-28,301326,8.294294865204888,False,87
89,2026-09-28,002696,8.2774803524140932,False,88
90,2026-09-28,301399,8.2642230367024005,False,89
91,2026-09-28,002548,8.263329757946984,False,90
92,2026-09-28,301500,8.2146682946325136,False,91
93,2026-09-28,300707,8.2137667145167512,False,92
94,2026-09-28,600508,8.2132526843093761,False,93
95,2026-09-28,300345,8.1039444493004904,False,94
96,2026-09-28,002820,8.1033319102926988,False,95
97,2026-09-28,300338,8.0798070970286204,False,96
98,2026-09-28,300497,8.0721134736951257,False,97
99,2026-09-28,300387,8.0704861642202914,False,98
100,2026-09-28,002519,8.0687663153054707,False,99
101,2026-09-28,002265,8.0299095932493021,False,100
102,2026-09-28,688196,8.0222700352748397,False,101
103,2026-09-28,002902,7.9572580349724831,False,102
104,2026-09-28,300854,7.9546364547900836,False,103
105,2026-09-28,002385,7.9488834328063449,False,104
106,2026-09-28,002328,7.9358062444220678,False,105
107,2026-09-28,000722,7.8925526613903081,False,106
108,2026-09-28,301043,7.8470914948128039,False,107
109,2026-09-28,301539,7.8258556957825451,False,108
110,2026-09-28,002181,7.8230609622417289,False,109
111,2026-09-28,002976,7.8208383869485543,False,110
112,2026-09-28,002949,7.8171015674537427,False,111
113,2026-09-28,300381,7.8073876106788456,False,112
114,2026-09-28,603721,7.7976459554820261,False,113
115,2026-09-28,601168,7.7933402812196055,False,114
116,2026-09-28,301027,7.7883194214913702,False,115
117,2026-09-28,603406,7.7873904310058704,False,116
118,2026-09-28,002922,7.7730341499834221,False,117
119,2026-09-28,601801,7.7654141337515412,False,118
120,2026-09-28,300094,7.7646065279415097,False,119
121,2026-09-28,600156,7.7568865949133921,False,120
122,2026-09-28,600119,7.7512085526637318,False,121
123,2026-09-28,000949,7.7423067065236157,False,122
124,2026-09-28,002995,7.7113647875988747,False,123
125,2026-09-28,600828,7.6966192391213823,False,124
126,2026-09-28,603159,7.6922347438098004,False,125
127,2026-09-28,300504,7.6892030774816451,False,126
128,2026-09-28,300913,7.683122849240406,False,127
129,2026-09-28,300615,7.6400966401424686,False,128
130,2026-09-28,002862,7.6359002334957982,False,129
131,2026-09-28,300749,7.6208525967361886,False,130
132,2026-09-28,601083,7.6193782892566722,False,131
133,2026-09-28,300612,7.5863074958857224,False,132
134,2026-09-28,600249,7.5730013587192477,False,133
135,2026-09-28,002691,7.5676147528033271,False,134
136,2026-09-28,002716,7.554537697554399,False,135
137,2026-09-28,300920,7.549533001684658,False,136
138,2026-09-28,002522,7.5474149732637219,False,137
139,2026-09-28,300880,7.5426148432925206,False,138
140,2026-09-28,002661,7.5153418988487743,False,139
141,2026-09-28,600664,7.5041380116194638,False,140
142,2026-09-28,603150,7.5038679809241193,False,141
143,2026-09-28,300901,7.5035399570677734,False,142
144,2026-09-28,601606,7.5024610874508237,False,143
145,2026-09-28,603395,7.4932396303084179,False,144
146,2026-09-28,600255,7.4844503104245508,False,145
147,2026-09-28,301062,7.4647183467951059,False,146
148,2026-09-28,000998,7.4605801327476362,False,147
149,2026-09-28,603216,7.438195243732169,False,148
150,2026-09-28,301052,7.4128357934516655,False,149
151,2026-09-28,605108,7.4004442003826023,False,150
152,2026-09-28,002306,7.3983885155138296,False,151
153,2026-09-28,002107,7.3762595553978239,False,152
154,2026-09-28,600838,7.3625724491875681,False,153
155,2026-09-28,301395,7.3508838005449606,False,154
156,2026-09-28,002357,7.3123806488173475,False,155
157,2026-09-28,603082,7.2999498920605168,False,156
158,2026-09-28,603106,7.2645944760371517,False,157
159,2026-09-28,603729,7.2619657273688842,False,158
160,2026-09-28,000878,7.2470652673802842,False,159
161,2026-09-28,002224,7.2337765255024076,False,160
162,2026-09-28,002418,7.1915183959736675,False,161
163,2026-09-28,002742,7.1892436930249604,False,162
164,2026-09-28,600333,7.1687755944813532,False,163
165,2026-09-28,301151,7.1671159693996778,False,164
166,2026-09-28,002437,7.1459573811821482,False,165
167,2026-09-28,600714,7.1415513191498068,False,166
168,2026-09-28,603869,7.1391520567126658,False,167
169,2026-09-28,000816,7.1076966229602174,False,168
170,2026-09-28,002957,7.0794907628426884,False,169
171,2026-09-28,002652,7.0756282098206311,False,170
172,2026-09-28,300562,7.0738405439414791,False,171
173,2026-09-28,600598,7.0581230393178789,False,172
174,2026-09-28,002719,7.0472617095612025,False,173
175,2026-09-28,603558,7.0383240775553668,False,174
176,2026-09-28,301025,7.017398554977941,False,175
177,2026-09-28,688565,7.0114429354536236,False,176
178,2026-09-28,600706,6.9996294953678495,False,177
179,2026-09-28,000698,6.997915816651715,False,178
180,2026-09-28,688084,6.9964102896257945,False,179
181,2026-09-28,000735,6.9956043959338796,False,180
182,2026-09-28,603089,6.9886487559837107,False,181
183,2026-09-28,603386,6.9883419878465238,False,182
184,2026-09-28,600776,6.9825216285557143,False,183
185,2026-09-28,300268,6.9784337057650561,False,184
186,2026-09-28,301159,6.9760270381035321,False,185
187,2026-09-28,600410,6.9757819253718161,False,186
188,2026-09-28,301006,6.9733050390388662,False,187
189,2026-09-28,002825,6.9702222193222712,False,188
190,2026-09-28,603102,6.9549743658076277,False,189
191,2026-09-28,603895,6.9541288061777955,False,190
192,2026-09-28,600596,6.9512454604972653,False,191
193,2026-09-28,002229,6.9477738068806811,False,192
194,2026-09-28,000985,6.9341534590435225,False,193
195,2026-09-28,603331,6.9279061899109262,False,194
196,2026-09-28,603059,6.9273982890331851,False,195
197,2026-09-28,688132,6.9158490976460048,False,196
198,2026-09-28,300624,6.8941813734520521,False,197
199,2026-09-28,600135,6.8851188132055219,False,198
200,2026-09-28,603825,6.876934474338344,False,199
201,2026-09-28,000558,6.8603733686509596,False,200
202,2026-09-28,002159,6.8318223079997624,False,201
203,2026-09-28,000526,6.8143193428989468,False,202
204,2026-09-28,603860,6.8135006076759321,False,203
205,2026-09-28,300538,6.760405667548075,False,204
206,2026-09-28,603139,6.7493522388569778,False,205
207,2026-09-28,600327,6.7491285401619212,False,206
208,2026-09-28,688459,6.7335373057169505,False,207
209,2026-09-28,603385,6.7276619703861051,False,208
210,2026-09-28,603162,6.7274290721792296,False,209
211,2026-09-28,002442,6.7132668033146494,False,210
212,2026-09-28,300892,6.702478715400475,False,211
213,2026-09-28,605567,6.6992179410034876,False,212
214,2026-09-28,603982,6.6968408046016377,False,213
215,2026-09-28,300252,6.6943350468949525,False,214
216,2026-09-28,301227,6.6857862906483581,False,215
217,2026-09-28,603619,6.671992627741842,False,216
218,2026-09-28,301072,6.6667716921244535,False,217
219,2026-09-28,688701,6.6617919606059761,False,218
220,2026-09-28,601212,6.6552013402852213,False,219
221,2026-09-28,002758,6.6520389278979479,False,220
222,2026-09-28,300740,6.6351160339497088,False,221
223,2026-09-28,603129,6.6337379460678569,False,222
224,2026-09-28,688668,6.6336840627164673,False,223
225,2026-09-28,002199,6.6311082996537589,False,224
226,2026-09-28,603687,6.6192855785274407,False,225
227,2026-09-28,300945,6.6135690001925589,False,226
228,2026-09-28,300087,6.609210401489559,False,227
229,2026-09-28,002329,6.5937575129388186,False,228
230,2026-09-28,002856,6.5827849004259971,False,229
231,2026-09-28,000061,6.5804083434680152,False,230
232,2026-09-28,000925,6.5672802570337261,False,231
233,2026-09-28,688215,6.5613907215694169,False,232
234,2026-09-28,301011,6.5598442863366238,False,233
235,2026-09-28,002627,6.5564870701194247,False,234
236,2026-09-28,002581,6.5517752009245589,False,235
237,2026-09-28,301300,6.5429189967336878,False,236
238,2026-09-28,603255,6.5236001898344043,False,237
239,2026-09-28,300079,6.4999308955121462,False,238
240,2026-09-28,002571,6.4835973289949287,False,239
241,2026-09-28,002512,6.4603919594587573,False,240
242,2026-09-28,605488,6.4597286365626783,False,241
243,2026-09-28,603980,6.4569844055480861,False,242
244,2026-09-28,300577,6.4308803577534217,False,243
245,2026-09-28,300825,6.4286810341030254,False,244
246,2026-09-28,603318,6.4234275936845071,False,245
247,2026-09-28,301337,6.3982431729026956,False,246
248,2026-09-28,301257,6.372358704978792,False,247
249,2026-09-28,001338,6.3579079069163056,False,248
250,2026-09-28,002272,6.3455518144655505,False,249
251,2026-09-28,002980,6.3428222387865354,False,250
252,2026-09-28,003029,6.3410467402923762,False,251
253,2026-09-28,603888,6.3405578044880446,False,252
254,2026-09-28,601952,6.3320497064074477,False,253
255,2026-09-28,600136,6.3308737422654495,False,254
256,2026-09-28,603030,6.3241779599970727,False,255
257,2026-09-28,301040,6.3200818260940945,False,256
258,2026-09-28,601700,6.3115112732017522,False,257
259,2026-09-28,300578,6.3106682738816549,False,258
260,2026-09-28,601061,6.3095367571959846,False,259
261,2026-09-28,301133,6.3053708790272172,False,260
262,2026-09-28,301056,6.3009216569198703,False,261
263,2026-09-28,301376,6.2786119389544588,False,262
264,2026-09-28,603097,6.2779319557171602,False,263
265,2026-09-28,603448,6.2557925980641729,False,264
266,2026-09-28,001209,6.2406092156536186,False,265
267,2026-09-28,600103,6.2346169300120238,False,266
268,2026-09-28,603058,6.23337927827043,False,267
269,2026-09-28,603180,6.2177325487745616,False,268
270,2026-09-28,300640,6.209801457679939,False,269
271,2026-09-28,688468,6.1961356182253073,False,270
272,2026-09-28,002197,6.1920446765514265,False,271
273,2026-09-28,300583,6.1856811754958754,False,272
274,2026-09-28,002918,6.1730778616388964,False,273
275,2026-09-28,600303,6.1723774310134685,False,274
276,2026-09-28,688807,6.1652257673400621,False,275
277,2026-09-28,001316,6.1650099055594438,False,276
278,2026-09-28,600184,6.1632912029135962,False,277
279,2026-09-28,600785,6.1616959488694683,False,278
280,2026-09-28,002660,6.1554862161658157,False,279
281,2026-09-28,002868,6.1530506794859088,False,280
282,2026-09-28,603600,6.1484483443453612,False,281
283,2026-09-28,300784,6.1434050908432889,False,282
284,2026-09-28,603029,6.1420562948077038,False,283
285,2026-09-28,002953,6.1419762052837799,False,284
286,2026-09-28,603258,6.1402999690943636,False,285
287,2026-09-28,301688,6.1356143232730691,False,286
288,2026-09-28,300830,6.1309742664288409,False,287
289,2026-09-28,600408,6.1280004425495438,False,288
290,2026-09-28,001318,6.1063034493104373,False,289
291,2026-09-28,300838,6.0860549571361187,False,290
292,2026-09-28,300448,6.0848423742585087,False,291
293,2026-09-28,301009,6.0728080247984391,False,292
294,2026-09-28,002947,6.0720123036028708,False,293
295,2026-09-28,603101,6.0715909835257511,False,294
296,2026-09-28,301489,6.0626267758615358,False,295
297,2026-09-28,300747,6.0505415829745859,False,296
298,2026-09-28,603886,6.0494416473638957,False,297
299,2026-09-28,002871,6.0474827236477857,False,298
300,2026-09-28,301309,6.0437094760248087,False,299
301,2026-09-28,003012,6.039614280663069,False,300
302,2026-09-28,000524,6.0357074280876279,False,301
303,2026-09-28,000890,6.0215481095323256,False,302
304,2026-09-28,002986,6.0142002542461652,False,303
305,2026-09-28,688350,5.995824536372151,False,304
306,2026-09-28,603903,5.9956175958278664,False,305
307,2026-09-28,000912,5.995009337823098,False,306
308,2026-09-28,000603,5.9947206114847926,False,307
309,2026-09-28,600883,5.9736976093041498,False,308
310,2026-09-28,002762,5.9721165760644519,False,309
311,2026-09-28,603115,5.9589101065062771,False,310
312,2026-09-28,300265,5.9558517207569395,False,311
313,2026-09-28,600992,5.9518544208992097,False,312
314,2026-09-28,300414,5.9505319852052789,False,313
315,2026-09-28,688670,5.9499819969321814,False,314
316,2026-09-28,301156,5.9471117562061799,False,315
317,2026-09-28,002081,5.9395343082669179,False,316
318,2026-09-28,300865,5.9267515873141772,False,317
319,2026-09-28,301367,5.9223456428726511,False,318
320,2026-09-28,000968,5.9195329610579988,False,319
321,2026-09-28,002458,5.9105755198961081,False,320
322,2026-09-28,600967,5.9103328410149443,False,321
323,2026-09-28,002186,5.9039631384667803,False,322
324,2026-09-28,300997,5.9009755712558789,False,323
325,2026-09-28,300970,5.8991547878768227,False,324
326,2026-09-28,300407,5.888235460576146,False,325
327,2026-09-28,688156,5.8862875837744451,False,326
328,2026-09-28,600543,5.8818612835395223,False,327
329,2026-09-28,688428,5.8809009291845973,False,328
330,2026-09-28,603177,5.8757846489416217,False,329
331,2026-09-28,300967,5.8639505711341506,False,330
332,2026-09-28,300826,5.8590295021994425,False,331
333,2026-09-28,300700,5.8577887815704699,False,332
334,2026-09-28,300588,5.8564062049179579,False,333
335,2026-09-28,301116,5.8528918504426493,False,334
336,2026-09-28,002279,5.8474268297485157,False,335
337,2026-09-28,688051,5.8271078871987303,False,336
338,2026-09-28,603595,5.8174132197728454,False,337
339,2026-09-28,000702,5.8105762402101453,False,338
340,2026-09-28,603022,5.8042000632821251,False,339
341,2026-09-28,301127,5.8033779521284972,False,340
342,2026-09-28,300711,5.7940037248038267,False,341
343,2026-09-28,300813,5.7836886243183514,False,342
344,2026-09-28,600880,5.7709566978508473,False,343
345,2026-09-28,600975,5.7683990861968271,False,344
346,2026-09-28,002556,5.7650477003636071,False,345
347,2026-09-28,603722,5.7641950123665699,False,346
348,2026-09-28,603408,5.7561293418386104,False,347
349,2026-09-28,603685,5.7556447910825286,False,348
350,2026-09-28,001231,5.7549184735093162,False,349
351,2026-09-28,603055,5.75454487185615,False,350
352,2026-09-28,301305,5.7430439627424859,False,351
353,2026-09-28,002234,5.7347825181341046,False,352
354,2026-09-28,002536,5.727876181391732,False,353
355,2026-09-28,002165,5.7270828153000846,False,354
356,2026-09-28,002613,5.7197001812086583,False,355
357,2026-09-28,603926,5.7169348635515682,False,356
358,2026-09-28,603017,5.7087333771558573,False,357
359,2026-09-28,003042,5.7054835863043998,False,358
360,2026-09-28,002629,5.7005086650185195,False,359
361,2026-09-28,300677,5.6993289927066373,False,360
362,2026-09-28,002931,5.6987064640867215,False,361
363,2026-09-28,300898,5.6986925246606681,False,362
364,2026-09-28,300198,5.6982723137267417,False,363
365,2026-09-28,301313,5.6704838669891453,False,364
366,2026-09-28,003009,5.6654845814208725,False,365
367,2026-09-28,688657,5.6635081162989396,False,366
368,2026-09-28,000903,5.6582242475863618,False,367
369,2026-09-28,002194,5.6507188147103387,False,368
370,2026-09-28,000952,5.634824379755365,False,369
371,2026-09-28,603189,5.6346722351363088,False,370
372,2026-09-28,603307,5.6301272967870268,False,371
373,2026-09-28,300859,5.616812703363431,False,372
374,2026-09-28,301213,5.6139567482697661,False,373
375,2026-09-28,688061,5.6083470301443041,False,374
376,2026-09-28,600697,5.5999007116805917,False,375
377,2026-09-28,002072,5.5958573028375209,False,376
378,2026-09-28,603779,5.5825211956958292,False,377
379,2026-09-28,001322,5.5725894999443835,False,378
380,2026-09-28,601116,5.5707824305076636,False,379
381,2026-09-28,600613,5.5666208761473222,False,380
382,2026-09-28,000892,5.5597552416049432,False,381
383,2026-09-28,301288,5.5245554826903991,False,382
384,2026-09-28,601007,5.5215221538822377,False,383
385,2026-09-28,300884,5.5181032155433263,False,384
386,2026-09-28,002297,5.5178543261349855,False,385
387,2026-09-28,300697,5.5125572105386045,False,386
388,2026-09-28,002188,5.5124701137138707,False,387
389,2026-09-28,300858,5.5033948257184626,False,388
390,2026-09-28,603682,5.4957596423695536,False,389
391,2026-09-28,603235,5.4942560078415159,False,390
392,2026-09-28,688176,5.4904638462707798,False,391
393,2026-09-28,603238,5.472402469831863,False,392
394,2026-09-28,002597,5.4720771923200004,False,393
395,2026-09-28,688141,5.4610168009413522,False,394
396,2026-09-28,002092,5.4606459383645571,False,395
397,2026-09-28,605199,5.4576269944593587,False,396
398,2026-09-28,300822,5.4570365740447198,False,397
399,2026-09-28,300585,5.4523728544991634,False,398
400,2026-09-28,300517,5.4521072743748045,False,399
401,2026-09-28,300565,5.4475889206340682,False,400
402,2026-09-28,300535,5.4384284192874999,False,401
403,2026-09-28,301357,5.4374774023976968,False,402
404,2026-09-28,300214,5.4350760881130942,False,403
405,2026-09-28,603273,5.4332881030168094,False,404
406,2026-09-28,002694,5.4313793491100979,False,405
407,2026-09-28,688620,5.42902147481845,False,406
408,2026-09-28,603466,5.424292369017504,False,407
409,2026-09-28,002362,5.4233499149263205,False,408
410,2026-09-28,688355,5.418755031759634,False,409
411,2026-09-28,300153,5.4156236493263528,False,410
412,2026-09-28,688007,5.4071287780477668,False,411
413,2026-09-28,600388,5.3998902120513144,False,412
414,2026-09-28,301181,5.3965660618757507,False,413
415,2026-09-28,300683,5.3939573726395151,False,414
416,2026-09-28,603155,5.387319264022894,False,415
417,2026-09-28,600834,5.3765978936904846,False,416
418,2026-09-28,603330,5.3715519811120078,False,417
419,2026-09-28,301577,5.3685498090556756,False,418
420,2026-09-28,300546,5.3683509357987917,False,419
421,2026-09-28,603257,5.3582560270277533,False,420
422,2026-09-28,001324,5.3563051779278901,False,421
423,2026-09-28,300837,5.3489880561325815,False,422
424,2026-09-28,000759,5.3390089002400432,False,423
425,2026-09-28,002193,5.3331048292956753,False,424
426,2026-09-28,600758,5.3284359596329622,False,425
427,2026-09-28,600793,5.3131794162689605,False,426
428,2026-09-28,301088,5.3047829558925974,False,427
429,2026-09-28,601858,5.3026782839132895,False,428
430,2026-09-28,002721,5.3026208902951701,False,429
431,2026-09-28,600735,5.2995305241137931,False,430
432,2026-09-28,001319,5.2976452000041307,False,431
433,2026-09-28,301290,5.2943051153426248,False,432
434,2026-09-28,301314,5.2932711862672166,False,433
435,2026-09-28,000902,5.2897350574546458,False,434
436,2026-09-28,002792,5.2782477803383756,False,435
437,2026-09-28,301408,5.2729297174338239,False,436
438,2026-09-28,001210,5.2676266056223886,False,437
439,2026-09-28,300483,5.263114538954099,False,438
440,2026-09-28,603879,5.2629971684588668,False,439
441,2026-09-28,000037,5.2626886923529721,False,440
442,2026-09-28,603128,5.2609343521453624,False,441
443,2026-09-28,002817,5.2608819384801659,False,442
444,2026-09-28,301131,5.2603551899029171,False,443
445,2026-09-28,002973,5.2541527004584339,False,444
446,2026-09-28,300123,5.2397807888765406,False,445
447,2026-09-28,603322,5.2273321802740815,False,446
448,2026-09-28,300069,5.2245310687761162,False,447
449,2026-09-28,688552,5.2233833664477185,False,448
450,2026-09-28,301533,5.2169697808117892,False,449
451,2026-09-28,300386,5.2159297437597827,False,450
452,2026-09-28,301068,5.2157729537856898,False,451
453,2026-09-28,000590,5.2035377629915303,False,452
454,2026-09-28,600368,5.1947649258958446,False,453
455,2026-09-28,603739,5.1928708155546222,False,454
456,2026-09-28,002105,5.1820531115110757,False,455
457,2026-09-28,600463,5.1808519897325693,False,456
458,2026-09-28,600936,5.1790921072551503,False,457
459,2026-09-28,301317,5.1787557587355924,False,458
460,2026-09-28,301117,5.1583310917105045,False,459
461,2026-09-28,000802,5.1573907128415568,False,460
462,2026-09-28,301066,5.1561367620233991,False,461
463,2026-09-28,600989,5.1535017631498956,False,462
464,2026-09-28,605122,5.1509172320379815,False,463
465,2026-09-28,300632,5.1499032497487143,False,464
466,2026-09-28,601890,5.1489449050046687,False,465
467,2026-09-28,001358,5.1487039550859794,False,466
468,2026-09-28,002115,5.1442524526618945,False,467
469,2026-09-28,605098,5.1405003288746762,False,468
470,2026-09-28,603836,5.1349215646495594,False,469
471,2026-09-28,000815,5.1337460089962388,False,470
472,2026-09-28,301206,5.1266676878416781,False,471
473,2026-09-28,300947,5.1235135779928775,False,472
474,2026-09-28,003027,5.1117305208746995,False,473
475,2026-09-28,002712,5.0967250526740076,False,474
476,2026-09-28,301126,5.0953262194702873,False,475
477,2026-09-28,300849,5.0936112918897649,False,476
478,2026-09-28,301298,5.0912663800238844,False,477
479,2026-09-28,300175,5.0801112354451581,False,478
480,2026-09-28,600239,5.0776296081840329,False,479
481,2026-09-28,605218,5.0677446078200763,False,480
482,2026-09-28,002157,5.0609721498135052,False,481
483,2026-09-28,300722,5.0600036085358306,False,482
484,2026-09-28,600855,5.0599559502067732,False,483
485,2026-09-28,300147,5.0588865716426721,False,484
486,2026-09-28,688329,5.0580515880074159,False,485
487,2026-09-28,603668,5.0421571176013451,False,486
488,2026-09-28,301103,5.0337888405929876,False,487
489,2026-09-28,300994,5.026346898866092,False,488
490,2026-09-28,002875,5.0179944803126686,False,489
491,2026-09-28,603359,5.0041626009692539,False,490
492,2026-09-28,603351,5.0015689615356287,False,491
493,2026-09-28,300961,5.0006393127323934,False,492
494,2026-09-28,002481,4.9981473714809912,False,493
495,2026-09-28,603045,4.988733764677896,False,494
496,2026-09-28,002574,4.9813320278626945,False,495
497,2026-09-28,603900,4.9810143247650398,False,496
498,2026-09-28,002969,4.9739701054556074,False,497
499,2026-09-28,688607,4.9699811257294968,False,498
500,2026-09-28,301158,4.961878627383502,False,499
501,2026-09-28,301556,4.959075093022391,False,500
502,2026-09-28,000933,4.9569544478691796,False,501
503,2026-09-28,002476,4.9547740530005075,False,502
504,2026-09-28,002689,4.9502568698343294,False,503
505,2026-09-28,603079,4.9481964670933465,False,504
506,2026-09-28,000955,4.9456092455142286,False,505
507,2026-09-28,002778,4.9410962243544425,False,506
508,2026-09-28,000421,4.9388824786178702,False,507
509,2026-09-28,300103,4.9371257566291042,False,508
510,2026-09-28,300753,4.9370799861910619,False,509
511,2026-09-28,603458,4.9369713707837972,False,510
512,2026-09-28,300225,4.9360970397307815,False,511
513,2026-09-28,605286,4.919837075329732,False,512
514,2026-09-28,600097,4.9104173435964169,False,513
515,2026-09-28,301129,4.9078409339802658,False,514
516,2026-09-28,300571,4.9065532200078739,False,515
517,2026-09-28,688069,4.9052754957186986,False,516
518,2026-09-28,002134,4.9031427417372386,False,517
519,2026-09-28,603551,4.8986039336644369,False,518
520,2026-09-28,300653,4.8977348539514471,False,519
521,2026-09-28,300956,4.8943041599119486,False,520
522,2026-09-28,688480,4.893097808377572,False,521
523,2026-09-28,603176,4.8887674526230001,False,522
524,2026-09-28,603402,4.8809278411458097,False,523
525,2026-09-28,300717,4.87566598503627,False,524
526,2026-09-28,301299,4.8707210977323241,False,525
527,2026-09-28,000408,4.8704374809571895,False,526
528,2026-09-28,300745,4.8652254566514355,False,527
529,2026-09-28,605006,4.8575827788637334,False,528
530,2026-09-28,000536,4.8569862922099212,False,529
531,2026-09-28,301261,4.8557342772509076,False,530
532,2026-09-28,002942,4.8529182428756883,False,531
533,2026-09-28,688615,4.8501194541271033,False,532
534,2026-09-28,001378,4.845507103303774,False,533
535,2026-09-28,300468,4.8411666114338878,False,534
536,2026-09-28,600624,4.8407833630417354,False,535
537,2026-09-28,002700,4.8381074655785099,False,536
538,2026-09-28,605337,4.8338783559562941,False,537
539,2026-09-28,301266,4.8204289243919574,False,538
540,2026-09-28,300081,4.8196258987350431,False,539
541,2026-09-28,605003,4.8189183364478101,False,540
542,2026-09-28,002732,4.8120114510467467,False,541
543,2026-09-28,301603,4.8093423798004995,False,542
544,2026-09-28,002766,4.8083834551317146,False,543
545,2026-09-28,300783,4.7997550954762049,False,544
546,2026-09-28,688075,4.7995532463394595,False,545
547,2026-09-28,301636,4.7973309770155215,False,546
548,2026-09-28,601038,4.7951961054332237,False,547
549,2026-09-28,300968,4.7913234680486738,False,548
550,2026-09-28,688433,4.7865370645144534,False,549
551,2026-09-28,603506,4.784666762656304,False,550
552,2026-09-28,001298,4.7837880325493547,False,551
553,2026-09-28,688211,4.7819422303307793,False,552
554,2026-09-28,301098,4.7790718445686862,False,553
555,2026-09-28,002678,4.7769612443300522,False,554
556,2026-09-28,300399,4.7698845138964785,False,555
557,2026-09-28,301176,4.7650569580697839,False,556
558,2026-09-28,605007,4.7602903014679159,False,557
559,2026-09-28,300780,4.7549704284565371,False,558
560,2026-09-28,301005,4.7421703838481086,False,559
561,2026-09-28,600617,4.7335742387844899,False,560
562,2026-09-28,300667,4.731500102865172,False,561
563,2026-09-28,301231,4.7293958854015834,False,562
564,2026-09-28,300807,4.7293720772583807,False,563
565,2026-09-28,603517,4.7217462234885685,False,564
566,2026-09-28,600824,4.7191719498427069,False,565
567,2026-09-28,603325,4.7171458768690808,False,566
568,2026-09-28,301469,4.7080659677663013,False,567
569,2026-09-28,002022,4.7076803148353044,False,568
570,2026-09-28,688373,4.7067757635585679,False,569
571,2026-09-28,301606,4.7051936820389084,False,570
572,2026-09-28,300557,4.6987621542683549,False,571
573,2026-09-28,605598,4.6968891880615731,False,572
574,2026-09-28,002532,4.6963338227351965,False,573
575,2026-09-28,002589,4.6962313697047042,False,574
576,2026-09-28,600800,4.6876708913875262,False,575
577,2026-09-28,301662,4.6777477501889013,False,576
578,2026-09-28,002779,4.6764049067690507,False,577
579,2026-09-28,000803,4.6615313083542169,False,578
580,2026-09-28,603958,4.6614462471828837,False,579
581,2026-09-28,603223,4.658126198839466,False,580
582,2026-09-28,300689,4.6439058702874689,False,581
583,2026-09-28,300593,4.6436152627066676,False,582
584,2026-09-28,603758,4.6370320107711667,False,583
585,2026-09-28,300940,4.6290486718570687,False,584
586,2026-09-28,002908,4.6271099555994297,False,585
587,2026-09-28,002355,4.6267659368097602,False,586
588,2026-09-28,600917,4.6254713835964694,False,587
589,2026-09-28,002012,4.6227785440915259,False,588
590,2026-09-28,300132,4.6214668818836069,False,589
591,2026-09-28,600540,4.6205062030036617,False,590
592,2026-09-28,688269,4.6105174797391566,False,591
593,2026-09-28,600075,4.6069002890969539,False,592
594,2026-09-28,603706,4.6033638643616674,False,593
595,2026-09-28,000856,4.6009088231358195,False,594
596,2026-09-28,603533,4.5958424663113506,False,595
597,2026-09-28,000995,4.5936817328980624,False,596
598,2026-09-28,301505,4.5917942930389515,False,597
599,2026-09-28,600398,4.5898633185116431,False,598
600,2026-09-28,001259,4.5874391791097793,False,599
601,2026-09-28,601065,4.5844120687461469,False,600
602,2026-09-28,000428,4.5837700720051933,False,601
603,2026-09-28,002567,4.5790098502383216,False,602
604,2026-09-28,688679,4.5775551954067284,False,603
605,2026-09-28,600876,4.5712670891534328,False,604
606,2026-09-28,603918,4.5712542052955669,False,605
607,2026-09-28,301138,4.5654848724448156,False,606
608,2026-09-28,301567,4.5609309356650751,False,607
609,2026-09-28,600822,4.5603390894604887,False,608
610,2026-09-28,002897,4.5554304019850349,False,609
611,2026-09-28,600791,4.5486677631201227,False,610
612,2026-09-28,300329,4.5468510155397119,False,611
613,2026-09-28,300798,4.5468424780149546,False,612
614,2026-09-28,301141,4.5446837020789026,False,613
615,2026-09-28,300322,4.5335950503084366,False,614
616,2026-09-28,300949,4.5316507600704963,False,615
617,2026-09-28,002795,4.5284042856987972,False,616
618,2026-09-28,603338,4.5277394822046162,False,617
619,2026-09-28,301302,4.5256203733267757,False,618
620,2026-09-28,600858,4.5179494234036515,False,619
621,2026-09-28,600769,4.5146641456285836,False,620
622,2026-09-28,688601,4.512051145165433,False,621
623,2026-09-28,000533,4.5115767540221636,False,622
624,2026-09-28,603787,4.5090085835576108,False,623
625,2026-09-28,301232,4.5059448928693229,False,624
626,2026-09-28,600657,4.5046964372403391,False,625
627,2026-09-28,301216,4.4934878221152523,False,626
628,2026-09-28,002258,4.4895633721888855,False,627
629,2026-09-28,301049,4.4879929178727096,False,628
630,2026-09-28,301087,4.4864836777409183,False,629
631,2026-09-28,603488,4.4814796879193182,False,630
632,2026-09-28,002861,4.4715882220912224,False,631
633,2026-09-28,605033,4.4715273181034707,False,632
634,2026-09-28,301106,4.4658234446966372,False,633
635,2026-09-28,603950,4.4590525383932471,False,634
636,2026-09-28,300864,4.4578715032028153,False,635
637,2026-09-28,001380,4.4573775638550348,False,636
638,2026-09-28,600538,4.4536674671323473,False,637
639,2026-09-28,603708,4.4536148623942085,False,638
640,2026-09-28,002575,4.4485974735065898,False,639
641,2026-09-28,002535,4.4476718036491034,False,640
642,2026-09-28,603499,4.4470427644702895,False,641
643,2026-09-28,603353,4.4469127933027606,False,642
644,2026-09-28,603356,4.446131618288546,False,643
645,2026-09-28,301073,4.4460789298380714,False,644
646,2026-09-28,301193,4.4436449551866968,False,645
647,2026-09-28,002930,4.4421815169270165,False,646
648,2026-09-28,002033,4.4420100214984028,False,647
649,2026-09-28,300164,4.4411532566259009,False,648
650,2026-09-28,600310,4.4407065348344146,False,649
651,2026-09-28,002752,4.4394017746808938,False,650
652,2026-09-28,300710,4.4256927283653145,False,651
653,2026-09-28,301278,4.4223318906529663,False,652
654,2026-09-28,688790,4.4220552693940025,False,653
655,2026-09-28,002114,4.4193689612141096,False,654
656,2026-09-28,300328,4.4157635167674565,False,655
657,2026-09-28,300928,4.4140434139914033,False,656
658,2026-09-28,001395,4.4139094247845332,False,657
659,2026-09-28,002570,4.4119487536917514,False,658
660,2026-09-28,601599,4.4113749582497812,False,659
661,2026-09-28,603897,4.3934937691866072,False,660
662,2026-09-28,000863,4.3880170704346311,False,661
663,2026-09-28,300052,4.3877483328895117,False,662
664,2026-09-28,688053,4.3865482854575761,False,663
665,2026-09-28,300785,4.3848696650638423,False,664
666,2026-09-28,603637,4.3827831989103316,False,665
667,2026-09-28,300227,4.3809772311980328,False,666
668,2026-09-28,603308,4.3803021835012661,False,667
669,2026-09-28,605167,4.3783444586135802,False,668
670,2026-09-28,600265,4.3753179941831011,False,669
671,2026-09-28,301378,4.3687814742745354,False,670
672,2026-09-28,603043,4.3623482975147381,False,671
673,2026-09-28,002094,4.3623250788754078,False,672
674,2026-09-28,688157,4.3605052194511353,False,673
675,2026-09-28,002802,4.356703678310927,False,674
676,2026-09-28,603320,4.3560451891278928,False,675
677,2026-09-28,002763,4.3541371028934881,False,676
678,2026-09-28,600319,4.3511473216948051,False,677
679,2026-09-28,002943,4.3485102002025382,False,678
680,2026-09-28,300384,4.3476010351686138,False,679
681,2026-09-28,000525,4.3457956219935454,False,680
682,2026-09-28,002923,4.3438293566337745,False,681
683,2026-09-28,002798,4.3406564425228087,False,682
684,2026-09-28,688633,4.3348813548530849,False,683
685,2026-09-28,002547,4.3322410691849011,False,684
686,2026-09-28,603816,4.3315390747072566,False,685
687,2026-09-28,301557,4.3283127639776202,False,686
688,2026-09-28,600965,4.3256694604754271,False,687
689,2026-09-28,000683,4.32257786722408,False,688
690,2026-09-28,002354,4.313733528646587,False,689
691,2026-09-28,603598,4.3125664132233865,False,690
692,2026-09-28,002215,4.3124453164147187,False,691
693,2026-09-28,603032,4.3113705964548474,False,692
694,2026-09-28,601121,4.3098638342391373,False,693
695,2026-09-28,002791,4.30935233403713,False,694
696,2026-09-28,300238,4.3086508533210655,False,695
697,2026-09-28,688190,4.3086025822511829,False,696
698,2026-09-28,001226,4.3021216105174513,False,697
699,2026-09-28,000665,4.3013408428077486,False,698
700,2026-09-28,688696,4.2952979763788166,False,699
701,2026-09-28,002155,4.2915706846084944,False,700
702,2026-09-28,300602,4.2896936796299983,False,701
703,2026-09-28,688410,4.2836300944264636,False,702
704,2026-09-28,300978,4.2794540683808471,False,703
705,2026-09-28,688288,4.2754262808922858,False,704
706,2026-09-28,600280,4.2747071444301161,False,705
707,2026-09-28,300616,4.2671502122922114,False,706
708,2026-09-28,301429,4.2628727374509063,False,707
709,2026-09-28,003039,4.2608267966742961,False,708
710,2026-09-28,603016,4.2601750568191887,False,709
711,2026-09-28,600071,4.2555321911500803,False,710
712,2026-09-28,301007,4.2526080843511682,False,711
713,2026-09-28,300607,4.2447414176623273,False,712
714,2026-09-28,002620,4.2396879119123616,False,713
715,2026-09-28,688389,4.2311143550651575,False,714
716,2026-09-28,603899,4.2183595848064774,False,715
717,2026-09-28,002562,4.2141795333354164,False,716
718,2026-09-28,600219,4.212375783971142,False,717
719,2026-09-28,002365,4.2035097457495922,False,718
720,2026-09-28,002059,4.2005858164794274,False,719
721,2026-09-28,301507,4.1963687627702289,False,720
722,2026-09-28,002748,4.1883873885819796,False,721
723,2026-09-28,002109,4.1878301523885666,False,722
724,2026-09-28,601969,4.1868614117382625,False,723
725,2026-09-28,002837,4.1814756562581534,False,724
726,2026-09-28,001202,4.1809850108774524,False,725
727,2026-09-28,605009,4.1736441221528118,False,726
728,2026-09-28,603227,4.1721806931213514,False,727
729,2026-09-28,603536,4.167402280275434,False,728
730,2026-09-28,300971,4.1629560130512244,False,729
731,2026-09-28,600594,4.1579649589695054,False,730
732,2026-09-28,002873,4.1575500298233443,False,731
733,2026-09-28,300977,4.1573180825383131,False,732
734,2026-09-28,002122,4.1493209470808221,False,733
735,2026-09-28,000564,4.1488116076754125,False,734
736,2026-09-28,001208,4.1487078079727864,False,735
737,2026-09-28,600229,4.1434424607516256,False,736
738,2026-09-28,002668,4.1430132558501773,False,737
739,2026-09-28,000068,4.1415700942690581,False,738
740,2026-09-28,600760,4.1405378354885407,False,739
741,2026-09-28,002982,4.1382054352817388,False,740
742,2026-09-28,002940,4.1366140536816385,False,741
743,2026-09-28,301223,4.1327902800502496,False,742
744,2026-09-28,605319,4.1316671359570698,False,743
745,2026-09-28,601330,4.1314623384008069,False,744
746,2026-09-28,600860,4.1305294959151597,False,745
747,2026-09-28,300250,4.1295548140485732,False,746
748,2026-09-28,688429,4.1292183561752589,False,747
749,2026-09-28,300719,4.1286267045266785,False,748
750,2026-09-28,300662,4.1260377389684191,False,749
751,2026-09-28,300102,4.1237748936965843,False,750
752,2026-09-28,300877,4.1179755801675508,False,751
753,2026-09-28,301178,4.1164570889583842,False,752
754,2026-09-28,002965,4.1149941420828107,False,753
755,2026-09-28,603810,4.1129318213083943,False,754
756,2026-09-28,603182,4.1116003038987792,False,755
757,2026-09-28,301065,4.1090592045095304,False,756
758,2026-09-28,300929,4.1089301884768528,False,757
759,2026-09-28,603006,4.1082313755361017,False,758
760,2026-09-28,688060,4.1073203011233534,False,759
761,2026-09-28,300521,4.1026999856574875,False,760
762,2026-09-28,002516,4.0955579493194572,False,761
763,2026-09-28,301212,4.0907288980265655,False,762
764,2026-09-28,600088,4.086756793831869,False,763
765,2026-09-28,001965,4.085909981879043,False,764
766,2026-09-28,300875,4.0818198400377801,False,765
767,2026-09-28,301479,4.0817935931098619,False,766
768,2026-09-28,000928,4.0807836038474061,False,767
769,2026-09-28,002408,4.0794887227186933,False,768
770,2026-09-28,603076,4.0709601971251974,False,769
771,2026-09-28,300210,4.0678201255226112,False,770
772,2026-09-28,300150,4.0642499839834176,False,771
773,2026-09-28,002375,4.0636488482771211,False,772
774,2026-09-28,603628,4.0565653485077675,False,773
775,2026-09-28,300318,4.0538198494970104,False,774
776,2026-09-28,600737,4.0517677706835302,False,775
777,2026-09-28,002376,4.051581285330581,False,776
778,2026-09-28,002987,4.0495361014181341,False,777
779,2026-09-28,300030,4.0477555039896629,False,778
780,2026-09-28,300941,4.0475699848648148,False,779
781,2026-09-28,600971,4.0471356430812291,False,780
782,2026-09-28,688648,4.0467194511691744,False,781
783,2026-09-28,002278,4.0443012291580409,False,782
784,2026-09-28,002524,4.0406193253455198,False,783
785,2026-09-28,002112,4.0395667479964654,False,784
786,2026-09-28,300729,4.0383315008095897,False,785
787,2026-09-28,605588,4.0370087432486965,False,786
788,2026-09-28,301051,4.0283200199219706,False,787
789,2026-09-28,600336,4.0250409061260441,False,788
790,2026-09-28,300932,4.022116621301663,False,789
791,2026-09-28,600547,4.0206049878800547,False,790
792,2026-09-28,600257,4.0202314183404724,False,791
793,2026-09-28,688193,4.0191886391323113,False,792
794,2026-09-28,001256,4.016152774988103,False,793
795,2026-09-28,688365,4.0122278580405659,False,794
796,2026-09-28,688800,4.0113878373689449,False,795
797,2026-09-28,002970,4.0105584021878453,False,796
798,2026-09-28,301336,4.0087767605452793,False,797
799,2026-09-28,601882,4.0008153767868428,False,798
800,2026-09-28,600711,3.9931960516702421,False,799
801,2026-09-28,000628,3.992351970782372,False,800
802,2026-09-28,002682,3.9906610543503795,False,801
803,2026-09-28,600378,3.988732097757119,False,802
804,2026-09-28,688716,3.988259430067647,False,803
805,2026-09-28,603091,3.9872298277023237,False,804
806,2026-09-28,002599,3.9842783485672069,False,805
807,2026-09-28,301318,3.9838181100532566,False,806
808,2026-09-28,603329,3.978662797265434,False,807
809,2026-09-28,688210,3.9785471610652166,False,808
810,2026-09-28,301112,3.9747544123940473,False,809
811,2026-09-28,301037,3.9704943203329774,False,810
812,2026-09-28,603719,3.9665523079977572,False,811
813,2026-09-28,301121,3.9588965506335319,False,812
814,2026-09-28,603967,3.9487849255818235,False,813
815,2026-09-28,603382,3.9409098691080118,False,814
816,2026-09-28,000333,3.938237415661201,False,815
817,2026-09-28,603639,3.9378961777813242,False,816
818,2026-09-28,603919,3.9363475185583519,False,817
819,2026-09-28,603208,3.931486478143543,False,818
820,2026-09-28,002017,3.9287847178090938,False,819
821,2026-09-28,000655,3.9272716675693191,False,820
822,2026-09-28,002657,3.9217449181311403,False,821
823,2026-09-28,688793,3.9191230634799967,False,822
824,2026-09-28,603153,3.918565864290144,False,823
825,2026-09-28,688310,3.9146714205811808,False,824
826,2026-09-28,000862,3.9136852692854682,False,825
827,2026-09-28,688366,3.912108557400463,False,826
828,2026-09-28,600084,3.9098348993512015,False,827
829,2026-09-28,600191,3.9091692702686491,False,828
830,2026-09-28,688466,3.9082286880091743,False,829
831,2026-09-28,603585,3.9070265972204141,False,830
832,2026-09-28,002960,3.9016784484308924,False,831
833,2026-09-28,300713,3.8974182494388927,False,832
834,2026-09-28,002841,3.8907201786495569,False,833
835,2026-09-28,000887,3.8886045952821142,False,834
836,2026-09-28,002782,3.8864425258380901,False,835
837,2026-09-28,300972,3.8830077334689985,False,836
838,2026-09-28,300010,3.8821878911968102,False,837
839,2026-09-28,603317,3.8814868223981138,False,838
840,2026-09-28,000026,3.872638423519577,False,839
841,2026-09-28,600692,3.8721502624492254,False,840
842,2026-09-28,301019,3.8705585034629353,False,841
843,2026-09-28,002753,3.8654333769913909,False,842
844,2026-09-28,600770,3.8646714777493343,False,843
845,2026-09-28,002983,3.8593902366839625,False,844
846,2026-09-28,603556,3.8575237748848492,False,845
847,2026-09-28,002104,3.8557408193225662,False,846
848,2026-09-28,300656,3.8537318535563827,False,847
849,2026-09-28,603677,3.8513032358714332,False,848
850,2026-09-28,688571,3.8497339933847154,False,849
851,2026-09-28,603409,3.848156367726455,False,850
852,2026-09-28,600300,3.8453697901230512,False,851
853,2026-09-28,301555,3.8442031615920627,False,852
854,2026-09-28,002857,3.8428742054739402,False,853
855,2026-09-28,300371,3.8426542000525137,False,854
856,2026-09-28,603383,3.8418824478419715,False,855
857,2026-09-28,000937,3.8385912815367234,False,856
858,2026-09-28,605300,3.8363100168825972,False,857
859,2026-09-28,603565,3.8340837353945685,False,858
860,2026-09-28,300240,3.8326615054686419,False,859
861,2026-09-28,688335,3.8281388192486414,False,860
862,2026-09-28,603261,3.806975146987067,False,861
863,2026-09-28,600386,3.8017853244828501,False,862
864,2026-09-28,603955,3.7997061793356375,False,863
865,2026-09-28,301180,3.7967004596197316,False,864
866,2026-09-28,300645,3.7947227334318949,False,865
867,2026-09-28,301169,3.7944939722468543,False,866
868,2026-09-28,300126,3.7924630469396634,False,867
869,2026-09-28,002121,3.7855633459841602,False,868
870,2026-09-28,601600,3.7826352248119521,False,869
871,2026-09-28,605580,3.7776497167512586,False,870
872,2026-09-28,300839,3.7774174646790022,False,871
873,2026-09-28,301097,3.7755885119489543,False,872
874,2026-09-28,688533,3.7751618064262211,False,873
875,2026-09-28,002632,3.7739640476763245,False,874
876,2026-09-28,600986,3.7712244624626647,False,875
877,2026-09-28,688276,3.7711905824996905,False,876
878,2026-09-28,000923,3.7685930245400816,False,877
879,2026-09-28,603090,3.7675841968173658,False,878
880,2026-09-28,002485,3.7630699305772515,False,879
881,2026-09-28,000852,3.7629821689408081,False,880
882,2026-09-28,301371,3.7627586545303098,False,881
883,2026-09-28,688592,3.7573495855128396,False,882
884,2026-09-28,301428,3.7561809010917804,False,883
885,2026-09-28,300871,3.755275230662674,False,884
886,2026-09-28,300183,3.7535738863404764,False,885
887,2026-09-28,600433,3.7526896593103287,False,886
888,2026-09-28,001325,3.7508784421845709,False,887
889,2026-09-28,603800,3.7501790165927598,False,888
890,2026-09-28,600419,3.749473603488001,False,889
891,2026-09-28,002950,3.7478670547490496,False,890
892,2026-09-28,688258,3.7457176179639236,False,891
893,2026-09-28,600775,3.7399574937006816,False,892
894,2026-09-28,002088,3.7378136927663621,False,893
895,2026-09-28,688372,3.7368862092040018,False,894
896,2026-09-28,300335,3.728923729196854,False,895
897,2026-09-28,603172,3.7278903521988087,False,896
898,2026-09-28,603711,3.7273984462173311,False,897
899,2026-09-28,003018,3.7270768019551967,False,898
900,2026-09-28,300564,3.7263336843811801,False,899
901,2026-09-28,300771,3.7257574938219538,False,900
902,2026-09-28,600052,3.7211607267357212,False,901
903,2026-09-28,000813,3.7198311385578533,False,902
904,2026-09-28,300319,3.7187038789545337,False,903
905,2026-09-28,000978,3.7159447825548257,False,904
906,2026-09-28,301035,3.7150251117053683,False,905
907,2026-09-28,003007,3.7102846393697906,False,906
908,2026-09-28,300870,3.7059003042465766,False,907
909,2026-09-28,603960,3.6995337962293147,False,908
910,2026-09-28,000610,3.6964290118416514,False,909
911,2026-09-28,688022,3.6939254564770612,False,910
912,2026-09-28,003037,3.6927905600330373,False,911
913,2026-09-28,300494,3.6879837660531942,False,912
914,2026-09-28,301113,3.6862158357936003,False,913
915,2026-09-28,688371,3.680688061555963,False,914
916,2026-09-28,002683,3.6801476798585218,False,915
917,2026-09-28,301629,3.6792418368825999,False,916
918,2026-09-28,002890,3.6708054637267189,False,917
919,2026-09-28,001333,3.6699344608414846,False,918
920,2026-09-28,603948,3.6636064934510264,False,919
921,2026-09-28,300733,3.6607015285373503,False,920
922,2026-09-28,301119,3.659979092860282,False,921
923,2026-09-28,603103,3.6559594649789409,False,922
924,2026-09-28,600689,3.6552168017007753,False,923
925,2026-09-28,603896,3.6487309483404102,False,924
926,2026-09-28,688093,3.6467222065593017,False,925
927,2026-09-28,002545,3.6446258179290534,False,926
928,2026-09-28,600189,3.6439069989262145,False,927
929,2026-09-28,300625,3.6418629747187143,False,928
930,2026-09-28,605266,3.6390468451549749,False,929
931,2026-09-28,300527,3.6326396117303212,False,930
932,2026-09-28,301111,3.6308627562519789,False,931
933,2026-09-28,301028,3.6286821236110218,False,932
934,2026-09-28,300549,3.624054882632187,False,933
935,2026-09-28,601728,3.6230422003680207,False,934
936,2026-09-28,002198,3.6197648111405605,False,935
937,2026-09-28,300366,3.6192598411553969,False,936
938,2026-09-28,300608,3.6186805966220339,False,937
939,2026-09-28,603608,3.6123364842751897,False,938
940,2026-09-28,002498,3.6123178084275138,False,939
941,2026-09-28,600601,3.6111263903054125,False,940
942,2026-09-28,003017,3.6089824149507685,False,941
943,2026-09-28,001278,3.6033415261204804,False,942
944,2026-09-28,002127,3.6024576098051462,False,943
945,2026-09-28,002998,3.602100591298905,False,944
946,2026-09-28,002211,3.6005099502700402,False,945
947,2026-09-28,002878,3.5992679514170192,False,946
948,2026-09-28,601169,3.5970752470854599,False,947
949,2026-09-28,301208,3.5957068917129562,False,948
950,2026-09-28,001255,3.5908654624681322,False,949
951,2026-09-28,603633,3.5904611833407678,False,950
952,2026-09-28,603607,3.5813683589333944,False,951
953,2026-09-28,000550,3.5807704644999978,False,952
954,2026-09-28,300739,3.5742074160326713,False,953
955,2026-09-28,301272,3.5699759299168226,False,954
956,2026-09-28,002830,3.5657062403166919,False,955
957,2026-09-28,300417,3.565051234168565,False,956
958,2026-09-28,600018,3.5634146134923839,False,957
959,2026-09-28,601518,3.5612507073510975,False,958
960,2026-09-28,688836,3.5591744898536946,False,959
961,2026-09-28,600023,3.558456405515932,False,960
962,2026-09-28,300512,3.5561038364452102,False,961
963,2026-09-28,000488,3.5516336958470869,False,962
964,2026-09-28,300937,3.5497704098335832,False,963
965,2026-09-28,603217,3.5474375074159639,False,964
966,2026-09-28,002729,3.5451018455446199,False,965
967,2026-09-28,002370,3.5449453782811249,False,966
968,2026-09-28,603728,3.5437197168424999,False,967
969,2026-09-28,603284,3.5401664275654725,False,968
970,2026-09-28,600486,3.5394915405515137,False,969
971,2026-09-28,688569,3.5325293964985591,False,970
972,2026-09-28,603596,3.5286826539133052,False,971
973,2026-09-28,603341,3.5208232432515336,False,972
974,2026-09-28,688326,3.5179078281274943,False,973
975,2026-09-28,603053,3.5176101719263619,False,974
976,2026-09-28,300374,3.5140692164065643,False,975
977,2026-09-28,600955,3.5072449859182107,False,976
978,2026-09-28,002015,3.5062432653464235,False,977
979,2026-09-28,300805,3.4959708491034256,False,978
980,2026-09-28,605056,3.4928416467556218,False,979
981,2026-09-28,002690,3.4914224890129222,False,980
982,2026-09-28,605028,3.4863414957475172,False,981
983,2026-09-28,002686,3.484449755110286,False,982
984,2026-09-28,002588,3.4831183196500266,False,983
985,2026-09-28,301296,3.4788806675787249,False,984
986,2026-09-28,301598,3.4767633473430557,False,985
987,2026-09-28,600007,3.4766111433032139,False,986
988,2026-09-28,603569,3.4749719820774798,False,987
989,2026-09-28,603676,3.4734410002478011,False,988
990,2026-09-28,600783,3.4723833913148159,False,989
991,2026-09-28,301123,3.4718072211198869,False,990
992,2026-09-28,600346,3.4701268506944478,False,991
993,2026-09-28,002332,3.4645378237046858,False,992
994,2026-09-28,301551,3.4643798366559846,False,993
995,2026-09-28,002865,3.4615142521166034,False,994
996,2026-09-28,002016,3.4567787461569606,False,995
997,2026-09-28,002246,3.4532690508635033,False,996
998,2026-09-28,300996,3.4498918998038781,False,997
999,2026-09-28,601598,3.4441263355197194,False,998
1000,2026-09-28,002538,3.4396950261611554,False,999
1001,2026-09-28,002722,3.43911196997604,False,1000
1002,2026-09-28,301090,3.4371135521705849,False,1001
1003,2026-09-28,000547,3.4312860163860424,False,1002
1004,2026-09-28,600678,3.4303285454196857,False,1003
1005,2026-09-28,688021,3.4299657993881101,False,1004
1006,2026-09-28,002038,3.4284131152584933,False,1005
1007,2026-09-28,301165,3.4281626663587823,False,1006
1008,2026-09-28,688338,3.4257720846062858,False,1007
1009,2026-09-28,301578,3.4183508952818857,False,1008
1010,2026-09-28,301012,3.4109676296018732,False,1009
1011,2026-09-28,002622,3.4093919970641848,False,1010
1012,2026-09-28,000401,3.4074671568768409,False,1011
1013,2026-09-28,301152,3.4063714486761021,False,1012
1014,2026-09-28,301083,3.4051374015750517,False,1013
1015,2026-09-28,605296,3.4012098801743873,False,1014
1016,2026-09-28,600980,3.4009787759315731,False,1015
1017,2026-09-28,603168,3.400172256202767,False,1016
1018,2026-09-28,688598,3.3988722906533666,False,1017
1019,2026-09-28,603297,3.3951546656120173,False,1018
1020,2026-09-28,688015,3.3937426870408141,False,1019
1021,2026-09-28,300888,3.3934973167754743,False,1020
1022,2026-09-28,600665,3.3895432894361508,False,1021
1023,2026-09-28,301590,3.3889745559886344,False,1022
1024,2026-09-28,300955,3.3880809705358761,False,1023
1025,2026-09-28,603390,3.3875706039248064,False,1024
1026,2026-09-28,000931,3.3864899907065764,False,1025
1027,2026-09-28,603282,3.3859947333339608,False,1026
1028,2026-09-28,301256,3.3841609981490941,False,1027
1029,2026-09-28,300591,3.3835917213328495,False,1028
1030,2026-09-28,001360,3.3791722581329533,False,1029
1031,2026-09-28,301571,3.3729072693573845,False,1030
1032,2026-09-28,300867,3.371390717516956,False,1031
1033,2026-09-28,002688,3.3591574555396413,False,1032
1034,2026-09-28,301501,3.3578607681089641,False,1033
1035,2026-09-28,300511,3.3448300090218641,False,1034
1036,2026-09-28,002977,3.3429537691376048,False,1035
1037,2026-09-28,603088,3.3423486676497443,False,1036
1038,2026-09-28,002103,3.3415863540878141,False,1037
1039,2026-09-28,300500,3.3402314333503802,False,1038
1040,2026-09-28,301258,3.3393727578107271,False,1039
1041,2026-09-28,605339,3.3382548944864232,False,1040
1042,2026-09-28,300781,3.3382053298711472,False,1041
1043,2026-09-28,002040,3.3376882200743712,False,1042
1044,2026-09-28,688159,3.337423359436789,False,1043
1045,2026-09-28,300958,3.3364949956400825,False,1044
1046,2026-09-28,002337,3.3363756038675763,False,1045
1047,2026-09-28,601568,3.3344210923872897,False,1046
1048,2026-09-28,601388,3.3329129868651126,False,1047
1049,2026-09-28,002869,3.3283546490358442,False,1048
1050,2026-09-28,603041,3.3280737210936593,False,1049
1051,2026-09-28,688189,3.3265892081403976,False,1050
1052,2026-09-28,301172,3.3262610200048215,False,1051
1053,2026-09-28,300686,3.3250220021763628,False,1052
1054,2026-09-28,002880,3.3224817809647584,False,1053
1055,2026-09-28,688375,3.3218489552772192,False,1054
1056,2026-09-28,002133,3.3201158848882586,False,1055
1057,2026-09-28,301519,3.3193119895082548,False,1056
1058,2026-09-28,688227,3.3154130987991355,False,1057
1059,2026-09-28,301488,3.3105412660612985,False,1058
1060,2026-09-28,300128,3.308087289815409,False,1059
1061,2026-09-28,002301,3.3018195014610052,False,1060
1062,2026-09-28,600250,3.297795066439734,False,1061
1063,2026-09-28,603916,3.2949590196657814,False,1062
1064,2026-09-28,301036,3.2905611560372359,False,1063
1065,2026-09-28,603326,3.2869122084790678,False,1064
1066,2026-09-28,301286,3.2795752042203574,False,1065
1067,2026-09-28,002757,3.2789529956917627,False,1066
1068,2026-09-28,002946,3.2768308221165876,False,1067
1069,2026-09-28,688606,3.2745765315455513,False,1068
1070,2026-09-28,600469,3.2738306092325029,False,1069
1071,2026-09-28,002596,3.273122149144418,False,1070
1072,2026-09-28,301512,3.2698883607201625,False,1071
1073,2026-09-28,001337,3.2697199265319092,False,1072
1074,2026-09-28,000409,3.2691425182751614,False,1073
1075,2026-09-28,603630,3.2676021618955038,False,1074
1076,2026-09-28,600287,3.2654463193629786,False,1075
1077,2026-09-28,002416,3.2642467443864973,False,1076
1078,2026-09-28,300084,3.2597117134265403,False,1077
1079,2026-09-28,002096,3.2596326694121149,False,1078
1080,2026-09-28,600279,3.2584064494922451,False,1079
1081,2026-09-28,301042,3.2540037928240939,False,1080
1082,2026-09-28,000751,3.2537651337026112,False,1081
1083,2026-09-28,603023,3.2514343841297983,False,1082
1084,2026-09-28,600829,3.2513082469511474,False,1083
1085,2026-09-28,603557,3.2498068587915361,False,1084
1086,2026-09-28,000070,3.2470837905592043,False,1085
1087,2026-09-28,600746,3.2419190657821169,False,1086
1088,2026-09-28,600423,3.2414454692682235,False,1087
1089,2026-09-28,603700,3.2392172178097551,False,1088
1090,2026-09-28,002490,3.2384153016195274,False,1089
1091,2026-09-28,600470,3.2354622784405951,False,1090
1092,2026-09-28,601011,3.233442335706211,False,1091
1093,2026-09-28,300575,3.2320551961829058,False,1092
1094,2026-09-28,002451,3.2302450641270584,False,1093
1095,2026-09-28,688246,3.2300880635410998,False,1094
1096,2026-09-28,300145,3.2272219241367015,False,1095
1097,2026-09-28,002102,3.222941278610671,False,1096
1098,2026-09-28,002313,3.2162560762975452,False,1097
1099,2026-09-28,688568,3.2098546571011832,False,1098
1100,2026-09-28,688369,3.2094709696275965,False,1099
1101,2026-09-28,300286,3.2069114853201879,False,1100
1102,2026-09-28,600774,3.206406801018622,False,1101
1103,2026-09-28,600428,3.2031984050637217,False,1102
1104,2026-09-28,688067,3.2001545947414147,False,1103
1105,2026-09-28,001218,3.1993328660466984,False,1104
1106,2026-09-28,300307,3.1981648368904967,False,1105
1107,2026-09-28,000153,3.1955017622005824,False,1106
1108,2026-09-28,000619,3.1953175504116773,False,1107
1109,2026-09-28,603276,3.1919583139691277,False,1108
1110,2026-09-28,300786,3.1836063393707628,False,1109
1111,2026-09-28,002427,3.1807707354678421,False,1110
1112,2026-09-28,300045,3.1805359712307348,False,1111
1113,2026-09-28,301386,3.177537970412545,False,1112
1114,2026-09-28,000788,3.1717353848373291,False,1113
1115,2026-09-28,002083,3.1701122771865915,False,1114
1116,2026-09-28,001379,3.168912219934565,False,1115
1117,2026-09-28,300792,3.1659019411073226,False,1116
1118,2026-09-28,300462,3.1647514707986577,False,1117
1119,2026-09-28,300441,3.1603601174801845,False,1118
1120,2026-09-28,300306,3.159977140243877,False,1119
1121,2026-09-28,301032,3.1542429061752695,False,1120
1122,2026-09-28,300131,3.1492348620297324,False,1121
1123,2026-09-28,002243,3.1472683021883183,False,1122
1124,2026-09-28,002343,3.143370100392723,False,1123
1125,2026-09-28,600158,3.138759810060427,False,1124
1126,2026-09-28,688358,3.1365481332569409,False,1125
1127,2026-09-28,300021,3.1319711273487139,False,1126
1128,2026-09-28,000909,3.1290733340423054,False,1127
1129,2026-09-28,300270,3.1287895897073628,False,1128
1130,2026-09-28,000561,3.1286488062613382,False,1129
1131,2026-09-28,301293,3.122560533521503,False,1130
1132,2026-09-28,600295,3.1201388591877959,False,1131
1133,2026-09-28,300812,3.1197928744359729,False,1132
1134,2026-09-28,688523,3.1191909899101118,False,1133
1135,2026-09-28,603191,3.1190718650993632,False,1134
1136,2026-09-28,300295,3.1183906515904365,False,1135
1137,2026-09-28,600814,3.1179824743210491,False,1136
1138,2026-09-28,002206,3.1166888051567248,False,1137
1139,2026-09-28,603228,3.1138488552574803,False,1138
1140,2026-09-28,300767,3.1128776181690698,False,1139
1141,2026-09-28,688282,3.1115141818340506,False,1140
1142,2026-09-28,600556,3.1108430878466331,False,1141
1143,2026-09-28,002826,3.108879814423454,False,1142
1144,2026-09-28,600968,3.1010191814003099,False,1143
1145,2026-09-28,300560,3.1000714833469631,False,1144
1146,2026-09-28,600525,3.0980114468921731,False,1145
1147,2026-09-28,603605,3.0957897273779786,False,1146
1148,2026-09-28,603391,3.0923053339108595,False,1147
1149,2026-09-28,300552,3.092175316617968,False,1148
1150,2026-09-28,002626,3.0914084086371623,False,1149
1151,2026-09-28,002648,3.0904635222971164,False,1150
1152,2026-09-28,300536,3.087992307170885,False,1151
1153,2026-09-28,688573,3.0863174710860553,False,1152
1154,2026-09-28,603200,3.0825436612681667,False,1153
1155,2026-09-28,300844,3.0822825381117411,False,1154
1156,2026-09-28,601616,3.0820838296641231,False,1155
1157,2026-09-28,603889,3.0810627507555211,False,1156
1158,2026-09-28,002430,3.0778342440559534,False,1157
1159,2026-09-28,002214,3.0774195936523441,False,1158
1160,2026-09-28,301292,3.0768563682148606,False,1159
1161,2026-09-28,688686,3.0766448334944547,False,1160
1162,2026-09-28,605166,3.0752172060463172,False,1161
1163,2026-09-28,600650,3.0714187946862141,False,1162
1164,2026-09-28,300465,3.0699352539138136,False,1163
1165,2026-09-28,002554,3.0696928542436348,False,1164
1166,2026-09-28,605500,3.0690249299660914,False,1165
1167,2026-09-28,600548,3.0662694226620735,False,1166
1168,2026-09-28,002539,3.0644026861921221,False,1167
1169,2026-09-28,300597,3.0604301092971808,False,1168
1170,2026-09-28,300758,3.060029666905181,False,1169
1171,2026-09-28,600150,3.0593816608443136,False,1170
1172,2026-09-28,301089,3.0583626718779908,False,1171
1173,2026-09-28,603137,3.0570054054753952,False,1172
1174,2026-09-28,002170,3.0507180789614767,False,1173
1175,2026-09-28,002128,3.0491248330819323,False,1174
1176,2026-09-28,688638,3.047957533429698,False,1175
1177,2026-09-28,603098,3.0455799804649759,False,1176
1178,2026-09-28,603690,3.0436773047403158,False,1177
1179,2026-09-28,688139,3.0433794958264935,False,1178
1180,2026-09-28,300463,3.0388524572128408,False,1179
1181,2026-09-28,603279,3.0378197903879527,False,1180
1182,2026-09-28,601528,3.0356374331084148,False,1181
1183,2026-09-28,688698,3.0351059898472323,False,1182
1184,2026-09-28,600589,3.0319487684596043,False,1183
1185,2026-09-28,002299,3.0316166029601064,False,1184
1186,2026-09-28,600104,3.0315266781523875,False,1185
1187,2026-09-28,603000,3.0291840769600857,False,1186
1188,2026-09-28,688559,3.0289546367520375,False,1187
1189,2026-09-28,600215,3.0280876732876774,False,1188
1190,2026-09-28,300842,3.0249184257668671,False,1189
1191,2026-09-28,601798,3.0218648582506598,False,1190
1192,2026-09-28,300508,3.0207013783258763,False,1191
1193,2026-09-28,300698,3.0191346817117877,False,1192
1194,2026-09-28,600033,3.0143981047769524,False,1193
1195,2026-09-28,300648,3.0138857465121855,False,1194
1196,2026-09-28,000548,3.0129811702781275,False,1195
1197,2026-09-28,603429,3.0103302970952486,False,1196
1198,2026-09-28,002144,3.0094162934877162,False,1197
1199,2026-09-28,688312,3.0048656923049371,False,1198
1200,2026-09-28,300701,3.0029585840249529,False,1199
1201,2026-09-28,300808,2.9979368133957713,False,1200
1202,2026-09-28,002876,2.9939900102175221,False,1201
1203,2026-09-28,002149,2.9926613672783926,False,1202
1204,2026-09-28,000936,2.9914600378656506,False,1203
1205,2026-09-28,603817,2.9900838885737557,False,1204
1206,2026-09-28,301335,2.9885249546358859,False,1205
1207,2026-09-28,600152,2.9883827803697529,False,1206
1208,2026-09-28,300998,2.9868932777434276,False,1207
1209,2026-09-28,301279,2.9845931455847432,False,1208
1210,2026-09-28,300543,2.9825361821816574,False,1209
1211,2026-09-28,603989,2.9812812230925836,False,1210
1212,2026-09-28,000705,2.9807865813593972,False,1211
1213,2026-09-28,600173,2.9778892359322859,False,1212
1214,2026-09-28,601827,2.9770068566662951,False,1213
1215,2026-09-28,603369,2.9744875644452202,False,1214
1216,2026-09-28,603535,2.9734927959992867,False,1215
1217,2026-09-28,688691,2.9723323551104235,False,1216
1218,2026-09-28,688229,2.965668872333453,False,1217
1219,2026-09-28,002140,2.9639389923462298,False,1218
1220,2026-09-28,688539,2.9629219220122152,False,1219
1221,2026-09-28,603933,2.9588950450866682,False,1220
1222,2026-09-28,301683,2.9534165031900028,False,1221
1223,2026-09-28,601020,2.9529753834728507,False,1222
1224,2026-09-28,301330,2.9527835378536302,False,1223
1225,2026-09-28,300545,2.9499705149802748,False,1224
1226,2026-09-28,300161,2.948866863946586,False,1225
1227,2026-09-28,603211,2.9486342313094096,False,1226
1228,2026-09-28,603863,2.9465091733085438,False,1227
1229,2026-09-28,002628,2.9430276754330182,False,1228
1230,2026-09-28,688551,2.9427260247030826,False,1229
1231,2026-09-28,002045,2.9384616253196616,False,1230
1232,2026-09-28,601512,2.9322415178697128,False,1231
1233,2026-09-28,300935,2.9316821967645073,False,1232
1234,2026-09-28,603027,2.9310448368248867,False,1233
1235,2026-09-28,301600,2.9286864739906031,False,1234
1236,2026-09-28,300988,2.9281506461206384,False,1235
1237,2026-09-28,301538,2.9217326813003033,False,1236
1238,2026-09-28,300154,2.9196140199115028,False,1237
1239,2026-09-28,002885,2.9150137925535109,False,1238
1240,2026-09-28,605180,2.9093670677979544,False,1239
1241,2026-09-28,301001,2.9034261893805509,False,1240
1242,2026-09-28,301149,2.8996049735170861,False,1241
1243,2026-09-28,603121,2.8958313677212271,False,1242
1244,2026-09-28,003816,2.8933545844375104,False,1243
1245,2026-09-28,600365,2.8926382561206454,False,1244
1246,2026-09-28,600348,2.8914129538612552,False,1245
1247,2026-09-28,000820,2.8882343865938518,False,1246
1248,2026-09-28,603590,2.883698169132948,False,1247
1249,2026-09-28,000576,2.8767881873098644,False,1248
1250,2026-09-28,601998,2.8749819731227855,False,1249
1251,2026-09-28,002166,2.8744564522218341,False,1250
1252,2026-09-28,300513,2.8738479443449303,False,1251
1253,2026-09-28,600606,2.8732682879693359,False,1252
1254,2026-09-28,002410,2.8703511792944414,False,1253
1255,2026-09-28,300811,2.8666508476745651,False,1254
1256,2026-09-28,300887,2.8659331333242903,False,1255
1257,2026-09-28,301509,2.8655866747738536,False,1256
1258,2026-09-28,003019,2.8646761163331895,False,1257
1259,2026-09-28,300561,2.8646070826350885,False,1258
1260,2026-09-28,300712,2.8636445148810936,False,1259
1261,2026-09-28,301003,2.8605631499402584,False,1260
1262,2026-09-28,300516,2.8605366003404087,False,1261
1263,2026-09-28,301160,2.8603852148904818,False,1262
1264,2026-09-28,600283,2.8601662876877922,False,1263
1265,2026-09-28,603193,2.8569583293856442,False,1264
1266,2026-09-28,603231,2.8546673488168541,False,1265
1267,2026-09-28,002004,2.8538549613798869,False,1266
1268,2026-09-28,300370,2.8493313136119722,False,1267
1269,2026-09-28,301270,2.8490112639691958,False,1268
1270,2026-09-28,600105,2.8453605486576063,False,1269
1271,2026-09-28,300479,2.8441426674803871,False,1270
1272,2026-09-28,603332,2.8436455147451554,False,1271
1273,2026-09-28,301148,2.8432247554238428,False,1272
1274,2026-09-28,300332,2.8424935920278198,False,1273
1275,2026-09-28,600163,2.840854225973283,False,1274
1276,2026-09-28,688717,2.8401282502814977,False,1275
1277,2026-09-28,603689,2.8395822433064875,False,1276
1278,2026-09-28,001230,2.8394942445618989,False,1277
1279,2026-09-28,002833,2.8391982006228473,False,1278
1280,2026-09-28,300486,2.838881923887294,False,1279
1281,2026-09-28,603171,2.8380986115664255,False,1280
1282,2026-09-28,300654,2.8378712321632746,False,1281
1283,2026-09-28,600379,2.8360728165312348,False,1282
1284,2026-09-28,300342,2.8357589513442978,False,1283
1285,2026-09-28,603026,2.8327016293504497,False,1284
1286,2026-09-28,601231,2.831801796956726,False,1285
1287,2026-09-28,605268,2.8316498605112601,False,1286
1288,2026-09-28,000001,2.8315556861991062,False,1287
1289,2026-09-28,000605,2.8313411387213065,False,1288
1290,2026-09-28,002573,2.82852341650934,False,1289
1291,2026-09-28,605299,2.8278353032298384,False,1290
1292,2026-09-28,000529,2.824980865385144,False,1291
1293,2026-09-28,688788,2.8228061420968507,False,1292
1294,2026-09-28,600039,2.8177987978721593,False,1293
1295,2026-09-28,688333,2.8176466162345211,False,1294
1296,2026-09-28,600731,2.8173299710339235,False,1295
1297,2026-09-28,600149,2.8160552094649027,False,1296
1298,2026-09-28,603990,2.8118175319698042,False,1297
1299,2026-09-28,300013,2.8115052281042088,False,1298
1300,2026-09-28,600237,2.8105273165050733,False,1299
1301,2026-09-28,300062,2.8072728331699413,False,1300
1302,2026-09-28,300688,2.8064183044845348,False,1301
1303,2026-09-28,603209,2.8040943353825738,False,1302
1304,2026-09-28,600415,2.8018072575178712,False,1303
1305,2026-09-28,300664,2.8009739136839835,False,1304
1306,2026-09-28,603848,2.7999363190695172,False,1305
1307,2026-09-28,301096,2.7994588340876589,False,1306
1308,2026-09-28,605259,2.7989139213179843,False,1307
1309,2026-09-28,000551,2.7979165470525191,False,1308
1310,2026-09-28,603718,2.792377054296924,False,1309
1311,2026-09-28,002377,2.7920568853969625,False,1310
1312,2026-09-28,688298,2.7919136690366826,False,1311
1313,2026-09-28,603917,2.7898898731630042,False,1312
1314,2026-09-28,300547,2.7882243381322884,False,1313
1315,2026-09-28,003028,2.785656792284231,False,1314
1316,2026-09-28,600236,2.783606493674819,False,1315
1317,2026-09-28,688070,2.783295119065591,False,1316
1318,2026-09-28,002677,2.7804916595834142,False,1317
1319,2026-09-28,300906,2.7803392928052766,False,1318
1320,2026-09-28,300755,2.775533549791831,False,1319
1321,2026-09-28,002832,2.7740253668550894,False,1320
1322,2026-09-28,000651,2.7733107172442866,False,1321
1323,2026-09-28,603021,2.7727378537791294,False,1322
1324,2026-09-28,600941,2.7722472288488844,False,1323
1325,2026-09-28,603348,2.7685217720083375,False,1324
1326,2026-09-28,002176,2.7684199491607235,False,1325
1327,2026-09-28,688136,2.7667682014094375,False,1326
1328,2026-09-28,002551,2.766694223291136,False,1327
1329,2026-09-28,301029,2.7599026485921665,False,1328
1330,2026-09-28,301287,2.7586901192805851,False,1329
1331,2026-09-28,000553,2.7561043368272102,False,1330
1332,2026-09-28,002360,2.7547228667647463,False,1331
1333,2026-09-28,688135,2.7489795421592622,False,1332
1334,2026-09-28,002175,2.7469116728126171,False,1333
1335,2026-09-28,002563,2.7459512248546294,False,1334
1336,2026-09-28,001277,2.7453045042483399,False,1335
1337,2026-09-28,002132,2.744939662590844,False,1336
1338,2026-09-28,300006,2.7423146131504357,False,1337
1339,2026-09-28,688285,2.7421545398500999,False,1338
1340,2026-09-28,002055,2.7348717458215948,False,1339
1341,2026-09-28,601008,2.7325850155428331,False,1340
1342,2026-09-28,301295,2.7294147724783517,False,1341
1343,2026-09-28,000920,2.7287130651330398,False,1342
1344,2026-09-28,688507,2.7248018632684659,False,1343
1345,2026-09-28,601107,2.7192252465661046,False,1344
1346,2026-09-28,600114,2.7170227906144282,False,1345
1347,2026-09-28,300299,2.7161382504459257,False,1346
1348,2026-09-28,300679,2.7154307976003977,False,1347
1349,2026-09-28,300152,2.7122985208847923,False,1348
1350,2026-09-28,603131,2.7117030739518766,False,1349
1351,2026-09-28,002993,2.7091319284710043,False,1350
1352,2026-09-28,600722,2.7083056781016177,False,1351
1353,2026-09-28,002432,2.7060923709690829,False,1352
1354,2026-09-28,600872,2.7050285925984494,False,1353
1355,2026-09-28,603586,2.7025590867942215,False,1354
1356,2026-09-28,301022,2.7021753097687009,False,1355
1357,2026-09-28,000062,2.7017042086874308,False,1356
1358,2026-09-28,600882,2.6979644853525855,False,1357
1359,2026-09-28,002327,2.6969580731116438,False,1358
1360,2026-09-28,301370,2.6959315814996567,False,1359
1361,2026-09-28,300663,2.6943197065545159,False,1360
1362,2026-09-28,688118,2.6889634881363524,False,1361
1363,2026-09-28,002404,2.6877984175768854,False,1362
1364,2026-09-28,300298,2.6866778792506518,False,1363
1365,2026-09-28,301503,2.6864507456344007,False,1364
1366,2026-09-28,300846,2.6861281254622735,False,1365
1367,2026-09-28,600887,2.6832048079400161,False,1366
1368,2026-09-28,603233,2.683151824031909,False,1367
1369,2026-09-28,301125,2.6828470187134235,False,1368
1370,2026-09-28,002008,2.6820782591514556,False,1369
1371,2026-09-28,002725,2.6802091392904877,False,1370
1372,2026-09-28,000573,2.6797795944515923,False,1371
1373,2026-09-28,002489,2.6753624533186091,False,1372
1374,2026-09-28,301228,2.6747320764805558,False,1373
1375,2026-09-28,000571,2.6744431022184521,False,1374
1376,2026-09-28,605138,2.6688790896806101,False,1375
1377,2026-09-28,300962,2.6668282084362214,False,1376
1378,2026-09-28,300086,2.6643829680410205,False,1377
1379,2026-09-28,301101,2.6549660679716425,False,1378
1380,2026-09-28,002578,2.6540368054669758,False,1379
1381,2026-09-28,000719,2.6469623011299506,False,1380
1382,2026-09-28,000957,2.6452660121637255,False,1381
1383,2026-09-28,002544,2.6440674211489541,False,1382
1384,2026-09-28,688206,2.6436653197442834,False,1383
1385,2026-09-28,301368,2.6426112877484438,False,1384
1386,2026-09-28,600694,2.6383219113293577,False,1385
1387,2026-09-28,300770,2.6356829830075688,False,1386
1388,2026-09-28,688377,2.6314070466412298,False,1387
1389,2026-09-28,688125,2.6278518226878482,False,1388
1390,2026-09-28,300072,2.6270187555340634,False,1389
1391,2026-09-28,000707,2.6264508827880708,False,1390
1392,2026-09-28,688693,2.6263715070726592,False,1391
1393,2026-09-28,603867,2.6232140555645609,False,1392
1394,2026-09-28,002381,2.6214871386284839,False,1393
1395,2026-09-28,002822,2.6212145508978648,False,1394
1396,2026-09-28,300621,2.6189215403938131,False,1395
1397,2026-09-28,603015,2.6169636648524244,False,1396
1398,2026-09-28,688195,2.6150990896258799,False,1397
1399,2026-09-28,301107,2.6136907735579,False,1398
1400,2026-09-28,000546,2.6136373305621516,False,1399
1401,2026-09-28,000859,2.6132553481193512,False,1400
1402,2026-09-28,003015,2.61248929297619,False,1401
1403,2026-09-28,688557,2.6123083107754024,False,1402
1404,2026-09-28,600868,2.609671320110643,False,1403
1405,2026-09-28,605389,2.6093230312476559,False,1404
1406,2026-09-28,300631,2.6081711252796809,False,1405
1407,2026-09-28,300943,2.6059189791795938,False,1406
1408,2026-09-28,301459,2.6040005045919252,False,1407
1409,2026-09-28,601233,2.6024405068628003,False,1408
1410,2026-09-28,002606,2.6020060977158712,False,1409
1411,2026-09-28,002644,2.6007837968178413,False,1410
1412,2026-09-28,301363,2.5988832294670088,False,1411
1413,2026-09-28,002893,2.5971752617703658,False,1412
1414,2026-09-28,603199,2.593517814284779,False,1413
1415,2026-09-28,300063,2.5933398855991059,False,1414
1416,2026-09-28,300925,2.5882820680364382,False,1415
1417,2026-09-28,300603,2.58690367327325,False,1416
1418,2026-09-28,000708,2.5867642922672625,False,1417
1419,2026-09-28,688201,2.583242734071157,False,1418
1420,2026-09-28,600618,2.5810749474863863,False,1419
1421,2026-09-28,600217,2.5751589802693449,False,1420
1422,2026-09-28,600180,2.5748740610283072,False,1421
1423,2026-09-28,002707,2.5726920412372847,False,1422
1424,2026-09-28,300589,2.5696715919034272,False,1423
1425,2026-09-28,002905,2.5684334317975703,False,1424
1426,2026-09-28,301320,2.5676341019032449,False,1425
1427,2026-09-28,603768,2.5674862686252422,False,1426
1428,2026-09-28,301203,2.5649475955274585,False,1427
1429,2026-09-28,603135,2.5629778545322752,False,1428
1430,2026-09-28,600487,2.5627992998530358,False,1429
1431,2026-09-28,301586,2.5624752755843763,False,1430
1432,2026-09-28,301446,2.5591703650691358,False,1431
1433,2026-09-28,003025,2.5580756419561381,False,1432
1434,2026-09-28,300357,2.5568375305480484,False,1433
1435,2026-09-28,301170,2.5560240655666639,False,1434
1436,2026-09-28,300933,2.5538309899850957,False,1435
1437,2026-09-28,000042,2.5519943197666182,False,1436
1438,2026-09-28,688117,2.5518289901157964,False,1437
1439,2026-09-28,300143,2.551100382994627,False,1438
1440,2026-09-28,601698,2.5505583371134239,False,1439
1441,2026-09-28,002182,2.550424962348679,False,1440
1442,2026-09-28,600238,2.5492279632871835,False,1441
1443,2026-09-28,600108,2.5491014030138204,False,1442
1444,2026-09-28,600496,2.5472050054935407,False,1443
1445,2026-09-28,300899,2.5420704881051002,False,1444
1446,2026-09-28,300986,2.540443356938491,False,1445
1447,2026-09-28,000520,2.5399674666738234,False,1446
1448,2026-09-28,300727,2.5372989891807505,False,1447
1449,2026-09-28,300563,2.5365874164281719,False,1448
1450,2026-09-28,688528,2.5337407206234359,False,1449
1451,2026-09-28,601126,2.5277006411700857,False,1450
1452,2026-09-28,600962,2.5257524868260357,False,1451
1453,2026-09-28,300824,2.5255601101052925,False,1452
1454,2026-09-28,002001,2.5251457727736732,False,1453
1455,2026-09-28,002173,2.5228768193535074,False,1454
1456,2026-09-28,000758,2.5213134201890517,False,1455
1457,2026-09-28,000888,2.5201064709023573,False,1456
1458,2026-09-28,002111,2.5191644910702311,False,1457
1459,2026-09-28,002843,2.509070415188587,False,1458
1460,2026-09-28,601916,2.5084254923969627,False,1459
1461,2026-09-28,605005,2.5073066353818501,False,1460
1462,2026-09-28,603202,2.506898732040221,False,1461
1463,2026-09-28,601595,2.5036250074569844,False,1462
1464,2026-09-28,300230,2.5012687738100596,False,1463
1465,2026-09-28,002788,2.5007123429395257,False,1464
1466,2026-09-28,300721,2.4973195833952797,False,1465
1467,2026-09-28,688526,2.494303263444356,False,1466
1468,2026-09-28,002227,2.493792368186011,False,1467
1469,2026-09-28,002394,2.492352120725605,False,1468
1470,2026-09-28,603321,2.4917308976723493,False,1469
1471,2026-09-28,300134,2.4908403996647648,False,1470
1472,2026-09-28,600682,2.4903349938868811,False,1471
1473,2026-09-28,603868,2.4901279089501185,False,1472
1474,2026-09-28,688089,2.4892084200840374,False,1473
1475,2026-09-28,002302,2.4885935662533822,False,1474
1476,2026-09-28,300989,2.4883503362428248,False,1475
1477,2026-09-28,000059,2.4821369032092266,False,1476
1478,2026-09-28,600572,2.4800398478109731,False,1477
1479,2026-09-28,000720,2.4757355628960394,False,1478
1480,2026-09-28,603360,2.4684701211364284,False,1479
1481,2026-09-28,002174,2.4682271803963873,False,1480
1482,2026-09-28,301584,2.4682260457871266,False,1481
1483,2026-09-28,002267,2.4669679791778916,False,1482
1484,2026-09-28,688585,2.4668738591568502,False,1483
1485,2026-09-28,688161,2.4646343781960893,False,1484
1486,2026-09-28,000729,2.4643023961663211,False,1485
1487,2026-09-28,688658,2.4622667291974958,False,1486
1488,2026-09-28,002391,2.4562634897188413,False,1487
1489,2026-09-28,000807,2.4554040978957534,False,1488
1490,2026-09-28,603339,2.452579850018604,False,1489
1491,2026-09-28,600267,2.4435541579487432,False,1490
1492,2026-09-28,301161,2.4430494330878272,False,1491
1493,2026-09-28,600439,2.4378571833098821,False,1492
1494,2026-09-28,000826,2.4282535050843919,False,1493
1495,2026-09-28,600571,2.4266839928402435,False,1494
1496,2026-09-28,600693,2.4249227052831914,False,1495
1497,2026-09-28,600833,2.4237293706245966,False,1496
1498,2026-09-28,300113,2.4233466881270251,False,1497
1499,2026-09-28,002576,2.4232162863718014,False,1498
1500,2026-09-28,688013,2.417049613719771,False,1499
1501,2026-09-28,000822,2.4160028068040038,False,1500
1502,2026-09-28,688160,2.4154810272402671,False,1501
1503,2026-09-28,688133,2.4098309433539731,False,1502
1504,2026-09-28,600476,2.4098275048089102,False,1503
1505,2026-09-28,002032,2.4075919964449035,False,1504
1506,2026-09-28,000407,2.4075822458731402,False,1505
1507,2026-09-28,605388,2.4059250254201681,False,1506
1508,2026-09-28,600107,2.401514331022653,False,1507
1509,2026-09-28,301059,2.3955230722282019,False,1508
1510,2026-09-28,002853,2.3898178652502842,False,1509
1511,2026-09-28,300658,2.3896323422941372,False,1510
1512,2026-09-28,300375,2.3890524377546427,False,1511
1513,2026-09-28,603393,2.3851291665143548,False,1512
1514,2026-09-28,002153,2.3831187074212226,False,1513
1515,2026-09-28,688695,2.3830334532660853,False,1514
1516,2026-09-28,300107,2.3790209151619881,False,1515
1517,2026-09-28,002800,2.3762215540621563,False,1516
1518,2026-09-28,002484,2.3760832902814468,False,1517
1519,2026-09-28,688239,2.3748813754700828,False,1518
1520,2026-09-28,301331,2.3727310940598207,False,1519
1521,2026-09-28,688255,2.372005295796523,False,1520
1522,2026-09-28,601577,2.3683067257667894,False,1521
1523,2026-09-28,000096,2.3679078775767151,False,1522
1524,2026-09-28,300952,2.365179540267567,False,1523
1525,2026-09-28,600028,2.3638800622072558,False,1524
1526,2026-09-28,000612,2.363411729564687,False,1525
1527,2026-09-28,688553,2.3621724539740132,False,1526
1528,2026-09-28,600159,2.3617854752881033,False,1527
1529,2026-09-28,601921,2.3594569947995847,False,1528
1530,2026-09-28,603881,2.3587963307810362,False,1529
1531,2026-09-28,000895,2.3576902059706275,False,1530
1532,2026-09-28,688260,2.3574248865428178,False,1531
1533,2026-09-28,603866,2.3530038605626298,False,1532
1534,2026-09-28,300032,2.3529077489647054,False,1533
1535,2026-09-28,002452,2.3481440522712571,False,1534
1536,2026-09-28,600481,2.3480531361571138,False,1535
1537,2026-09-28,600138,2.3475353125688181,False,1536
1538,2026-09-28,300389,2.3470088337463566,False,1537
1539,2026-09-28,300194,2.3465374486598636,False,1538
1540,2026-09-28,600231,2.3457542275778644,False,1539
1541,2026-09-28,001335,2.3439600626451815,False,1540
1542,2026-09-28,003016,2.3402980145894876,False,1541
1543,2026-09-28,688575,2.3399948720827339,False,1542
1544,2026-09-28,600612,2.338893114777048,False,1543
1545,2026-09-28,300635,2.3385866190897673,False,1544
1546,2026-09-28,603071,2.338406967375152,False,1545
1547,2026-09-28,600831,2.3382745710843533,False,1546
1548,2026-09-28,688588,2.3374947203194321,False,1547
1549,2026-09-28,600529,2.3280406926470389,False,1548
1550,2026-09-28,603648,2.3200079604744839,False,1549
1551,2026-09-28,300144,2.319672701473857,False,1550
1552,2026-09-28,002999,2.3184049909238684,False,1551
1553,2026-09-28,301515,2.3182112114583919,False,1552
1554,2026-09-28,688543,2.3168947163166163,False,1553
1555,2026-09-28,301516,2.3158374998943918,False,1554
1556,2026-09-28,002462,2.3119880198295801,False,1555
1557,2026-09-28,688153,2.3106568443423665,False,1556
1558,2026-09-28,600309,2.3033299429991452,False,1557
1559,2026-09-28,301157,2.2994404334389853,False,1558
1560,2026-09-28,600128,2.2985464515818861,False,1559
1561,2026-09-28,002917,2.2949160288517949,False,1560
1562,2026-09-28,688295,2.2930791582019614,False,1561
1563,2026-09-28,300791,2.2862429240405509,False,1562
1564,2026-09-28,000507,2.2858046642658989,False,1563
1565,2026-09-28,300993,2.2842971967576062,False,1564
1566,2026-09-28,300912,2.2838596452871718,False,1565
1567,2026-09-28,600873,2.2830832304354423,False,1566
1568,2026-09-28,300008,2.2799421948474232,False,1567
1569,2026-09-28,601018,2.2793819846420091,False,1568
1570,2026-09-28,300050,2.2788174458148158,False,1569
1571,2026-09-28,600151,2.2785949189106764,False,1570
1572,2026-09-28,688443,2.27793533184113,False,1571
1573,2026-09-28,603158,2.2776519500392896,False,1572
1574,2026-09-28,002142,2.276838442520269,False,1573
1575,2026-09-28,000899,2.2753850888903191,False,1574
1576,2026-09-28,000425,2.2713132454547327,False,1575
1577,2026-09-28,002184,2.270638796354072,False,1576
1578,2026-09-28,301332,2.2703170371970121,False,1577
1579,2026-09-28,300636,2.2690468541652633,False,1578
1580,2026-09-28,300942,2.2661449881491866,False,1579
1581,2026-09-28,002275,2.264021938113824,False,1580
1582,2026-09-28,301277,2.2633489986857152,False,1581
1583,2026-09-28,301517,2.2632820193175842,False,1582
1584,2026-09-28,002078,2.2631566927080247,False,1583
1585,2026-09-28,600426,2.258993777949267,False,1584
1586,2026-09-28,601500,2.2562739739879571,False,1585
1587,2026-09-28,603296,2.2552122410843705,False,1586
1588,2026-09-28,600298,2.2547912923997053,False,1587
1589,2026-09-28,301197,2.2542082998599087,False,1588
1590,2026-09-28,300119,2.2541944365639628,False,1589
1591,2026-09-28,603136,2.2521136899376302,False,1590
1592,2026-09-28,600648,2.2504311615029047,False,1591
1593,2026-09-28,688616,2.2500186290512048,False,1592
1594,2026-09-28,300245,2.2498022542331411,False,1593
1595,2026-09-28,002646,2.2493051453430271,False,1594
1596,2026-09-28,600854,2.2492416655091834,False,1595
1597,2026-09-28,688411,2.2469123540957554,False,1596
1598,2026-09-28,300598,2.245993783130376,False,1597
1599,2026-09-28,000563,2.2439326571504119,False,1598
1600,2026-09-28,002108,2.2427412031054228,False,1599
1601,2026-09-28,600830,2.2409193138012387,False,1600
1602,2026-09-28,001286,2.2398340718204235,False,1601
1603,2026-09-28,300693,2.2377321360181979,False,1602
1604,2026-09-28,000633,2.2321956893074448,False,1603
1605,2026-09-28,002380,2.231539675567034,False,1604
1606,2026-09-28,001238,2.2263014974424014,False,1605
1607,2026-09-28,601368,2.2248860404652837,False,1606
1608,2026-09-28,301078,2.222910488604136,False,1607
1609,2026-09-28,600118,2.2217125370639441,False,1608
1610,2026-09-28,301413,2.2216236744143143,False,1609
1611,2026-09-28,600794,2.2213542528880952,False,1610
1612,2026-09-28,603165,2.2210622089358019,False,1611
1613,2026-09-28,600990,2.2199064361737371,False,1612
1614,2026-09-28,002390,2.2197375080116299,False,1613
1615,2026-09-28,600590,2.2193314248639644,False,1614
1616,2026-09-28,600216,2.2189644642119539,False,1615
1617,2026-09-28,603057,2.2174050032847448,False,1616
1618,2026-09-28,002560,2.2170138341482328,False,1617
1619,2026-09-28,002116,2.2092101853189532,False,1618
1620,2026-09-28,000876,2.208174267185635,False,1619
1621,2026-09-28,301186,2.2080297098019925,False,1620
1622,2026-09-28,603788,2.207050798231859,False,1621
1623,2026-09-28,300067,2.2065922777758589,False,1622
1624,2026-09-28,301185,2.2044340394248332,False,1623
1625,2026-09-28,000917,2.204378969019122,False,1624
1626,2026-09-28,600961,2.2036768415484946,False,1625
1627,2026-09-28,002537,2.2028909680388069,False,1626
1628,2026-09-28,300191,2.2018761454263962,False,1627
1629,2026-09-28,300447,2.2010079481561573,False,1628
1630,2026-09-28,002120,2.2006663540204032,False,1629
1631,2026-09-28,600429,2.1993834022302186,False,1630
1632,2026-09-28,600691,2.1943286122702208,False,1631
1633,2026-09-28,601216,2.1908716735877913,False,1632
1634,2026-09-28,601002,2.1885304381751651,False,1633
1635,2026-09-28,600288,2.1863986236152924,False,1634
1636,2026-09-28,688529,2.186203129802101,False,1635
1637,2026-09-28,300999,2.1823727501058823,False,1636
1638,2026-09-28,600645,2.1820369211744142,False,1637
1639,2026-09-28,002864,2.1811685645775833,False,1638
1640,2026-09-28,603987,2.1806391073735725,False,1639
1641,2026-09-28,603737,2.1802395052671826,False,1640
1642,2026-09-28,601200,2.1769063854471224,False,1641
1643,2026-09-28,600727,2.1767946495401453,False,1642
1644,2026-09-28,300308,2.1764221818020273,False,1643
1645,2026-09-28,603398,2.1744728161229072,False,1644
1646,2026-09-28,301388,2.1735996338729726,False,1645
1647,2026-09-28,600568,2.1720593145171461,False,1646
1648,2026-09-28,688580,2.1718603233361824,False,1647
1649,2026-09-28,300703,2.1716717547632118,False,1648
1650,2026-09-28,300930,2.1693662761316617,False,1649
1651,2026-09-28,688579,2.1664509581636198,False,1650
1652,2026-09-28,600519,2.1631983050217269,False,1651
1653,2026-09-28,300743,2.1613232404731066,False,1652
1654,2026-09-28,688151,2.1591251494670129,False,1653
1655,2026-09-28,605183,2.1582756577717594,False,1654
1656,2026-09-28,002250,2.1570960177644496,False,1655
1657,2026-09-28,300165,2.1570429215028186,False,1656
1658,2026-09-28,301118,2.1567918967821584,False,1657
1659,2026-09-28,001386,2.1527169942574456,False,1658
1660,2026-09-28,600223,2.1499976535288239,False,1659
1661,2026-09-28,300766,2.1499408409040663,False,1660
1662,2026-09-28,000988,2.1437080203030279,False,1661
1663,2026-09-28,603616,2.143165694791128,False,1662
1664,2026-09-28,300444,2.1323546538170879,False,1663
1665,2026-09-28,300430,2.1321269922290016,False,1664
1666,2026-09-28,603315,2.1312606018352964,False,1665
1667,2026-09-28,600073,2.128982108840014,False,1666
1668,2026-09-28,601963,2.1287472930310578,False,1667
1669,2026-09-28,600620,2.1283872381057591,False,1668
1670,2026-09-28,002209,2.1247784880017759,False,1669
1671,2026-09-28,600203,2.1228402798107959,False,1670
1672,2026-09-28,300762,2.1220386143756862,False,1671
1673,2026-09-28,600302,2.1217218551616659,False,1672
1674,2026-09-28,688095,2.118221537224164,False,1673
1675,2026-09-28,603096,2.1146642811857643,False,1674
1676,2026-09-28,301360,2.1098170057809229,False,1675
1677,2026-09-28,688129,2.1096189245132302,False,1676
1678,2026-09-28,603906,2.1076561746593194,False,1677
1679,2026-09-28,002399,2.1076306520714954,False,1678
1680,2026-09-28,300726,2.1067707722268056,False,1679
1681,2026-09-28,301397,2.1032927554465104,False,1680
1682,2026-09-28,601318,2.1032177901209472,False,1681
1683,2026-09-28,000789,2.1020276149389283,False,1682
1684,2026-09-28,603666,2.1014077543248693,False,1683
1685,2026-09-28,688677,2.0979882148023119,False,1684
1686,2026-09-28,300095,2.0923790124933053,False,1685
1687,2026-09-28,001914,2.0914875501415744,False,1686
1688,2026-09-28,600315,2.0867816704785493,False,1687
1689,2026-09-28,603086,2.0867495662092121,False,1688
1690,2026-09-28,603613,2.0804229056525099,False,1689
1691,2026-09-28,600199,2.0782427104715953,False,1690
1692,2026-09-28,300196,2.0782281371575637,False,1691
1693,2026-09-28,603878,2.0684034578824742,False,1692
1694,2026-09-28,300400,2.0683844969469436,False,1693
1695,2026-09-28,301039,2.0682404351765449,False,1694
1696,2026-09-28,300908,2.0681569455997946,False,1695
1697,2026-09-28,002624,2.0657367822995689,False,1696
1698,2026-09-28,600273,2.0641427305868612,False,1697
1699,2026-09-28,002630,2.0639520688203907,False,1698
1700,2026-09-28,002692,2.0632802996590023,False,1699
1701,2026-09-28,600305,2.0630819435093386,False,1700
1702,2026-09-28,688671,2.0596539465179369,False,1701
1703,2026-09-28,000731,2.0539678061329747,False,1702
1704,2026-09-28,002461,2.0521749612599267,False,1703
1705,2026-09-28,603081,2.0506502943433116,False,1704
1706,2026-09-28,001367,2.0491295671254974,False,1705
1707,2026-09-28,688165,2.0478838686498095,False,1706
1708,2026-09-28,300796,2.0458369241304379,False,1707
1709,2026-09-28,605155,2.0457736507220883,False,1708
1710,2026-09-28,002607,2.045133466613283,False,1709
1711,2026-09-28,000881,2.0397561404166433,False,1710
1712,2026-09-28,300965,2.0396603565137061,False,1711
1713,2026-09-28,002582,2.0366999890355966,False,1712
1714,2026-09-28,688251,2.0319322485213469,False,1713
1715,2026-09-28,002003,2.0288319111065354,False,1714
1716,2026-09-28,688030,2.0287987224662434,False,1715
1717,2026-09-28,688626,2.0270134554011223,False,1716
1718,2026-09-28,300657,2.0266586497083212,False,1717
1719,2026-09-28,000429,2.0209220049018644,False,1718
1720,2026-09-28,000501,2.0194045581337861,False,1719
1721,2026-09-28,301093,2.0190555843517135,False,1720
1722,2026-09-28,002870,2.0188300336698868,False,1721
1723,2026-09-28,688212,2.0172760356970589,False,1722
1724,2026-09-28,002023,2.0138971950524569,False,1723
1725,2026-09-28,605289,2.0125601953380654,False,1724
1726,2026-09-28,600875,2.0122018630097003,False,1725
1727,2026-09-28,300234,2.011628677953095,False,1726
1728,2026-09-28,301321,2.011136162573782,False,1727
1729,2026-09-28,601799,2.0108844150534058,False,1728
1730,2026-09-28,688631,2.0091873863194447,False,1729
1731,2026-09-28,605055,2.0067781974549845,False,1730
1732,2026-09-28,002889,2.0061062033646611,False,1731
1733,2026-09-28,000755,2.0059306856645351,False,1732
1734,2026-09-28,600713,2.0045529247222471,False,1733
1735,2026-09-28,002478,2.0000435393083587,False,1734
1736,2026-09-28,603599,1.9995701474732261,False,1735
1737,2026-09-28,600803,1.9994997537942385,False,1736
1738,2026-09-28,000930,1.99751875592621,False,1737
1739,2026-09-28,002196,1.9962746135274889,False,1738
1740,2026-09-28,301102,1.9902063828173011,False,1739
1741,2026-09-28,601608,1.9900838614960665,False,1740
1742,2026-09-28,300141,1.9895431026749453,False,1741
1743,2026-09-28,000555,1.9843233125017545,False,1742
1744,2026-09-28,002883,1.982141804040638,False,1743
1745,2026-09-28,601956,1.980286194591538,False,1744
1746,2026-09-28,300907,1.9793131856869222,False,1745
1747,2026-09-28,688316,1.9775039240005712,False,1746
1748,2026-09-28,002030,1.9769511871247334,False,1747
1749,2026-09-28,300596,1.9766092470195695,False,1748
1750,2026-09-28,301667,1.9725251253196934,False,1749
1751,2026-09-28,002345,1.97222191949156,False,1750
1752,2026-09-28,002515,1.9720772131941371,False,1751
1753,2026-09-28,301076,1.9719816714344438,False,1752
1754,2026-09-28,603995,1.9707764038526898,False,1753
1755,2026-09-28,600475,1.9701247949835317,False,1754
1756,2026-09-28,002324,1.9695035396664284,False,1755
1757,2026-09-28,001213,1.9690718450843838,False,1756
1758,2026-09-28,300456,1.9671162303137941,False,1757
1759,2026-09-28,002737,1.9654995174295877,False,1758
1760,2026-09-28,300491,1.9626970137889832,False,1759
1761,2026-09-28,300985,1.9601782318587198,False,1760
1762,2026-09-28,300476,1.9480856742195649,False,1761
1763,2026-09-28,000796,1.9480583128707432,False,1762
1764,2026-09-28,688612,1.9454457492609805,False,1763
1765,2026-09-28,688449,1.9420562648417929,False,1764
1766,2026-09-28,300042,1.9398512232597707,False,1765
1767,2026-09-28,300946,1.9389250661972119,False,1766
1768,2026-09-28,603970,1.938865744952281,False,1767
1769,2026-09-28,301050,1.9378477667887566,False,1768
1770,2026-09-28,600299,1.9376439443634068,False,1769
1771,2026-09-28,300848,1.9366405519864061,False,1770
1772,2026-09-28,603660,1.9355142059155561,False,1771
1773,2026-09-28,600900,1.9351631678282053,False,1772
1774,2026-09-28,300254,1.932002033657708,False,1773
1775,2026-09-28,000681,1.9307912153129692,False,1774
1776,2026-09-28,603439,1.930261491308159,False,1775
1777,2026-09-28,000692,1.9299232076558794,False,1776
1778,2026-09-28,600916,1.9272392269857619,False,1777
1779,2026-09-28,000818,1.9242871203710228,False,1778
1780,2026-09-28,002154,1.9224830447194541,False,1779
1781,2026-09-28,301210,1.9223255241359529,False,1780
1782,2026-09-28,601000,1.9208301284019249,False,1781
1783,2026-09-28,002884,1.9207632341887435,False,1782
1784,2026-09-28,300294,1.9204013729167073,False,1783
1785,2026-09-28,002202,1.9189372813014862,False,1784
1786,2026-09-28,300078,1.9186239956114388,False,1785
1787,2026-09-28,688387,1.9183554794281679,False,1786
1788,2026-09-28,002274,1.9175081856567999,False,1787
1789,2026-09-28,300820,1.9163552936990778,False,1788
1790,2026-09-28,600676,1.9160066826475035,False,1789
1791,2026-09-28,603387,1.9134137820979564,False,1790
1792,2026-09-28,600025,1.9130716184076144,False,1791
1793,2026-09-28,002666,1.9129849878810785,False,1792
1794,2026-09-28,002585,1.9129596401435924,False,1793
1795,2026-09-28,002248,1.9128948743565042,False,1794
1796,2026-09-28,002649,1.911561004963839,False,1795
1797,2026-09-28,002321,1.9066527080331623,False,1796
1798,2026-09-28,688357,1.9047449002322185,False,1797
1799,2026-09-28,000568,1.9025630130910618,False,1798
1800,2026-09-28,300278,1.9004678160367741,False,1799
1801,2026-09-28,000965,1.9003069016802292,False,1800
1802,2026-09-28,002818,1.9002955336785252,False,1801
1803,2026-09-28,605507,1.8990280196860376,False,1802
1804,2026-09-28,600848,1.8987241521405647,False,1803
1805,2026-09-28,002151,1.8981512018679516,False,1804
1806,2026-09-28,002402,1.8976142176555129,False,1805
1807,2026-09-28,300610,1.8967447112193705,False,1806
1808,2026-09-28,688455,1.8959067592689061,False,1807
1809,2026-09-28,002177,1.8958408982514516,False,1808
1810,2026-09-28,300004,1.8936553334348121,False,1809
1811,2026-09-28,603335,1.8928263829194192,False,1810
1812,2026-09-28,300027,1.8916607758544854,False,1811
1813,2026-09-28,301013,1.8900778380426089,False,1812
1814,2026-09-28,000715,1.8899916693061076,False,1813
1815,2026-09-28,300193,1.8871028045999534,False,1814
1816,2026-09-28,688420,1.8790230749669812,False,1815
1817,2026-09-28,603656,1.8789894961828453,False,1816
1818,2026-09-28,605118,1.8784405141302902,False,1817
1819,2026-09-28,600435,1.8783995664276141,False,1818
1820,2026-09-28,688505,1.8766710580994035,False,1819
1821,2026-09-28,300340,1.8760520035268109,False,1820
1822,2026-09-28,301613,1.8670380188833589,False,1821
1823,2026-09-28,688562,1.8658949361597688,False,1822
1824,2026-09-28,603111,1.8648008660473554,False,1823
1825,2026-09-28,300902,1.8645138950410398,False,1824
1826,2026-09-28,301060,1.8624860546404178,False,1825
1827,2026-09-28,300695,1.8608154460297546,False,1826
1828,2026-09-28,603126,1.8566882462198069,False,1827
1829,2026-09-28,000410,1.8556724720767293,False,1828
1830,2026-09-28,002760,1.8526049049409394,False,1829
1831,2026-09-28,300043,1.8523781909412298,False,1830
1832,2026-09-28,300957,1.8489427876185296,False,1831
1833,2026-09-28,300891,1.8461488972401314,False,1832
1834,2026-09-28,301173,1.8446126523970152,False,1833
1835,2026-09-28,300410,1.8405633124699206,False,1834
1836,2026-09-28,603324,1.8386537258539462,False,1835
1837,2026-09-28,000036,1.8366591978940259,False,1836
1838,2026-09-28,603956,1.8339040423413673,False,1837
1839,2026-09-28,002400,1.8326059960234902,False,1838
1840,2026-09-28,000830,1.8311407690996997,False,1839
1841,2026-09-28,688018,1.8260285240257705,False,1840
1842,2026-09-28,002985,1.8210866811808897,False,1841
1843,2026-09-28,300452,1.8185034347871465,False,1842
1844,2026-09-28,603789,1.8166099419528501,False,1843
1845,2026-09-28,002662,1.814931665103491,False,1844
1846,2026-09-28,688558,1.8142816809183597,False,1845
1847,2026-09-28,600125,1.812660689411004,False,1846
1848,2026-09-28,605090,1.8117214189265725,False,1847
1849,2026-09-28,300670,1.8113131151380866,False,1848
1850,2026-09-28,600328,1.8057956397032939,False,1849
1851,2026-09-28,301329,1.804977753269051,False,1850
1852,2026-09-28,300613,1.8027000274476368,False,1851
1853,2026-09-28,600444,1.8014623384975996,False,1852
1854,2026-09-28,002521,1.8002453953943989,False,1853
1855,2026-09-28,603790,1.7998614890640223,False,1854
1856,2026-09-28,301067,1.7994737770854774,False,1855
1857,2026-09-28,002028,1.7980805945403979,False,1856
1858,2026-09-28,688418,1.7976352445967587,False,1857
1859,2026-09-28,688109,1.7971782884300889,False,1858
1860,2026-09-28,301239,1.7967788951695467,False,1859
1861,2026-09-28,603515,1.7938618248801772,False,1860
1862,2026-09-28,688076,1.792939688631642,False,1861
1863,2026-09-28,000301,1.7925435177377516,False,1862
1864,2026-09-28,000545,1.7915983159164917,False,1863
1865,2026-09-28,002419,1.7895378478443531,False,1864
1866,2026-09-28,300341,1.7860928492069139,False,1865
1867,2026-09-28,600188,1.7848534405564753,False,1866
1868,2026-09-28,000597,1.784447218979015,False,1867
1869,2026-09-28,603839,1.7821286154102833,False,1868
1870,2026-09-28,603566,1.78108757024994,False,1869
1871,2026-09-28,603709,1.7777901742586333,False,1870
1872,2026-09-28,688368,1.7769817014313434,False,1871
1873,2026-09-28,600861,1.7766555307060283,False,1872
1874,2026-09-28,003035,1.7733645454561471,False,1873
1875,2026-09-28,600195,1.7695951270717187,False,1874
1876,2026-09-28,603130,1.7646292783656841,False,1875
1877,2026-09-28,000726,1.7617289126994917,False,1876
1878,2026-09-28,002528,1.7610583316583777,False,1877
1879,2026-09-28,600805,1.7607001078874056,False,1878
1880,2026-09-28,002530,1.756028983910388,False,1879
1881,2026-09-28,002933,1.754406867824005,False,1880
1882,2026-09-28,688183,1.7543146659490201,False,1881
1883,2026-09-28,603528,1.7529999218469485,False,1882
1884,2026-09-28,002086,1.7511399304013606,False,1883
1885,2026-09-28,300976,1.7502373165468395,False,1884
1886,2026-09-28,300533,1.7498826536836614,False,1885
1887,2026-09-28,300445,1.7497361473976902,False,1886
1888,2026-09-28,600716,1.7474481429640949,False,1887
1889,2026-09-28,603310,1.7467551812553177,False,1888
1890,2026-09-28,301499,1.7432653423764632,False,1889
1891,2026-09-28,002344,1.7407304223581503,False,1890
1892,2026-09-28,600666,1.7375754715416005,False,1891
1893,2026-09-28,688347,1.7359826339509059,False,1892
1894,2026-09-28,603186,1.7358643529460323,False,1893
1895,2026-09-28,605287,1.7319270948030798,False,1894
1896,2026-09-28,600926,1.7303487830235176,False,1895
1897,2026-09-28,601139,1.7289135268090789,False,1896
1898,2026-09-28,000757,1.7255866856135511,False,1897
1899,2026-09-28,002054,1.7242186837232687,False,1898
1900,2026-09-28,002687,1.7233711678753363,False,1899
1901,2026-09-28,002011,1.7229285182816683,False,1900
1902,2026-09-28,300396,1.7216188609376948,False,1901
1903,2026-09-28,002284,1.7187595507054922,False,1902
1904,2026-09-28,300790,1.7184283905516555,False,1903
1905,2026-09-28,002835,1.7179714859790298,False,1904
1906,2026-09-28,301048,1.7177850567962789,False,1905
1907,2026-09-28,603185,1.7168761554217729,False,1906
1908,2026-09-28,603201,1.7166754474859376,False,1907
1909,2026-09-28,601808,1.7099660501927962,False,1908
1910,2026-09-28,688038,1.706422360214459,False,1909
1911,2026-09-28,688345,1.7062849985532542,False,1910
1912,2026-09-28,688737,1.7049883615707553,False,1911
1913,2026-09-28,688102,1.7030022500536146,False,1912
1914,2026-09-28,300927,1.70173371012678,False,1913
1915,2026-09-28,301235,1.6997114878648409,False,1914
1916,2026-09-28,603063,1.6995188128894239,False,1915
1917,2026-09-28,600787,1.6989193513228646,False,1916
1918,2026-09-28,600736,1.6981050336804735,False,1917
1919,2026-09-28,000636,1.6962176668790123,False,1918
1920,2026-09-28,002350,1.6954003255213816,False,1919
1921,2026-09-28,000609,1.6952768022841278,False,1920
1922,2026-09-28,301211,1.6947323731297699,False,1921
1923,2026-09-28,300434,1.6931091933220477,False,1922
1924,2026-09-28,603617,1.6893162726564999,False,1923
1925,2026-09-28,603062,1.6816100971426824,False,1924
1926,2026-09-28,600269,1.676801128342766,False,1925
1927,2026-09-28,600338,1.6716581340848822,False,1926
1928,2026-09-28,000426,1.6702645381510561,False,1927
1929,2026-09-28,601019,1.6700714168401611,False,1928
1930,2026-09-28,301268,1.6660840056408421,False,1929
1931,2026-09-28,000050,1.6647684850110922,False,1930
1932,2026-09-28,002421,1.6647615622921101,False,1931
1933,2026-09-28,301596,1.6620169430822891,False,1932
1934,2026-09-28,001328,1.6614151803392248,False,1933
1935,2026-09-28,600637,1.6604395503150706,False,1934
1936,2026-09-28,688382,1.6599653128103802,False,1935
1937,2026-09-28,688162,1.6583038601459781,False,1936
1938,2026-09-28,300359,1.6574112140203621,False,1937
1939,2026-09-28,600497,1.6539246994392764,False,1938
1940,2026-09-28,001300,1.6524952141361524,False,1939
1941,2026-09-28,603727,1.6505745426322178,False,1940
1942,2026-09-28,002388,1.6476114020346728,False,1941
1943,2026-09-28,600724,1.6459986742172323,False,1942
1944,2026-09-28,600110,1.6441020167907365,False,1943
1945,2026-09-28,603655,1.6436296659903118,False,1944
1946,2026-09-28,002796,1.6424762089903715,False,1945
1947,2026-09-28,002052,1.6396552196824214,False,1946
1948,2026-09-28,688071,1.6390698085309832,False,1947
1949,2026-09-28,301558,1.6387692200699169,False,1948
1950,2026-09-28,002557,1.6387021790032716,False,1949
1951,2026-09-28,600818,1.6364330321182585,False,1950
1952,2026-09-28,002713,1.6358319735914923,False,1951
1953,2026-09-28,003008,1.6354905773307982,False,1952
1954,2026-09-28,300509,1.6354893441180622,False,1953
1955,2026-09-28,688158,1.6343153093758667,False,1954
1956,2026-09-28,600425,1.6334448626488509,False,1955
1957,2026-09-28,002655,1.63257913953362,False,1956
1958,2026-09-28,688403,1.6306773130961014,False,1957
1959,2026-09-28,000919,1.629597074596878,False,1958
1960,2026-09-28,603977,1.6290482793598557,False,1959
1961,2026-09-28,605099,1.6197308880765959,False,1960
1962,2026-09-28,002407,1.618304137421583,False,1961
1963,2026-09-28,002420,1.6101867629399798,False,1962
1964,2026-09-28,600966,1.6092976326932746,False,1963
1965,2026-09-28,002330,1.6074343111777449,False,1964
1966,2026-09-28,002616,1.6052549074076916,False,1965
1967,2026-09-28,688081,1.6049234185789938,False,1966
1968,2026-09-28,603928,1.6039077198315579,False,1967
1969,2026-09-28,300092,1.5984075258362065,False,1968
1970,2026-09-28,002612,1.5915377534746684,False,1969
1971,2026-09-28,600718,1.5899558397313913,False,1970
1972,2026-09-28,688595,1.5890026209845169,False,1971
1973,2026-09-28,000869,1.5888073873447508,False,1972
1974,2026-09-28,603272,1.5886882466763947,False,1973
1975,2026-09-28,002824,1.5868865386832884,False,1974
1976,2026-09-28,688619,1.5849743690905136,False,1975
1977,2026-09-28,600455,1.5817229069738881,False,1976
1978,2026-09-28,603912,1.5789439506901568,False,1977
1979,2026-09-28,600446,1.5785542201701062,False,1978
1980,2026-09-28,300249,1.5767894095070949,False,1979
1981,2026-09-28,300239,1.5757057866972564,False,1980
1982,2026-09-28,000697,1.5747846732757196,False,1981
1983,2026-09-28,000338,1.5690681353485225,False,1982
1984,2026-09-28,688302,1.5690123260801538,False,1983
1985,2026-09-28,603929,1.5685744264287589,False,1984
1986,2026-09-28,000403,1.5675966347582531,False,1985
1987,2026-09-28,605169,1.5565465033176542,False,1986
1988,2026-09-28,300218,1.5560766166776578,False,1987
1989,2026-09-28,601288,1.5489110731939804,False,1988
1990,2026-09-28,603683,1.5459407824988356,False,1989
1991,2026-09-28,601333,1.5455827599857215,False,1990
1992,2026-09-28,300402,1.5444009936517018,False,1991
1993,2026-09-28,600141,1.5413362537328839,False,1992
1994,2026-09-28,000762,1.5395444365692783,False,1993
1995,2026-09-28,301563,1.5383058377870409,False,1994
1996,2026-09-28,002529,1.5356704939089472,False,1995
1997,2026-09-28,600536,1.5354141452389416,False,1996
1998,2026-09-28,601326,1.5326726724658843,False,1997
1999,2026-09-28,601919,1.5312374914275442,False,1998
2000,2026-09-28,300274,1.5295715292475136,False,1999
2001,2026-09-28,002315,1.529330601022443,False,2000
2002,2026-09-28,688787,1.5275525214120238,False,2001
2003,2026-09-28,600262,1.5272697840193652,False,2002
2004,2026-09-28,002026,1.5246164044704231,False,2003
2005,2026-09-28,300248,1.5228386234649132,False,2004
2006,2026-09-28,002163,1.5204057076996031,False,2005
2007,2026-09-28,300148,1.5201912935379061,False,2006
2008,2026-09-28,603009,1.5199612857728191,False,2007
2009,2026-09-28,600819,1.5167641739892199,False,2008
2010,2026-09-28,605116,1.5143882319427098,False,2009
2011,2026-09-28,603587,1.5139556428328378,False,2010
2012,2026-09-28,002282,1.5109120905062072,False,2011
2013,2026-09-28,300897,1.5089942001349086,False,2012
2014,2026-09-28,605338,1.5069551273041726,False,2013
2015,2026-09-28,300617,1.5063207512429475,False,2014
2016,2026-09-28,605599,1.5052084696358965,False,2015
2017,2026-09-28,002006,1.5040299801446915,False,2016
2018,2026-09-28,002992,1.5032903747788062,False,2017
2019,2026-09-28,300555,1.5002364324902766,False,2018
2020,2026-09-28,002305,1.4996199501027403,False,2019
2021,2026-09-28,603366,1.4987324107327369,False,2020
2022,2026-09-28,603983,1.4963671366733564,False,2021
2023,2026-09-28,603299,1.4947297075950265,False,2022
2024,2026-09-28,002069,1.4913666087767705,False,2023
2025,2026-09-28,001391,1.4896932494052684,False,2024
2026,2026-09-28,301668,1.4882307246456601,False,2025
2027,2026-09-28,300735,1.4872842815903815,False,2026
2028,2026-09-28,001313,1.4868306701114085,False,2027
2029,2026-09-28,000959,1.485232043822267,False,2028
2030,2026-09-28,601816,1.485145573579211,False,2029
2031,2026-09-28,688772,1.4837635048880959,False,2030
2032,2026-09-28,000419,1.4813485957677224,False,2031
2033,2026-09-28,301251,1.4789435548202881,False,2032
2034,2026-09-28,603239,1.478851477947313,False,2033
2035,2026-09-28,002021,1.4749006724718563,False,2034
2036,2026-09-28,605016,1.4733948418031422,False,2035
2037,2026-09-28,688676,1.4728007083582002,False,2036
2038,2026-09-28,688032,1.4725501310809375,False,2037
2039,2026-09-28,603337,1.4678387829553294,False,2038
2040,2026-09-28,601857,1.466663313741384,False,2039
2041,2026-09-28,300019,1.4649680861792478,False,2040
2042,2026-09-28,600973,1.4638913748329658,False,2041
2043,2026-09-28,600057,1.4618843819533174,False,2042
2044,2026-09-28,603712,1.4584796406515212,False,2043
2045,2026-09-28,688314,1.4573968702415017,False,2044
2046,2026-09-28,300348,1.4531197063947874,False,2045
2047,2026-09-28,601111,1.4487984324315717,False,2046
2048,2026-09-28,301135,1.4487773024897073,False,2047
2049,2026-09-28,600684,1.4470015268194345,False,2048
2050,2026-09-28,300868,1.4457576126657217,False,2049
2051,2026-09-28,000557,1.4450333369286681,False,2050
2052,2026-09-28,600080,1.4417200185971653,False,2051
2053,2026-09-28,603505,1.4414990577124758,False,2052
2054,2026-09-28,300856,1.4393659591828225,False,2053
2055,2026-09-28,603477,1.4387378729270095,False,2054
2056,2026-09-28,001239,1.4382274526482286,False,2055
2057,2026-09-28,603618,1.4368681746291168,False,2056
2058,2026-09-28,301508,1.4363380197035158,False,2057
2059,2026-09-28,603125,1.4336008434442382,False,2058
2060,2026-09-28,603511,1.4333108710563747,False,2059
2061,2026-09-28,002718,1.4321033638654368,False,2060
2062,2026-09-28,002927,1.4320854795416669,False,2061
2063,2026-09-28,300628,1.4314227545693861,False,2062
2064,2026-09-28,603786,1.428426619519533,False,2063
2065,2026-09-28,601186,1.4274785623944475,False,2064
2066,2026-09-28,300523,1.4254267643792617,False,2065
2067,2026-09-28,603578,1.4246544425285474,False,2066
2068,2026-09-28,301248,1.4241678420213191,False,2067
2069,2026-09-28,300674,1.4237723223558798,False,2068
2070,2026-09-28,605365,1.4232730555328574,False,2069
2071,2026-09-28,000668,1.4212750171328796,False,2070
2072,2026-09-28,000423,1.4196023120293133,False,2071
2073,2026-09-28,000617,1.4163397334196621,False,2072
2074,2026-09-28,002829,1.4146795313222209,False,2073
2075,2026-09-28,000572,1.4131716941601606,False,2074
2076,2026-09-28,603151,1.4127800744924133,False,2075
2077,2026-09-28,002287,1.4125310821326758,False,2076
2078,2026-09-28,601702,1.4105677915574655,False,2077
2079,2026-09-28,603195,1.4090053803403095,False,2078
2080,2026-09-28,300651,1.4084231803926126,False,2079
2081,2026-09-28,300411,1.4083706981431829,False,2080
2082,2026-09-28,300890,1.4057177385771737,False,2081
2083,2026-09-28,002842,1.4047287912209465,False,2082
2084,2026-09-28,300331,1.4043947872732465,False,2083
2085,2026-09-28,003041,1.402882922312821,False,2084
2086,2026-09-28,300459,1.4025164424212595,False,2085
2087,2026-09-28,603173,1.4006848328899411,False,2086
2088,2026-09-28,002454,1.4004760137167809,False,2087
2089,2026-09-28,301179,1.3971430115108299,False,2088
2090,2026-09-28,002739,1.3963216292672886,False,2089
2091,2026-09-28,300692,1.3942344952197074,False,2090
2092,2026-09-28,300559,1.3940048882965888,False,2091
2093,2026-09-28,001279,1.393530800781259,False,2092
2094,2026-09-28,002701,1.3932694707631987,False,2093
2095,2026-09-28,300233,1.3910178334647765,False,2094
2096,2026-09-28,301153,1.3906579126185528,False,2095
2097,2026-09-28,600117,1.3905725906657704,False,2096
2098,2026-09-28,300855,1.3889226561141417,False,2097
2099,2026-09-28,002801,1.386374323806395,False,2098
2100,2026-09-28,301128,1.3859846049688365,False,2099
2101,2026-09-28,000989,1.3855299390590998,False,2100
2102,2026-09-28,605066,1.3850501795947601,False,2101
2103,2026-09-28,300127,1.3845198467326074,False,2102
2104,2026-09-28,603363,1.3845084184258889,False,2103
2105,2026-09-28,600019,1.3831124486706539,False,2104
2106,2026-09-28,300471,1.3821769667701678,False,2105
2107,2026-09-28,300639,1.3813295297087544,False,2106
2108,2026-09-28,301439,1.3810247557328097,False,2107
2109,2026-09-28,600712,1.3749184647893984,False,2108
2110,2026-09-28,601222,1.3746461124931404,False,2109
2111,2026-09-28,601588,1.3739994766831469,False,2110
2112,2026-09-28,601628,1.3689116465190756,False,2111
2113,2026-09-28,001287,1.3680995365874666,False,2112
2114,2026-09-28,002098,1.3680945857857099,False,2113
2115,2026-09-28,605298,1.3667104801016059,False,2114
2116,2026-09-28,002292,1.3595887213596858,False,2115
2117,2026-09-28,600817,1.3594463230358453,False,2116
2118,2026-09-28,600773,1.3592161912153271,False,2117
2119,2026-09-28,603005,1.3587795540231966,False,2118
2120,2026-09-28,603355,1.3569328352218311,False,2119
2121,2026-09-28,603237,1.3566471963806528,False,2120
2122,2026-09-28,605060,1.3559249845077579,False,2121
2123,2026-09-28,000969,1.3540639248865145,False,2122
2124,2026-09-28,603931,1.3516188686316621,False,2123
2125,2026-09-28,300519,1.3505752965537097,False,2124
2126,2026-09-28,002356,1.3489952294199186,False,2125
2127,2026-09-28,002117,1.3489643549675265,False,2126
2128,2026-09-28,600017,1.3475280813030301,False,2127
2129,2026-09-28,600015,1.3452552105751518,False,2128
2130,2026-09-28,688685,1.340406430764824,False,2129
2131,2026-09-28,605555,1.3402894943960337,False,2130
2132,2026-09-28,300105,1.3384279094459339,False,2131
2133,2026-09-28,600479,1.3369820136012611,False,2132
2134,2026-09-28,300455,1.3367328367539599,False,2133
2135,2026-09-28,300550,1.3360503725624553,False,2134
2136,2026-09-28,002047,1.3354712363414123,False,2135
2137,2026-09-28,300257,1.3331847209002323,False,2136
2138,2026-09-28,605008,1.3325373625526327,False,2137
2139,2026-09-28,000650,1.3309568307459341,False,2138
2140,2026-09-28,603309,1.3269304467028897,False,2139
2141,2026-09-28,601298,1.3265370491482769,False,2140
2142,2026-09-28,600570,1.3257297862611181,False,2141
2143,2026-09-28,300180,1.3211776825149075,False,2142
2144,2026-09-28,603262,1.3206443618018286,False,2143
2145,2026-09-28,002066,1.3191310736409483,False,2144
2146,2026-09-28,603206,1.3171051191896124,False,2145
2147,2026-09-28,300492,1.3161106129692719,False,2146
2148,2026-09-28,603568,1.3160932191672068,False,2147
2149,2026-09-28,300393,1.3131873408005701,False,2148
2150,2026-09-28,000620,1.3113818652448381,False,2149
2151,2026-09-28,688116,1.3107750670433911,False,2150
2152,2026-09-28,002266,1.3106791345504845,False,2151
2153,2026-09-28,000089,1.3105485795346399,False,2152
2154,2026-09-28,002221,1.3096348950557015,False,2153
2155,2026-09-28,600550,1.3089551250778328,False,2154
2156,2026-09-28,601992,1.3063336275742123,False,2155
2157,2026-09-28,688055,1.3059340398965853,False,2156
2158,2026-09-28,603992,1.3058860715667864,False,2157
2159,2026-09-28,600959,1.3049167716216719,False,2158
2160,2026-09-28,002811,1.3017325239099038,False,2159
2161,2026-09-28,002136,1.2990013528652724,False,2160
2162,2026-09-28,301381,1.2964879350320506,False,2161
2163,2026-09-28,000828,1.2963680484546314,False,2162
2164,2026-09-28,000065,1.2950584604377884,False,2163
2165,2026-09-28,002847,1.2936529611809251,False,2164
2166,2026-09-28,300246,1.2932217218035715,False,2165
2167,2026-09-28,301252,1.2904963721597333,False,2166
2168,2026-09-28,000567,1.289375616646312,False,2167
2169,2026-09-28,001269,1.2875452868528856,False,2168
2170,2026-09-28,300797,1.2833624547731033,False,2169
2171,2026-09-28,688017,1.2823080193861176,False,2170
2172,2026-09-28,301361,1.2823004098390003,False,2171
2173,2026-09-28,600066,1.2804475473724235,False,2172
2174,2026-09-28,688687,1.280124415527087,False,2173
2175,2026-09-28,600331,1.2793094576955697,False,2174
2176,2026-09-28,688334,1.279159111054172,False,2175
2177,2026-09-28,688576,1.2785837656694143,False,2176
2178,2026-09-28,601677,1.2778664827089785,False,2177
2179,2026-09-28,301077,1.2768526680195644,False,2178
2180,2026-09-28,600575,1.275241340432584,False,2179
2181,2026-09-28,002850,1.270341804593782,False,2180
2182,2026-09-28,603936,1.2695977746377261,False,2181
2183,2026-09-28,002928,1.2681169149369658,False,2182
2184,2026-09-28,301306,1.2674508488882492,False,2183
2185,2026-09-28,301353,1.2665533272971916,False,2184
2186,2026-09-28,603520,1.2659398867566836,False,2185
2187,2026-09-28,603489,1.2653178365370814,False,2186
2188,2026-09-28,300883,1.2632406205239217,False,2187
2189,2026-09-28,301552,1.2607905177817071,False,2188
2190,2026-09-28,300255,1.2605935196758336,False,2189
2191,2026-09-28,000156,1.2587104871156143,False,2190
2192,2026-09-28,000977,1.2538764841810077,False,2191
2193,2026-09-28,300051,1.2526289585270267,False,2192
2194,2026-09-28,600938,1.2460552621408842,False,2193
2195,2026-09-28,002663,1.2431770048803608,False,2194
2196,2026-09-28,603380,1.2416401276710645,False,2195
2197,2026-09-28,000565,1.2415230717670429,False,2196
2198,2026-09-28,000833,1.2388161926761367,False,2197
2199,2026-09-28,603993,1.238284949516862,False,2198
2200,2026-09-28,688198,1.2366265970055212,False,2199
2201,2026-09-28,301510,1.2359157059412542,False,2200
2202,2026-09-28,002577,1.2348869886091869,False,2201
2203,2026-09-28,300831,1.2308507191845355,False,2202
2204,2026-09-28,600753,1.2308159080529775,False,2203
2205,2026-09-28,601006,1.2207152427403598,False,2204
2206,2026-09-28,600963,1.2193680508021933,False,2205
2207,2026-09-28,603997,1.2193394953661509,False,2206
2208,2026-09-28,603856,1.2190619756806851,False,2207
2209,2026-09-28,600352,1.2170676541156871,False,2208
2210,2026-09-28,300220,1.2167488295049544,False,2209
2211,2026-09-28,601668,1.2166483571633684,False,2210
2212,2026-09-28,600827,1.2164576047641793,False,2211
2213,2026-09-28,002423,1.2115932359717489,False,2212
2214,2026-09-28,300449,1.210546138381734,False,2213
2215,2026-09-28,300326,1.2087238216849969,False,2214
2216,2026-09-28,002488,1.2052790106018105,False,2215
2217,2026-09-28,001222,1.204544140656048,False,2216
2218,2026-09-28,000538,1.2031166984455992,False,2217
2219,2026-09-28,300542,1.1994217970628527,False,2218
2220,2026-09-28,002496,1.1976575471274584,False,2219
2221,2026-09-28,688237,1.197267044723048,False,2220
2222,2026-09-28,301033,1.197085183406017,False,2221
2223,2026-09-28,600715,1.1929741814525654,False,2222
2224,2026-09-28,300351,1.1919021730333219,False,2223
2225,2026-09-28,000039,1.1900727919873972,False,2224
2226,2026-09-28,001228,1.1886679540148268,False,2225
2227,2026-09-28,603070,1.1881164704868112,False,2226
2228,2026-09-28,300814,1.1861058187362141,False,2227
2229,2026-09-28,001206,1.1856099627384347,False,2228
2230,2026-09-28,688757,1.1850944248074406,False,2229
2231,2026-09-28,300091,1.1834638626052052,False,2230
2232,2026-09-28,000782,1.1817461291749023,False,2231
2233,2026-09-28,600106,1.180843824348651,False,2232
2234,2026-09-28,688278,1.1790837994208045,False,2233
2235,2026-09-28,300750,1.1778151401953294,False,2234
2236,2026-09-28,603828,1.1763603733062382,False,2235
2237,2026-09-28,301535,1.1760095948310552,False,2236
2238,2026-09-28,603999,1.1729139972192688,False,2237
2239,2026-09-28,301199,1.1727084526684741,False,2238
2240,2026-09-28,600537,1.1706755990829096,False,2239
2241,2026-09-28,002479,1.1695484633134856,False,2240
2242,2026-09-28,603007,1.166733240654807,False,2241
2243,2026-09-28,301198,1.1664244092620142,False,2242
2244,2026-09-28,301630,1.166252481079777,False,2243
2245,2026-09-28,601077,1.161953315677291,False,2244
2246,2026-09-28,300122,1.1615954819221672,False,2245
2247,2026-09-28,688395,1.1606103260555991,False,2246
2248,2026-09-28,300111,1.1592770864269166,False,2247
2249,2026-09-28,300025,1.1577745109952651,False,2248
2250,2026-09-28,600278,1.1577040513273107,False,2249
2251,2026-09-28,002009,1.1568038514665209,False,2250
2252,2026-09-28,300582,1.1525999706789372,False,2251
2253,2026-09-28,603367,1.1481679827476601,False,2252
2254,2026-09-28,002920,1.1477893864192614,False,2253
2255,2026-09-28,001205,1.1472293263439317,False,2254
2256,2026-09-28,301177,1.14425580544844,False,2255
2257,2026-09-28,300601,1.1417404947673724,False,2256
2258,2026-09-28,600256,1.1415378876936888,False,2257
2259,2026-09-28,002906,1.1385993409553239,False,2258
2260,2026-09-28,002414,1.1377879400520134,False,2259
2261,2026-09-28,000514,1.1372521600544663,False,2260
2262,2026-09-28,688047,1.1343297151041587,False,2261
2263,2026-09-28,002591,1.1325769739356579,False,2262
2264,2026-09-28,600597,1.1315508495425726,False,2263
2265,2026-09-28,300503,1.1298105467089663,False,2264
2266,2026-09-28,600281,1.1294415710832726,False,2265
2267,2026-09-28,600153,1.1268980132529496,False,2266
2268,2026-09-28,601665,1.1247350279717199,False,2267
2269,2026-09-28,600576,1.124237720659818,False,2268
2270,2026-09-28,688818,1.1232618250288404,False,2269
2271,2026-09-28,002749,1.1210572267339454,False,2270
2272,2026-09-28,300130,1.1196557886364309,False,2271
2273,2026-09-28,603707,1.1191989530045514,False,2272
2274,2026-09-28,601766,1.1185854099916868,False,2273
2275,2026-09-28,002353,1.1061138804330881,False,2274
2276,2026-09-28,600658,1.1039826071678898,False,2275
2277,2026-09-28,600566,1.0998678589412987,False,2276
2278,2026-09-28,300800,1.0996977625058419,False,2277
2279,2026-09-28,688522,1.0993705805557283,False,2278
2280,2026-09-28,300425,1.0977306967022282,False,2279
2281,2026-09-28,002269,1.0943267076029954,False,2280
2282,2026-09-28,001396,1.0938319037112163,False,2281
2283,2026-09-28,600988,1.0937290870511887,False,2282
2284,2026-09-28,600099,1.0897081423724981,False,2283
2285,2026-09-28,000422,1.0878075879659503,False,2284
2286,2026-09-28,300022,1.0876820602793926,False,2285
2287,2026-09-28,301202,1.0871236499602577,False,2286
2288,2026-09-28,600246,1.0863072938590292,False,2287
2289,2026-09-28,300432,1.0841497888893619,False,2288
2290,2026-09-28,002975,1.0839124602526402,False,2289
2291,2026-09-28,000877,1.0823862474020183,False,2290
2292,2026-09-28,002483,1.0798297829162289,False,2291
2293,2026-09-28,600668,1.0796575305252181,False,2292
2294,2026-09-28,603855,1.0787965604779386,False,2293
2295,2026-09-28,300595,1.0786796958738816,False,2294
2296,2026-09-28,002322,1.0776835870430777,False,2295
2297,2026-09-28,600169,1.0746285618590425,False,2296
2298,2026-09-28,600809,1.0735564997566014,False,2297
2299,2026-09-28,603196,1.0695165305764556,False,2298
2300,2026-09-28,301002,1.0667420446950637,False,2299
2301,2026-09-28,000736,1.0632311576418185,False,2300
2302,2026-09-28,301421,1.0631864308723729,False,2301
2303,2026-09-28,601865,1.0613322192987564,False,2302
2304,2026-09-28,301618,1.0585314206626291,False,2303
2305,2026-09-28,300673,1.0561975119428053,False,2304
2306,2026-09-28,002991,1.053253205481449,False,2305
2307,2026-09-28,002929,1.053117636511683,False,2306
2308,2026-09-28,600162,1.0502374571304485,False,2307
2309,2026-09-28,603286,1.0497578604033178,False,2308
2310,2026-09-28,601398,1.0475876837027753,False,2309
2311,2026-09-28,300057,1.0446427323463352,False,2310
2312,2026-09-28,688386,1.0435451546057932,False,2311
2313,2026-09-28,688191,1.0416895943548863,False,2312
2314,2026-09-28,600527,1.0411692577633482,False,2313
2315,2026-09-28,300810,1.0408353301681594,False,2314
2316,2026-09-28,603416,1.039502014008483,False,2315
2317,2026-09-28,002201,1.0385291349868995,False,2316
2318,2026-09-28,601069,1.03770232530099,False,2317
2319,2026-09-28,002907,1.0375474549623753,False,2318
2320,2026-09-28,600662,1.035751846809901,False,2319
2321,2026-09-28,002007,1.0357155161373952,False,2320
2322,2026-09-28,002805,1.0346347924602208,False,2321
2323,2026-09-28,688586,1.0316546370026176,False,2322
2324,2026-09-28,601965,1.0311498301590745,False,2323
2325,2026-09-28,600866,1.0311009626115144,False,2324
2326,2026-09-28,605368,1.0310763496363489,False,2325
2327,2026-09-28,000848,1.0310122652171634,False,2326
2328,2026-09-28,300756,1.0308294301356677,False,2327
2329,2026-09-28,002255,1.0280194285508308,False,2328
2330,2026-09-28,300138,1.0220493187890005,False,2329
2331,2026-09-28,002372,1.0219352095546113,False,2330
2332,2026-09-28,000915,1.0198053096485222,False,2331
2333,2026-09-28,000598,1.0155531449369626,False,2332
2334,2026-09-28,603389,1.0145336668430238,False,2333
2335,2026-09-28,002654,1.0116903610920596,False,2334
2336,2026-09-28,300506,1.0090153529603028,False,2335
2337,2026-09-28,301222,1.0078767224179928,False,2336
2338,2026-09-28,002387,1.0055844849987408,False,2337
2339,2026-09-28,600261,1.0018359539401582,False,2338
2340,2026-09-28,600399,1.00142752974211,False,2339
2341,2026-09-28,603421,1.0007747428987142,False,2340
2342,2026-09-28,002448,0.99797542474913348,False,2341
2343,2026-09-28,688115,0.99706162800645082,False,2342
2344,2026-09-28,000717,0.99688145951438223,False,2343
2345,2026-09-28,000570,0.99562857336627353,False,2344
2346,2026-09-28,301626,0.99419917879780328,False,2345
2347,2026-09-28,600621,0.99418176303362427,False,2346
2348,2026-09-28,300235,0.99381959560527067,False,2347
2349,2026-09-28,002948,0.99283877929173969,False,2348
2350,2026-09-28,600377,0.9917355146863267,False,2349
2351,2026-09-28,301595,0.98703183765059266,False,2350
2352,2026-09-28,002697,0.98665797238124364,False,2351
2353,2026-09-28,600546,0.98609015656728838,False,2352
2354,2026-09-28,000677,0.98508359592599515,False,2353
2355,2026-09-28,603316,0.98399416237866977,False,2354
2356,2026-09-28,688033,0.98321061782425634,False,2355
2357,2026-09-28,300440,0.98178801937216953,False,2356
2358,2026-09-28,002217,0.9807203448720998,False,2357
2359,2026-09-28,600845,0.97949791619656312,False,2358
2360,2026-09-28,000672,0.97934836111889068,False,2359
2361,2026-09-28,301283,0.9774098977993817,False,2360
2362,2026-09-28,603156,0.97719946151520554,False,2361
2363,2026-09-28,603759,0.97681563794345916,False,2362
2364,2026-09-28,300120,0.976296188007447,False,2363
2365,2026-09-28,600754,0.97626957296059214,False,2364
2366,2026-09-28,002090,0.97228486863159569,False,2365
2367,2026-09-28,300406,0.97211169987513379,False,2366
2368,2026-09-28,603213,0.9704446364115773,False,2367
2369,2026-09-28,688096,0.96803473971601561,False,2368
2370,2026-09-28,688317,0.96515865247552846,False,2369
2371,2026-09-28,600987,0.96431248009106318,False,2370
2372,2026-09-28,300881,0.96365168091727416,False,2371
2373,2026-09-28,601336,0.96348301278191384,False,2372
2374,2026-09-28,001301,0.96240501941987666,False,2373
2375,2026-09-28,600129,0.96071490400532222,False,2374
2376,2026-09-28,601825,0.96071142720520952,False,2375
2377,2026-09-28,603991,0.96046585361296044,False,2376
2378,2026-09-28,688767,0.95990447736988216,False,2377
2379,2026-09-28,301528,0.95978566043285651,False,2378
2380,2026-09-28,688618,0.95897457950376097,False,2379
2381,2026-09-28,600157,0.9581941809164487,False,2380
2382,2026-09-28,688226,0.95816889404035832,False,2381
2383,2026-09-28,601009,0.95705043623249675,False,2382
2384,2026-09-28,688681,0.95661603574831444,False,2383
2385,2026-09-28,002251,0.95597406049033329,False,2384
2386,2026-09-28,600373,0.95503742208339526,False,2385
2387,2026-09-28,300590,0.953086977260857,False,2386
2388,2026-09-28,600998,0.95148974103741191,False,2387
2389,2026-09-28,688327,0.94909142417864878,False,2388
2390,2026-09-28,688039,0.94769986130449013,False,2389
2391,2026-09-28,001223,0.94337436359120619,False,2390
2392,2026-09-28,300514,0.94240463013477305,False,2391
2393,2026-09-28,002643,0.94088241589864019,False,2392
2394,2026-09-28,688050,0.94021619109834109,False,2393
2395,2026-09-28,002020,0.93968551684194801,False,2394
2396,2026-09-28,600252,0.93956738624675151,False,2395
2397,2026-09-28,688602,0.93803108496242571,False,2396
2398,2026-09-28,300915,0.93466138737186055,False,2397
2399,2026-09-28,601949,0.93157708582039445,False,2398
2400,2026-09-28,600361,0.93064002797746026,False,2399
2401,2026-09-28,001311,0.92789322820680731,False,2400
2402,2026-09-28,600751,0.92669823898873327,False,2401
2403,2026-09-28,002984,0.9262753086308595,False,2402
2404,2026-09-28,603615,0.92549617544867313,False,2403
2405,2026-09-28,300403,0.92542494106653583,False,2404
2406,2026-09-28,688508,0.91922376710378861,False,2405
2407,2026-09-28,000737,0.91611381841582573,False,2406
2408,2026-09-28,300699,0.91343566393226716,False,2407
2409,2026-09-28,300418,0.91178602347089421,False,2408
2410,2026-09-28,300671,0.91168043165207657,False,2409
2411,2026-09-28,300801,0.91053257262315768,False,2410
2412,2026-09-28,001217,0.90591177318034188,False,2411
2413,2026-09-28,300272,0.90459590741634388,False,2412
2414,2026-09-28,002351,0.90008700206413206,False,2413
2415,2026-09-28,603031,0.89675582885932958,False,2414
2416,2026-09-28,002641,0.89617827769011749,False,2415
2417,2026-09-28,603357,0.8942674946881235,False,2416
2418,2026-09-28,688252,0.89379931308293492,False,2417
2419,2026-09-28,000951,0.89331059600243412,False,2418
2420,2026-09-28,301518,0.89189935589687708,False,2419
2421,2026-09-28,300075,0.89049245065460303,False,2420
2422,2026-09-28,301609,0.88721189939204526,False,2421
2423,2026-09-28,600016,0.88624274402656233,False,2422
2424,2026-09-28,600271,0.88309559123623638,False,2423
2425,2026-09-28,601001,0.8817246942404422,False,2424
2426,2026-09-28,688289,0.88136454165297362,False,2425
2427,2026-09-28,600029,0.88042496049674757,False,2426
2428,2026-09-28,002401,0.87589961056430066,False,2427
2429,2026-09-28,688121,0.87387281791005966,False,2428
2430,2026-09-28,002493,0.86806148722013665,False,2429
2431,2026-09-28,603107,0.86748753981558258,False,2430
2432,2026-09-28,688259,0.8663408839576352,False,2431
2433,2026-09-28,000690,0.86608285486112313,False,2432
2434,2026-09-28,603110,0.86362556956236491,False,2433
2435,2026-09-28,603519,0.86288131366722798,False,2434
2436,2026-09-28,600869,0.86183475695787948,False,2435
2437,2026-09-28,600602,0.86036625593883898,False,2436
2438,2026-09-28,600079,0.85695493345904061,False,2437
2439,2026-09-28,600604,0.85685024780290542,False,2438
2440,2026-09-28,600339,0.85676495811851239,False,2439
2441,2026-09-28,000635,0.85431681556382888,False,2440
2442,2026-09-28,002486,0.85361161025368415,False,2441
2443,2026-09-28,600036,0.85328118775256145,False,2442
2444,2026-09-28,002810,0.85299559007429659,False,2443
2445,2026-09-28,000531,0.8527413594612081,False,2444
2446,2026-09-28,603012,0.85141196004610853,False,2445
2447,2026-09-28,002978,0.8513708476494477,False,2446
2448,2026-09-28,603811,0.85135730434385293,False,2447
2449,2026-09-28,688247,0.85115401483827202,False,2448
2450,2026-09-28,002364,0.85040978011867685,False,2449
2451,2026-09-28,603843,0.84858863396146655,False,2450
2452,2026-09-28,301120,0.84759892530521985,False,2451
2453,2026-09-28,600449,0.84328258035543424,False,2452
2454,2026-09-28,603602,0.84133265379310407,False,2453
2455,2026-09-28,600523,0.84046391343578253,False,2454
2456,2026-09-28,000776,0.83866749088214942,False,2455
2457,2026-09-28,600960,0.83858984487188426,False,2456
2458,2026-09-28,603072,0.83844925378304747,False,2457
2459,2026-09-28,600489,0.83838047787225412,False,2458
2460,2026-09-28,000922,0.83809762606348848,False,2459
2461,2026-09-28,300539,0.83697257525466551,False,2460
2462,2026-09-28,002746,0.83696534246293375,False,2461
2463,2026-09-28,603288,0.83641285217730421,False,2462
2464,2026-09-28,001201,0.83583377205831244,True,
2465,2026-09-28,605123,0.83547759095945695,False,2463
2466,2026-09-28,300135,0.83487187282647857,False,2464
2467,2026-09-28,300782,0.83442568070335588,False,2465
2468,2026-09-28,002579,0.83433639091558409,False,2466
2469,2026-09-28,605305,0.83078402970362619,False,2467
2470,2026-09-28,300537,0.83060140490459966,False,2468
2471,2026-09-28,002598,0.82908672820560803,False,2469
2472,2026-09-28,002079,0.82863790056204523,False,2470
2473,2026-09-28,600611,0.8272768190095483,False,2471
2474,2026-09-28,301024,0.82612318100877047,False,2472
2475,2026-09-28,000615,0.82585323521230181,False,2473
2476,2026-09-28,603271,0.82526219499426245,False,2474
2477,2026-09-28,300633,0.82524502091828467,False,2475
2478,2026-09-28,002793,0.82517312067971171,False,2476
2479,2026-09-28,300205,0.82462023590569566,False,2477
2480,2026-09-28,301339,0.82281190765294965,False,2478
2481,2026-09-28,301192,0.82152100581916354,False,2479
2482,2026-09-28,688062,0.8187457348645979,False,2480
2483,2026-09-28,688352,0.8172370955909618,False,2481
2484,2026-09-28,001268,0.81529578441545325,False,2482
2485,2026-09-28,002866,0.80740153021339833,False,2483
2486,2026-09-28,688216,0.80727386239723486,False,2484
2487,2026-09-28,688184,0.80720266070605806,False,2485
2488,2026-09-28,688577,0.80641626250366127,False,2486
2489,2026-09-28,002787,0.80409004523665262,False,2487
2490,2026-09-28,300133,0.80349136056510995,False,2488
2491,2026-09-28,300980,0.80263795989061215,False,2489
2492,2026-09-28,601156,0.80219501973674712,False,2490
2493,2026-09-28,300498,0.80104031197550118,False,2491
2494,2026-09-28,601699,0.79923803001306082,False,2492
2495,2026-09-28,688128,0.7991979832612337,False,2493
2496,2026-09-28,688106,0.79643915664233678,False,2494
2497,2026-09-28,688130,0.79219315171606963,False,2495
2498,2026-09-28,002459,0.78847676444609827,False,2496
2499,2026-09-28,601089,0.78621720578898069,False,2497
2500,2026-09-28,001332,0.78379230213029727,False,2498
2501,2026-09-28,002759,0.78166670728375642,False,2499
2502,2026-09-28,688556,0.77962726143436134,False,2500
2503,2026-09-28,688299,0.77947741058448872,False,2501
2504,2026-09-28,601225,0.77818862987635073,False,2502
2505,2026-09-28,000411,0.77662738263119069,False,2503
2506,2026-09-28,688582,0.77650505362017541,False,2504
2507,2026-09-28,300752,0.77612590113465596,False,2505
2508,2026-09-28,300896,0.77550796056008109,False,2506
2509,2026-09-28,600085,0.77481359458697519,False,2507
2510,2026-09-28,600549,0.77355833612276093,False,2508
2511,2026-09-28,300622,0.77239148050764961,False,2509
2512,2026-09-28,301602,0.77114104572101172,False,2510
2513,2026-09-28,002790,0.7669320476781385,False,2511
2514,2026-09-28,600710,0.76581357906438763,False,2512
2515,2026-09-28,600580,0.7655274784260292,False,2513
2516,2026-09-28,688589,0.76055532049013741,False,2514
2517,2026-09-28,002036,0.76002774448524713,False,2515
2518,2026-09-28,002587,0.75721383986128687,False,2516
2519,2026-09-28,603198,0.75272410707048842,False,2517
2520,2026-09-28,600501,0.75083252642673748,False,2518
2521,2026-09-28,001390,0.7486860273244591,False,2519
2522,2026-09-28,002901,0.74741674905703781,False,2520
2523,2026-09-28,002526,0.74703917832817446,False,2521
2524,2026-09-28,601928,0.74620133560901492,False,2522
2525,2026-09-28,002863,0.74562673577261096,False,2523
2526,2026-09-28,002919,0.74550724338836716,False,2524
2527,2026-09-28,300466,0.74204821261507603,False,2525
2528,2026-09-28,600530,0.74159309062670098,False,2526
2529,2026-09-28,605050,0.74027687015042321,False,2527
2530,2026-09-28,600362,0.7372506214424317,False,2528
2531,2026-09-28,600132,0.73624005103313217,False,2529
2532,2026-09-28,002253,0.73072402692666616,False,2530
2533,2026-09-28,002378,0.72751491258036793,False,2531
2534,2026-09-28,603100,0.72615037396190596,False,2532
2535,2026-09-28,002320,0.7250936614653658,False,2533
2536,2026-09-28,600796,0.72389913336767053,False,2534
2537,2026-09-28,603291,0.72365380629055709,False,2535
2538,2026-09-28,688363,0.72334997605188778,False,2536
2539,2026-09-28,605011,0.72149426833668906,False,2537
2540,2026-09-28,000858,0.71558398073263363,False,2538
2541,2026-09-28,000893,0.714882664497137,False,2539
2542,2026-09-28,600801,0.7144353074328087,False,2540
2543,2026-09-28,688510,0.71349662414539106,False,2541
2544,2026-09-28,603188,0.71343998565166566,False,2542
2545,2026-09-28,603901,0.71188649262881687,False,2543
2546,2026-09-28,688502,0.70935112226933839,False,2544
2547,2026-09-28,002160,0.70674455895023502,False,2545
2548,2026-09-28,002346,0.70515159744445621,False,2546
2549,2026-09-28,301607,0.70502974721214151,False,2547
2550,2026-09-28,001260,0.7034793233583031,False,2548
2551,2026-09-28,600461,0.70282536874637946,False,2549
2552,2026-09-28,000709,0.70037876092849882,False,2550
2553,2026-09-28,601058,0.70026110285130405,False,2551
2554,2026-09-28,688509,0.69910145873806195,False,2552
2555,2026-09-28,688322,0.69869619874851052,False,2553
2556,2026-09-28,301585,0.69779337281549303,False,2554
2557,2026-09-28,002564,0.69617350626032937,False,2555
2558,2026-09-28,002270,0.69508696198462494,False,2556
2559,2026-09-28,301589,0.69364068974176396,False,2557
2560,2026-09-28,002852,0.69299668338617959,True,
2561,2026-09-28,603210,0.69270023623507937,False,2558
2562,2026-09-28,002237,0.6920942396959846,False,2559
2563,2026-09-28,300380,0.69208514336876126,False,2560
2564,2026-09-28,301599,0.69104935987033467,False,2561
2565,2026-09-28,002738,0.69086709870366447,False,2562
2566,2026-09-28,600100,0.68919205281084528,False,2563
2567,2026-09-28,002126,0.68222122544289598,False,2564
2568,2026-09-28,600919,0.67845968942053259,False,2565
2569,2026-09-28,600557,0.6749201358399608,False,2566
2570,2026-09-28,300485,0.67446936888593889,False,2567
2571,2026-09-28,300649,0.67105190291540573,False,2568
2572,2026-09-28,000534,0.66815418430481599,False,2569
2573,2026-09-28,688209,0.66753516706989569,False,2570
2574,2026-09-28,603969,0.66502511523857422,False,2571
2575,2026-09-28,300232,0.66461765511560889,False,2572
2576,2026-09-28,300482,0.66310009377880874,False,2573
2577,2026-09-28,600477,0.66192234421890239,False,2574
2578,2026-09-28,600211,0.66156913256358063,False,2575
2579,2026-09-28,002809,0.65748601000662044,False,2576
2580,2026-09-28,300139,0.65706311103486792,False,2577
2581,2026-09-28,002168,0.65703373537452014,False,2578
2582,2026-09-28,002592,0.65678698590943796,False,2579
2583,2026-09-28,300818,0.6566060692332738,False,2580
2584,2026-09-28,300678,0.65579731706180056,False,2581
2585,2026-09-28,600382,0.6515217922921468,False,2582
2586,2026-09-28,600877,0.64979549863656483,False,2583
2587,2026-09-28,301000,0.64924307547887072,False,2584
2588,2026-09-28,600395,0.64907893798588767,False,2585
2589,2026-09-28,000821,0.64646007984373544,False,2586
2590,2026-09-28,300320,0.64472815427647734,False,2587
2591,2026-09-28,601068,0.64356633994333123,False,2588
2592,2026-09-28,300215,0.64321800643950666,False,2589
2593,2026-09-28,002685,0.63904570897979207,False,2590
2594,2026-09-28,002932,0.63856150963526837,False,2591
2595,2026-09-28,603170,0.63625425470707442,False,2592
2596,2026-09-28,688520,0.63555398888979209,False,2593
2597,2026-09-28,603078,0.6330299094810532,False,2594
2598,2026-09-28,600797,0.63191829234011676,False,2595
2599,2026-09-28,002656,0.63156941008805645,False,2596
2600,2026-09-28,688010,0.63132297393914505,False,2597
2601,2026-09-28,300036,0.62965353023272286,False,2598
2602,2026-09-28,002877,0.62883528668201993,False,2599
2603,2026-09-28,301109,0.62826590333777954,False,2600
2604,2026-09-28,688348,0.62791394508277909,False,2601
2605,2026-09-28,002331,0.62745844808856255,False,2602
2606,2026-09-28,600359,0.62522029639774579,False,2603
2607,2026-09-28,000058,0.62510674156075674,False,2604
2608,2026-09-28,301137,0.62158920529552786,False,2605
2609,2026-09-28,300777,0.62110186996613703,False,2606
2610,2026-09-28,603377,0.61886323813903266,False,2607
2611,2026-09-28,300541,0.61776984010983982,False,2608
2612,2026-09-28,688390,0.61583291735894352,False,2609
2613,2026-09-28,002903,0.61528817134984071,False,2610
2614,2026-09-28,301487,0.61422738858399706,False,2611
2615,2026-09-28,000935,0.613964422258507,False,2612
2616,2026-09-28,601886,0.61330205301181862,False,2613
2617,2026-09-28,688330,0.61292490269382416,False,2614
2618,2026-09-28,300918,0.61235888253704918,False,2615
2619,2026-09-28,002318,0.61160460809996597,False,2616
2620,2026-09-28,603882,0.60782391459307283,False,2617
2621,2026-09-28,603221,0.60433269156490432,False,2618
2622,2026-09-28,002076,0.60402592581504244,False,2619
2623,2026-09-28,300065,0.60248727632246646,False,2620
2624,2026-09-28,300827,0.60087604584797372,False,2621
2625,2026-09-28,002651,0.60015874623811905,False,2622
2626,2026-09-28,300177,0.59993102894249251,False,2623
2627,2026-09-28,002058,0.59984083447768166,False,2624
2628,2026-09-28,603939,0.59771757965364336,False,2625
2629,2026-09-28,002681,0.59736405103353651,False,2626
2630,2026-09-28,603283,0.59724558981160958,False,2627
2631,2026-09-28,600185,0.59663313807163043,False,2628
2632,2026-09-28,002189,0.59543628349643873,False,2629
2633,2026-09-28,688475,0.59175066868347281,False,2630
2634,2026-09-28,601788,0.59085222570844664,False,2631
2635,2026-09-28,002037,0.58984877061411978,False,2632
2636,2026-09-28,002727,0.58825551743035653,False,2633
2637,2026-09-28,301566,0.58795204848693494,False,2634
2638,2026-09-28,688661,0.58793514075252284,False,2635
2639,2026-09-28,688219,0.58788352735071103,False,2636
2640,2026-09-28,301617,0.58410963349026657,False,2637
2641,2026-09-28,000035,0.58313693856060511,False,2638
2642,2026-09-28,002444,0.58154014549094335,False,2639
2643,2026-09-28,300316,0.57991651562093516,False,2640
2644,2026-09-28,688797,0.57814327379267594,False,2641
2645,2026-09-28,688516,0.57430152878285901,False,2642
2646,2026-09-28,300343,0.57370836880401355,False,2643
2647,2026-09-28,603075,0.57195353331192678,False,2644
2648,2026-09-28,002625,0.56848467765724853,False,2645
2649,2026-09-28,600089,0.56814473523773135,False,2646
2650,2026-09-28,688627,0.56481039238555719,False,2647
2651,2026-09-28,002979,0.56406149911248316,False,2648
2652,2026-09-28,603197,0.56311168797593769,False,2649
2653,2026-09-28,300682,0.56242506191234387,False,2650
2654,2026-09-28,001296,0.56118102130579262,False,2651
2655,2026-09-28,000908,0.56046775346914712,False,2652
2656,2026-09-28,301536,0.55956637635135698,False,2653
2657,2026-09-28,301328,0.55664646432899012,False,2654
2658,2026-09-28,688511,0.5539131827426913,False,2655
2659,2026-09-28,002034,0.55319126750419767,False,2656
2660,2026-09-28,600780,0.5478749880537066,False,2657
2661,2026-09-28,603883,0.5477989790051907,False,2658
2662,2026-09-28,301289,0.54735554894945759,False,2659
2663,2026-09-28,688798,0.54614677516740617,False,2660
2664,2026-09-28,300579,0.54609365657570608,False,2661
2665,2026-09-28,688290,0.54228960253124625,False,2662
2666,2026-09-28,300247,0.54002790744134943,False,2663
2667,2026-09-28,300900,0.53996641456447914,False,2664
2668,2026-09-28,601088,0.53713556256111517,False,2665
2669,2026-09-28,603277,0.5369263649943854,False,2666
2670,2026-09-28,002218,0.53634093839598151,False,2667
2671,2026-09-28,300851,0.53438667756012759,False,2668
2672,2026-09-28,688697,0.53163314510054838,False,2669
2673,2026-09-28,002216,0.53074721558442661,False,2670
2674,2026-09-28,301105,0.53072355508495361,False,2671
2675,2026-09-28,300226,0.53004162508439734,False,2672
2676,2026-09-28,300548,0.52880484806922246,False,2673
2677,2026-09-28,603612,0.52811991600190955,False,2674
2678,2026-09-28,601939,0.52682188489127069,False,2675
2679,2026-09-28,002406,0.52529198576297187,False,2676
2680,2026-09-28,301315,0.52398326736851686,False,2677
2681,2026-09-28,003000,0.52393340020601853,False,2678
2682,2026-09-28,301359,0.52298205029452705,False,2679
2683,2026-09-28,002352,0.52068043665917263,False,2680
2684,2026-09-28,002449,0.51884889756815711,False,2681
2685,2026-09-28,300055,0.51722409798048374,False,2682
2686,2026-09-28,600222,0.51561438469012022,False,2683
2687,2026-09-28,300229,0.51332802443294012,False,2684
2688,2026-09-28,002190,0.51239097003110845,False,2685
2689,2026-09-28,300731,0.50947239981238046,False,2686
2690,2026-09-28,600654,0.50700379446772836,False,2687
2691,2026-09-28,002271,0.50681402510397788,False,2688
2692,2026-09-28,300600,0.50640516283241943,False,2689
2693,2026-09-28,688113,0.50639289561185397,False,2690
2694,2026-09-28,688058,0.50551649608172688,False,2691
2695,2026-09-28,600871,0.50515339808410331,False,2692
2696,2026-09-28,601177,0.50329514522896468,False,2693
2697,2026-09-28,300271,0.50309845237647488,False,2694
2698,2026-09-28,300168,0.50224612620124653,False,2695
2699,2026-09-28,600995,0.50096941452072619,False,2696
2700,2026-09-28,688270,0.49785384080489203,False,2697
2701,2026-09-28,688166,0.49525421276035209,False,2698
2702,2026-09-28,002469,0.4940915397813942,False,2699
2703,2026-09-28,603819,0.49267736519421157,False,2700
2704,2026-09-28,688291,0.49032204004326785,False,2701
2705,2026-09-28,600168,0.489981416788698,False,2702
2706,2026-09-28,300488,0.48225059634547762,False,2703
2707,2026-09-28,600332,0.4815643243625094,False,2704
2708,2026-09-28,601888,0.47712753876848651,False,2705
2709,2026-09-28,003010,0.47655044064112034,False,2706
2710,2026-09-28,603036,0.47462842528063098,False,2707
2711,2026-09-28,002386,0.47370155555270754,False,2708
2712,2026-09-28,300584,0.47355313401874638,False,2709
2713,2026-09-28,300861,0.4733466696355233,False,2710
2714,2026-09-28,603037,0.47077368246817231,False,2711
2715,2026-09-28,603927,0.46973345963138602,False,2712
2716,2026-09-28,601163,0.46863277421614247,False,2713
2717,2026-09-28,600004,0.46791669680767667,False,2714
2718,2026-09-28,000897,0.46733063208095482,False,2715
2719,2026-09-28,300219,0.46540099391637801,False,2716
2720,2026-09-28,002966,0.46206267352147701,False,2717
2721,2026-09-28,300377,0.4594826156771622,False,2718
2722,2026-09-28,600167,0.45734544671866684,False,2719
2723,2026-09-28,003021,0.45445105796015683,False,2720
2724,2026-09-28,002895,0.4531651844172111,False,2721
2725,2026-09-28,300558,0.4505091991479262,False,2722
2726,2026-09-28,600638,0.44960466510117425,False,2723
2727,2026-09-28,600307,0.44884724648883872,False,2724
2728,2026-09-28,301175,0.44877566659807977,False,2725
2729,2026-09-28,600212,0.44821541453604563,False,2726
2730,2026-09-28,600137,0.44282364942047381,False,2727
2731,2026-09-28,601633,0.44103246120431161,False,2728
2732,2026-09-28,600120,0.44024027491046858,False,2729
2733,2026-09-28,603822,0.43914526737207649,False,2730
2734,2026-09-28,300581,0.43767936087887582,False,2731
2735,2026-09-28,688296,0.43653892314511589,False,2732
2736,2026-09-28,301616,0.43633615205187715,False,2733
2737,2026-09-28,300774,0.43108695746454995,False,2734
2738,2026-09-28,002369,0.42823742265415776,False,2735
2739,2026-09-28,000886,0.4251618612172503,False,2736
2740,2026-09-28,600335,0.42507821498739817,False,2737
2741,2026-09-28,000825,0.42424962549721035,False,2738
2742,2026-09-28,002415,0.42285588888742276,False,2739
2743,2026-09-28,002129,0.42008077157763135,False,2740
2744,2026-09-28,300157,0.41949406907196607,False,2741
2745,2026-09-28,300923,0.41363667180245067,False,2742
2746,2026-09-28,603381,0.41346334094014647,False,2743
2747,2026-09-28,688131,0.41306351465462832,False,2744
2748,2026-09-28,300405,0.41289718785548546,False,2745
2749,2026-09-28,002393,0.41282230835839551,False,2746
2750,2026-09-28,603898,0.41203224039684772,False,2747
2751,2026-09-28,002534,0.40671410184821566,False,2748
2752,2026-09-28,300990,0.40536979905188797,False,2749
2753,2026-09-28,300412,0.40210080009540228,False,2750
2754,2026-09-28,002334,0.40206764616577884,False,2751
2755,2026-09-28,300020,0.40135602858240504,False,2752
2756,2026-09-28,301379,0.40080881637585941,False,2753
2757,2026-09-28,002867,0.39571294550367542,False,2754
2758,2026-09-28,002223,0.39432993025125662,False,2755
2759,2026-09-28,301665,0.39336674743515232,False,2756
2760,2026-09-28,301345,0.39251560675603714,False,2757
2761,2026-09-28,603609,0.39176563196850411,False,2758
2762,2026-09-28,603703,0.39124042342961496,False,2759
2763,2026-09-28,301200,0.39089727331481505,False,2760
2764,2026-09-28,688080,0.38764506799768461,False,2761
2765,2026-09-28,688307,0.382797447846699,False,2762
2766,2026-09-28,002152,0.38117383006635364,False,2763
2767,2026-09-28,300118,0.38044458277973447,False,2764
2768,2026-09-28,688376,0.37996179717047629,False,2765
2769,2026-09-28,300614,0.37947795318979738,False,2766
2770,2026-09-28,301023,0.37880384525632449,False,2767
2771,2026-09-28,600660,0.37633399669996859,False,2768
2772,2026-09-28,605128,0.37527374618132248,False,2769
2773,2026-09-28,000778,0.37139912967493105,False,2770
2774,2026-09-28,002664,0.37115741624255938,False,2771
2775,2026-09-28,601096,0.37000226806345848,False,2772
2776,2026-09-28,603004,0.36989719375457641,False,2773
2777,2026-09-28,000159,0.36954099068281288,False,2774
2778,2026-09-28,300576,0.36944515915095821,False,2775
2779,2026-09-28,300995,0.36591923326943254,False,2776
2780,2026-09-28,600738,0.36407676743533135,False,2777
2781,2026-09-28,301319,0.36308272850915557,False,2778
2782,2026-09-28,603530,0.36114081007757037,False,2779
2783,2026-09-28,300919,0.35614260775737994,False,2780
2784,2026-09-28,301633,0.35462208996371714,False,2781
2785,2026-09-28,601179,0.35155896842133671,False,2782
2786,2026-09-28,003011,0.35110324328641773,False,2783
2787,2026-09-28,688249,0.3473827374735472,False,2784
2788,2026-09-28,688003,0.34526177068741482,False,2785
2789,2026-09-28,300275,0.34372763396766659,False,2786
2790,2026-09-28,002208,0.34092381456920373,False,2787
2791,2026-09-28,600741,0.34044026189078158,False,2788
2792,2026-09-28,000810,0.33933210512737677,False,2789
2793,2026-09-28,601033,0.33813494645625264,False,2790
2794,2026-09-28,601137,0.33355303741570108,False,2791
2795,2026-09-28,002110,0.33326503478147296,False,2792
2796,2026-09-28,001203,0.33272992285615011,False,2793
2797,2026-09-28,301301,0.33020735131551282,False,2794
2798,2026-09-28,002456,0.32253294489911877,False,2795
2799,2026-09-28,002073,0.32193681554825337,False,2796
2800,2026-09-28,301622,0.32173297249222621,False,2797
2801,2026-09-28,688826,0.32113588489268308,False,2798
2802,2026-09-28,600526,0.3191619511261834,False,2799
2803,2026-09-28,600468,0.31890121372884006,False,2800
2804,2026-09-28,603232,0.31775645066048153,False,2801
2805,2026-09-28,603680,0.3161150006433483,False,2802
2806,2026-09-28,605333,0.31277559435234714,False,2803
2807,2026-09-28,300401,0.31068015761532941,False,2804
2808,2026-09-28,002409,0.31022778992096045,False,2805
2809,2026-09-28,600322,0.30933853055742144,False,2806
2810,2026-09-28,002294,0.30790112017280891,False,2807
2811,2026-09-28,603698,0.30753918988435802,False,2808
2812,2026-09-28,002014,0.30618181728995864,False,2809
2813,2026-09-28,000554,0.30616426884949099,False,2810
2814,2026-09-28,002064,0.30559530286708558,False,2811
2815,2026-09-28,300289,0.30346541772224223,False,2812
2816,2026-09-28,600053,0.30078944745429537,False,2813
2817,2026-09-28,002799,0.3006500613305445,False,2814
2818,2026-09-28,002511,0.29978535166379761,False,2815
2819,2026-09-28,301091,0.29954164830983654,False,2816
2820,2026-09-28,601968,0.29927685690219219,False,2817
2821,2026-09-28,600030,0.29921706872353337,False,2818
2822,2026-09-28,002603,0.29889144634726672,False,2819
2823,2026-09-28,000797,0.29880600234949162,False,2820
2824,2026-09-28,603028,0.29798834965335641,False,2821
2825,2026-09-28,300879,0.29629771538156879,False,2822
2826,2026-09-28,688718,0.29547015190116976,False,2823
2827,2026-09-28,600116,0.29141639368913874,False,2824
2828,2026-09-28,603650,0.29009142755107087,False,2825
2829,2026-09-28,000581,0.28967190556838984,False,2826
2830,2026-09-28,600054,0.28824170564287988,False,2827
2831,2026-09-28,002723,0.28694755091865021,False,2828
2832,2026-09-28,600559,0.28539428168545733,False,2829
2833,2026-09-28,300763,0.28418743725235163,False,2830
2834,2026-09-28,300966,0.28267429704515834,False,2831
2835,2026-09-28,603190,0.28193104958036885,False,2832
2836,2026-09-28,300458,0.28137635822292251,False,2833
2837,2026-09-28,300355,0.27514273929171962,False,2834
2838,2026-09-28,301038,0.27396414470835717,False,2835
2839,2026-09-28,688262,0.27042851589143829,False,2836
2840,2026-09-28,301372,0.26918270709684611,False,2837
2841,2026-09-28,605336,0.2671502570482216,False,2838
2842,2026-09-28,002254,0.26657888293873572,False,2839
2843,2026-09-28,300433,0.26645712885554507,False,2840
2844,2026-09-28,301387,0.2656281696732149,False,2841
2845,2026-09-28,000608,0.2639196240303362,False,2842
2846,2026-09-28,002972,0.26384772846187304,False,2843
2847,2026-09-28,600528,0.26363955295694996,False,2844
2848,2026-09-28,300510,0.26108743083742025,False,2845
2849,2026-09-28,600409,0.25919472463142357,False,2846
2850,2026-09-28,603662,0.25639333998049429,False,2847
2851,2026-09-28,003038,0.25526253525832798,False,2848
2852,2026-09-28,601519,0.25508150635741278,False,2849
2853,2026-09-28,002540,0.2543405649246262,False,2850
2854,2026-09-28,002057,0.25403590985645247,False,2851
2855,2026-09-28,002363,0.24917066312017067,False,2852
2856,2026-09-28,300334,0.24687511995497347,False,2853
2857,2026-09-28,301255,0.2460438663245037,False,2854
2858,2026-09-28,300644,0.24536520084697533,False,2855
2859,2026-09-28,600396,0.24089764721019002,False,2856
2860,2026-09-28,003020,0.2394144331301824,False,2857
2861,2026-09-28,300793,0.23603901029206287,False,2858
2862,2026-09-28,600096,0.23495689088917149,False,2859
2863,2026-09-28,002693,0.23322833249978703,False,2860
2864,2026-09-28,000800,0.23132770710401118,False,2861
2865,2026-09-28,688085,0.23132096910534905,False,2862
2866,2026-09-28,603803,0.23085540115207803,False,2863
2867,2026-09-28,603516,0.23061322905010623,False,2864
2868,2026-09-28,002183,0.22672795714907856,False,2865
2869,2026-09-28,600266,0.22587810372986961,False,2866
2870,2026-09-28,600438,0.22399291428451906,False,2867
2871,2026-09-28,300288,0.22329783434259753,False,2868
2872,2026-09-28,600078,0.22296621625954749,False,2869
2873,2026-09-28,601898,0.22204796615279232,False,2870
2874,2026-09-28,600452,0.21744414228932768,False,2871
2875,2026-09-28,601100,0.21615096689237967,False,2872
2876,2026-09-28,002025,0.21352421492304208,False,2873
2877,2026-09-28,603730,0.21276298141060801,False,2874
2878,2026-09-28,000713,0.2120874601190911,False,2875
2879,2026-09-28,603659,0.21208668185123103,False,2876
2880,2026-09-28,301082,0.21063250461042071,False,2877
2881,2026-09-28,600350,0.20984866683947678,False,2878
2882,2026-09-28,600874,0.20954497183819676,False,2879
2883,2026-09-28,601515,0.20833201660472811,False,2880
2884,2026-09-28,603887,0.20783105385598766,False,2881
2885,2026-09-28,688560,0.20763041118065662,False,2882
2886,2026-09-28,300451,0.20640212745715014,False,2883
2887,2026-09-28,688805,0.20478538408003832,False,2884
2888,2026-09-28,300121,0.20366239641353245,False,2885
2889,2026-09-28,002317,0.20228945610188276,False,2886
2890,2026-09-28,300172,0.20178467561270885,False,2887
2891,2026-09-28,600197,0.20057351836093262,False,2888
2892,2026-09-28,600420,0.19743273582588028,False,2889
2893,2026-09-28,600234,0.19278003237563479,False,2890
2894,2026-09-28,601010,0.19188387228173642,False,2891
2895,2026-09-28,001280,0.18968546886336846,False,2892
2896,2026-09-28,603776,0.18836738097727071,False,2893
2897,2026-09-28,600259,0.18472212504282137,False,2894
2898,2026-09-28,001369,0.18367186582015899,False,2895
2899,2026-09-28,001266,0.18321257020684101,False,2896
2900,2026-09-28,603119,0.18245457182602376,False,2897
2901,2026-09-28,601022,0.18220466876976038,False,2898
2902,2026-09-28,601228,0.18206576078566661,False,2899
2903,2026-09-28,300222,0.17971151953058223,False,2900
2904,2026-09-28,300705,0.17741397352797694,False,2901
2905,2026-09-28,002705,0.16923698954511246,False,2902
2906,2026-09-28,000589,0.16759589642002437,False,2903
2907,2026-09-28,300267,0.16710776500983793,False,2904
2908,2026-09-28,601187,0.16411429303594516,False,2905
2909,2026-09-28,300237,0.16365657870219175,False,2906
2910,2026-09-28,301221,0.16270650255400132,False,2907
2911,2026-09-28,688739,0.16228929560830041,False,2908
2912,2026-09-28,603876,0.16194689526357142,False,2909
2913,2026-09-28,601226,0.16053591062839523,False,2910
2914,2026-09-28,601607,0.1513180580857143,False,2911
2915,2026-09-28,300529,0.14798177020880121,False,2912
2916,2026-09-28,601958,0.14438928272517293,False,2913
2917,2026-09-28,600009,0.13564005899466758,False,2914
2918,2026-09-28,600499,0.13547487535276392,False,2915
2919,2026-09-28,688217,0.13485451299411721,False,2916
2920,2026-09-28,301163,0.13375771067363385,False,2917
2921,2026-09-28,601199,0.13324472532442533,False,2918
2922,2026-09-28,600202,0.1324865600454852,False,2919
2923,2026-09-28,001393,0.13237654492089646,False,2920
2924,2026-09-28,600982,0.13049093513432808,False,2921
2925,2026-09-28,000860,0.1300416627935731,False,2922
2926,2026-09-28,300136,0.1286545262723211,False,2923
2927,2026-09-28,688281,0.12847852841430385,False,2924
2928,2026-09-28,000906,0.12698124571663405,False,2925
2929,2026-09-28,600436,0.12397735261753268,False,2926
2930,2026-09-28,601127,0.12324474185251155,False,2927
2931,2026-09-28,688485,0.12312302282540388,False,2928
2932,2026-09-28,688448,0.12185914787730223,False,2929
2933,2026-09-28,300242,0.114871108365998,False,2930
2934,2026-09-28,301201,0.11296508857395049,False,2931
2935,2026-09-28,300650,0.11265247027576142,False,2932
2936,2026-09-28,603260,0.11240227603535369,False,2933
2937,2026-09-28,002441,0.11226799087157979,False,2934
2938,2026-09-28,001336,0.11224887693226226,False,2935
2939,2026-09-28,603665,0.10653532502137558,False,2936
2940,2026-09-28,002304,0.10509677948438045,False,2937
2941,2026-09-28,301658,0.10482080101270574,False,2938
2942,2026-09-28,002298,0.10407099971620082,False,2939
2943,2026-09-28,301026,0.10167801877934335,False,2940
2944,2026-09-28,603167,0.10074758811601781,False,2941
2945,2026-09-28,300101,0.097726695852435652,False,2942
2946,2026-09-28,688313,0.097070027903228384,False,2943
2947,2026-09-28,601901,0.0969377971952885,False,2944
2948,2026-09-28,300809,0.095510614706291075,False,2945
2949,2026-09-28,603220,0.094640810560916555,False,2946
2950,2026-09-28,601098,0.091511590210948679,False,2947
2951,2026-09-28,002761,0.090382777165524342,False,2948
2952,2026-09-28,301166,0.085677814369207406,False,2949
2953,2026-09-28,688360,0.083129336649313712,False,2950
2954,2026-09-28,605318,0.08285431350966288,False,2951
2955,2026-09-28,001331,0.081001166257226753,False,2952
2956,2026-09-28,000519,0.074027409883557327,False,2953
2957,2026-09-28,002010,0.074021743004312857,False,2954
2958,2026-09-28,605151,0.065389859922002191,False,2955
2959,2026-09-28,002702,0.060099126488105004,False,2956
2960,2026-09-28,601005,0.054371847932387585,False,2957
2961,2026-09-28,688722,0.053422590426432714,False,2958
2962,2026-09-28,301171,0.052599468322927945,False,2959
2963,2026-09-28,600561,0.050778674712242955,False,2960
2964,2026-09-28,603658,0.050773402101350062,False,2961
2965,2026-09-28,001314,0.050615211344995192,False,2962
2966,2026-09-28,605566,0.05044279559460485,False,2963
2967,2026-09-28,002839,0.049928556102965649,False,2964
2968,2026-09-28,688479,0.047323722404557733,False,2965
2969,2026-09-28,603080,0.046510853069535063,False,2966
2970,2026-09-28,002543,0.04589534727784117,False,2967
2971,2026-09-28,603986,0.043656636939034543,False,2968
2972,2026-09-28,688127,0.043203325768247591,False,2969
2973,2026-09-28,603290,0.041914809607211723,False,2970
2974,2026-09-28,000032,0.041341988470255941,False,2971
2975,2026-09-28,300921,0.040316240402520687,False,2972
2976,2026-09-28,601328,0.039514340093068645,False,2973
2977,2026-09-28,000155,0.038815203084130223,False,2974
2978,2026-09-28,300472,0.036423676477958189,False,2975
2979,2026-09-28,301581,0.035063390268228245,False,2976
2980,2026-09-28,603915,0.033791492244989119,False,2977
2981,2026-09-28,300283,0.031788828848205108,False,2978
2982,2026-09-28,600282,0.03177126579467604,False,2979
2983,2026-09-28,601880,0.027327090299094525,False,2980
2984,2026-09-28,603069,0.026468910642456933,False,2981
2985,2026-09-28,688126,0.025347550659534202,False,2982
2986,2026-09-28,000517,0.022780830911501043,False,2983
2987,2026-09-28,600177,0.02214056538315945,False,2984
2988,2026-09-28,002971,0.020945314112720048,False,2985
2989,2026-09-28,601188,0.020481491385198947,False,2986
2990,2026-09-28,601619,0.020348622058837473,False,2987
2991,2026-09-28,600996,0.019682470669277086,False,2988
2992,2026-09-28,605208,0.016069912194306091,False,2989
2993,2026-09-28,600560,0.013933089884664129,False,2990
2994,2026-09-28,688236,0.013765407524726436,False,2991
2995,2026-09-28,688799,0.012536236209293505,False,2992
2996,2026-09-28,300048,0.010999244667282415,False,2993
2997,2026-09-28,603333,0.010835172986266683,False,2994
2998,2026-09-28,600055,0.0062034506868838823,False,2995
2999,2026-09-28,603813,0.0058698685459099842,False,2996
3000,2026-09-28,600035,0.0045278757408928616,False,2997
3001,2026-09-28,300950,0.0044754935066932955,False,2998
3002,2026-09-28,600688,0.0032548784293922051,False,2999
3003,2026-09-28,301502,0.0028247500906948275,False,3000
3004,2026-09-28,300680,0.00062240928541579255,False,3001
3005,2026-09-28,001219,-0.0011246688786323844,False,3002
3006,2026-09-28,600210,-0.0032336461178290588,False,3003
3007,2026-09-28,001234,-0.0042142376738221188,False,3004
3008,2026-09-28,603077,-0.0045809843075785006,False,3005
3009,2026-09-28,301246,-0.0049704418721869814,False,3006
3010,2026-09-28,300140,-0.0054480789474246061,False,3007
3011,2026-09-28,603823,-0.0055531366594641085,False,3008
3012,2026-09-28,605089,-0.0091642956020211719,False,3009
3013,2026-09-28,002706,-0.011962169546334889,False,3010
3014,2026-09-28,600859,-0.013012271290458566,False,3011
3015,2026-09-28,600643,-0.013123761486864893,False,3012
3016,2026-09-28,000661,-0.013774113787365261,False,3013
3017,2026-09-28,002314,-0.015156244920673578,False,3014
3018,2026-09-28,600795,-0.016283194737935602,False,3015
3019,2026-09-28,601717,-0.018527068183748108,False,3016
3020,2026-09-28,000723,-0.018776751123928626,False,3017
3021,2026-09-28,301322,-0.019464741702067023,False,3018
3022,2026-09-28,301391,-0.01996010393997949,False,3019
3023,2026-09-28,300525,-0.021632233679736879,False,3020
3024,2026-09-28,600841,-0.022986798592804281,False,3021
3025,2026-09-28,000927,-0.024925676563129162,False,3022
3026,2026-09-28,301162,-0.026352163141161067,False,3023
3027,2026-09-28,600329,-0.027337764478039039,False,3024
3028,2026-09-28,300071,-0.029836061923750823,False,3025
3029,2026-09-28,603214,-0.037660260915948873,False,3026
3030,2026-09-28,688111,-0.04520270189366371,False,3027
3031,2026-09-28,601933,-0.049275756385666614,False,3028
3032,2026-09-28,002138,-0.051379902889300721,False,3029
3033,2026-09-28,601696,-0.053368617379786043,False,3030
3034,2026-09-28,689009,-0.054972735305297338,False,3031
3035,2026-09-28,002938,-0.056310725082945989,False,3032
3036,2026-09-28,000738,-0.057731935676584856,False,3033
3037,2026-09-28,002951,-0.057761784611049638,False,3034
3038,2026-09-28,605158,-0.057914760455696657,False,3035
3039,2026-09-28,603298,-0.060154136198555253,False,3036
3040,2026-09-28,688778,-0.06106066959170231,False,3037
3041,2026-09-28,600586,-0.061815821160175088,False,3038
3042,2026-09-28,600027,-0.062840686867210227,False,3039
3043,2026-09-28,002747,-0.066305558775382023,False,3040
3044,2026-09-28,002745,-0.070028505292294319,False,3041
3045,2026-09-28,001285,-0.070131089205556774,False,3042
3046,2026-09-28,301069,-0.070931542675283232,False,3043
3047,2026-09-28,688107,-0.072759235555665436,False,3044
3048,2026-09-28,603893,-0.073828153171046407,False,3045
3049,2026-09-28,301559,-0.075145454098228814,False,3046
3050,2026-09-28,601003,-0.075548058917899286,False,3047
3051,2026-09-28,300213,-0.077422652314846463,False,3048
3052,2026-09-28,600062,-0.077748331162054374,False,3049
3053,2026-09-28,600779,-0.078661638660788624,False,3050
3054,2026-09-28,300231,-0.080028004978482503,False,3051
3055,2026-09-28,002085,-0.082984260591382863,False,3052
3056,2026-09-28,688536,-0.084790247704665145,False,3053
3057,2026-09-28,601838,-0.084921649399090082,False,3054
3058,2026-09-28,603988,-0.085355987551208545,False,3055
3059,2026-09-28,601997,-0.086098423946563418,False,3056
3060,2026-09-28,000008,-0.086614126987918372,False,3057
3061,2026-09-28,688197,-0.088103676388049723,False,3058
3062,2026-09-28,688272,-0.088786096027191119,False,3059
3063,2026-09-28,600784,-0.089143552408491589,False,3060
3064,2026-09-28,002549,-0.090827611308901268,False,3061
3065,2026-09-28,300429,-0.094704874064692357,False,3062
3066,2026-09-28,300005,-0.095087617603035912,False,3063
3067,2026-09-28,688759,-0.096905524023668033,False,3064
3068,2026-09-28,600098,-0.097137380543466545,False,3065
3069,2026-09-28,603801,-0.097425599324910239,False,3066
3070,2026-09-28,688709,-0.099068093691211834,False,3067
3071,2026-09-28,000632,-0.10130404364002249,False,3068
3072,2026-09-28,688777,-0.10398414608077222,False,3069
3073,2026-09-28,688570,-0.10691654902607084,False,3070
3074,2026-09-28,600756,-0.10711132001579593,False,3071
3075,2026-09-28,301522,-0.11643160764673932,False,3072
3076,2026-09-28,300724,-0.11718784728585718,False,3073
3077,2026-09-28,688488,-0.11784458170970824,False,3074
3078,2026-09-28,688567,-0.11807326413915964,False,3075
3079,2026-09-28,002988,-0.11971460108114129,False,3076
3080,2026-09-28,688683,-0.12151575003855997,False,3077
3081,2026-09-28,301669,-0.12326269740880003,False,3078
3082,2026-09-28,688202,-0.12361028071545777,False,3079
3083,2026-09-28,600956,-0.12485446063208605,False,3080
3084,2026-09-28,688020,-0.12709665702411366,False,3081
3085,2026-09-28,002131,-0.12835314583215529,False,3082
3086,2026-09-28,300540,-0.13004449167753229,False,3083
3087,2026-09-28,301182,-0.14038019907872856,False,3084
3088,2026-09-28,300936,-0.14191786521225147,False,3085
3089,2026-09-28,301016,-0.14291934209987078,False,3086
3090,2026-09-28,600535,-0.15244861640469187,False,3087
3091,2026-09-28,002063,-0.15323246365312815,False,3088
3092,2026-09-28,603701,-0.15330088891360311,False,3089
3093,2026-09-28,300160,-0.15663594991269925,False,3090
3094,2026-09-28,301195,-0.1600377455948554,False,3091
3095,2026-09-28,300857,-0.16248753822782014,False,3092
3096,2026-09-28,301632,-0.16400818284513652,False,3093
3097,2026-09-28,300641,-0.16663327441439846,False,3094
3098,2026-09-28,688172,-0.17300099326971252,False,3095
3099,2026-09-28,688981,-0.18129217360399563,False,3096
3100,2026-09-28,002899,-0.18133112540606144,False,3097
3101,2026-09-28,000926,-0.18279884570441293,False,3098
3102,2026-09-28,300637,-0.18499986030522197,False,3099
3103,2026-09-28,301303,-0.19081025535912374,False,3100
3104,2026-09-28,688036,-0.19112427999146719,False,3101
3105,2026-09-28,001270,-0.1933453962584688,False,3102
3106,2026-09-28,300948,-0.19473918388330091,False,3103
3107,2026-09-28,600182,-0.20048834682068384,False,3104
3108,2026-09-28,600683,-0.20172680801298015,False,3105
3109,2026-09-28,000028,-0.20394728420232111,False,3106
3110,2026-09-28,300694,-0.20467743912293157,False,3107
3111,2026-09-28,300303,-0.20488213759112284,False,3108
3112,2026-09-28,300619,-0.20615723271272679,False,3109
3113,2026-09-28,300099,-0.20678923582895326,False,3110
3114,2026-09-28,601800,-0.21071890536033522,False,3111
3115,2026-09-28,600993,-0.21297471427805292,False,3112
3116,2026-09-28,002775,-0.2140242132453829,False,3113
3117,2026-09-28,300197,-0.21574788576811654,False,3114
3118,2026-09-28,600639,-0.21813717913020003,False,3115
3119,2026-09-28,000950,-0.21839332512790433,False,3116
3120,2026-09-28,603966,-0.2206254285052609,False,3117
3121,2026-09-28,002675,-0.22075680860593372,False,3118
3122,2026-09-28,301167,-0.22227109067873529,False,3119
3123,2026-09-28,688501,-0.22233135133851711,False,3120
3124,2026-09-28,688098,-0.22432194418414841,False,3121
3125,2026-09-28,601615,-0.22700553612957713,False,3122
3126,2026-09-28,688305,-0.22735589724020225,False,3123
3127,2026-09-28,300757,-0.22805312015433649,False,3124
3128,2026-09-28,300775,-0.22888097014636904,False,3125
3129,2026-09-28,605222,-0.23220451697957689,False,3126
3130,2026-09-28,605369,-0.23589515102770475,False,3127
3131,2026-09-28,600623,-0.23785392317250392,False,3128
3132,2026-09-28,002911,-0.23920358992091684,False,3129
3133,2026-09-28,603085,-0.24027434092955224,False,3130
3134,2026-09-28,300446,-0.24162489825865163,False,3131
3135,2026-09-28,688321,-0.24166937479224843,False,3132
3136,2026-09-28,600507,-0.24239989958159847,False,3133
3137,2026-09-28,600745,-0.24299555326373801,False,3134
3138,2026-09-28,603829,-0.24427109540153502,False,3135
3139,2026-09-28,300606,-0.24470857013587954,False,3136
3140,2026-09-28,688063,-0.245039106515266,False,3137
3141,2026-09-28,300284,-0.24773161312888725,False,3138
3142,2026-09-28,300041,-0.24804013237405304,False,3139
3143,2026-09-28,300310,-0.24886529067443786,False,3140
3144,2026-09-28,001232,-0.25019318179970407,False,3141
3145,2026-09-28,000516,-0.25347037239173731,False,3142
3146,2026-09-28,002261,-0.25562589824820425,False,3143
3147,2026-09-28,300066,-0.25705163029481626,False,3144
3148,2026-09-28,002475,-0.2599516827270445,False,3145
3149,2026-09-28,002602,-0.26084342595194543,False,3146
3150,2026-09-28,300778,-0.26370882353435843,False,3147
3151,2026-09-28,600850,-0.26576519902875695,False,3148
3152,2026-09-28,002241,-0.26598067586025653,False,3149
3153,2026-09-28,605377,-0.26620924569482463,False,3150
3154,2026-09-28,001236,-0.266629265070495,False,3151
3155,2026-09-28,600012,-0.27146825084751269,False,3152
3156,2026-09-28,000750,-0.27204333334719855,False,3153
3157,2026-09-28,300435,-0.27502897659388326,False,3154
3158,2026-09-28,688609,-0.27700613070653146,False,3155
3159,2026-09-28,000898,-0.27734982037998873,False,3156
3160,2026-09-28,002482,-0.2795186844893629,False,3157
3161,2026-09-28,300158,-0.28122808419949541,False,3158
3162,2026-09-28,600511,-0.28169559939877264,False,3159
3163,2026-09-28,600717,-0.28657740548036204,False,3160
3164,2026-09-28,300024,-0.28804441766347411,False,3161
3165,2026-09-28,688100,-0.29142156458394386,False,3162
3166,2026-09-28,688268,-0.29460998944770012,False,3163
3167,2026-09-28,300789,-0.29537611842846934,False,3164
3168,2026-09-28,301015,-0.30327395357668119,False,3165
3169,2026-09-28,002831,-0.30407135129511276,False,3166
3170,2026-09-28,603922,-0.30631480350446044,False,3167
3171,2026-09-28,003030,-0.30660566735473876,False,3168
3172,2026-09-28,300453,-0.30752446652453869,False,3169
3173,2026-09-28,000792,-0.30815085967613048,False,3170
3174,2026-09-28,600063,-0.30876102591506416,False,3171
3175,2026-09-28,300833,-0.31078993645483877,False,3172
3176,2026-09-28,688786,-0.31239787865349677,False,3173
3177,2026-09-28,301513,-0.31468722732201626,False,3174
3178,2026-09-28,300293,-0.31517656996776544,False,3175
3179,2026-09-28,002338,-0.31560232682313327,False,3176
3180,2026-09-28,600323,-0.31625981587219976,False,3177
3181,2026-09-28,300354,-0.31857086062192241,False,3178
3182,2026-09-28,002674,-0.31933110551788846,False,3179
3183,2026-09-28,003022,-0.3213908558520287,False,3180
3184,2026-09-28,300046,-0.32292627219844194,False,3181
3185,2026-09-28,002319,-0.32297449742376205,False,3182
3186,2026-09-28,301491,-0.32369302354458407,False,3183
3187,2026-09-28,300228,-0.32574608800424137,False,3184
3188,2026-09-28,688027,-0.32954244265741051,False,3185
3189,2026-09-28,600690,-0.33362534828390578,False,3186
3190,2026-09-28,300983,-0.3348715775602642,False,3187
3191,2026-09-28,002130,-0.33525868654430535,False,3188
3192,2026-09-28,002941,-0.33589962349133384,False,3189
3193,2026-09-28,300768,-0.343096894994673,False,3190
3194,2026-09-28,000990,-0.34549658931644922,False,3191
3195,2026-09-28,600020,-0.34759990267451668,False,3192
3196,2026-09-28,688728,-0.34961203083568915,False,3193
3197,2026-09-28,600133,-0.35007110373119588,False,3194
3198,2026-09-28,002996,-0.35096585202892361,False,3195
3199,2026-09-28,300416,-0.35536770961369202,False,3196
3200,2026-09-28,601236,-0.35544266570377048,False,3197
3201,2026-09-28,603518,-0.35863960216770518,False,3198
3202,2026-09-28,002572,-0.36047389707329658,False,3199
3203,2026-09-28,000582,-0.36080210081462893,False,3200
3204,2026-09-28,000809,-0.37069383922144505,False,3201
3205,2026-09-28,300204,-0.37169087415855417,False,3202
3206,2026-09-28,603486,-0.3729961541567911,False,3203
3207,2026-09-28,300556,-0.37307370358725134,False,3204
3208,2026-09-28,600155,-0.37469316849371792,False,3205
3209,2026-09-28,600056,-0.37547616471692535,False,3206
3210,2026-09-28,300973,-0.3760754157669961,False,3207
3211,2026-09-28,600633,-0.37673134908276529,False,3208
3212,2026-09-28,300894,-0.37974922880983208,False,3209
3213,2026-09-28,605196,-0.38254601051953974,False,3210
3214,2026-09-28,002806,-0.38255537258805161,False,3211
3215,2026-09-28,600862,-0.38279299886102214,False,3212
3216,2026-09-28,300481,-0.38288434431980323,False,3213
3217,2026-09-28,603567,-0.38734732632919622,False,3214
3218,2026-09-28,002955,-0.39067934443328289,False,3215
3219,2026-09-28,601985,-0.39299375647527163,False,3216
3220,2026-09-28,300034,-0.39575363234666439,False,3217
3221,2026-09-28,301070,-0.39995819714770831,False,3218
3222,2026-09-28,688231,-0.40053899679730043,False,3219
3223,2026-09-28,688711,-0.40125956227696968,False,3220
3224,2026-09-28,301631,-0.4017507832089896,False,3221
3225,2026-09-28,300327,-0.40177677736819695,False,3222
3226,2026-09-28,002226,-0.40243898449675464,False,3223
3227,2026-09-28,603985,-0.40638849435732882,False,3224
3228,2026-09-28,300421,-0.40772795974644471,False,3225
3229,2026-09-28,688119,-0.41038058999291727,False,3226
3230,2026-09-28,688396,-0.41171873675073623,False,3227
3231,2026-09-28,688205,-0.41342544942539194,False,3228
3232,2026-09-28,000544,-0.41436379267878332,False,3229
3233,2026-09-28,000880,-0.41550461293667962,False,3230
3234,2026-09-28,301238,-0.41765095397599594,False,3231
3235,2026-09-28,002513,-0.41996143028939459,False,3232
3236,2026-09-28,600037,-0.42271946427565998,False,3233
3237,2026-09-28,600622,-0.42413832739643165,False,3234
3238,2026-09-28,000999,-0.43017328569364788,False,3235
3239,2026-09-28,000777,-0.43127045084496357,False,3236
3240,2026-09-28,600635,-0.43215381821722537,False,3237
3241,2026-09-28,600704,-0.43356731541346827,False,3238
3242,2026-09-28,603959,-0.43388079039737271,False,3239
3243,2026-09-28,688391,-0.43514096774541189,False,3240
3244,2026-09-28,002049,-0.43723663065114871,False,3241
3245,2026-09-28,600729,-0.44191525154675837,False,3242
3246,2026-09-28,600258,-0.44212602855700767,False,3243
3247,2026-09-28,300804,-0.44226261003146339,False,3244
3248,2026-09-28,688663,-0.44606755240587842,False,3245
3249,2026-09-28,300460,-0.45437595044939505,False,3246
3250,2026-09-28,002858,-0.45655020327690865,False,3247
3251,2026-09-28,002765,-0.45710920340129735,False,3248
3252,2026-09-28,600984,-0.4611682230736931,False,3249
3253,2026-09-28,601666,-0.46146969861809223,False,3250
3254,2026-09-28,300872,-0.46230751943591197,False,3251
3255,2026-09-28,600901,-0.46388967411149484,False,3252
3256,2026-09-28,688221,-0.46450058487780543,False,3253
3257,2026-09-28,688273,-0.46988397383052982,False,3254
3258,2026-09-28,688513,-0.47355329249622757,False,3255
3259,2026-09-28,002783,-0.47665219790466706,False,3256
3260,2026-09-28,603051,-0.47709364673218535,False,3257
3261,2026-09-28,603323,-0.47788050831923279,False,3258
3262,2026-09-28,002508,-0.47931980072320401,False,3259
3263,2026-09-28,301281,-0.47947513158019817,False,3260
3264,2026-09-28,603496,-0.48423168754845114,False,3261
3265,2026-09-28,688280,-0.48558995523077014,False,3262
3266,2026-09-28,601066,-0.4883620024912676,False,3263
3267,2026-09-28,600655,-0.48848339246805339,False,3264
3268,2026-09-28,301638,-0.49505851463291051,False,3265
3269,2026-09-28,300315,-0.50186560523898316,False,3266
3270,2026-09-28,002609,-0.50357639305257806,False,3267
3271,2026-09-28,688653,-0.50371088524424057,False,3268
3272,2026-09-28,002695,-0.50453434338299363,False,3269
3273,2026-09-28,301053,-0.50512398009117199,False,3270
3274,2026-09-28,301348,-0.50706843159539261,False,3271
3275,2026-09-28,688720,-0.50771696176061187,False,3272
3276,2026-09-28,001308,-0.50816581878555389,False,3273
3277,2026-09-28,600740,-0.50893592460025916,False,3274
3278,2026-09-28,600616,-0.50955656564852414,False,3275
3279,2026-09-28,300388,-0.51122585036844748,False,3276
3280,2026-09-28,002137,-0.51228504254778851,False,3277
3281,2026-09-28,688192,-0.51510479121564967,False,3278
3282,2026-09-28,300963,-0.51558976120414446,False,3279
3283,2026-09-28,600183,-0.51579324697067408,False,3280
3284,2026-09-28,603275,-0.5160599476419192,False,3281
3285,2026-09-28,002892,-0.5207533134444875,False,3282
3286,2026-09-28,600757,-0.52374327594652748,False,3283
3287,2026-09-28,301055,-0.52530186561075354,False,3284
3288,2026-09-28,002191,-0.52838816392570642,False,3285
3289,2026-09-28,300373,-0.531589449333707,False,3286
3290,2026-09-28,603025,-0.53393149771467319,False,3287
3291,2026-09-28,688692,-0.53801269081975711,False,3288
3292,2026-09-28,600198,-0.54124712189938373,False,3289
3293,2026-09-28,002283,-0.54338277235551991,False,3290
3294,2026-09-28,002593,-0.54388235532293361,False,3291
3295,2026-09-28,601101,-0.54724240691051351,False,3292
3296,2026-09-28,600812,-0.54756486235591351,False,3293
3297,2026-09-28,002167,-0.54973068399246361,False,3294
3298,2026-09-28,603725,-0.55093730890726822,False,3295
3299,2026-09-28,600351,-0.55140817600274161,False,3296
3300,2026-09-28,300979,-0.55368978057111917,False,3297
3301,2026-09-28,600268,-0.55788941757577259,False,3298
3302,2026-09-28,000837,-0.56062588703817373,False,3299
3303,2026-09-28,600131,-0.56451590815331842,False,3300
3304,2026-09-28,603726,-0.56602755773875346,False,3301
3305,2026-09-28,600483,-0.56892479004337293,False,3302
3306,2026-09-28,002101,-0.57196831250292757,False,3303
3307,2026-09-28,002239,-0.57269611710043966,False,3304
3308,2026-09-28,600353,-0.57676650336348634,False,3305
3309,2026-09-28,688362,-0.57695597717374758,False,3306
3310,2026-09-28,601828,-0.57698943841139649,False,3307
3311,2026-09-28,002162,-0.57906192947740209,False,3308
3312,2026-09-28,688046,-0.57995242919033063,False,3309
3313,2026-09-28,300033,-0.5827320446706693,False,3310
3314,2026-09-28,600493,-0.58602332158340698,False,3311
3315,2026-09-28,300885,-0.5879597496010418,False,3312
3316,2026-09-28,688768,-0.58918078369563098,False,3313
3317,2026-09-28,300323,-0.58993348845978799,False,3314
3318,2026-09-28,000631,-0.59015525656164047,False,3315
3319,2026-09-28,688101,-0.59063556201870449,False,3316
3320,2026-09-28,688009,-0.59213748793116272,False,3317
3321,2026-09-28,600082,-0.59644838196238736,False,3318
3322,2026-09-28,002097,-0.59752348532661026,False,3319
3323,2026-09-28,000402,-0.5984987972845045,False,3320
3324,2026-09-28,601988,-0.60197462759827514,False,3321
3325,2026-09-28,688083,-0.60262482585770349,False,3322
3326,2026-09-28,603861,-0.60318493795369554,False,3323
3327,2026-09-28,603048,-0.60735221631769254,False,3324
3328,2026-09-28,301696,-0.60761821975313235,False,3325
3329,2026-09-28,002968,-0.60991512130760395,False,3326
3330,2026-09-28,600050,-0.61467759443867698,False,3327
3331,2026-09-28,600595,-0.61505136170244712,False,3328
3332,2026-09-28,002056,-0.61513313859980823,False,3329
3333,2026-09-28,300720,-0.61518531038829938,False,3330
3334,2026-09-28,600072,-0.61562052836402625,False,3331
3335,2026-09-28,601688,-0.61837283199197501,False,3332
3336,2026-09-28,300256,-0.62085458449217912,False,3333
3337,2026-09-28,002161,-0.6219211314902906,False,3334
3338,2026-09-28,600918,-0.62457742288267015,False,3335
3339,2026-09-28,603890,-0.62468070955115595,False,3336
3340,2026-09-28,300487,-0.62700763572463125,False,3337
3341,2026-09-28,688392,-0.62746831451117968,False,3338
3342,2026-09-28,300823,-0.62868416711152775,False,3339
3343,2026-09-28,688708,-0.6314118535122446,False,3340
3344,2026-09-28,002158,-0.63561864536626667,False,3341
3345,2026-09-28,002845,-0.63672121327003195,False,3342
3346,2026-09-28,600031,-0.63760217694463284,False,3343
3347,2026-09-28,300137,-0.63999229445277628,False,3344
3348,2026-09-28,600600,-0.64086030340546718,False,3345
3349,2026-09-28,002872,-0.64445320057455979,False,3346
3350,2026-09-28,002311,-0.64580153787593275,False,3347
3351,2026-09-28,605188,-0.64600732249180859,False,3348
3352,2026-09-28,600930,-0.6470649724277372,False,3349
3353,2026-09-28,603166,-0.64725586930935342,False,3350
3354,2026-09-28,600685,-0.64801630423209855,False,3351
3355,2026-09-28,603194,-0.65196177464910776,False,3352
3356,2026-09-28,001309,-0.65904616479932709,False,3353
3357,2026-09-28,603334,-0.66705427232355174,False,3354
3358,2026-09-28,688232,-0.66765852490257993,False,3355
3359,2026-09-28,301588,-0.67145047414822068,False,3356
3360,2026-09-28,600588,-0.6720831214879317,False,3357
3361,2026-09-28,300378,-0.67246675873102513,False,3358
3362,2026-09-28,301130,-0.67398739389824858,False,3359
3363,2026-09-28,300080,-0.67946229076453202,False,3360
3364,2026-09-28,000695,-0.68006486780889563,False,3361
3365,2026-09-28,600456,-0.68314345405238397,False,3362
3366,2026-09-28,603345,-0.68323086395395638,False,3363
3367,2026-09-28,603020,-0.68484825121021009,False,3364
3368,2026-09-28,300018,-0.68636410169007145,False,3365
3369,2026-09-28,688228,-0.68790782147783158,False,3366
3370,2026-09-28,688659,-0.69067182877540279,False,3367
3371,2026-09-28,688002,-0.69380339423136672,False,3368
3372,2026-09-28,000528,-0.69458384583867261,False,3369
3373,2026-09-28,688581,-0.69529718314963374,False,3370
3374,2026-09-28,300802,-0.69726041642414649,False,3371
3375,2026-09-28,603169,-0.69849789999435463,False,3372
3376,2026-09-28,000404,-0.70317745861259728,False,3373
3377,2026-09-28,600480,-0.70433813598397399,False,3374
3378,2026-09-28,600308,-0.70479002102694999,False,3375
3379,2026-09-28,300730,-0.70566414486395113,False,3376
3380,2026-09-28,000639,-0.71377519692437708,False,3377
3381,2026-09-28,002075,-0.71590008801073712,False,3378
3382,2026-09-28,300053,-0.71640071487586621,False,3379
3383,2026-09-28,600763,-0.71734073921921615,False,3380
3384,2026-09-28,688261,-0.72721803712131305,False,3381
3385,2026-09-28,000819,-0.73078405848675665,False,3382
3386,2026-09-28,301215,-0.73382896417551846,False,3383
3387,2026-09-28,601966,-0.73670808559856904,False,3384
3388,2026-09-28,601339,-0.73877646109689077,False,3385
3389,2026-09-28,603527,-0.73926922707470255,False,3386
3390,2026-09-28,300480,-0.74572807805136287,False,3387
3391,2026-09-28,603181,-0.74693096461399711,False,3388
3392,2026-09-28,000559,-0.74751015782288865,False,3389
3393,2026-09-28,000975,-0.74806004111861424,False,3390
3394,2026-09-28,600460,-0.74881907189799457,False,3391
3395,2026-09-28,000900,-0.7500219375113133,False,3392
3396,2026-09-28,301041,-0.7514902871854261,False,3393
3397,2026-09-28,688779,-0.75234626030310414,False,3394
3398,2026-09-28,688525,-0.75614252145329575,False,3395
3399,2026-09-28,002523,-0.75783832185845101,False,3396
3400,2026-09-28,600853,-0.75977574928785874,False,3397
3401,2026-09-28,001283,-0.75991491333971917,False,3398
3402,2026-09-28,000027,-0.76417868739542227,False,3399
3403,2026-09-28,688550,-0.7654875068721203,False,3400
3404,2026-09-28,603301,-0.76609897034767449,False,3401
3405,2026-09-28,002777,-0.76613560049947593,False,3402
3406,2026-09-28,600509,-0.76957793351587578,False,3403
3407,2026-09-28,000838,-0.77026560118717857,False,3404
3408,2026-09-28,300217,-0.77251475708423967,False,3405
3409,2026-09-28,603352,-0.77520238599553259,False,3406
3410,2026-09-28,000510,-0.77737713516316154,False,3407
3411,2026-09-28,600495,-0.77861867746732072,False,3408
3412,2026-09-28,600749,-0.77961809669398341,False,3409
3413,2026-09-28,601311,-0.7797144441670445,False,3410
3414,2026-09-28,000783,-0.78404397238157797,False,3411
3415,2026-09-28,600653,-0.78808154667547115,False,3412
3416,2026-09-28,600726,-0.79752142843146712,False,3413
3417,2026-09-28,600458,-0.79757455952148426,False,3414
3418,2026-09-28,600026,-0.79810824885966625,False,3415
3419,2026-09-28,002213,-0.79985722153118566,False,3416
3420,2026-09-28,603717,-0.80019699229582475,False,3417
3421,2026-09-28,605136,-0.80275150290688368,False,3418
3422,2026-09-28,003033,-0.80341884648376416,False,3419
3423,2026-09-28,688639,-0.81023735257152341,False,3420
3424,2026-09-28,600521,-0.81085805675094136,False,3421
3425,2026-09-28,600728,-0.81262265001378986,False,3422
3426,2026-09-28,688707,-0.81297929142473457,False,3423
3427,2026-09-28,300077,-0.81320814658456197,False,3424
3428,2026-09-28,603117,-0.81434320741196053,False,3425
3429,2026-09-28,603018,-0.81562544918274571,False,3426
3430,2026-09-28,301291,-0.81677448721763146,False,3427
3431,2026-09-28,300905,-0.82093556692305913,False,3428
3432,2026-09-28,603312,-0.82197701599637263,False,3429
3433,2026-09-28,300124,-0.83014407869903639,False,3430
3434,2026-09-28,601877,-0.83053250516324129,False,3431
3435,2026-09-28,000688,-0.83161300034989694,False,3432
3436,2026-09-28,002520,-0.83294890345190242,False,3433
3437,2026-09-28,300383,-0.83503217785287265,False,3434
3438,2026-09-28,002658,-0.83646189170178087,False,3435
3439,2026-09-28,688177,-0.8379100267815085,False,3436
3440,2026-09-28,688230,-0.83888328664734357,False,3437
3441,2026-09-28,000761,-0.84126360057683991,False,3438
3442,2026-09-28,300532,-0.84445246408400276,False,3439
3443,2026-09-28,603014,-0.84498593336620942,False,3440
3444,2026-09-28,601878,-0.84625403368816909,False,3441
3445,2026-09-28,603713,-0.84935111784274131,False,3442
3446,2026-09-28,300773,-0.85126367519178758,False,3443
3447,2026-09-28,601106,-0.85189773079625986,False,3444
3448,2026-09-28,688103,-0.85279190918205394,False,3445
3449,2026-09-28,600517,-0.85452414422883782,False,3446
3450,2026-09-28,300815,-0.85474435676852378,False,3447
3451,2026-09-28,603039,-0.85862925628410958,False,3448
3452,2026-09-28,603303,-0.86779796492732308,False,3449
3453,2026-09-28,603365,-0.86878518916660441,False,3450
3454,2026-09-28,300893,-0.86946866488931229,False,3451
3455,2026-09-28,601996,-0.87050230381300353,False,3452
3456,2026-09-28,600582,-0.87089093336698298,False,3453
3457,2026-09-28,301207,-0.87168146461390394,False,3454
3458,2026-09-28,300832,-0.87309779410160337,False,3455
3459,2026-09-28,603877,-0.87532966215430563,False,3456
3460,2026-09-28,600925,-0.87646257308879849,False,3457
3461,2026-09-28,002405,-0.88136102944837635,False,3458
3462,2026-09-28,300184,-0.88493037108971428,False,3459
3463,2026-09-28,688651,-0.89103111970757554,False,3460
3464,2026-09-28,301525,-0.89456169358013149,False,3461
3465,2026-09-28,600864,-0.89723574043801291,False,3462
3466,2026-09-28,603010,-0.90342521664128839,False,3463
3467,2026-09-28,300195,-0.90388788209218973,False,3464
3468,2026-09-28,002595,-0.90429756411499151,False,3465
3469,2026-09-28,003005,-0.90453490715053908,False,3466
3470,2026-09-28,300821,-0.90883879890790231,False,3467
3471,2026-09-28,600573,-0.91040097592590485,False,3468
3472,2026-09-28,601136,-0.91142900960952389,False,3469
3473,2026-09-28,601778,-0.91376454018315068,False,3470
3474,2026-09-28,300364,-0.91635172969677825,False,3471
3475,2026-09-28,688566,-0.92025181702559433,False,3472
3476,2026-09-28,002507,-0.92350138855679953,False,3473
3477,2026-09-28,002671,-0.92383710348437398,False,3474
3478,2026-09-28,600076,-0.92598868543660084,False,3475
3479,2026-09-28,601869,-0.92745825951151151,False,3476
3480,2026-09-28,300655,-0.93093001639156747,False,3477
3481,2026-09-28,300475,-0.93110312885991142,False,3478
3482,2026-09-28,300360,-0.93263846660518568,False,3479
3483,2026-09-28,601166,-0.93464840708931485,False,3480
3484,2026-09-28,600626,-0.93540215144924366,False,3481
3485,2026-09-28,688077,-0.9356081022244408,False,3482
3486,2026-09-28,300149,-0.93647217021996099,False,3483
3487,2026-09-28,601678,-0.93978470213281629,False,3484
3488,2026-09-28,600730,-0.93986832646203577,False,3485
3489,2026-09-28,603127,-0.94255540622915901,False,3486
3490,2026-09-28,301276,-0.94367636041427949,False,3487
3491,2026-09-28,600810,-0.94392308338402031,False,3488
3492,2026-09-28,600326,-0.95041808784875181,False,3489
3493,2026-09-28,600051,-0.95180587673515271,False,3490
3494,2026-09-28,603610,-0.95420130849231499,False,3491
3495,2026-09-28,300507,-0.95824318598464209,False,3492
3496,2026-09-28,600187,-0.95990818983883897,False,3493
3497,2026-09-28,002256,-0.96277551772039804,False,3494
3498,2026-09-28,601727,-0.96601413155414906,False,3495
3499,2026-09-28,300611,-0.96943014518597914,False,3496
3500,2026-09-28,000786,-0.96999777858640579,False,3497
3501,2026-09-28,600038,-0.97263975438291272,False,3498
3502,2026-09-28,300484,-0.974067386825612,False,3499
3503,2026-09-28,300499,-0.97426827800723581,False,3500
3504,2026-09-28,600755,-0.97666373979652921,False,3501
3505,2026-09-28,600789,-0.97969583060117449,False,3502
3506,2026-09-28,688148,-0.98193338126367424,False,3503
3507,2026-09-28,603328,-0.98473959299667957,False,3504
3508,2026-09-28,688029,-0.98496835498507607,False,3505
3509,2026-09-28,688667,-0.98836708874740564,False,3506
3510,2026-09-28,300146,-0.99147904257596098,False,3507
3511,2026-09-28,002180,-0.99463933150200745,False,3508
3512,2026-09-28,688169,-0.99851287367076225,False,3509
3513,2026-09-28,001215,-0.99955284940361755,False,3510
3514,2026-09-28,002019,-1.0050753586709202,False,3511
3515,2026-09-28,300643,-1.0052542786220959,False,3512
3516,2026-09-28,301100,-1.0069425806757331,False,3513
3517,2026-09-28,000679,-1.007356417681069,False,3514
3518,2026-09-28,603229,-1.0125408112609944,False,3515
3519,2026-09-28,603175,-1.0133625342895018,False,3516
3520,2026-09-28,002608,-1.0141090608424028,False,3517
3521,2026-09-28,600578,-1.0148745374308403,False,3518
3522,2026-09-28,600585,-1.0153758369959804,False,3519
3523,2026-09-28,002379,-1.0188878031997737,False,3520
3524,2026-09-28,600179,-1.0191983522043944,False,3521
3525,2026-09-28,300261,-1.0207208559064815,False,3522
3526,2026-09-28,603998,-1.0207692583082566,False,3523
3527,2026-09-28,300478,-1.0224846499898792,False,3524
3528,2026-09-28,601658,-1.0248870194609776,False,3525
3529,2026-09-28,600081,-1.0249353316513856,False,3526
3530,2026-09-28,002466,-1.0260431213369854,False,3527
3531,2026-09-28,600292,-1.0300347575169391,False,3528
3532,2026-09-28,600558,-1.0323218556528013,False,3529
3533,2026-09-28,300426,-1.0324876583648341,False,3530
3534,2026-09-28,600563,-1.0381468801288287,False,3531
3535,2026-09-28,603766,-1.0390204325068297,False,3532
3536,2026-09-28,002281,-1.0401504018200849,False,3533
3537,2026-09-28,605189,-1.0406811560259817,False,3534
3538,2026-09-28,002273,-1.0447239399780732,False,3535
3539,2026-09-28,001339,-1.0484800800420033,False,3536
3540,2026-09-28,300634,-1.0496636458928847,False,3537
3541,2026-09-28,603938,-1.0509675392434139,False,3538
3542,2026-09-28,300259,-1.0552385073500572,False,3539
3543,2026-09-28,002080,-1.0560861221365911,False,3540
3544,2026-09-28,300769,-1.0585802059582747,False,3541
3545,2026-09-28,600649,-1.0593388580644638,False,3542
3546,2026-09-28,000607,-1.0615854235245146,False,3543
3547,2026-09-28,301682,-1.061915196792603,False,3544
3548,2026-09-28,688439,-1.0632642531063028,False,3545
3549,2026-09-28,688301,-1.0644374775078247,False,3546
3550,2026-09-28,002048,-1.0666619453222612,False,3547
3551,2026-09-28,600370,-1.0669221640797191,False,3548
3552,2026-09-28,002050,-1.0696164734758706,False,3549
3553,2026-09-28,002277,-1.0699307252770138,False,3550
3554,2026-09-28,688309,-1.0743433006637351,False,3551
3555,2026-09-28,300074,-1.0761388136514949,False,3552
3556,2026-09-28,688680,-1.0775031095932843,False,3553
3557,2026-09-28,000752,-1.077717169118307,False,3554
3558,2026-09-28,000007,-1.0849229903311737,False,3555
3559,2026-09-28,605100,-1.085744483616558,False,3556
3560,2026-09-28,688518,-1.0883316080669849,False,3557
3561,2026-09-28,605133,-1.0897936204842695,False,3558
3562,2026-09-28,002326,-1.0899651514575472,False,3559
3563,2026-09-28,300882,-1.0908391286315953,False,3560
3564,2026-09-28,301018,-1.0940295731097824,False,3561
3565,2026-09-28,688517,-1.0955393048861426,False,3562
3566,2026-09-28,603061,-1.0987130750674203,False,3563
3567,2026-09-28,603379,-1.0994188014127451,False,3564
3568,2026-09-28,300011,-1.1004313914475627,False,3565
3569,2026-09-28,600703,-1.105762635666905,False,3566
3570,2026-09-28,002546,-1.1099660462855572,False,3567
3571,2026-09-28,000958,-1.1125010194461824,False,3568
3572,2026-09-28,603538,-1.1130837761931098,False,3569
3573,2026-09-28,603344,-1.1155112991525389,False,3570
3574,2026-09-28,301285,-1.115748371868881,False,3571
3575,2026-09-28,000151,-1.1204074152220005,False,3572
3576,2026-09-28,003003,-1.1211994863815775,False,3573
3577,2026-09-28,605398,-1.1217596364170987,False,3574
3578,2026-09-28,688652,-1.1266334491195615,False,3575
3579,2026-09-28,002659,-1.1326104046785037,False,3576
3580,2026-09-28,300170,-1.1337102672403199,False,3577
3581,2026-09-28,002358,-1.1340369492878291,False,3578
3582,2026-09-28,600885,-1.1369610621218245,False,3579
3583,2026-09-28,301079,-1.1387690141976914,False,3580
3584,2026-09-28,601319,-1.1400286611112254,False,3581
3585,2026-09-28,688088,-1.1403862225604526,False,3582
3586,2026-09-28,600391,-1.1414245678229502,False,3583
3587,2026-09-28,600970,-1.1472664567676591,False,3584
3588,2026-09-28,688600,-1.1516107236469315,False,3585
3589,2026-09-28,002848,-1.1535415478140449,False,3586
3590,2026-09-28,002145,-1.1553092377224974,False,3587
3591,2026-09-28,300910,-1.1562573553986266,False,3588
3592,2026-09-28,300187,-1.1569108814597546,False,3589
3593,2026-09-28,688019,-1.1588326244264717,False,3590
3594,2026-09-28,688208,-1.1599795919466771,False,3591
3595,2026-09-28,603508,-1.160576682967416,False,3592
3596,2026-09-28,601555,-1.1610960735184266,False,3593
3597,2026-09-28,600894,-1.1633924755471106,False,3594
3598,2026-09-28,688078,-1.171647295306055,False,3595
3599,2026-09-28,600498,-1.1720501162015844,False,3596
3600,2026-09-28,002676,-1.1725615367346427,False,3597
3601,2026-09-28,300049,-1.174265662097044,False,3598
3602,2026-09-28,002891,-1.1749154264385115,False,3599
3603,2026-09-28,688408,-1.1791089631359244,False,3600
3604,2026-09-28,600708,-1.188201676035292,False,3601
3605,2026-09-28,600977,-1.1894140663810602,False,3602
3606,2026-09-28,000078,-1.1935500143787401,False,3603
3607,2026-09-28,600000,-1.1943675472862414,False,3604
3608,2026-09-28,688610,-1.2017723017896369,False,3605
3609,2026-09-28,603049,-1.2022113736521218,False,3606
3610,2026-09-28,600720,-1.2037945202454108,False,3607
3611,2026-09-28,300026,-1.2076510070478848,False,3608
3612,2026-09-28,600510,-1.2092415193628767,False,3609
3613,2026-09-28,300852,-1.2094060653341767,False,3610
3614,2026-09-28,001312,-1.2108279910518434,False,3611
3615,2026-09-28,301398,-1.2119448030830631,False,3612
3616,2026-09-28,001323,-1.2146459069015509,False,3613
3617,2026-09-28,002027,-1.2187021075257189,False,3614
3618,2026-09-28,002586,-1.2190764998358596,False,3615
3619,2026-09-28,002446,-1.2199703465330083,False,3616
3620,2026-09-28,605499,-1.220300319437523,False,3617
3621,2026-09-28,301196,-1.2208694189613261,False,3618
3622,2026-09-28,601158,-1.223354564919952,False,3619
3623,2026-09-28,002650,-1.2248290207790407,False,3620
3624,2026-09-28,603319,-1.2335415703232733,False,3621
3625,2026-09-28,601138,-1.2341973836283917,False,3622
3626,2026-09-28,601609,-1.2365421564835808,False,3623
3627,2026-09-28,300174,-1.2371396351992003,False,3624
3628,2026-09-28,000048,-1.2384841186948261,False,3625
3629,2026-09-28,603838,-1.2414719007578809,False,3626
3630,2026-09-28,600679,-1.2448983460220215,False,3627
3631,2026-09-28,688636,-1.2497897483641749,False,3628
3632,2026-09-28,002247,-1.2577804050331556,False,3629
3633,2026-09-28,300337,-1.2582609595340033,False,3630
3634,2026-09-28,688068,-1.2598256764318854,False,3631
3635,2026-09-28,605577,-1.2605947014080177,False,3632
3636,2026-09-28,000088,-1.2631675224197618,False,3633
3637,2026-09-28,002067,-1.2654184282845025,False,3634
3638,2026-09-28,688380,-1.2699960346659425,False,3635
3639,2026-09-28,600422,-1.2706851996418025,False,3636
3640,2026-09-28,300938,-1.2707276285478422,False,3637
3641,2026-09-28,603579,-1.2709339658846219,False,3638
3642,2026-09-28,002150,-1.2733626237255629,False,3639
3643,2026-09-28,603871,-1.2735912551519331,False,3640
3644,2026-09-28,603368,-1.2743598646496628,False,3641
3645,2026-09-28,002645,-1.2750212917117634,False,3642
3646,2026-09-28,301217,-1.2752568144855716,False,3643
3647,2026-09-28,605168,-1.2763876749267906,False,3644
3648,2026-09-28,000100,-1.2809309829214461,False,3645
3649,2026-09-28,688173,-1.2865698295405366,False,3646
3650,2026-09-28,300723,-1.2924214198187358,False,3647
3651,2026-09-28,002517,-1.2938062141312165,False,3648
3652,2026-09-28,688318,-1.294024110074856,False,3649
3653,2026-09-28,002368,-1.2970744789157487,False,3650
3654,2026-09-28,600765,-1.2983526165908221,False,3651
3655,2026-09-28,605086,-1.2986098634666343,False,3652
3656,2026-09-28,600939,-1.3045130997720404,False,3653
3657,2026-09-28,600491,-1.3049447952323925,False,3654
3658,2026-09-28,688311,-1.3066983231669831,False,3655
3659,2026-09-28,601229,-1.3087939924180541,False,3656
3660,2026-09-28,300605,-1.3133256731937326,False,3657
3661,2026-09-28,002307,-1.315491363740698,False,3658
3662,2026-09-28,603225,-1.3208868048634821,False,3659
3663,2026-09-28,002492,-1.3209824601672253,False,3660
3664,2026-09-28,301548,-1.3216453714405152,False,3661
3665,2026-09-28,603501,-1.3262797245575104,False,3662
3666,2026-09-28,605376,-1.3292571312929509,False,3663
3667,2026-09-28,600889,-1.3324128069515004,False,3664
3668,2026-09-28,002349,-1.3368893066844612,False,3665
3669,2026-09-28,600628,-1.3371758802999218,False,3666
3670,2026-09-28,688323,-1.3378239236170506,False,3667
3671,2026-09-28,600567,-1.3411610135964758,False,3668
3672,2026-09-28,000599,-1.3413607593425745,False,3669
3673,2026-09-28,605020,-1.3435674004961027,False,3670
3674,2026-09-28,600515,-1.3502347912953701,False,3671
3675,2026-09-28,000600,-1.3535323748961328,False,3672
3676,2026-09-28,002559,-1.3555691190762995,False,3673
3677,2026-09-28,688105,-1.3579461249328912,False,3674
3678,2026-09-28,002566,-1.3585193842218257,False,3675
3679,2026-09-28,688531,-1.361909474317986,False,3676
3680,2026-09-28,002807,-1.3620543723796301,False,3677
3681,2026-09-28,603529,-1.363160539758661,False,3678
3682,2026-09-28,688400,-1.3634270340308976,False,3679
3683,2026-09-28,300173,-1.3634361705403997,False,3680
3684,2026-09-28,300241,-1.3635966569703721,False,3681
3685,2026-09-28,000601,-1.3671243233424593,False,3682
3686,2026-09-28,002240,-1.3677921166934672,False,3683
3687,2026-09-28,300528,-1.3686188429338313,False,3684
3688,2026-09-28,601113,-1.3699313643789828,False,3685
3689,2026-09-28,300109,-1.3726362667097778,False,3686
3690,2026-09-28,001306,-1.376377367033379,False,3687
3691,2026-09-28,002709,-1.3767509559769562,False,3688
3692,2026-09-28,000901,-1.3768744627045799,False,3689
3693,2026-09-28,000875,-1.3779158392727906,False,3690
3694,2026-09-28,001282,-1.3785657375181388,False,3691
3695,2026-09-28,300346,-1.3829374745441054,False,3692
3696,2026-09-28,603236,-1.3845385858025279,False,3693
3697,2026-09-28,001225,-1.3871976162016402,False,3694
3698,2026-09-28,300244,-1.3913802567454314,False,3695
3699,2026-09-28,300666,-1.3977846000157794,False,3696
3700,2026-09-28,600143,-1.4002139736485111,False,3697
3701,2026-09-28,002042,-1.4015320758957284,False,3698
3702,2026-09-28,605080,-1.4021338923436257,False,3699
3703,2026-09-28,002590,-1.4044089697847228,False,3700
3704,2026-09-28,000025,-1.4067360477291699,False,3701
3705,2026-09-28,002789,-1.4125373042423846,False,3702
3706,2026-09-28,000521,-1.4135185395511356,False,3703
3707,2026-09-28,300467,-1.4193068476386774,False,3704
3708,2026-09-28,300450,-1.4248051046604431,False,3705
3709,2026-09-28,688182,-1.4249063865476459,False,3706
3710,2026-09-28,600130,-1.4304512324777736,False,3707
3711,2026-09-28,601991,-1.4318283067497122,False,3708
3712,2026-09-28,688519,-1.4341656330181971,False,3709
3713,2026-09-28,601128,-1.4391051774012495,False,3710
3714,2026-09-28,300007,-1.4396846883355223,False,3711
3715,2026-09-28,603444,-1.4400856280464995,False,3712
3716,2026-09-28,603583,-1.4420351845220172,False,3713
3717,2026-09-28,000801,-1.4467883199211951,False,3714
3718,2026-09-28,600113,-1.4532020114338629,False,3715
3719,2026-09-28,002533,-1.4539326528344443,False,3716
3720,2026-09-28,301550,-1.4553796958457124,False,3717
3721,2026-09-28,300916,-1.4591858875785553,False,3718
3722,2026-09-28,300665,-1.4633010798237189,False,3719
3723,2026-09-28,300236,-1.4649573958186841,False,3720
3724,2026-09-28,601021,-1.4689687293645499,False,3721
3725,2026-09-28,000539,-1.469756985430398,False,3722
3726,2026-09-28,600734,-1.4738951643321965,False,3723
3727,2026-09-28,300206,-1.4833302075344121,False,3724
3728,2026-09-28,300461,-1.4876132982255534,False,3725
3729,2026-09-28,603370,-1.4939158918722881,False,3726
3730,2026-09-28,600363,-1.4957134670075423,False,3727
3731,2026-09-28,000541,-1.4973593918055896,False,3728
3732,2026-09-28,301220,-1.5015025410558702,False,3729
3733,2026-09-28,300715,-1.5033569447084978,False,3730
3734,2026-09-28,300428,-1.5048144680203361,False,3731
3735,2026-09-28,002039,-1.5055354004667074,False,3732
3736,2026-09-28,002200,-1.5135636139006334,False,3733
3737,2026-09-28,301327,-1.5153792980732574,False,3734
3738,2026-09-28,002293,-1.5184955145392278,False,3735
3739,2026-09-28,600983,-1.5187270197986416,False,3736
3740,2026-09-28,601686,-1.5237328752888151,False,3737
3741,2026-09-28,002550,-1.5254508037627681,False,3738
3742,2026-09-28,603001,-1.5256444399269933,False,3739
3743,2026-09-28,601369,-1.53070751475581,False,3740
3744,2026-09-28,301358,-1.5313101716180613,False,3741
3745,2026-09-28,600886,-1.5331512615449281,False,3742
3746,2026-09-28,600905,-1.5344425681059513,False,3743
3747,2026-09-28,300959,-1.5408320823745729,False,3744
3748,2026-09-28,002959,-1.5420136168740708,False,3745
3749,2026-09-28,688584,-1.5447110535568873,False,3746
3750,2026-09-28,600375,-1.5618172781793822,False,3747
3751,2026-09-28,300395,-1.5632275861395066,False,3748
3752,2026-09-28,002555,-1.563611298397849,False,3749
3753,2026-09-28,300594,-1.5637682673140894,False,3750
3754,2026-09-28,300626,-1.5643499499430198,False,3751
3755,2026-09-28,002997,-1.5655569933360314,False,3752
3756,2026-09-28,600060,-1.5679657282479356,False,3753
3757,2026-09-28,300093,-1.5756116312849273,False,3754
3758,2026-09-28,002605,-1.5760623449143569,False,3755
3759,2026-09-28,600381,-1.578201054730014,False,3756
3760,2026-09-28,603226,-1.5828231480017585,False,3757
3761,2026-09-28,688220,-1.583014668920034,False,3758
3762,2026-09-28,600285,-1.5847129293808964,False,3759
3763,2026-09-28,600459,-1.5858684870614725,False,3760
3764,2026-09-28,300732,-1.5883293297057723,False,3761
3765,2026-09-28,001211,-1.5894270327782598,False,3762
3766,2026-09-28,000997,-1.5923607211462394,False,3763
3767,2026-09-28,300964,-1.5923878324746239,False,3764
3768,2026-09-28,300761,-1.5979383574943964,False,3765
3769,2026-09-28,301349,-1.6075269954716316,False,3766
3770,2026-09-28,301568,-1.6092320490648011,False,3767
3771,2026-09-28,000166,-1.6114334415243541,False,3768
3772,2026-09-28,603611,-1.6132090716302321,False,3769
3773,2026-09-28,603052,-1.6158778863327896,False,3770
3774,2026-09-28,600820,-1.6166857569555937,False,3771
3775,2026-09-28,002295,-1.62085220307519,False,3772
3776,2026-09-28,002728,-1.6237012017304298,False,3773
3777,2026-09-28,001207,-1.6240558941588836,False,3774
3778,2026-09-28,600909,-1.6272219753692432,False,3775
3779,2026-09-28,600893,-1.629058866360565,False,3776
3780,2026-09-28,301282,-1.6308221069284841,False,3777
3781,2026-09-28,000623,-1.6323542673351807,False,3778
3782,2026-09-28,601899,-1.6337718382496809,False,3779
3783,2026-09-28,002715,-1.6409702521959146,False,3780
3784,2026-09-28,603160,-1.6479529182040211,False,3781
3785,2026-09-28,601456,-1.6536639605685139,False,3782
3786,2026-09-28,600807,-1.6538386570822023,False,3783
3787,2026-09-28,600808,-1.659527093042406,False,3784
3788,2026-09-28,300176,-1.6595726886874647,False,3785
3789,2026-09-28,688049,-1.6658427550328847,False,3786
3790,2026-09-28,002179,-1.6659776224294573,False,3787
3791,2026-09-28,002471,-1.6665748725353957,False,3788
3792,2026-09-28,002815,-1.670853995659868,False,3789
3793,2026-09-28,300661,-1.6712141952759545,False,3790
3794,2026-09-28,002125,-1.675000714885674,False,3791
3795,2026-09-28,600782,-1.6752086742521222,False,3792
3796,2026-09-28,002124,-1.6752585472346309,False,3793
3797,2026-09-28,002774,-1.6754724167003798,False,3794
3798,2026-09-28,600067,-1.6764484378640205,False,3795
3799,2026-09-28,300001,-1.6788491784421502,False,3796
3800,2026-09-28,301063,-1.6839360041530904,False,3797
3801,2026-09-28,000938,-1.6886471007586827,False,3798
3802,2026-09-28,600863,-1.6888710972528762,False,3799
3803,2026-09-28,300321,-1.6894100083947872,False,3800
3804,2026-09-28,300419,-1.6900069607113353,False,3801
3805,2026-09-28,002422,-1.6921441192431517,False,3802
3806,2026-09-28,603163,-1.6990842638463683,False,3803
3807,2026-09-28,300151,-1.7002553369092515,False,3804
3808,2026-09-28,300070,-1.7029828574604564,False,3805
3809,2026-09-28,600750,-1.7055466443032887,False,3806
3810,2026-09-28,603818,-1.7081290241980183,False,3807
3811,2026-09-28,688235,-1.7082127459467138,False,3808
3812,2026-09-28,300982,-1.7107495639663228,False,3809
3813,2026-09-28,002460,-1.7135871628138246,False,3810
3814,2026-09-28,000069,-1.7153195203153688,False,3811
3815,2026-09-28,300159,-1.7165433523317717,False,3812
3816,2026-09-28,300002,-1.7174210890986132,False,3813
3817,2026-09-28,000967,-1.7176653346560526,False,3814
3818,2026-09-28,002851,-1.7199235073734034,False,3815
3819,2026-09-28,688563,-1.7289475025206511,False,3816
3820,2026-09-28,600958,-1.7292232784728998,False,3817
3821,2026-09-28,600416,-1.7335943543177419,False,3818
3822,2026-09-28,688223,-1.7363750921705505,False,3819
3823,2026-09-28,688617,-1.7391797796114097,False,3820
3824,2026-09-28,605077,-1.7407036274386538,False,3821
3825,2026-09-28,600392,-1.743937909596988,False,3822
3826,2026-09-28,300984,-1.7460836243133178,False,3823
3827,2026-09-28,002053,-1.7507283892059573,False,3824
3828,2026-09-28,600316,-1.7560813692469672,False,3825
3829,2026-09-28,603350,-1.7570212681959505,False,3826
3830,2026-09-28,688766,-1.7588364396421445,False,3827
3831,2026-09-28,603716,-1.7597475930405562,False,3828
3832,2026-09-28,688605,-1.7599645133511506,False,3829
3833,2026-09-28,000049,-1.7614536750656209,False,3830
3834,2026-09-28,600058,-1.7637762240932267,False,3831
3835,2026-09-28,600663,-1.7644465194078593,False,3832
3836,2026-09-28,600221,-1.7653692326585804,False,3833
3837,2026-09-28,300287,-1.7660782776741528,False,3834
3838,2026-09-28,600583,-1.7723956441445221,False,3835
3839,2026-09-28,300760,-1.7790476943434346,False,3836
3840,2026-09-28,002714,-1.7791345422127041,False,3837
3841,2026-09-28,301393,-1.7891152109805226,False,3838
3842,2026-09-28,688267,-1.7892187955101131,False,3839
3843,2026-09-28,301086,-1.7917911346217024,False,3840
3844,2026-09-28,300349,-1.7940082607767471,False,3841
3845,2026-09-28,001289,-1.7956564108729327,False,3842
3846,2026-09-28,688419,-1.7956834189192832,False,3843
3847,2026-09-28,000983,-1.7964123046437777,False,3844
3848,2026-09-28,301260,-1.8000117453553477,False,3845
3849,2026-09-28,002455,-1.8016767587810945,False,3846
3850,2026-09-28,688750,-1.8023986875524152,False,3847
3851,2026-09-28,002474,-1.8046545172126347,False,3848
3852,2026-09-28,600513,-1.8066692945297178,False,3849
3853,2026-09-28,601995,-1.8108243936534414,False,3850
3854,2026-09-28,301380,-1.8113683016992421,False,3851
3855,2026-09-28,301383,-1.8148766808316261,False,3852
3856,2026-09-28,600888,-1.8160686604465675,False,3853
3857,2026-09-28,600109,-1.8280338504449756,False,3854
3858,2026-09-28,002786,-1.8307170740306993,False,3855
3859,2026-09-28,688222,-1.8326846083937309,False,3856
3860,2026-09-28,688213,-1.838044078596861,False,3857
3861,2026-09-28,603187,-1.8385794950627141,False,3858
3862,2026-09-28,600243,-1.8411823244196179,False,3859
3863,2026-09-28,002771,-1.8415872907180013,False,3860
3864,2026-09-28,603093,-1.846720236516239,False,3861
3865,2026-09-28,002926,-1.8469211627501008,False,3862
3866,2026-09-28,600235,-1.8487707712368204,False,3863
3867,2026-09-28,300502,-1.8570255090224332,False,3864
3868,2026-09-28,002494,-1.8576944495735535,False,3865
3869,2026-09-28,603205,-1.8624320858032275,False,3866
3870,2026-09-28,300223,-1.864245599191102,False,3867
3871,2026-09-28,000045,-1.8653146183838978,False,3868
3872,2026-09-28,002290,-1.8659428483108527,False,3869
3873,2026-09-28,600642,-1.8662462349882576,False,3870
3874,2026-09-28,603797,-1.8667888603919534,False,3871
3875,2026-09-28,688712,-1.8678802191968047,False,3872
3876,2026-09-28,601718,-1.8692878689605332,False,3873
3877,2026-09-28,603212,-1.8717676912554464,False,3874
3878,2026-09-28,000885,-1.8758158219571173,False,3875
3879,2026-09-28,300314,-1.8769244862936683,False,3876
3880,2026-09-28,002099,-1.877219702885915,False,3877
3881,2026-09-28,002569,-1.8787558375194229,False,3878
3882,2026-09-28,002631,-1.8811972098392613,False,3879
3883,2026-09-28,688825,-1.8835770478582234,False,3880
3884,2026-09-28,603099,-1.897103365220409,False,3881
3885,2026-09-28,603203,-1.9003556760361793,False,3882
3886,2026-09-28,002397,-1.9003959495247853,False,3883
3887,2026-09-28,002203,-1.904063507528434,False,3884
3888,2026-09-28,300660,-1.9048243870615638,False,3885
3889,2026-09-28,000031,-1.9054992196666438,False,3886
3890,2026-09-28,688665,-1.9107662525924145,False,3887
3891,2026-09-28,603808,-1.9112546194938418,False,3888
3892,2026-09-28,600522,-1.91233898781064,False,3889
3893,2026-09-28,300423,-1.9172590245275023,False,3890
3894,2026-09-28,300424,-1.9231485053496249,False,3891
3895,2026-09-28,002767,-1.9250405693745638,False,3892
3896,2026-09-28,688635,-1.9284199917731328,False,3893
3897,2026-09-28,600742,-1.9329937070457233,False,3894
3898,2026-09-28,600490,-1.9366950683198105,False,3895
3899,2026-09-28,002730,-1.9406957530382876,False,3896
3900,2026-09-28,002065,-1.943882697153537,False,3897
3901,2026-09-28,600022,-1.9456145621737699,False,3898
3902,2026-09-28,600605,-1.9488052589185734,False,3899
3903,2026-09-28,600500,-1.9555912530840027,False,3900
3904,2026-09-28,688702,-1.9578833929314006,False,3901
3905,2026-09-28,600512,-1.9614925990374705,False,3902
3906,2026-09-28,600161,-1.9627198052827974,False,3903
3907,2026-09-28,601818,-1.9636097286723346,False,3904
3908,2026-09-28,000790,-1.9686384730765267,False,3905
3909,2026-09-28,688266,-1.969883522919367,False,3906
3910,2026-09-28,000652,-1.9772551649803036,False,3907
3911,2026-09-28,000063,-1.9774690582114223,False,3908
3912,2026-09-28,000733,-1.978446837106002,False,3909
3913,2026-09-28,301338,-1.9789410406732215,False,3910
3914,2026-09-28,002838,-1.9840346338660799,False,3911
3915,2026-09-28,300748,-1.9844861765580217,False,3912
3916,2026-09-28,002204,-1.9857202063581947,False,3913
3917,2026-09-28,600380,-1.9869857483297351,False,3914
3918,2026-09-28,600587,-1.9870782779234837,False,3915
3919,2026-09-28,002823,-1.9874830437163311,False,3916
3920,2026-09-28,603589,-1.9881861044054712,False,3917
3921,2026-09-28,002936,-1.9909671347798483,False,3918
3922,2026-09-28,688199,-1.991509575689757,False,3919
3923,2026-09-28,301365,-1.9921928021317541,False,3920
3924,2026-09-28,603259,-1.9952726739746631,False,3921
3925,2026-09-28,600284,-1.9979577450213322,False,3922
3926,2026-09-28,600927,-2.0001240046357243,False,3923
3927,2026-09-28,688506,-2.0001845011003305,False,3924
3928,2026-09-28,002403,-2.0019775892742318,False,3925
3929,2026-09-28,603799,-2.0052442418027967,False,3926
3930,2026-09-28,688001,-2.0131668151100208,False,3927
3931,2026-09-28,001356,-2.0151331398763053,False,3928
3932,2026-09-28,600226,-2.0196941702769018,False,3929
3933,2026-09-28,688597,-2.0262155163417566,False,3930
3934,2026-09-28,301392,-2.0275036611081889,False,3931
3935,2026-09-28,600867,-2.0286611755169695,False,3932
3936,2026-09-28,688279,-2.0307694304008823,False,3933
3937,2026-09-28,600160,-2.0444549505646501,False,3934
3938,2026-09-28,600615,-2.0498442749329699,False,3935
3939,2026-09-28,003031,-2.0514971239753459,False,3936
3940,2026-09-28,300696,-2.0566096607082924,False,3937
3941,2026-09-28,003023,-2.0568392989681308,False,3938
3942,2026-09-28,000987,-2.058259023404863,False,3939
3943,2026-09-28,300586,-2.0623685131784848,False,3940
3944,2026-09-28,600981,-2.0673792502027695,False,3941
3945,2026-09-28,000009,-2.0692949943163557,False,3942
3946,2026-09-28,600276,-2.0694599052387392,False,3943
3947,2026-09-28,301267,-2.0696495970993807,False,3944
3948,2026-09-28,301325,-2.0701306735444271,False,3945
3949,2026-09-28,600320,-2.0731090546188993,False,3946
3950,2026-09-28,002235,-2.0759235357349137,False,3947
3951,2026-09-28,600166,-2.076100213207928,False,3948
3952,2026-09-28,001267,-2.0761743274210493,False,3949
3953,2026-09-28,002813,-2.0770196694056731,False,3950
3954,2026-09-28,300620,-2.0773432792454725,False,3951
3955,2026-09-28,688385,-2.0842222243789701,False,3952
3956,2026-09-28,603697,-2.0849374276144865,False,3953
3957,2026-09-28,301680,-2.0856712576908616,False,3954
3958,2026-09-28,600761,-2.0932483324204476,False,3955
3959,2026-09-28,603108,-2.0945067501315497,False,3956
3960,2026-09-28,600372,-2.0950075938243877,False,3957
3961,2026-09-28,600651,-2.0958579916433684,False,3958
3962,2026-09-28,601908,-2.1016643499338103,False,3959
3963,2026-09-28,605255,-2.103283040548257,False,3960
3964,2026-09-28,603207,-2.1064637746262052,False,3961
3965,2026-09-28,605277,-2.1065427531295797,False,3962
3966,2026-09-28,688811,-2.1115557023986504,False,3963
3967,2026-09-28,603638,-2.1182439463014329,False,3964
3968,2026-09-28,300580,-2.1299071494771389,False,3965
3969,2026-09-28,002091,-2.1301660233852688,False,3966
3970,2026-09-28,688733,-2.1338267594510345,False,3967
3971,2026-09-28,002316,-2.1348031311631424,False,3968
3972,2026-09-28,603559,-2.1364839068527455,False,3969
3973,2026-09-28,603192,-2.1391205612482294,False,3970
3974,2026-09-28,002043,-2.1437955618387794,False,3971
3975,2026-09-28,002495,-2.1488126411667494,False,3972
3976,2026-09-28,001389,-2.1513455431046857,False,3973
3977,2026-09-28,300097,-2.1553843883038333,False,3974
3978,2026-09-28,601390,-2.1554450578540032,False,3975
3979,2026-09-28,601789,-2.156134091754315,False,3976
3980,2026-09-28,605358,-2.1563246403673295,False,3977
3981,2026-09-28,002123,-2.1566075459442144,False,3978
3982,2026-09-28,002382,-2.1593581935664847,False,3979
3983,2026-09-28,002945,-2.1604111803229786,False,3980
3984,2026-09-28,000055,-2.1605882284208731,False,3981
3985,2026-09-28,002816,-2.1633784504882629,False,3982
3986,2026-09-28,300669,-2.1703510472595604,False,3983
3987,2026-09-28,000921,-2.1752512754603011,False,3984
3988,2026-09-28,603050,-2.1760238237713847,False,3985
3989,2026-09-28,002333,-2.1829845902841853,False,3986
3990,2026-09-28,000791,-2.1864390706578294,False,3987
3991,2026-09-28,000415,-2.187001531899436,False,3988
3992,2026-09-28,300873,-2.188093431230508,False,3989
3993,2026-09-28,603305,-2.1930715992675678,False,3990
3994,2026-09-28,002510,-2.1959453525164516,False,3991
3995,2026-09-28,301565,-2.2031039308435156,False,3992
3996,2026-09-28,300490,-2.2043460477671166,False,3993
3997,2026-09-28,002095,-2.2047791366912852,False,3994
3998,2026-09-28,600289,-2.2053234582023542,False,3995
3999,2026-09-28,300115,-2.2173419438716935,False,3996
4000,2026-09-28,002252,-2.2197559979912134,False,3997
4001,2026-09-28,002542,-2.2202957307348861,False,3998
4002,2026-09-28,688005,-2.2260652807284025,False,3999
4003,2026-09-28,300263,-2.2278995295444766,False,4000
4004,2026-09-28,301236,-2.22945075683436,False,4001
4005,2026-09-28,300181,-2.2302109872242823,False,4002
4006,2026-09-28,002225,-2.2315820716603514,False,4003
4007,2026-09-28,300047,-2.2340872014994928,False,4004
4008,2026-09-28,603215,-2.2345042304828979,False,4005
4009,2026-09-28,688059,-2.2363253628185751,False,4006
4010,2026-09-28,301419,-2.2434774173768002,False,4007
4011,2026-09-28,000685,-2.2442870614708115,False,4008
4012,2026-09-28,300296,-2.2448338141762685,False,4009
4013,2026-09-28,002289,-2.2450548173314226,False,4010
4014,2026-09-28,600935,-2.2477220225474999,False,4011
4015,2026-09-28,001221,-2.248583731575124,False,4012
4016,2026-09-28,002373,-2.2533396174580673,False,4013
4017,2026-09-28,600312,-2.2633384596613877,False,4014
4018,2026-09-28,002594,-2.2726802784846249,False,4015
4019,2026-09-28,300365,-2.2743223019079992,False,4016
4020,2026-09-28,600533,-2.2820239508577282,False,4017
4021,2026-09-28,300531,-2.2862182313078225,False,4018
4022,2026-09-28,000913,-2.2868717254200455,False,4019
4023,2026-09-28,301269,-2.2987963211707205,False,4020
4024,2026-09-28,600111,-2.3002521593965173,False,4021
4025,2026-09-28,688795,-2.3048653436275539,False,4022
4026,2026-09-28,603327,-2.3085455737793881,False,4023
4027,2026-09-28,002348,-2.3113403481392867,False,4024
4028,2026-09-28,000099,-2.3141618215907735,False,4025
4029,2026-09-28,601162,-2.3179675076541697,False,4026
4030,2026-09-28,300291,-2.3210386602911885,False,4027
4031,2026-09-28,603577,-2.3219198023434409,False,4028
4032,2026-09-28,002506,-2.322151022095861,False,4029
4033,2026-09-28,300073,-2.3230200823959031,False,4030
4034,2026-09-28,300496,-2.3233995834012533,False,4031
4035,2026-09-28,603285,-2.3252914636547271,False,4032
4036,2026-09-28,301229,-2.3289162506063015,False,4033
4037,2026-09-28,600569,-2.3289542132906078,False,4034
4038,2026-09-28,002060,-2.3305596302550398,False,4035
4039,2026-09-28,600979,-2.3325275157477598,False,4036
4040,2026-09-28,600702,-2.3373110471887708,False,4037
4041,2026-09-28,300398,-2.3424625233108998,False,4038
4042,2026-09-28,600985,-2.3438746651463997,False,4039
4043,2026-09-28,000530,-2.3445818783516739,False,4040
4044,2026-09-28,600673,-2.3477537058098616,False,4041
4045,2026-09-28,301498,-2.3506999700327209,False,4042
4046,2026-09-28,688349,-2.3510021894723243,False,4043
4047,2026-09-28,002424,-2.3520738893128241,False,4044
4048,2026-09-28,688819,-2.3608221001306928,False,4045
4049,2026-09-28,002733,-2.3611288967991935,False,4046
4050,2026-09-28,301168,-2.3675566340503353,False,4047
4051,2026-09-28,000030,-2.36779435366152,False,4048
4052,2026-09-28,300058,-2.3711625493066744,False,4049
4053,2026-09-28,688623,-2.3723204143312309,False,4050
4054,2026-09-28,688320,-2.3764443647925702,False,4051
4055,2026-09-28,600686,-2.3769020365062357,False,4052
4056,2026-09-28,000703,-2.3770274687645729,False,4053
4057,2026-09-28,300863,-2.3778649159434142,False,4054
4058,2026-09-28,001896,-2.3779664888462282,False,4055
4059,2026-09-28,002233,-2.3814544623669618,False,4056
4060,2026-09-28,600681,-2.3850954275946004,False,4057
4061,2026-09-28,300382,-2.3877085510849891,False,4058
4062,2026-09-28,002642,-2.40724657862744,False,4059
4063,2026-09-28,002367,-2.408111270622284,False,4060
4064,2026-09-28,603019,-2.4167736574581449,False,4061
4065,2026-09-28,601689,-2.4186796471159679,False,4062
4066,2026-09-28,300200,-2.4189234736014527,False,4063
4067,2026-09-28,605228,-2.4190371689918702,False,4064
4068,2026-09-28,688233,-2.4222786924277333,False,4065
4069,2026-09-28,002497,-2.4233026168142455,False,4066
4070,2026-09-28,002491,-2.4280192908680984,False,4067
4071,2026-09-28,605001,-2.4306529671423434,False,4068
4072,2026-09-28,301046,-2.432012374358691,False,4069
4073,2026-09-28,002967,-2.4412606046334955,False,4070
4074,2026-09-28,600115,-2.4455471022564126,False,4071
4075,2026-09-28,000629,-2.4462604666080221,False,4072
4076,2026-09-28,688758,-2.4476752179994938,False,4073
4077,2026-09-28,002106,-2.447739549139075,False,4074
4078,2026-09-28,002600,-2.4478731882978289,False,4075
4079,2026-09-28,688065,-2.4504901612876191,False,4076
4080,2026-09-28,001229,-2.4557910659179867,False,4077
4081,2026-09-28,002268,-2.4634430393618438,False,4078
4082,2026-09-28,300253,-2.4645910659572339,False,4079
4083,2026-09-28,000795,-2.467682534525323,False,4080
4084,2026-09-28,300439,-2.4707419240445314,False,4081
4085,2026-09-28,300039,-2.4769962730615545,False,4082
4086,2026-09-28,688591,-2.4808751642447926,False,4083
4087,2026-09-28,000767,-2.4837883833578078,False,4084
4088,2026-09-28,601636,-2.4853630562270603,False,4085
4089,2026-09-28,300869,-2.487587646949331,False,4086
4090,2026-09-28,603179,-2.4905581568272028,False,4087
4091,2026-09-28,688472,-2.4974456482305776,False,4088
4092,2026-09-28,603885,-2.4982019029344587,False,4089
4093,2026-09-28,000659,-2.4984323320999122,False,4090
4094,2026-09-28,002100,-2.4990780285192349,False,4091
4095,2026-09-28,002463,-2.5103015488057374,False,4092
4096,2026-09-28,600895,-2.5116613178908191,False,4093
4097,2026-09-28,002374,-2.5191065280903779,False,4094
4098,2026-09-28,000021,-2.520350189191741,False,4095
4099,2026-09-28,600061,-2.5276395095370203,False,4096
4100,2026-09-28,300840,-2.5311160019212844,False,4097
4101,2026-09-28,688016,-2.5319437051088114,False,4098
4102,2026-09-28,600048,-2.5346523230055271,False,4099
4103,2026-09-28,300795,-2.5403724352835058,False,4100
4104,2026-09-28,600232,-2.5412332357646488,False,4101
4105,2026-09-28,603908,-2.5460774057249704,False,4102
4106,2026-09-28,001257,-2.5496106883920482,False,4103
4107,2026-09-28,000721,-2.5579265206260065,False,4104
4108,2026-09-28,002623,-2.5594351399051325,False,4105
4109,2026-09-28,300609,-2.5599529461455894,False,4106
4110,2026-09-28,600345,-2.5606549632168818,False,4107
4111,2026-09-28,605198,-2.5636582158461674,False,4108
4112,2026-09-28,600405,-2.5656075253404818,False,4109
4113,2026-09-28,300363,-2.5660553135152879,False,4110
4114,2026-09-28,300190,-2.566459554291967,False,4111
4115,2026-09-28,601975,-2.5685227920769078,False,4112
4116,2026-09-28,600531,-2.5718488005714697,False,4113
4117,2026-09-28,300304,-2.5733106320919559,False,4114
4118,2026-09-28,688052,-2.5748367883156802,False,4115
4119,2026-09-28,688426,-2.5758705481890507,False,4116
4120,2026-09-28,002916,-2.5861539626598855,False,4117
4121,2026-09-28,600579,-2.590846407752212,False,4118
4122,2026-09-28,600478,-2.5911567787020533,False,4119
4123,2026-09-28,002780,-2.5936973081749919,False,4120
4124,2026-09-28,300302,-2.5989191845297057,False,4121
4125,2026-09-28,603336,-2.5999418446302425,False,4122
4126,2026-09-28,300457,-2.6050204534194403,False,4123
4127,2026-09-28,002925,-2.6161214656159846,False,4124
4128,2026-09-28,301075,-2.616474752020884,False,4125
4129,2026-09-28,600383,-2.6257598072883161,False,4126
4130,2026-09-28,301187,-2.6274305079317202,False,4127
4131,2026-09-28,600879,-2.6279330513492112,False,4128
4132,2026-09-28,000963,-2.6303739535651429,False,4129
4133,2026-09-28,002366,-2.6402308686910954,False,4130
4134,2026-09-28,002541,-2.6410376124809747,False,4131
4135,2026-09-28,688187,-2.6418451328780912,False,4132
4136,2026-09-28,600667,-2.6459735989088529,False,4133
4137,2026-09-28,300975,-2.6491535043275665,False,4134
4138,2026-09-28,000060,-2.6513430625015295,False,4135
4139,2026-09-28,002756,-2.6526465555021845,False,4136
4140,2026-09-28,002187,-2.6536671151429996,False,4137
4141,2026-09-28,600171,-2.6555734201595218,False,4138
4142,2026-09-28,301061,-2.6579040071106692,False,4139
4143,2026-09-28,600201,-2.6592159229278547,False,4140
4144,2026-09-28,603060,-2.6619232395081269,False,4141
4145,2026-09-28,600520,-2.662765429613323,False,4142
4146,2026-09-28,603688,-2.6668720945534177,False,4143
4147,2026-09-28,688114,-2.6674493998225275,False,4144
4148,2026-09-28,300587,-2.6702395842701963,False,4145
4149,2026-09-28,000669,-2.6788165375846011,False,4146
4150,2026-09-28,603858,-2.6835839203703786,False,4147
4151,2026-09-28,600343,-2.6861925039669905,False,4148
4152,2026-09-28,600389,-2.6903443833342378,False,4149
4153,2026-09-28,600064,-2.6912919016920847,False,4150
4154,2026-09-28,300566,-2.6942685295220175,False,4151
4155,2026-09-28,002219,-2.6947870542263237,False,4152
4156,2026-09-28,600592,-2.6966653054540792,False,4153
4157,2026-09-28,000882,-2.69724933193854,False,4154
4158,2026-09-28,301297,-2.7013691483666817,False,4155
4159,2026-09-28,688275,-2.704620958440763,False,4156
4160,2026-09-28,600764,-2.7082520744714493,False,4157
4161,2026-09-28,002583,-2.7185396036769398,False,4158
4162,2026-09-28,688383,-2.7312123889369713,False,4159
4163,2026-09-28,688590,-2.7344166014843605,False,4160
4164,2026-09-28,688170,-2.7349589596186377,False,4161
4165,2026-09-28,000960,-2.7365965967292523,False,4162
4166,2026-09-28,601377,-2.7404271383306105,False,4163
4167,2026-09-28,603669,-2.7417042308335793,False,4164
4168,2026-09-28,603035,-2.7418437458681502,False,4165
4169,2026-09-28,688041,-2.7439831379766639,False,4166
4170,2026-09-28,603738,-2.7461447199352857,False,4167
4171,2026-09-28,000657,-2.7528915332601853,False,4168
4172,2026-09-28,600366,-2.7542410686266257,False,4169
4173,2026-09-28,688306,-2.7626370883081748,False,4170
4174,2026-09-28,603112,-2.7706521135466504,False,4171
4175,2026-09-28,002527,-2.7729169089644796,False,4172
4176,2026-09-28,002445,-2.773763483617536,False,4173
4177,2026-09-28,688611,-2.7750660994518035,False,4174
4178,2026-09-28,603979,-2.7791150454868809,False,4175
4179,2026-09-28,688503,-2.7808514966088405,False,4176
4180,2026-09-28,688253,-2.7834281576325317,False,4177
4181,2026-09-28,000883,-2.7900367310220915,False,4178
4182,2026-09-28,600233,-2.7978787053561236,False,4179
4183,2026-09-28,301608,-2.8066597822431092,False,4180
4184,2026-09-28,300438,-2.8100291263604427,False,4181
4185,2026-09-28,000785,-2.8198779889449774,False,4182
4186,2026-09-28,603806,-2.8217717228118615,False,4183
4187,2026-09-28,002440,-2.8223851471156927,False,4184
4188,2026-09-28,688401,-2.826848093026733,False,4185
4189,2026-09-28,003004,-2.8309422678828153,False,4186
4190,2026-09-28,603219,-2.8331275881829572,False,4187
4191,2026-09-28,300098,-2.8344927281458348,False,4188
4192,2026-09-28,300203,-2.8363280816168031,False,4189
4193,2026-09-28,300169,-2.837965383728692,False,4190
4194,2026-09-28,300876,-2.8438371116060748,False,4191
4195,2026-09-28,688167,-2.8544409686126224,False,4192
4196,2026-09-28,000970,-2.856495716351529,False,4193
4197,2026-09-28,300520,-2.860656852837129,False,4194
4198,2026-09-28,300759,-2.8611722471337813,False,4195
4199,2026-09-28,002312,-2.8662889413230488,False,4196
4200,2026-09-28,002425,-2.8688031940801859,False,4197
4201,2026-09-28,300009,-2.8726132560267312,False,4198
4202,2026-09-28,600248,-2.8731527106865826,False,4199
4203,2026-09-28,300553,-2.8752247720914399,False,4200
4204,2026-09-28,000953,-2.8776214059014835,False,4201
4205,2026-09-28,000701,-2.8792007105823267,False,4202
4206,2026-09-28,688072,-2.8826081993248183,False,4203
4207,2026-09-28,688087,-2.8828183770831561,False,4204
4208,2026-09-28,688808,-2.8836195624796859,False,4205
4209,2026-09-28,600011,-2.885329858858662,False,4206
4210,2026-09-28,601375,-2.887279929539484,False,4207
4211,2026-09-28,000014,-2.8883283567571869,False,4208
4212,2026-09-28,603755,-2.8888771894102496,False,4209
4213,2026-09-28,000932,-2.8990461438691422,False,4210
4214,2026-09-28,002633,-2.9019433322604229,False,4211
4215,2026-09-28,603667,-2.9081877703345373,False,4212
4216,2026-09-28,300746,-2.9122804335648862,False,4213
4217,2026-09-28,600721,-2.9282011389421019,False,4214
4218,2026-09-28,600661,-2.9292625320982606,False,4215
4219,2026-09-28,600675,-2.9294482437783929,False,4216
4220,2026-09-28,603679,-2.9327586302402775,False,4217
4221,2026-09-28,600516,-2.9337603737630578,False,4218
4222,2026-09-28,600771,-2.9358241959526636,False,4219
4223,2026-09-28,605069,-2.938830821491357,False,4220
4224,2026-09-28,300939,-2.940419359984948,False,4221
4225,2026-09-28,688108,-2.9410017167802467,False,4222
4226,2026-09-28,003036,-2.9410612601248509,False,4223
4227,2026-09-28,300044,-2.9418485521921602,False,4224
4228,2026-09-28,300059,-2.9434044399234693,False,4225
4229,2026-09-28,301263,-2.9449921850640965,False,4226
4230,2026-09-28,688500,-2.9573455168420986,False,4227
4231,2026-09-28,000727,-2.9631222894686209,False,4228
4232,2026-09-28,301225,-2.9632167224672825,False,4229
4233,2026-09-28,300668,-2.9651192159822486,False,4230
4234,2026-09-28,002263,-2.9663369093539536,False,4231
4235,2026-09-28,600101,-2.9668982499488021,False,4232
4236,2026-09-28,000543,-2.9688652097748691,False,4233
4237,2026-09-28,603268,-2.9721440838441442,False,4234
4238,2026-09-28,002956,-2.9767112664206641,False,4235
4239,2026-09-28,002228,-2.9771736880357782,False,4236
4240,2026-09-28,300493,-2.9827299944378449,False,4237
4241,2026-09-28,002392,-2.9838510839086196,False,4238
4242,2026-09-28,300841,-2.9869671490188421,False,4239
4243,2026-09-28,688689,-2.9919159984363537,False,4240
4244,2026-09-28,600732,-2.9931845288919137,False,4241
4245,2026-09-28,000831,-2.9971373227544698,False,4242
4246,2026-09-28,603661,-2.9985669451967025,False,4243
4247,2026-09-28,688388,-2.998660262330243,False,4244
4248,2026-09-28,300886,-3.0034827009246459,False,4245
4249,2026-09-28,603733,-3.0090204557465312,False,4246
4250,2026-09-28,300017,-3.0119569684452734,False,4247
4251,2026-09-28,688057,-3.0181809448126447,False,4248
4252,2026-09-28,300083,-3.029135132588638,False,4249
4253,2026-09-28,688425,-3.030216680903747,False,4250
4254,2026-09-28,601211,-3.0326528810318769,False,4251
4255,2026-09-28,600999,-3.0345390053847119,False,4252
4256,2026-09-28,601868,-3.0352522696878728,False,4253
4257,2026-09-28,300415,-3.0477489791408199,False,4254
4258,2026-09-28,002171,-3.048381214243399,False,4255
4259,2026-09-28,300224,-3.0484245614394112,False,4256
4260,2026-09-28,600798,-3.0498940684315237,False,4257
4261,2026-09-28,001373,-3.0571345841828825,False,4258
4262,2026-09-28,301323,-3.0677665611900449,False,4259
4263,2026-09-28,300003,-3.068888044433673,False,4260
4264,2026-09-28,600821,-3.0708712206227959,False,4261
4265,2026-09-28,603095,-3.0732334863551225,False,4262
4266,2026-09-28,688180,-3.0740364894809367,False,4263
4267,2026-09-28,600739,-3.0744636726559231,False,4264
4268,2026-09-28,301592,-3.0752196288858533,False,4265
4269,2026-09-28,688155,-3.0843718048349249,False,4266
4270,2026-09-28,688092,-3.0913673713580669,False,4267
4271,2026-09-28,688820,-3.0922076788981734,False,4268
4272,2026-09-28,688332,-3.0925909061080588,False,4269
4273,2026-09-28,300681,-3.11475865523852,False,4270
4274,2026-09-28,300076,-3.1175566841011402,False,4271
4275,2026-09-28,001382,-3.1202380850762834,False,4272
4276,2026-09-28,600482,-3.1206078551593879,False,4273
4277,2026-09-28,002615,-3.1209650630594448,False,4274
4278,2026-09-28,688729,-3.1231270971802649,False,4275
4279,2026-09-28,600577,-3.1292656040729354,False,4276
4280,2026-09-28,002398,-3.1298715084321227,False,4277
4281,2026-09-28,300787,-3.1327282625839858,False,4278
4282,2026-09-28,300779,-3.1419472353996598,False,4279
4283,2026-09-28,603002,-3.1423069163150883,False,4280
4284,2026-09-28,301308,-3.1457605006696365,False,4281
4285,2026-09-28,002900,-3.1520729381946211,False,4282
4286,2026-09-28,301526,-3.1567443325635445,False,4283
4287,2026-09-28,688816,-3.1703317565843343,False,4284
4288,2026-09-28,300085,-3.1776497736159866,False,4285
4289,2026-09-28,002024,-3.1956688411501579,False,4286
4290,2026-09-28,301377,-3.200125774966228,False,4287
4291,2026-09-28,001233,-3.2017754623473094,False,4288
4292,2026-09-28,001872,-3.2063849341036601,False,4289
4293,2026-09-28,300736,-3.2067397066280732,False,4290
4294,2026-09-28,000728,-3.2087889602269613,False,4291
4295,2026-09-28,601881,-3.2096009916642592,False,4292
4296,2026-09-28,300618,-3.2104866106761714,False,4293
4297,2026-09-28,601918,-3.2113423789242406,False,4294
4298,2026-09-28,000625,-3.2132511733557507,False,4295
4299,2026-09-28,002148,-3.2216543383594907,False,4296
4300,2026-09-28,300353,-3.2266491256691605,False,4297
4301,2026-09-28,605068,-3.2314339802655652,False,4298
4302,2026-09-28,300551,-3.2324258846041531,False,4299
4303,2026-09-28,300277,-3.23913101265742,False,4300
4304,2026-09-28,301031,-3.2476082987800128,False,4301
4305,2026-09-28,688277,-3.2497180902908434,False,4302
4306,2026-09-28,301418,-3.2556617821716078,False,4303
4307,2026-09-28,688271,-3.2592749164691748,False,4304
4308,2026-09-28,002384,-3.2619699591279909,False,4305
4309,2026-09-28,000509,-3.2640168624543171,False,4306
4310,2026-09-28,688339,-3.2648582391559691,False,4307
4311,2026-09-28,601601,-3.2671586390438678,False,4308
4312,2026-09-28,601990,-3.2674568364569865,False,4309
4313,2026-09-28,688353,-3.2756144041411082,False,4310
4314,2026-09-28,688370,-3.2787944380362868,False,4311
4315,2026-09-28,301333,-3.2793765000174213,False,4312
4316,2026-09-28,000663,-3.2816797477920088,False,4313
4317,2026-09-28,002044,-3.2820774765808753,False,4314
4318,2026-09-28,601669,-3.2839942845923682,False,4315
4319,2026-09-28,300969,-3.2871798968242283,False,4316
4320,2026-09-28,600518,-3.2882032071305032,False,4317
4321,2026-09-28,000034,-3.2890601474090602,False,4318
4322,2026-09-28,300738,-3.3058890842404551,False,4319
4323,2026-09-28,301707,-3.3166865800144101,False,4320
4324,2026-09-28,002703,-3.3204298157420991,False,4321
4325,2026-09-28,603120,-3.3284544058494649,False,4322
4326,2026-09-28,001227,-3.3339539509841742,False,4323
4327,2026-09-28,688583,-3.3349344024511463,False,4324
4328,2026-09-28,300281,-3.3402201386943542,False,4325
4329,2026-09-28,002812,-3.3427358668275557,False,4326
4330,2026-09-28,002309,-3.3433600572040927,False,4327
4331,2026-09-28,601866,-3.3444337871483194,False,4328
4332,2026-09-28,000552,-3.346267217734133,False,4329
4333,2026-09-28,600846,-3.3538328615182005,False,4330
4334,2026-09-28,301110,-3.3551722689524262,False,4331
4335,2026-09-28,300926,-3.3625639560532585,False,4332
4336,2026-09-28,688297,-3.3646880195058637,False,4333
4337,2026-09-28,301010,-3.3732274667182711,False,4334
4338,2026-09-28,300012,-3.3750496198758526,False,4335
4339,2026-09-28,300477,-3.3752962437844785,False,4336
4340,2026-09-28,000725,-3.3856222527429791,False,4337
4341,2026-09-28,601099,-3.3883865287182644,False,4338
4342,2026-09-28,002821,-3.3991864018265097,False,4339
4343,2026-09-28,603392,-3.4008430705092483,False,4340
4344,2026-09-28,688599,-3.4022639702115614,False,4341
4345,2026-09-28,301219,-3.4024485408914096,False,4342
4346,2026-09-28,002518,-3.4036995634823071,False,4343
4347,2026-09-28,002769,-3.4123534178808459,False,4344
4348,2026-09-28,000420,-3.421457172933239,False,4345
4349,2026-09-28,688099,-3.4256488179484039,False,4346
4350,2026-09-28,002262,-3.4417939259553005,False,4347
4351,2026-09-28,603109,-3.4423351951527801,False,4348
4352,2026-09-28,000682,-3.4483097305793873,False,4349
4353,2026-09-28,002185,-3.4523396024974753,False,4350
4354,2026-09-28,600301,-3.4527304848773417,False,4351
4355,2026-09-28,688097,-3.4562982024247129,False,4352
4356,2026-09-28,300442,-3.4599123140066328,False,4353
4357,2026-09-28,002457,-3.4600453432937055,False,4354
4358,2026-09-28,688458,-3.4616241897897577,False,4355
4359,2026-09-28,002672,-3.4647417673537206,False,4356
4360,2026-09-28,300014,-3.4666943530470173,False,4357
4361,2026-09-28,688378,-3.4704478060503376,False,4358
4362,2026-09-28,600170,-3.4788596468661805,False,4359
4363,2026-09-28,603468,-3.4932687163202152,False,4360
4364,2026-09-28,000090,-3.4993260610446395,False,4361
4365,2026-09-28,601860,-3.4996421243673903,False,4362
4366,2026-09-28,688234,-3.5051530203291237,False,4363
4367,2026-09-28,300201,-3.50769894158302,False,4364
4368,2026-09-28,688012,-3.5127655146456309,False,4365
4369,2026-09-28,688351,-3.5135160722855305,False,4366
4370,2026-09-28,600839,-3.5174562860404213,False,4367
4371,2026-09-28,688328,-3.519619346430753,False,4368
4372,2026-09-28,300420,-3.5249522423185646,False,4369
4373,2026-09-28,600397,-3.5250534479511,False,4370
4374,2026-09-28,600551,-3.5310494581502816,False,4371
4375,2026-09-28,603300,-3.5317450934240378,False,4372
4376,2026-09-28,002310,-3.5339317347981414,False,4373
4377,2026-09-28,605018,-3.53780479524531,False,4374
4378,2026-09-28,002939,-3.5441814791177277,False,4375
4379,2026-09-28,300706,-3.5448774280457531,False,4376
4380,2026-09-28,002236,-3.5476289773006848,False,4377
4381,2026-09-28,002653,-3.5530754212729683,False,4378
4382,2026-09-28,600094,-3.5539363799231807,False,4379
4383,2026-09-28,688011,-3.5563269173051961,False,4380
4384,2026-09-28,601900,-3.5587832093093406,False,4381
4385,2026-09-28,600148,-3.5599366134726376,False,4382
4386,2026-09-28,603267,-3.5604666555929008,False,4383
4387,2026-09-28,301587,-3.564706061771107,False,4384
4388,2026-09-28,603681,-3.5753853791684098,False,4385
4389,2026-09-28,600851,-3.5820398883412845,False,4386
4390,2026-09-28,600584,-3.5855935810316488,False,4387
4391,2026-09-28,300604,-3.5895294959048472,False,4388
4392,2026-09-28,688188,-3.5976478887045302,False,4389
4393,2026-09-28,300040,-3.6088059843577174,False,4390
4394,2026-09-28,301092,-3.6115533531431994,False,4391
4395,2026-09-28,002135,-3.6119585243392378,False,4392
4396,2026-09-28,002601,-3.6137220020042662,False,4393
4397,2026-09-28,688578,-3.6158988210203846,False,4394
4398,2026-09-28,000680,-3.6319261360566495,False,4395
4399,2026-09-28,002465,-3.6369845358282076,False,4396
4400,2026-09-28,600502,-3.6411420960927878,False,4397
4401,2026-09-28,300853,-3.6455015033829206,False,4398
4402,2026-09-28,600406,-3.6460871122234479,False,4399
4403,2026-09-28,688367,-3.6494907446256195,False,4400
4404,2026-09-28,600906,-3.6519290915866058,False,4401
4405,2026-09-28,002169,-3.652208562328509,False,4402
4406,2026-09-28,300470,-3.6757687141032549,False,4403
4407,2026-09-28,688690,-3.6918392763959984,False,4404
4408,2026-09-28,300725,-3.6979266562827569,False,4405
4409,2026-09-28,300652,-3.7054751905578618,False,4406
4410,2026-09-28,001212,-3.7158894416075778,False,4407
4411,2026-09-28,600928,-3.71623663490502,False,4408
4412,2026-09-28,600390,-3.721070383715336,False,4409
4413,2026-09-28,600337,-3.7230113789604005,False,4410
4414,2026-09-28,002195,-3.7232434486597614,False,4411
4415,2026-09-28,300015,-3.7446919317817398,False,4412
4416,2026-09-28,001288,-3.7457897627214214,False,4413
4417,2026-09-28,600008,-3.75330415945204,False,4414
4418,2026-09-28,600218,-3.7533711500851914,False,4415
4419,2026-09-28,300037,-3.7549887804683104,False,4416
4420,2026-09-28,002230,-3.7589310845195198,False,4417
4421,2026-09-28,688112,-3.7597876910182588,False,4418
4422,2026-09-28,300125,-3.7601876373432557,False,4419
4423,2026-09-28,300436,-3.761584912778452,False,4420
4424,2026-09-28,301355,-3.7627162626849517,False,4421
4425,2026-09-28,300866,-3.7762751073213909,False,4422
4426,2026-09-28,603859,-3.7795062095007519,False,4423
4427,2026-09-28,601618,-3.781264192059858,False,4424
4428,2026-09-28,603826,-3.7831995497598654,False,4425
4429,2026-09-28,600976,-3.7832314457494078,False,4426
4430,2026-09-28,603118,-3.7851026486047328,False,4427
4431,2026-09-28,002698,-3.7902688418591923,False,4428
4432,2026-09-28,688257,-3.7910724678878771,False,4429
4433,2026-09-28,600010,-3.7986045292183546,False,4430
4434,2026-09-28,601012,-3.80185852492767,False,4431
4435,2026-09-28,688006,-3.8055713860329812,False,4432
4436,2026-09-28,002736,-3.8081400231182241,False,4433
4437,2026-09-28,300567,-3.8127610503145979,False,4434
4438,2026-09-28,688530,-3.8144794036038174,False,4435
4439,2026-09-28,002361,-3.8163786493039531,False,4436
4440,2026-09-28,603280,-3.8167862218866619,False,4437
4441,2026-09-28,000010,-3.8168807873764936,False,4438
4442,2026-09-28,300155,-3.8171274312271883,False,4439
4443,2026-09-28,600630,-3.8286130618192837,False,4440
4444,2026-09-28,301656,-3.829558472849095,False,4441
4445,2026-09-28,600768,-3.8369047487550301,False,4442
4446,2026-09-28,301449,-3.8377746658033272,False,4443
4447,2026-09-28,002915,-3.8547211301731781,False,4444
4448,2026-09-28,600371,-3.8610204589040862,False,4445
4449,2026-09-28,603040,-3.8655217551066454,False,4446
4450,2026-09-28,300592,-3.8716138035767726,False,4447
4451,2026-09-28,301045,-3.8805308657381392,False,4448
4452,2026-09-28,001237,-3.8812516495781115,False,4449
4453,2026-09-28,688656,-3.8824230179808801,False,4450
4454,2026-09-28,600192,-3.8914510136247116,False,4451
4455,2026-09-28,603013,-3.8932208152541614,False,4452
4456,2026-09-28,002958,-3.8974823240423211,False,4453
4457,2026-09-28,300035,-3.8998185936251604,False,4454
4458,2026-09-28,603815,-3.9031478090011569,False,4455
4459,2026-09-28,600725,-3.9045817160719039,False,4456
4460,2026-09-28,002371,-3.9200110816119893,False,4457
4461,2026-09-28,600897,-3.9229223520915752,False,4458
4462,2026-09-28,605589,-3.9288040566226234,False,4459
4463,2026-09-28,688621,-3.9361466586928122,False,4460
4464,2026-09-28,601399,-3.9480447772073046,False,4461
4465,2026-09-28,300847,-3.9481160334835739,False,4462
4466,2026-09-28,301312,-3.9608436261991766,False,4463
4467,2026-09-28,688456,-3.9642277974488769,False,4464
4468,2026-09-28,600196,-3.9690015212655041,False,4465
4469,2026-09-28,688023,-3.9702614099088822,False,4466
4470,2026-09-28,300627,-3.9753699663009319,False,4467
4471,2026-09-28,600903,-3.9819183861911798,False,4468
4472,2026-09-28,300860,-3.9852455624261562,False,4469
4473,2026-09-28,000656,-3.9965903440947868,False,4470
4474,2026-09-28,688147,-3.997461857921139,False,4471
4475,2026-09-28,000637,-4.0068248472121413,False,4472
4476,2026-09-28,688545,-4.0143346431623206,False,4473
4477,2026-09-28,000766,-4.0288706403243664,False,4474
4478,2026-09-28,688399,-4.0315717692651312,False,4475
4479,2026-09-28,603066,-4.0371687374194298,False,4476
4480,2026-09-28,301237,-4.037572680895698,False,4477
4481,2026-09-28,688596,-4.0389975880826707,False,4478
4482,2026-09-28,000012,-4.0471140314713629,False,4479
4483,2026-09-28,301188,-4.0542311908184256,False,4480
4484,2026-09-28,605111,-4.0552900646104133,False,4481
4485,2026-09-28,000948,-4.056268711671148,False,4482
4486,2026-09-28,601777,-4.0578490694001879,False,4483
4487,2026-09-28,002673,-4.0578645942681471,False,4484
4488,2026-09-28,600671,-4.059741622422548,False,4485
4489,2026-09-28,300260,-4.0639017158877238,False,4486
4490,2026-09-28,301085,-4.0654359649724903,False,4487
4491,2026-09-28,601872,-4.079211921345177,False,4488
4492,2026-09-28,688286,-4.0822026304014702,False,4489
4493,2026-09-28,688120,-4.0826780520308716,False,4490
4494,2026-09-28,300279,-4.0851704089554675,False,4491
4495,2026-09-28,300834,-4.0888694407493356,False,4492
4496,2026-09-28,603358,-4.0980363252257499,False,4493
4497,2026-09-28,600759,-4.1045415063041828,False,4494
4498,2026-09-28,600376,-4.1081566252736996,False,4495
4499,2026-09-28,002276,-4.112146443744825,False,4496
4500,2026-09-28,002046,-4.1137208939454109,False,4497
4501,2026-09-28,000993,-4.1162286879019145,False,4498
4502,2026-09-28,600545,-4.1179887611446633,False,4499
4503,2026-09-28,603777,-4.1202487746580605,False,4500
4504,2026-09-28,000686,-4.1203863519326189,False,4501
4505,2026-09-28,301575,-4.1239019881006165,False,4502
4506,2026-09-28,002913,-4.1266040963188537,False,4503
4507,2026-09-28,688409,-4.129768678153936,False,4504
4508,2026-09-28,603809,-4.135168085654751,False,4505
4509,2026-09-28,600126,-4.137652363449229,False,4506
4510,2026-09-28,003002,-4.1377581969520314,False,4507
4511,2026-09-28,603183,-4.1387757497038269,False,4508
4512,2026-09-28,688775,-4.1395159500103338,False,4509
4513,2026-09-28,000002,-4.1431810573041554,False,4510
4514,2026-09-28,000768,-4.1437624771037731,False,4511
4515,2026-09-28,603663,-4.1454129605260581,False,4512
4516,2026-09-28,688486,-4.1553378894206876,False,4513
4517,2026-09-28,300188,-4.15865484480031,False,4514
4518,2026-09-28,300836,-4.1589860479531655,False,4515
4519,2026-09-28,301280,-4.1650152845096891,False,4516
4520,2026-09-28,301611,-4.1681788944806248,False,4517
4521,2026-09-28,688796,-4.1722782618398409,False,4518
4522,2026-09-28,002051,-4.1825574958504053,False,4519
4523,2026-09-28,688484,-4.1875132159780293,False,4520
4524,2026-09-28,001387,-4.1966209083734842,False,4521
4525,2026-09-28,301095,-4.1981970007843525,False,4522
4526,2026-09-28,688515,-4.1983383148332249,False,4523
4527,2026-09-28,301273,-4.2063147728883408,False,4524
4528,2026-09-28,001220,-4.2086898770712455,False,4525
4529,2026-09-28,600603,-4.2118869947827591,False,4526
4530,2026-09-28,600777,-4.2340269599636766,False,4527
4531,2026-09-28,002222,-4.2770648443240065,False,4528
4532,2026-09-28,603606,-4.2802484981272162,False,4529
4533,2026-09-28,601117,-4.2844688893007268,False,4530
4534,2026-09-28,002429,-4.2998317061126308,False,4531
4535,2026-09-28,000566,-4.3336179536430812,False,4532
4536,2026-09-28,300843,-4.3351062112472452,False,4533
4537,2026-09-28,002323,-4.3416202853676289,False,4534
4538,2026-09-28,688066,-4.3449333917142523,False,4535
4539,2026-09-28,688319,-4.3672093136306529,False,4536
4540,2026-09-28,002210,-4.3747908987598407,False,4537
4541,2026-09-28,300376,-4.3785726419344124,False,4538
4542,2026-09-28,000966,-4.3820700439034841,False,4539
4543,2026-09-28,688181,-4.3922141390745386,False,4540
4544,2026-09-28,000158,-4.4032469508505674,False,4541
4545,2026-09-28,000029,-4.4212588607586918,False,4542
4546,2026-09-28,002881,-4.4230927043990356,False,4543
4547,2026-09-28,000973,-4.4270316687993976,False,4544
4548,2026-09-28,688336,-4.4271565608141836,False,4545
4549,2026-09-28,000676,-4.4325001369539621,False,4546
4550,2026-09-28,688398,-4.4391894179486524,False,4547
4551,2026-09-28,002981,-4.4408262486881336,False,4548
4552,2026-09-28,300031,-4.4499959790477881,False,4549
4553,2026-09-28,601279,-4.4537925657784658,False,4550
4554,2026-09-28,000157,-4.464378180226273,False,4551
4555,2026-09-28,603699,-4.4651355258320864,False,4552
4556,2026-09-28,002617,-4.4661256150875621,False,4553
4557,2026-09-28,300397,-4.4671454231364676,False,4554
4558,2026-09-28,601155,-4.4719383801482566,False,4555
4559,2026-09-28,000829,-4.4787986013927412,False,4556
4560,2026-09-28,300573,-4.480333260671209,False,4557
4561,2026-09-28,601108,-4.4871847490893373,False,4558
4562,2026-09-28,002074,-4.4908027864608639,False,4559
4563,2026-09-28,301687,-4.4965452333319389,False,4560
4564,2026-09-28,605399,-4.4991615623556944,False,4561
4565,2026-09-28,002846,-4.5004949281754367,False,4562
4566,2026-09-28,688026,-4.5015137428960807,False,4563
4567,2026-09-28,300185,-4.5105100126176092,False,4564
4568,2026-09-28,605117,-4.5136873678306113,False,4565
4569,2026-09-28,002670,-4.5137964599232712,False,4566
4570,2026-09-28,600208,-4.5165782863354078,False,4567
4571,2026-09-28,002921,-4.5175422521842439,False,4568
4572,2026-09-28,600629,-4.5216450068955591,False,4569
4573,2026-09-28,300623,-4.5329105387346118,False,4570
4574,2026-09-28,688150,-4.5338448304356316,False,4571
4575,2026-09-28,002245,-4.537268121106294,False,4572
4576,2026-09-28,603011,-4.5396253998035148,False,4573
4577,2026-09-28,688331,-4.5551441352329523,False,4574
4578,2026-09-28,301307,-4.5685720184426586,False,4575
4579,2026-09-28,002061,-4.5700709496769232,False,4576
4580,2026-09-28,600997,-4.5832592936076688,False,4577
4581,2026-09-28,688726,-4.6018276909816862,False,4578
4582,2026-09-28,002558,-4.6058551560810699,False,4579
4583,2026-09-28,003043,-4.6173665268663129,False,4580
4584,2026-09-28,300390,-4.6178399384242201,False,4581
4585,2026-09-28,603222,-4.6350764151601478,False,4582
4586,2026-09-28,300221,-4.6372875155561966,False,4583
4587,2026-09-28,300088,-4.6402834000859334,False,4584
4588,2026-09-28,300061,-4.6681921695169626,False,4585
4589,2026-09-28,002340,-4.6738473591791143,False,4586
4590,2026-09-28,688303,-4.6776073511984357,False,4587
4591,2026-09-28,601112,-4.6792712324510504,False,4588
4592,2026-09-28,300515,-4.6865839948707571,False,4589
4593,2026-09-28,000799,-4.6877535415568463,False,4590
4594,2026-09-28,688207,-4.7144783324175208,False,4591
4595,2026-09-28,600176,-4.7193385296357562,False,4592
4596,2026-09-28,301189,-4.727553465509347,False,4593
4597,2026-09-28,002909,-4.7540534131946313,False,4594
4598,2026-09-28,688090,-4.7565421447446061,False,4595
4599,2026-09-28,600095,-4.7620319649052689,False,4596
4600,2026-09-28,600467,-4.7629921543274287,False,4597
4601,2026-09-28,301020,-4.7705971537884038,False,4598
4602,2026-09-28,300554,-4.7713501658316542,False,4599
4603,2026-09-28,002029,-4.7781828394992578,False,4600
4604,2026-09-28,688813,-4.778283651411618,False,4601
4605,2026-09-28,688450,-4.783294286542505,False,4602
4606,2026-09-28,002724,-4.7883377092980481,False,4603
4607,2026-09-28,300687,-4.7903315762911394,False,4604
4608,2026-09-28,300016,-4.8055322745433031,False,4605
4609,2026-09-28,002726,-4.8134589451698933,False,4606
4610,2026-09-28,601123,-4.8292488918439602,False,4607
4611,2026-09-28,300568,-4.8451483341722383,False,4608
4612,2026-09-28,605288,-4.8510953205902325,False,4609
4613,2026-09-28,688325,-4.8515533987510935,False,4610
4614,2026-09-28,688293,-4.851590304846864,False,4611
4615,2026-09-28,600881,-4.8526806283770281,False,4612
4616,2026-09-28,300530,-4.8614026050975516,False,4613
4617,2026-09-28,002937,-4.868067081463864,False,4614
4618,2026-09-28,688603,-4.8698880347522868,False,4615
4619,2026-09-28,002207,-4.878281991367226,False,4616
4620,2026-09-28,600908,-4.8831720650964172,False,4617
4621,2026-09-28,300909,-4.8832154942783355,False,4618
4622,2026-09-28,301183,-4.8868727560741467,False,4619
4623,2026-09-28,002647,-4.8872052207043435,False,4620
4624,2026-09-28,003032,-4.8959009982913431,False,4621
4625,2026-09-28,300266,-4.9068955948770281,False,4622
4626,2026-09-28,688469,-4.9287420741692181,False,4623
4627,2026-09-28,600505,-4.9293036091374702,False,4624
4628,2026-09-28,688123,-4.9419712109890375,False,4625
4629,2026-09-28,600165,-4.9449233459427848,False,4626
4630,2026-09-28,300828,-4.9472716296988191,False,4627
4631,2026-09-28,600816,-4.9571803482222929,False,4628
4632,2026-09-28,002156,-4.9608230757800973,False,4629
4633,2026-09-28,300708,-4.964509107038964,False,4630
4634,2026-09-28,688178,-4.9661242165246762,False,4631
4635,2026-09-28,301531,-4.9695121820623429,False,4632
4636,2026-09-28,300570,-4.9732402822508677,False,4633
4637,2026-09-28,603281,-4.9774067211021089,False,4634
4638,2026-09-28,688308,-4.9899190749949316,False,4635
4639,2026-09-28,600847,-4.992278892904336,False,4636
4640,2026-09-28,600369,-4.9967501687816371,False,4637
4641,2026-09-28,300473,-5.0075392204933067,False,4638
4642,2026-09-28,002734,-5.0104250493281119,False,4639
4643,2026-09-28,002335,-5.0138528858131375,False,4640
4644,2026-09-28,688727,-5.0310182756555388,False,4641
4645,2026-09-28,688146,-5.0332131624527321,False,4642
4646,2026-09-28,000711,-5.0448296631239034,False,4643
4647,2026-09-28,688186,-5.056538930317779,False,4644
4648,2026-09-28,002882,-5.0672341542484096,False,4645
4649,2026-09-28,688045,-5.0732143174439184,False,4646
4650,2026-09-28,688608,-5.0743841105433374,False,4647
4651,2026-09-28,688248,-5.0779438714033507,False,4648
4652,2026-09-28,300409,-5.0783104127845116,False,4649
4653,2026-09-28,002584,-5.0789721945369513,False,4650
4654,2026-09-28,603601,-5.0851101289238727,False,4651
4655,2026-09-28,002887,-5.087726409081105,False,4652
4656,2026-09-28,600178,-5.0882638898248969,False,4653
4657,2026-09-28,300675,-5.0890825269941056,False,4654
4658,2026-09-28,688721,-5.0912716932644422,False,4655
4659,2026-09-28,300469,-5.0929842121484201,False,4656
4660,2026-09-28,002389,-5.1005839223799656,False,4657
4661,2026-09-28,603033,-5.1024526030192749,False,4658
4662,2026-09-28,603456,-5.1132940946413026,False,4659
4663,2026-09-28,301486,-5.131564845838291,False,4660
4664,2026-09-28,600562,-5.1326342055894631,False,4661
4665,2026-09-28,300292,-5.1401092572871221,False,4662
4666,2026-09-28,300895,-5.1737390152803648,False,4663
4667,2026-09-28,002840,-5.1775978168078929,False,4664
4668,2026-09-28,600123,-5.1782933418712886,False,4665
4669,2026-09-28,000066,-5.1939099383501368,False,4666
4670,2026-09-28,002565,-5.2057612577626449,False,4667
4671,2026-09-28,688218,-5.2170620422541729,False,4668
4672,2026-09-28,688802,-5.2203749537575854,False,4669
4673,2026-09-28,300931,-5.233989244860175,False,4670
4674,2026-09-28,600400,-5.238486368811972,False,4671
4675,2026-09-28,603124,-5.2395812531805932,False,4672
4676,2026-09-28,000506,-5.2462814225595,False,4673
4677,2026-09-28,688549,-5.2780827042647909,False,4674
4678,2026-09-28,300212,-5.2866437361756251,False,4675
4679,2026-09-28,300672,-5.2872737066566158,False,4676
4680,2026-09-28,002568,-5.2876284250666821,False,4677
4681,2026-09-28,300437,-5.3023504706355151,False,4678
4682,2026-09-28,300422,-5.3058722529570668,False,4679
4683,2026-09-28,000056,-5.309978539566103,False,4680
4684,2026-09-28,603083,-5.3119855537254015,False,4681
4685,2026-09-28,300339,-5.318490362107247,False,4682
4686,2026-09-28,688435,-5.3343627247135448,False,4683
4687,2026-09-28,300171,-5.3429785691424136,False,4684
4688,2026-09-28,301601,-5.3603143849333295,False,4685
4689,2026-09-28,603757,-5.3656587083404439,False,4686
4690,2026-09-28,000700,-5.3744385292616546,False,4687
4691,2026-09-28,601611,-5.3751884738439628,False,4688
4692,2026-09-28,603293,-5.4019180872278065,False,4689
4693,2026-09-28,600021,-5.4374994699505752,False,4690
4694,2026-09-28,600674,-5.4397766583444893,False,4691
4695,2026-09-28,002963,-5.4399543355957469,False,4692
4696,2026-09-28,002755,-5.4496870866721618,False,4693
4697,2026-09-28,300408,-5.4575131789123352,False,4694
4698,2026-09-28,601016,-5.4587922366357766,False,4695
4699,2026-09-28,300251,-5.4656760830623243,False,4696
4700,2026-09-28,002472,-5.4696813466433634,False,4697
4701,2026-09-28,002383,-5.4929087408984003,False,4698
4702,2026-09-28,688168,-5.4949942978536335,False,4699
4703,2026-09-28,300676,-5.5044292593386412,False,4700
4704,2026-09-28,300716,-5.5253470666365274,False,4701
4705,2026-09-28,688521,-5.5272344870470427,False,4702
4706,2026-09-28,302132,-5.5338107253636517,False,4703
4707,2026-09-28,002178,-5.5386661359310789,False,4704
4708,2026-09-28,002735,-5.5526945649684496,False,4705
4709,2026-09-28,301529,-5.5544983017911429,False,4706
4710,2026-09-28,688359,-5.5645292540959197,False,4707
4711,2026-09-28,688655,-5.5678970839696014,False,4708
4712,2026-09-28,301021,-5.5805170179050831,False,4709
4713,2026-09-28,300685,-5.5842289456955641,False,4710
4714,2026-09-28,603306,-5.5879825326845998,False,4711
4715,2026-09-28,300903,-5.5894475416045655,False,4712
4716,2026-09-28,600929,-5.6033799957047856,False,4713
4717,2026-09-28,603087,-5.621647516994102,False,4714
4718,2026-09-28,002192,-5.6264227138418272,False,4715
4719,2026-09-28,600609,-5.6354839746900032,False,4716
4720,2026-09-28,300518,-5.6441388118474336,False,4717
4721,2026-09-28,000503,-5.6687241969902393,True,
4722,2026-09-28,000595,-5.6692228648874714,False,4718
4723,2026-09-28,688082,-5.6902830392782739,False,4719
4724,2026-09-28,688669,-5.7186803408037079,False,4720
4725,2026-09-28,300347,-5.7351759477893811,False,4721
4726,2026-09-28,603678,-5.747841051882391,False,4722
4727,2026-09-28,605186,-5.7491612350602335,False,4723
4728,2026-09-28,301259,-5.7491830819146319,False,4724
4729,2026-09-28,000839,-5.7725237157402374,False,4725
4730,2026-09-28,001359,-5.772889623280367,False,4726
4731,2026-09-28,001248,-5.7744050440035251,False,4727
4732,2026-09-28,688548,-5.7857648961085593,False,4728
4733,2026-09-28,301191,-5.7940483638294999,False,4729
4734,2026-09-28,300845,-5.8045341854825629,False,4730
4735,2026-09-28,002717,-5.8100129905409181,False,4731
4736,2026-09-28,688138,-5.823233947090225,False,4732
4737,2026-09-28,603178,-5.8346828581000647,False,4733
4738,2026-09-28,688478,-5.8425673863619405,False,4734
4739,2026-09-28,000718,-5.8462467315669979,False,4735
4740,2026-09-28,688785,-5.8509666458616909,False,4736
4741,2026-09-28,300454,-5.859276336529847,False,4737
4742,2026-09-28,688700,-5.8738107097863406,False,4738
4743,2026-09-28,002339,-5.8750880598281761,False,4739
4744,2026-09-28,002797,-5.8902217242185326,False,4740
4745,2026-09-28,002634,-5.9174148413029419,False,4741
4746,2026-09-28,688660,-5.9246413745362796,False,4742
4747,2026-09-28,001258,-5.9301392911945738,False,4743
4748,2026-09-28,300489,-5.9328158927344994,False,4744
4749,2026-09-28,002501,-5.9334785021036529,False,4745
4750,2026-09-28,300835,-5.952760133315171,False,4746
4751,2026-09-28,603920,-5.9609802192497465,False,4747
4752,2026-09-28,300572,-5.9633926649776621,False,4748
4753,2026-09-28,688535,-5.9736454866373538,False,4749
4754,2026-09-28,600826,-5.9774662165938111,False,4750
4755,2026-09-28,000518,-5.9800121203845409,False,4751
4756,2026-09-28,300751,-5.9831556797453676,False,4752
4757,2026-09-28,000910,-5.9867130714770713,False,4753
4758,2026-09-28,688416,-5.9872677095706761,False,4754
4759,2026-09-28,000630,-5.9895673762712249,False,4755
4760,2026-09-28,300209,-5.9915270734775907,False,4756
4761,2026-09-28,688765,-6.0229629436854992,False,4757
4762,2026-09-28,000596,-6.0305146566548897,False,4758
4763,2026-09-28,688538,-6.0374872533499921,False,4759
4764,2026-09-28,601360,-6.0580239057914218,False,4760
4765,2026-09-28,603218,-6.0629504472540576,False,4761
4766,2026-09-28,688561,-6.0659192042307168,False,4762
4767,2026-09-28,688091,-6.0678106715339206,False,4763
4768,2026-09-28,688025,-6.0730718730510604,False,4764
4769,2026-09-28,002062,-6.0775971332663197,False,4765
4770,2026-09-28,603008,-6.0967766409037401,False,4766
4771,2026-09-28,300817,-6.1013396260906383,False,4767
4772,2026-09-28,603459,-6.1080182448036036,False,4768
4773,2026-09-28,600748,-6.1089063235765311,False,4769
4774,2026-09-28,300350,-6.1104695675472653,False,4770
4775,2026-09-28,688343,-6.1141468029441945,False,4771
4776,2026-09-28,688719,-6.1458338202444542,False,4772
4777,2026-09-28,300385,-6.1516823113610464,False,4773
4778,2026-09-28,002961,-6.1765583558037651,False,4774
4779,2026-09-28,301458,-6.2057130489884917,False,4775
4780,2026-09-28,002395,-6.2070756670763796,False,4776
4781,2026-09-28,601208,-6.2119991023356365,False,4777
4782,2026-09-28,300333,-6.2222740059874688,False,4778
4783,2026-09-28,300142,-6.22745742821912,False,4779
4784,2026-09-28,002438,-6.2380503147281114,False,4780
4785,2026-09-28,688110,-6.2539070538993018,False,4781
4786,2026-09-28,002238,-6.2543041006078521,False,4782
4787,2026-09-28,600325,-6.2661174389406566,False,4783
4788,2026-09-28,002303,-6.2822099325703409,False,4784
4789,2026-09-28,300054,-6.3012145028349202,False,4785
4790,2026-09-28,603435,-6.3079213755108778,False,4786
4791,2026-09-28,603266,-6.3081945243722384,False,4787
4792,2026-09-28,300264,-6.3296805690147142,False,4788
4793,2026-09-28,001400,-6.345895143976036,False,4789
4794,2026-09-28,603833,-6.3531770615672194,False,4790
4795,2026-09-28,603038,-6.3598042972183837,False,4791
4796,2026-09-28,688809,-6.3700237091239282,False,4792
4797,2026-09-28,300258,-6.3831015071382478,False,4793
4798,2026-09-28,688828,-6.389971937236159,False,4794
4799,2026-09-28,688152,-6.392893570625759,False,4795
4800,2026-09-28,301468,-6.3932384523260222,False,4796
4801,2026-09-28,000691,-6.3982956452738646,False,4797
4802,2026-09-28,600835,-6.4441228010532949,False,4798
4803,2026-09-28,688776,-6.4455413406786795,False,4799
4804,2026-09-28,688710,-6.4510782571187875,False,4800
4805,2026-09-28,000889,-6.4579096765271959,False,4801
4806,2026-09-28,688613,-6.4738919921930957,False,4802
4807,2026-09-28,301071,-6.4772930014821632,False,4803
4808,2026-09-28,301356,-6.4804768312616137,False,4804
4809,2026-09-28,002773,-6.4887117879895353,False,4805
4810,2026-09-28,301666,-6.5017992500667301,False,4806
4811,2026-09-28,002172,-6.5047837038756091,False,4807
4812,2026-09-28,605177,-6.5267441812081159,False,4808
4813,2026-09-28,601026,-6.5280876746414096,False,4809
4814,2026-09-28,300305,-6.5289727193368785,False,4810
4815,2026-09-28,603313,-6.5293377972018574,False,4811
4816,2026-09-28,688203,-6.5388348491958768,False,4812
4817,2026-09-28,600448,-6.555427422752433,False,4813
4818,2026-09-28,000670,-6.5895941878307847,False,4814
4819,2026-09-28,002453,-6.6260511975977217,False,4815
4820,2026-09-28,001979,-6.6489098664175987,False,4816
4821,2026-09-28,301697,-6.6804537741210428,False,4817
4822,2026-09-28,301382,-6.6847042626891859,False,4818
4823,2026-09-28,000591,-6.7018383546224127,False,4819
4824,2026-09-28,688489,-6.7097763474026868,False,4820
4825,2026-09-28,300765,-6.710038946473281,False,4821
4826,2026-09-28,300166,-6.71864477366874,False,4822
4827,2026-09-28,301316,-6.7239378428353236,False,4823
4828,2026-09-28,603311,-6.7256383766241683,False,4824
4829,2026-09-28,300056,-6.7353126634088554,False,4825
4830,2026-09-28,002635,-6.7396821086966492,False,4826
4831,2026-09-28,301108,-6.7461266341035682,False,4827
4832,2026-09-28,000793,-6.7632614608995132,False,4828
4833,2026-09-28,002431,-6.7657603048317796,False,4829
4834,2026-09-28,300737,-6.767854629966692,False,4830
4835,2026-09-28,300991,-6.7722473218813874,False,4831
4836,2026-09-28,000811,-6.7840349074059745,False,4832
4837,2026-09-28,002139,-6.8026103427994622,False,4833
4838,2026-09-28,301017,-6.8527819643995169,False,4834
4839,2026-09-28,600358,-6.8723800881451504,False,4835
4840,2026-09-28,300951,-6.8801878261953551,False,4836
4841,2026-09-28,688256,-6.8961817169053621,False,4837
4842,2026-09-28,300505,-6.8972646745977482,False,4838
4843,2026-09-28,300167,-6.8973440969952087,False,4839
4844,2026-09-28,688179,-6.897959300356197,False,4840
4845,2026-09-28,002249,-6.9032430778509868,False,4841
4846,2026-09-28,603798,-6.9220093536943024,False,4842
4847,2026-09-28,002500,-6.9297421824555752,False,4843
4848,2026-09-28,000006,-6.9449859713177382,False,4844
4849,2026-09-28,688381,-6.9614015753456311,False,4845
4850,2026-09-28,000537,-6.9646046052507184,False,4846
4851,2026-09-28,001388,-7.0080322693518653,False,4847
4852,2026-09-28,300819,-7.0268576351714351,False,4848
4853,2026-09-28,301362,-7.0613623740967491,False,4849
4854,2026-09-28,300953,-7.0723588096385823,False,4850
4855,2026-09-28,301081,-7.0880042991777419,False,4851
4856,2026-09-28,002768,-7.0922553121160004,False,4852
4857,2026-09-28,002879,-7.1161172129086108,False,4853
4858,2026-09-28,603657,-7.1816882969579083,False,4854
4859,2026-09-28,600744,-7.1861624420657133,False,4855
4860,2026-09-28,002436,-7.2177749647905474,False,4856
4861,2026-09-28,000400,-7.2186280279216408,False,4857
4862,2026-09-28,603256,-7.2603840350971787,False,4858
4863,2026-09-28,002989,-7.2714968839504266,False,4859
4864,2026-09-28,688200,-7.2738068149004693,False,4860
4865,2026-09-28,600619,-7.2755569255406343,False,4861
4866,2026-09-28,600698,-7.2867593832636333,False,4862
4867,2026-09-28,300474,-7.2880753333221131,False,4863
4868,2026-09-28,603068,-7.2908168708030354,False,4864
4869,2026-09-28,603376,-7.2941000685516659,False,4865
4870,2026-09-28,688801,-7.2950534089469112,False,4866
4871,2026-09-28,688393,-7.2954837319779591,False,4867
4872,2026-09-28,300878,-7.3087718479833201,False,4868
4873,2026-09-28,603065,-7.3290403151515706,False,4869
4874,2026-09-28,300199,-7.3305779226758956,False,4870
4875,2026-09-28,000905,-7.3555415047714128,False,4871
4876,2026-09-28,688499,-7.3579255438243578,False,4872
4877,2026-09-28,300129,-7.3930432964142074,False,4873
4878,2026-09-28,301233,-7.4297047036494757,False,4874
4879,2026-09-28,002434,-7.4422873992037264,False,4875
4880,2026-09-28,603767,-7.4449213540948307,False,4876
4881,2026-09-28,300182,-7.4555076535603666,False,4877
4882,2026-09-28,603289,-7.4571091680116499,False,4878
4883,2026-09-28,688781,-7.4620045457923085,False,4879
4884,2026-09-28,301448,-7.4647322087893908,False,4880
4885,2026-09-28,600733,-7.4680117201223464,False,4881
4886,2026-09-28,000417,-7.476953828270493,False,4882
4887,2026-09-28,002035,-7.479639812146182,False,4883
4888,2026-09-28,300691,-7.4896213467565964,False,4884
4889,2026-09-28,688292,-7.5285646900657781,False,4885
4890,2026-09-28,301262,-7.5506618557258678,False,4886
4891,2026-09-28,000593,-7.5630057440236973,False,4887
4892,2026-09-28,603399,-7.5725739922606854,False,4888
4893,2026-09-28,300096,-7.5813448778428878,False,4889
4894,2026-09-28,000962,-7.5977505204288347,False,4890
4895,2026-09-28,688048,-7.5986494375988398,False,4891
4896,2026-09-28,688283,-7.5987310871262954,False,4892
4897,2026-09-28,300803,-7.6242885950334536,False,4893
4898,2026-09-28,600790,-7.6594508032803565,False,4894
4899,2026-09-28,301655,-7.6979987586526066,False,4895
4900,2026-09-28,600539,-7.7314957822289765,False,4896
4901,2026-09-28,002819,-7.7523109212550754,False,4897
4902,2026-09-28,301511,-7.7872833023275341,False,4898
4903,2026-09-28,603507,-7.8015748805927991,False,4899
4904,2026-09-28,603626,-7.8199246686605388,False,4900
4905,2026-09-28,603588,-7.8623823909014758,False,4901
4906,2026-09-28,600933,-7.9194827869251876,False,4902
4907,2026-09-28,603629,-7.9247543111917036,False,4903
4908,2026-09-28,301205,-7.9329217313592499,False,4904
4909,2026-09-28,688035,-7.9423559050498707,False,4905
4910,2026-09-28,688755,-7.9568425102396905,False,4906
4911,2026-09-28,000532,-7.9669144510421344,False,4907
4912,2026-09-28,002428,-7.9688969746038696,False,4908
4913,2026-09-28,002413,-7.974550528096219,False,4909
4914,2026-09-28,002347,-7.9956930279330738,True,
4915,2026-09-28,301265,-8.0090333129614351,False,4910
4916,2026-09-28,300317,-8.0207111383619072,False,4911
4917,2026-09-28,600857,-8.0207964239578082,False,4912
4918,2026-09-28,300112,-8.05341697465715,False,4913
4919,2026-09-28,002468,-8.05884444388834,False,4914
4920,2026-09-28,688379,-8.060372080754604,False,4915
4921,2026-09-28,688008,-8.0686363397477283,False,4916
4922,2026-09-28,300501,-8.0799880923725524,False,4917
4923,2026-09-28,000678,-8.0867823928114344,True,
4924,2026-09-28,300068,-8.0942643912570578,False,4918
4925,2026-09-28,301580,-8.0948653257178762,False,4919
4926,2026-09-28,603909,-8.0993653769402734,False,4920
4927,2026-09-28,688789,-8.1577101996068109,False,4921
4928,2026-09-28,300276,-8.1623330061702877,False,4922
4929,2026-09-28,300522,-8.1664325002889537,False,4923
4930,2026-09-28,001696,-8.1900953444178022,False,4924
4931,2026-09-28,600743,-8.1971276072888646,False,4925
4932,2026-09-28,001399,-8.2119326941367135,False,4926
4933,2026-09-28,002426,-8.2304565151989948,False,4927
4934,2026-09-28,603418,-8.2334413679032217,False,4928
4935,2026-09-28,300100,-8.2378437873510197,False,4929
4936,2026-09-28,300269,-8.2613712547255318,False,4930
4937,2026-09-28,688783,-8.3141028831240149,False,4931
4938,2026-09-28,003001,-8.3188338277688683,False,4932
4939,2026-09-28,002638,-8.3332591600589971,False,4933
4940,2026-09-28,688678,-8.336145895140378,False,4934
4941,2026-09-28,605178,-8.3494373352285418,False,4935
4942,2026-09-28,300464,-8.3769225962665814,False,4936
4943,2026-09-28,002296,-8.3774173819657474,False,4937
4944,2026-09-28,600186,-8.3995189215088057,False,4938
4945,2026-09-28,300352,-8.4078778232028899,False,4939
4946,2026-09-28,003026,-8.4445696997024555,False,4940
4947,2026-09-28,002242,-8.4459885029246742,True,
4948,2026-09-28,002396,-8.4712129033762249,False,4941
4949,2026-09-28,603067,-8.480626844799227,False,4942
4950,2026-09-28,300413,-8.537049953681711,False,4943
4951,2026-09-28,002259,-8.5554761478700243,False,4944
4952,2026-09-28,300629,-8.5652596469985518,False,4945
4953,2026-09-28,601015,-8.5803269681169336,False,4946
4954,2026-09-28,600330,-8.5885290020266982,False,4947
4955,2026-09-28,688630,-8.6030668128511962,False,4948
4956,2026-09-28,300702,-8.6045956687429292,False,4949
4957,2026-09-28,688300,-8.6105911194534421,False,4950
4958,2026-09-28,603116,-8.6169201515957248,False,4951
4959,2026-09-28,301275,-8.6449047751117654,False,4952
4960,2026-09-28,002785,-8.6491647240759644,False,4953
4961,2026-09-28,300324,-8.6560928056755309,False,4954
4962,2026-09-28,300718,-8.6573770136236714,False,4955
4963,2026-09-28,301396,-8.6630995437684888,False,4956
4964,2026-09-28,002077,-8.6655734258178612,False,4957
4965,2026-09-28,301218,-8.6671604591048155,False,4958
4966,2026-09-28,301686,-8.6751209738526889,False,4959
4967,2026-09-28,688073,-8.6815859128292452,False,4960
4968,2026-09-28,600719,-8.7187498292779573,False,4961
4969,2026-09-28,002990,-8.7407603373928175,False,4962
4970,2026-09-28,300638,-8.7648758027457916,False,4963
4971,2026-09-28,605378,-8.7670970870582288,False,4964
4972,2026-09-28,300358,-8.8157538959742432,False,4965
4973,2026-09-28,300285,-8.8401374476986874,False,4966
4974,2026-09-28,300806,-8.8674749473398364,False,4967
4975,2026-09-28,600778,-8.8677092023805599,False,4968
4976,2026-09-28,600403,-8.8718971272601532,False,4969
4977,2026-09-28,301136,-8.8813875939006248,False,4970
4978,2026-09-28,300394,-8.8986063814295022,False,4971
4979,2026-09-28,600360,-8.9530561998200398,False,4972
4980,2026-09-28,301366,-8.9771044117204717,False,4973
4981,2026-09-28,300369,-8.9965944266921873,False,4974
4982,2026-09-28,603138,-9.0858575722102835,False,4975
4983,2026-09-28,301310,-9.1189182519715395,False,4976
4984,2026-09-28,300917,-9.1983577816756483,False,4977
4985,2026-09-28,600032,-9.2221462029940788,True,
4986,2026-09-28,000981,-9.2467470832955918,False,4978
4987,2026-09-28,688361,-9.2717335197131909,False,4979
4988,2026-09-28,688037,-9.2727425611875773,False,4980
4989,2026-09-28,300163,-9.2794799050605299,False,4981
4990,2026-09-28,002580,-9.2957092122801104,False,4982
4991,2026-09-28,688163,-9.3030940733995546,False,4983
4992,2026-09-28,001330,-9.3104823108097996,True,
4993,2026-09-28,688225,-9.3376567594876203,False,4984
4994,2026-09-28,002443,-9.3818561031441448,False,4985
4995,2026-09-28,301230,-9.3917409370529192,False,4986
4996,2026-09-28,002611,-9.4222493764746531,False,4987
4997,2026-09-28,603042,-9.4721591868707016,False,4988
4998,2026-09-28,301717,-9.4851743490656233,False,4989
4999,2026-09-28,600059,-9.4867544071245202,False,4990
5000,2026-09-28,002514,-9.5357738219880446,False,4991
5001,2026-09-28,688079,-9.5434045862768571,False,4992
5002,2026-09-28,002439,-9.5527013427316589,False,4993
5003,2026-09-28,002232,-9.6102568284739682,True,
5004,2026-09-28,301226,-9.6153392345875588,False,4994
5005,2026-09-28,600644,-9.622823520353526,False,4995
5006,2026-09-28,688662,-9.6696768443078458,False,4996
5007,2026-09-28,688315,-9.6722354767308296,False,4997
5008,2026-09-28,002005,-9.6930696590871257,False,4998
5009,2026-09-28,601133,-9.7635722692978284,False,4999
5010,2026-09-28,600488,-9.7650512777440888,True,
5011,2026-09-28,300404,-9.7724134377424736,False,5000
5012,2026-09-28,601567,-9.8445785081671797,False,5001
5013,2026-09-28,002146,-9.8800038497493077,False,5002
5014,2026-09-28,300368,-9.9469708889617294,False,5003
5015,2026-09-28,301004,-9.9715252785741946,False,5004
5016,2026-09-28,688682,-9.9749097442848846,False,5005
5017,2026-09-28,002859,-9.9944543470417457,False,5006
5018,2026-09-28,600006,-10.039560679876935,False,5007
5019,2026-09-28,600241,-10.100255966117711,True,
5020,2026-09-28,688625,-10.129964075281045,False,5008
5021,2026-09-28,001365,-10.131932946610213,False,5009
5022,2026-09-28,688122,-10.147784542859085,False,5010
5023,2026-09-28,300981,-10.165850126610088,False,5011
5024,2026-09-28,600640,-10.182140532675561,False,5012
5025,2026-09-28,603636,-10.219342323903037,False,5013
5026,2026-09-28,002068,-10.225676100190297,False,5014
5027,2026-09-28,300301,-10.229569547976045,False,5015
5028,2026-09-28,000498,-10.288986950708081,False,5016
5029,2026-09-28,600884,-10.349507349036386,False,5017
5030,2026-09-28,000756,-10.373671956447486,False,5018
5031,2026-09-28,300192,-10.382364030924855,False,5019
5032,2026-09-28,002639,-10.385335709561771,False,5020
5033,2026-09-28,000504,-10.439253688898971,False,5021
5034,2026-09-28,002896,-10.444378862868252,False,5022
5035,2026-09-28,600552,-10.456473078986139,False,5023
5036,2026-09-28,688593,-10.45792791224525,False,5024
5037,2026-09-28,000739,-10.552743348455907,False,5025
5038,2026-09-28,000513,-10.599624273079273,True,
5039,2026-09-28,600593,-10.625258990604953,False,5026
5040,2026-09-28,002264,-10.685997909534082,False,5027
5041,2026-09-28,002141,-10.707737563256256,False,5028
5042,2026-09-28,002244,-10.727228728779121,False,5029
5043,2026-09-28,002636,-10.767804174937732,False,5030
5044,2026-09-28,000011,-10.854822586363596,True,
5045,2026-09-28,301132,-10.906715643241997,False,5031
5046,2026-09-28,688498,-10.928918507859562,False,5032
5047,2026-09-28,603693,-10.950042545634188,False,5033
5048,2026-09-28,002300,-10.987729932851074,False,5034
5049,2026-09-28,301150,-11.109048508129344,False,5035
5050,2026-09-28,301389,-11.188099290803729,False,5036
5051,2026-09-28,002708,-11.279332417536724,False,5037
5052,2026-09-28,603407,-11.289836593975807,False,5038
5053,2026-09-28,301030,-11.299407004393156,False,5039
5054,2026-09-28,300911,-11.361530339750832,False,5040
5055,2026-09-28,688432,-11.424549904492149,False,5041
5056,2026-09-28,300243,-11.433857778405949,False,5042
5057,2026-09-28,300904,-11.451077406294528,False,5043
5058,2026-09-28,002741,-11.606655052600731,False,5044
5059,2026-09-28,301122,-11.643393026435348,False,5045
5060,2026-09-28,688175,-11.663802435653249,False,5046
5061,2026-09-28,300741,-11.704202065411058,False,5047
5062,2026-09-28,301678,-11.711811954906844,False,5048
5063,2026-09-28,301390,-11.732816530798113,False,5049
5064,2026-09-28,002480,-11.817237042795551,True,
5065,2026-09-28,002552,-11.829899491262733,False,5050
5066,2026-09-28,301209,-11.86897928463052,False,5051
5067,2026-09-28,002031,-11.898294959878847,False,5052
5068,2026-09-28,600699,-11.95022688732711,False,5053
5069,2026-09-28,688238,-11.974143327287692,False,5054
5070,2026-09-28,600127,-12.064286488783274,False,5055
5071,2026-09-28,300659,-12.07719192933561,False,5056
5072,2026-09-28,300534,-12.18069359468053,False,5057
5073,2026-09-28,301047,-12.224678947756296,False,5058
5074,2026-09-28,301677,-12.256855371294041,False,5059
5075,2026-09-28,605258,-12.305764007238444,False,5060
5076,2026-09-28,003006,-12.334283586121128,False,5061
5077,2026-09-28,002935,-12.334659590203568,False,5062
5078,2026-09-28,688143,-12.345945955126497,False,5063
5079,2026-09-28,688028,-12.363055513891288,False,5064
5080,2026-09-28,603686,-12.430995996236918,False,5065
5081,2026-09-28,301369,-12.455890835802155,False,5066
5082,2026-09-28,002553,-12.502110514913777,False,5067
5083,2026-09-28,002803,-12.639788357752668,False,5068
5084,2026-09-28,605088,-12.665197109398456,False,5069
5085,2026-09-28,000020,-12.6675249792349,True,
5086,2026-09-28,688512,-12.715417047855574,False,5070
5087,2026-09-28,603968,-12.733885969466419,True,
5088,2026-09-28,300110,-12.851773528419567,False,5071
5089,2026-09-28,301456,-12.922044882877824,False,5072
5090,2026-09-28,688356,-12.928011664225274,False,5073
5091,2026-09-28,300960,-12.996669474787726,False,5074
5092,2026-09-28,603278,-13.069569521375048,True,
5093,2026-09-28,300862,-13.248458053242073,False,5075
5094,2026-09-28,301373,-13.251761484417923,False,5076
5095,2026-09-28,688835,-13.304228923899014,False,5077
5096,2026-09-28,301099,-13.330477747430002,False,5078
5097,2026-09-28,001376,-13.37258136603991,False,5079
5098,2026-09-28,600206,-13.375387888134229,False,5080
5099,2026-09-28,301080,-13.419892611653754,False,5081
5100,2026-09-28,603580,-13.459376724224651,False,5082
5101,2026-09-28,603773,-13.474793060940508,False,5083
5102,2026-09-28,300311,-13.537092847855892,False,5084
5103,2026-09-28,688837,-13.571383478909802,False,5085
5104,2026-09-28,300162,-13.619301562339539,False,5086
5105,2026-09-28,000823,-13.627683134957277,False,5087
5106,2026-09-28,002827,-13.807371652562942,False,5088
5107,2026-09-28,603500,-13.849216990098785,False,5089
5108,2026-09-28,300772,-13.921315727119573,False,5090
5109,2026-09-28,002962,-14.016171769856193,True,
5110,2026-09-28,300599,-14.054945117151249,False,5091
5111,2026-09-28,605162,-14.249070023826389,False,5092
5112,2026-09-28,603375,-14.281362926959529,False,5093
5113,2026-09-28,002467,-14.36282118194408,False,5094
5114,2026-09-28,600121,-14.51877207333593,False,5095
5115,2026-09-28,000710,-14.542826426374678,False,5096
5116,2026-09-28,301155,-14.554315971552002,False,5097
5117,2026-09-28,605058,-14.588159855777555,False,5098
5118,2026-09-28,002285,-14.601745518131002,False,5099
5119,2026-09-28,002205,-14.601923119122553,False,5100
5120,2026-09-28,603073,-14.630415937858727,False,5101
5121,2026-09-28,300443,-14.655718298763855,False,5102
5122,2026-09-28,002082,-14.714321103312276,True,
5123,2026-09-28,002164,-14.754489009927934,False,5103
5124,2026-09-28,603949,-14.943799202092784,True,
5125,2026-09-28,603373,-15.033395580309351,False,5104
5126,2026-09-28,002342,-15.041726691738269,True,
5127,2026-09-28,600792,-15.059611503440587,False,5105
5128,2026-09-28,688265,-15.133820489425553,False,5106
5129,2026-09-28,300776,-15.218854462606398,False,5107
5130,2026-09-28,688622,-15.24606019302716,False,5108
5131,2026-09-28,000868,-15.287745159508892,False,5109
5132,2026-09-28,688806,-15.35282959528638,False,5110
5133,2026-09-28,600356,-15.355951697953142,False,5111
5134,2026-09-28,002667,-15.368062718345001,False,5112
5135,2026-09-28,301190,-15.454231704645908,True,
5136,2026-09-28,601579,-15.468316979838852,True,
5137,2026-09-28,002640,-15.593543633792752,True,
5138,2026-09-28,002836,-15.597009377664092,False,5113
5139,2026-09-28,301520,-15.85081376102411,False,5114
5140,2026-09-28,300642,-15.854213875354461,False,5115
5141,2026-09-28,603105,-15.879073255277481,False,5116
5142,2026-09-28,688056,-15.95016867970968,False,5117
5143,2026-09-28,603978,-15.965348993816256,False,5118
5144,2026-09-28,600843,-15.97230381412237,False,5119
5145,2026-09-28,600641,-16.511800636754135,False,5120
5146,2026-09-28,300850,-16.674468124819228,False,5121
5147,2026-09-28,600367,-16.720348368576332,False,5122
5148,2026-09-28,300290,-16.901754223620095,False,5123
5149,2026-09-28,600340,-16.921275827229948,True,
5150,2026-09-28,301583,-16.922940288155758,False,5124
5151,2026-09-28,002849,-16.99926975463903,False,5125
5152,2026-09-28,301008,-17.030334281052511,False,5126
5153,2026-09-28,000753,-17.100722969612953,False,5127
5154,2026-09-28,301115,-17.429641647389268,False,5128
5155,2026-09-28,001317,-17.556426198894911,False,5129
5156,2026-09-28,688337,-17.592373143811109,False,5130
5157,2026-09-28,001368,-17.605960220317655,True,
5158,2026-09-28,688171,-17.702901948749648,False,5131
5159,2026-09-28,001326,-17.816987079953758,False,5132
5160,2026-09-28,300684,-17.854990272004191,False,5133
5161,2026-09-28,600815,-17.861473770489326,False,5134
5162,2026-09-28,603122,-18.121974739669788,False,5135
5163,2026-09-28,600293,-18.183211090878835,False,5136
5164,2026-09-28,600707,-18.214987698282791,False,5137
5165,2026-09-28,600207,-18.2646778929421,False,5138
5166,2026-09-28,600418,-18.375765962173737,True,
5167,2026-09-28,301234,-18.650069939713898,False,5139
5168,2026-09-28,002093,-18.677764703338966,False,5140
5169,2026-09-28,000850,-18.769586396982458,False,5141
5170,2026-09-28,002669,-18.912294281879412,False,5142
5171,2026-09-28,300207,-18.986500956910181,False,5143
5172,2026-09-28,301560,-19.110447687341434,False,5144
5173,2026-09-28,600172,-19.171068032791624,False,5145
5174,2026-09-28,000980,-19.360714101639594,True,
5175,2026-09-28,300829,-19.429845874091573,False,5146
5176,2026-09-28,001216,-19.441313185585461,False,5147
5177,2026-09-28,002212,-19.456853407007735,False,5148
5178,2026-09-28,603092,-19.502151948391443,False,5149
5179,2026-09-28,601811,-19.723415418908413,False,5150
5180,2026-09-28,603937,-19.723985436431793,False,5151
5181,2026-09-28,300569,-19.828292401856046,False,5152
5182,2026-09-28,300690,-20.593351424764816,False,5153
5183,2026-09-28,301311,-20.902937601542586,False,5154
5184,2026-09-28,688185,-21.023786290428269,False,5155
5185,2026-09-28,601091,-21.127869512674231,False,5156
5186,2026-09-28,002531,-21.555371372182893,False,5157
5187,2026-09-28,603230,-22.102415615764833,False,5158
5188,2026-09-28,688137,-22.217589833049043,False,5159
5189,2026-09-28,002912,-22.281260207841587,True,
5190,2026-09-28,688628,-22.414401153697135,False,5160
5191,2026-09-28,300179,-22.589341347286084,False,5161
5192,2026-09-28,002679,-22.861752562324387,False,5162
5193,2026-09-28,603396,-22.996597663435921,True,
5194,2026-09-28,600503,-22.998148296862503,False,5163
5195,2026-09-28,002487,-23.019302376184587,False,5164
5196,2026-09-28,688004,-24.474893416115645,False,5165
5197,2026-09-28,002119,-24.941698842466781,False,5166
5198,2026-09-28,300647,-25.676379916499645,False,5167
5199,2026-09-28,605366,-25.87708884915876,True,
5200,2026-09-28,603248,-25.971700323065139,False,5168
5201,2026-09-28,301699,-26.374331041319401,False,5169
5202,2026-09-28,000560,-26.511438177294828,False,5170
5203,2026-09-28,688244,-26.97182651692453,True,
5204,2026-09-28,600802,-27.432204248066746,True,
5205,2026-09-28,300300,-27.914258595543604,False,5171
5206,2026-09-28,000592,-29.309778031977981,False,5172
5207,2026-09-28,002614,-29.338611606078903,False,5173
5208,2026-09-28,601218,-30.279368661791985,True,
5209,2026-09-28,601086,-31.651936704386241,False,5174
5210,2026-09-28,301689,-32.902072488494795,False,5175
